file,n_packets,loss_rate_pct,complexity_flatness,snr_lpc,snr_nn,mrstft_lpc,mrstft_nn,plcmos_lpc,plcmos_nn,visqol_lpc,visqol_nn,time_ms_lpc,time_ms_nn,param,value
i0Ocoe-610-395609-211084-211212-108056-187519-202035,1390,9.784172661870503,3.9601487515028566e-05,12.815987,12.657228,0.42238617,0.4501065,1.981276559829712,2.00557115872701,4.615888599344217,4.472842795878053,1166.5688610009965,7398.100329999579,extra_dim,16
PBDVAf-465-366971-117533-197606-160943-60681-25579,1722,3.426248548199768,2.0712036530312616e-06,18.734663,18.284533,0.21374726,0.164106,2.413749122619629,2.526672093073527,4.700026076117203,4.667401899029971,1112.9153769998084,3201.984473000266,extra_dim,16
sF1D5f-429-45816-14754-487747-347380-61770-187519,918,1.4161220043572984,6.66032019580598e-06,24.919617,27.339634,0.077432014,0.06714303,3.1180888652801513,3.1191030502319337,4.727534120738705,4.71528419265128,1062.6903129996208,1823.9355759997125,extra_dim,16
8lHaxa-001-437270-91230-96853-392966-377039-493700,1033,8.712487899322362,1.6546022379770875e-05,14.221268,14.494752,0.35948285,0.30974987,1.6582328955332437,1.5803600231806436,4.688280992625265,4.4292620625613015,1131.7548419992818,4734.414455999286,extra_dim,16
wH6bMa-009-144175-39168-315211-114587-333757-10048,1033,7.55082284607938,4.100139267393388e-05,13.998494,14.252821,0.4749016,0.31015378,1.5182213068008423,1.5151572306950887,4.547536879199534,4.531257187523654,1138.3915499991417,3813.0169520009076,extra_dim,16
l3Lvae-611-211084-218396-212842-198509-334833-311379,1390,4.244604316546763,4.941728548146784e-05,21.648087,22.380539,0.15864892,0.1822977,3.3067871888478595,3.33083709081014,4.709280519086577,4.6773747609119996,1087.4042849991383,3196.4117549996445,extra_dim,16
cmHjrf-493-348077-309854-224170-458554-202179-472051,1722,16.144018583042975,0.00013046321691945195,9.143665,8.69547,0.6943984,0.73903245,1.2158496459325154,1.2491707801818848,4.436464211092823,3.8415087345104513,1288.198205000299,11336.15901200028,extra_dim,16
9srcUf-448-162832-472051-219243-152140-401183-304828,1722,11.091753774680605,7.126033096938045e-07,10.500456,9.918124,0.6742328,0.82954913,1.4388596296310425,1.4653418064117432,4.533086983645687,4.408638628441319,1214.3052970004646,9368.149780999374,extra_dim,16
pMchYa-011-461984-248646-131237-259340-281965-474206,1033,3.291384317521781,7.092276973708067e-06,18.092653,18.324026,0.17215024,0.18071096,1.503792945543925,1.5212482452392577,4.699302979115471,4.603120095012284,1095.8193330006907,2401.172821999353,extra_dim,16
rqqrUf-476-372299-90733-207508-318838-254913-53278,1590,15.786163522012577,1.0736808690126054e-05,10.798195,10.851664,0.6515166,0.6894049,2.509706497192383,2.734105141957601,4.605207944528198,4.372725926431963,1267.6930620000348,12058.53177499921,extra_dim,16
KWj8Li-521-358526-235375-78807-67455-237079-21827,802,14.588528678304238,5.653791959048249e-05,9.199579,8.959651,0.8142779,0.48790786,2.07408451239268,2.5031119187672934,4.287994964354089,3.958341845287535,1131.9198420005705,5023.65441999973,extra_dim,16
LIJKja-026-447487-148409-188815-38506-78427-479691,1033,5.517909002904163,1.2104389497835655e-05,13.60729,13.628506,0.2966018,0.29854748,1.3616498072942098,1.4131347020467122,4.654850190431085,4.4243447636575315,1113.96356700061,3137.1591229999467,extra_dim,16
P4ZKje-597-228203-427818-407728-174918-211212-250174,1550,22.967741935483872,0.0001234940718859434,8.237819,8.772134,0.8831835,0.83457845,1.4258529901504517,1.5907739480336507,4.385403619660573,3.850245304230278,1359.103333999883,16650.711379999848,extra_dim,16
zoFKbf-438-268009-220507-287943-286732-24538-454712,1653,12.583182093163945,5.697601750398462e-07,11.554986,9.864916,0.5742243,0.65713483,1.9732731024424235,2.021069900194804,4.480035901336119,4.089993807084438,1223.5467650007195,10476.409029000934,extra_dim,16
FPRIpe-578-474864-126584-425422-304828-148409-10737,1550,9.096774193548388,7.081195508362725e-05,11.962112,13.42227,0.39657536,0.43242046,2.8489900906880696,3.0233155250549317,4.6270255576415895,4.318290087084381,1168.6007709995465,7712.822856001367,extra_dim,16
Th8NDe-613-23535-495997-395609-270487-329331-383770,1390,14.100719424460431,8.22431466076523e-05,10.709106,11.34305,0.5864114,0.678349,2.5522147973378497,2.706542952855428,4.581722956545674,4.150144792549739,1195.8232629986014,9449.156425998808,extra_dim,16
KFAl8f-427-406364-361413-456735-410307-286869-348733,1722,18.641114982578397,5.997956031933427e-05,10.264783,10.336489,0.66876507,0.5836866,1.5439118305842081,1.6013176679611205,4.395568130834914,4.442119034110925,411.57692699925974,12637.17339499999,extra_dim,16
rn9v1e-583-369034-383770-175927-399756-390385-383479,1550,11.67741935483871,1.7469614249421284e-05,13.295964,13.381357,0.42458197,0.4547088,2.6415316422780353,2.6973666667938234,4.614747513845407,4.36340416302692,411.34132699880865,7697.395356000925,extra_dim,16
SnJBwf-434-37928-376902-480197-51581-328121-350223,1378,5.732946298984035,1.790127271306119e-06,15.613984,15.711815,0.32042286,0.29494512,1.9263269821802775,2.0086413383483888,4.670290964637269,4.60856370980188,145.26366599966423,3074.8950699999114,extra_dim,16
amZyRf-444-7708-476924-468905-275802-405424-380077,1722,2.5551684088269457,3.279495786046027e-06,17.973503,17.579796,0.16853678,0.18843079,1.990036098162333,1.973230520884196,4.685413374139872,4.620908106926163,60.18625199976668,2052.03207500017,extra_dim,16
a4WwUa-043-141142-113619-397909-469223-287427-421926,1033,26.427879961277835,3.878655479638837e-05,6.898425,6.987731,1.0157236,0.9190783,1.1954044262568155,1.2751522779464721,4.3069198388766985,3.905007604304237,442.41328699899896,10253.903676999471,extra_dim,16
mvvOnf-472-106-135410-148409-334242-45816-353502,954,4.5073375262054505,4.8512858484173194e-05,14.857214,14.674159,0.27765313,0.27246448,2.659364334742228,2.7446290175120036,4.647776046164029,4.572546945957121,61.780280999300885,1696.3559029991302,extra_dim,16
oRqMra-058-167772-480197-43889-36331-135873-265166,1033,2.904162633107454,6.2980648181110155e-06,23.548796,23.774012,0.12816511,0.098404735,3.181601333618164,3.2197798411051433,4.723456313126727,4.711731692090428,82.92551500016998,1346.1855670011573,extra_dim,16
1rIrKa-023-409746-287789-276335-17243-340579-260428,1033,1.6456921587608906,1.7720502000884153e-05,20.332317,21.699871,0.10644272,0.09431573,1.6477431456247966,1.641882832845052,4.722211433323807,4.716722406806448,30.165010000928305,719.7659949997615,extra_dim,16
xX6Wce-607-140209-262731-151331-7708-427818-497426,1390,3.741007194244604,2.83738954749424e-05,19.684336,19.434334,0.1610654,0.19179516,2.9714086214701334,2.9471839427948,4.715096600981307,4.64844425158345,72.02150800003437,1976.0260279999784,extra_dim,16
3hvoVa-051-2307-202921-218396-175927-14787-464643,1033,5.324298160696999,1.6514632079633884e-05,16.727388,17.061642,0.2569015,0.22339886,1.5481586138407388,1.6667889595031737,4.683136501805281,4.617689817969996,76.43765700049698,1909.8740779991203,extra_dim,16
87hwjf-487-426805-60643-437215-160943-182650-407728,1181,5.080440304826419,1.0143882036572904e-06,13.993793,12.414448,0.358122,0.42124248,1.4104948361714682,1.37804008324941,4.612620585371216,4.575639563843096,50.41331500069646,1651.7507739990833,extra_dim,16
98pQ7f-492-161118-44660-2985-495997-227228-191485,1722,3.948896631823461,3.370679678482702e-06,21.031357,21.125124,0.14600977,0.18281807,3.181321318944295,3.1309003035227456,4.706862087916319,4.5259258307075925,59.12317299953429,2365.5141500003083,extra_dim,16
9a98Kf-464-298969-472051-292323-179462-78575-496080,1181,7.281964436917867,5.5254073231481016e-05,14.463509,15.071887,0.3055266,0.2508699,2.9717308044433595,2.9621375878651937,4.480209117280062,4.465314398394747,125.6212719999894,3956.2605930004793,extra_dim,16
WVKBPa-017-469001-13769-309009-430207-5054-14754,1033,3.581800580832527,4.264206836523954e-06,16.220757,16.86427,0.19885834,0.20511878,3.5812549432118734,3.6400981108347574,4.702675569351774,4.645611145084236,43.46711700054584,1839.671048001037,extra_dim,16
k2rvsa-021-181149-117176-94351-2985-340579-209061,1033,4.162633107454018,1.384729148412589e-05,18.52776,16.15989,0.25598058,0.20415777,1.8892834186553955,1.905517077445984,4.692951857706028,4.65781144187023,64.30957199881959,2218.7959639995825,extra_dim,16
GptLba-028-467697-29563-495971-437270-5575-211212,1033,2.3233301064859635,2.764441342151258e-05,19.32657,19.904387,0.12506647,0.12911719,1.7635362466176352,1.7823879639307658,4.701529069348438,4.663711896666944,38.017818000298575,1301.8666000007215,extra_dim,16
3EBeof-459-212842-454791-192385-495971-180085-113105,1033,16.747337850919653,3.53978066414129e-05,12.64995,12.79006,0.56153065,0.6287045,1.9353314638137817,1.9864327271779378,4.594559905028314,4.581963780593008,392.2946820002835,6003.393748000235,extra_dim,16
8C0b9f-461-182650-228203-8651-240298-176776-186349,1704,3.814553990610329,5.752473225584254e-05,18.310972,18.33469,0.19974335,0.2600644,3.5323034127553306,3.495008707046509,4.683000610360827,4.487894704204668,96.69669100003375,2451.831393998873,extra_dim,16
f5sCDf-435-355130-41798-395609-377902-35325-116061,1378,11.901306240928882,9.696379493107088e-06,15.106848,13.835718,0.41285324,0.5270508,1.6525053977966309,1.6401578903198242,4.646966470746095,4.22749185736844,283.15451499838673,4928.165490999163,extra_dim,16
5LZsPp-295-239730-414547-129636-470600-495997-1214,1207,22.535211267605636,6.921367457835004e-05,11.265299,9.813634,0.66558737,0.6331215,2.054364975293477,2.4186877250671386,4.378057877656236,4.116331511491436,223.42673300045135,8189.354239999375,extra_dim,16
rxhq2p-211-212526-349828-67455-407790-412326-143976,1183,7.185122569737954,2.8749458579113707e-05,15.295046,13.504698,0.5691843,0.2488625,2.2518228689829507,2.5886202812194825,4.532553788446394,4.5288237000661296,104.71111799961363,2192.313051999008,extra_dim,16
7j8l2a-034-50416-4800-287427-123375-143976-264357,1033,3.0977734753146176,8.71249631018145e-06,16.85886,17.412441,0.19394702,0.19643913,2.4160056432088215,2.4437758127848306,4.676640662187581,4.5359781911044,27.236370999162318,723.0166129993449,extra_dim,16
cedJli-522-192385-152140-262731-156368-123704-333757,719,5.285118219749652,5.254780626273714e-05,13.37667,11.343303,0.29811105,0.27464667,1.9099494616190593,1.8441422780354817,4.194676206380934,4.128021333145159,30.876880999130663,1290.423123000437,extra_dim,16
uHCIZa-015-146882-87506-304828-333757-5054-62919,1033,8.615682478218782,1.7520515029900707e-05,12.619459,13.0596075,0.37714303,0.39811268,1.313658873240153,1.317772658665975,4.604769109007438,4.459801439452417,75.28503799949249,2891.147741000168,extra_dim,16
UKnMcp-124-361413-129636-57514-52991-68221-81956,1381,20.926864590876175,0.0001672373036853969,15.029732,12.950741,0.6279821,0.47753903,2.2408257325490317,2.5324334144592284,4.442947184375779,4.527053429915041,332.3643189996801,9739.745982000386,extra_dim,16
5ALjRp-161-333766-240226-4800-482510-113619-84055,1026,26.803118908382068,0.0008019127999432385,7.908177,7.6350136,1.1257433,0.80703443,1.2606883287429809,1.3181830883026122,4.125394168051035,4.109263378965402,369.39481900117244,9044.845759999589,extra_dim,16
Paqf1p-119-254913-443221-90733-163645-32125-188815,1450,9.034482758620689,0.0004479943308979273,15.569015,15.780219,0.31723717,0.25013113,3.1318698088328043,3.125640328725179,4.513764554687236,4.5228012363117465,209.6104970005399,3891.5593210003863,extra_dim,16
lDN6of-450-91840-427818-353502-327883-210172-489807,1722,25.02903600464576,0.000440589792560786,6.4154644,4.4103937,1.1233596,0.8442289,1.307250722249349,1.4425973494847615,3.9247141415861426,3.55657393394719,580.1545550002629,15800.144925000495,extra_dim,16
JRGxpf-495-78575-358526-483339-81956-229618-247007,1722,14.227642276422763,0.000252309167990461,9.587997,8.31872,0.6906161,0.7864849,1.1593066851298015,1.127686341603597,4.428703649881921,4.273268476326661,313.8000050003029,7923.692117999963,extra_dim,16
yc5Hmf-494-469130-474206-203381-91840-123056-149498,1722,13.472706155632984,0.00020981418492738158,9.474121,9.38703,0.58685005,0.60094327,2.5661131064097087,2.667751948038737,4.46619682370117,4.1333703451031765,203.83411799957685,9502.013971999986,extra_dim,16
6UNJZa-025-136860-357104-38459-89725-366126-252054,1033,9.390125847047434,0.0008322022040374577,14.024539,13.759251,0.3336999,0.35150352,1.2159934123357137,1.2105549891789755,4.6252150628741315,4.488606520451246,83.77756499976385,2991.5068709997286,extra_dim,16
CrjLKf-468-374393-49022-14754-240504-316080-236920,1722,6.562137049941928,0.00014622832532040775,15.798001,15.638674,0.34845147,0.4021349,1.2141573429107666,1.2265210390090941,4.650230960977466,4.553968321784023,95.08326099967235,3472.7421759998833,extra_dim,16
wkCjvp-408-175927-2985-407790-280816-275802-343332,1046,15.965583173996176,0.0001569680607644841,16.631508,15.470291,0.4872084,0.38577223,2.5301218827565513,2.5915094375610352,4.583463852100284,4.504337699234017,151.86051400087308,7366.316194000319,extra_dim,16
bnEKPi-496-131237-487747-10048-112031-352809-171454,719,13.908205841446453,0.0004139196826145053,9.84848,8.352083,0.6441802,0.4969466,1.6670241117477418,1.7030786991119384,3.400568467040288,3.4115582093885806,114.67534500116017,3224.863130000813,extra_dim,16
FW6BFp-225-129636-418989-280816-386883-462467-306759,1649,6.24620982413584,0.0004694216186180711,16.506735,16.383408,0.22883725,0.21151917,1.892241104443868,1.8463580052057902,4.599769259018306,4.5791722591598685,168.95883899996988,3343.2569350006816,extra_dim,16
cZ9D6w-670-134118-41411-423587-125189-84055-98443,662,4.984894259818732,0.0007059596828185022,17.731586,17.593397,0.2099735,0.16503383,4.0870619455973305,4.180497709910075,4.593015337901731,4.606700948069109,52.718913999342476,1010.2075159993547,extra_dim,16
xlckps-555-489807-93885-138959-23535-14754-299323,1636,10.880195599022006,0.0007390778046101332,11.268916,11.287575,0.4355379,0.3688587,1.422459355990092,1.4880980809529623,4.565298108766824,4.531503303505824,160.78196099988418,6827.2458350002125,extra_dim,16
xDMmqs-548-333766-165168-462328-336612-442126-284808,1636,9.7799511002445,0.0005077441455796361,12.127522,12.007513,0.372533,0.3112392,1.2980039517084758,1.318889331817627,4.411519169389849,4.414507850576143,138.6818779992609,7607.110939999984,extra_dim,16
FSyUys-545-306052-88756-228203-369609-91230-448907,1240,3.467741935483871,0.000898472499102354,19.37677,18.322044,0.16128188,0.15745084,1.4158124685287476,1.3886490027109781,4.670144385716933,4.671282563669666,118.6146939999162,2913.02201399958,extra_dim,16
FiS63i-513-129107-287427-185152-454791-121010-285778,918,29.956427015250547,0.0005593721871264279,5.2198176,3.0334816,1.2202419,0.95424515,1.643487524986267,1.6013935248057047,2.617335435342631,2.7360231073164636,300.6048989991541,10055.753737999112,extra_dim,16
AHwsQs-538-108297-304214-140209-237079-426805-448869,1636,26.5281173594132,0.00042765779653564095,7.434824,6.596131,1.6297971,0.72671765,1.2134934504826864,1.2403072198232015,4.160197773017768,4.185587820824825,581.0179439995409,14705.317214999013,extra_dim,16
cUyODs-564-324456-286869-479691-123056-485468-274323,1636,14.60880195599022,0.0006575641455128789,10.456291,10.300894,0.5870962,0.46970904,1.4459680954615275,1.3788716236750285,4.544021512296115,4.517357612135723,320.84180299898435,8286.206762000802,extra_dim,16
WOhKts-537-450251-294604-27791-350223-235375-383770,1636,15.158924205378973,0.00046492001274600625,12.116746,12.245228,0.5108701,0.37277803,1.84543776512146,1.9522624015808105,4.541109895192969,4.547038073934944,332.8588390013465,8145.011565000459,extra_dim,16
Mtnx5i-515-495971-279778-348676-11995-306560-418034,744,3.225806451612903,0.00028512379503808916,16.930128,13.563337,0.16569562,0.19971873,1.6965023438135782,1.7048903465270997,4.692214171211475,4.62420573038953,36.951639000108116,839.7223569991183,extra_dim,16
fiDqFe-589-306052-37928-421728-166792-414547-458302,1550,7.548387096774194,0.00034323649015277624,17.072676,17.903688,0.3185824,0.24792711,2.9712647279103597,3.1297275543212892,4.644435617899425,4.6091076727029465,98.30832999978156,3267.2179349992803,extra_dim,16
KIklei-503-156368-5054-151331-161307-380077-177809,898,12.138084632516703,0.000185836324817501,9.607052,7.6853533,0.6128289,0.49892673,1.566246755917867,1.5248148361841838,3.5611964078824796,3.752061527079725,154.9087329985923,3447.657270000491,extra_dim,16
0Rve0i-524-469450-332402-376902-283921-64116-240504,1140,5.087719298245614,0.0009046242921613157,14.612832,13.807474,0.27588597,0.22118913,2.3136900424957276,2.228049405415853,4.198521997492801,4.253291263467843,50.12867500045104,1961.4490879994264,extra_dim,16
IJqofi-526-68304-236920-183720-152419-94351-316080,661,34.493192133131615,0.0003945751814171672,4.9404535,3.3564386,1.7440877,1.0105802,1.5191773255666097,1.582567048072815,2.5053390214759386,2.704286619994288,211.41251700100838,9259.042374998899,extra_dim,16
vAlA7f-458-390385-16661-177809-112031-325632-365075,954,1.4675052410901468,0.00048059478285722435,32.08615,33.50221,0.046895985,0.040428083,4.717939313252767,4.6805111567179365,4.716759264204073,4.7173416303733475,12.650785998630454,376.42656699972576,extra_dim,16
oK9Hxs-550-7708-104867-460359-299323-420765-264795,1636,3.850855745721271,0.0009720592643134296,17.595015,17.399347,0.16630068,0.15479524,1.4304609616597495,1.4093783219655356,4.689767788434072,4.691810711501745,62.37855100152956,2478.481322999869,extra_dim,16
kxh9is-563-24999-276516-377039-462467-365075-67099,1636,6.418092909535453,0.0009378857794217765,17.92948,17.632187,0.24723232,0.17279744,2.0304338932037354,2.1453187465667725,4.616643185295137,4.625101799969557,88.94074399904639,5582.61072499954,extra_dim,16
Q4PCSi-506-317415-237079-78108-78427-235375-285778,1152,8.072916666666668,0.0002790152211673558,13.112541,12.053621,0.37385288,0.31108508,2.2513363361358643,2.217518170674642,4.053473528392445,4.108618847835981,126.52013200022338,5054.3708149998565,extra_dim,16
zKb4se-576-475285-202921-407950-32125-236920-469001,1236,14.64401294498382,0.0002435800852254033,11.782688,11.219715,0.5149935,0.5410345,1.8602147420247397,1.950957727432251,4.585226532823471,4.154820978868441,597.3637790011708,6534.50164700007,extra_dim,16
EZwkWp-195-116061-37928-384031-166684-14787-96948,1442,15.53398058252427,0.0007670152699574828,14.318403,13.397626,0.5652455,0.40117773,2.654304297765096,2.9233039538065593,4.370047914248305,4.280104138400264,597.7193389990134,7919.282818000283,extra_dim,16
rjyWTe-587-151723-247588-123704-129889-250174-123056,1550,12.129032258064516,0.000710091320797801,12.536477,12.735858,0.45275664,0.4806305,1.7637431065241496,1.9238039970397949,4.567418416580275,4.336355307730931,254.76585300020815,6941.13488199946,extra_dim,16
44Zbvs-567-179462-358526-13671-355104-116061-343332,1636,7.396088019559902,0.00030473197693936527,13.014974,11.763253,0.31662622,0.29341117,1.2154905557632447,1.1933176914850872,4.64681367739936,4.5846070052428,180.82249500002945,3795.4166130002704,extra_dim,16
ofs2Us-561-469223-161307-229618-187519-295308-129107,1636,15.831295843520781,0.0003641763178166002,11.532093,11.566025,0.5623271,0.40824962,2.6197407404581705,2.9791237831115724,4.374078369058189,4.260706429074351,217.60353399986343,9924.199330000192,extra_dim,16
jhRr0p-088-489070-351855-386883-172725-333766-16976,1661,16.375677302829622,0.0008774544112384319,11.425582,11.138705,0.63635236,0.4938682,1.8887827396392822,2.023239008585612,4.348689065088195,4.309311336449742,364.4205199998396,10675.494741000875,extra_dim,16
ItvEYp-187-347380-151331-160943-343502-92870-286732,1222,5.973813420621931,0.0003424148017074913,17.516256,17.045086,0.21349527,0.18997669,2.014428663253784,2.0359081029891968,4.613478108705208,4.621408190949555,134.3307189999905,3212.892259,extra_dim,16
9ImS8p-321-63022-306759-480197-355130-205293-103130,1065,1.4084507042253522,0.0003738635568879545,30.973679,31.874836,0.048505872,0.044257205,3.8505818684895834,3.8356096267700197,4.722921366229334,4.717506931741857,23.7945930002752,576.2201460001961,extra_dim,16
PiKSIp-112-109021-465867-125189-123174-211212-334242,1021,9.10871694417238,0.000980529235675931,11.432226,9.415103,0.42477274,0.3848447,1.923882500330607,2.0109700600306195,4.360948530476344,4.355942438796714,100.11444999872765,3336.962781000693,extra_dim,16
5Lu6ui-514-135410-151381-124082-173176-644-324310,744,9.946236559139784,0.00026409313431940973,12.114361,10.233662,0.4370346,0.3520199,1.4425825198491415,1.4941534598668416,4.587102093042331,4.508389432159055,60.65391099946282,3294.478473999334,extra_dim,16
69ZMRp-276-162832-2757-113105-349816-17243-289593,1207,16.23860811930406,0.0009542101179249585,13.627504,13.374546,0.5646253,0.4440665,1.4738648811976114,1.4692432006200156,4.413095334218998,4.420565124417116,323.5772120006004,8496.173939000073,extra_dim,16
caQa9p-079-134118-41798-311327-343332-125459-231167,1139,6.409130816505707,0.0008238053997047246,25.253391,25.277943,0.1629241,0.1320614,4.27962646484375,4.262288506825765,4.571884254107006,4.596307629452029,61.37558199952764,1920.7226379985514,extra_dim,16
zQSXvp-215-498788-407950-152419-25062-51581-3467,1400,17.57142857142857,0.0010821843752637506,12.2858095,11.957045,0.5732381,0.43481448,1.7378035147984823,1.8765509843826294,4.311812911380106,4.199260812744493,217.40332399895124,9859.460044001025,extra_dim,16
3Fszap-093-117533-332219-451954-336612-141428-265166,1116,6.451612903225806,0.002600878244265914,16.95372,16.96099,0.2370497,0.18779713,3.8328368345896404,3.7950661023457846,4.578690000764283,4.588795855973513,70.8107079990441,2089.6680269997887,extra_dim,16
oJJGwp-325-47619-442126-2985-182650-124082-457067,1710,4.035087719298246,0.0017253782134503126,18.194016,18.320572,0.16529204,0.16182221,3.1510751247406006,3.1081229050954184,4.688219461034931,4.6486108258683165,60.00892199881491,2746.4713689987548,extra_dim,16
0mk6rp-310-146145-90733-51581-27791-50416-437215,1608,1.7412935323383085,0.0014768074033781886,26.333157,26.57631,0.08092461,0.064578116,2.166724936167399,2.2567559083302817,4.71848645580298,4.718976477748518,26.216152000415605,894.9750690007932,extra_dim,16
lzFhsp-134-377273-280816-60681-369034-268009-11995,1625,3.076923076923077,0.0012218672782182693,22.0808,21.707144,0.12602513,0.10726118,4.718145529429118,4.731109396616618,4.6990169938847774,4.648588135654697,73.7752269997145,2033.101835000707,extra_dim,16
5OQdwp-063-348077-460359-16661-112031-224170-197606,1404,2.7777777777777777,0.005658838432282209,18.879768,19.119408,0.13559754,0.11629134,3.4512170950571694,3.459357198079427,4.668518939203719,4.669917870813985,58.19272200096748,1419.534049999129,extra_dim,16
am1FVp-234-380077-145165-25579-145555-311495-324310,1208,5.380794701986755,0.004206848796457052,17.660172,17.640013,0.22817324,0.21238577,2.3704936186472576,2.303701655069987,4.597744119191009,4.466213910777924,78.59925599950657,3246.58923700008,extra_dim,16
1zDUvp-298-108297-119460-56896-348770-68221-98443,1510,2.5827814569536423,0.0020352303981781006,17.910177,18.103352,0.14764164,0.12978773,4.726653321584066,4.744201374053955,4.666029049269041,4.651483107470751,95.82163999948534,2119.757278000179,extra_dim,16
cqZnBp-237-143976-377902-462328-483339-384274-414547,1322,8.245083207261725,0.005321722012013197,15.793381,14.820715,0.28977963,0.30233875,1.3994325637817382,1.4913244485855102,4.596158867742851,4.549974913758432,309.5308159990964,4671.463444999972,extra_dim,16
N5kbFp-292-397909-407728-152140-117533-153980-62919,1693,21.204961606615473,0.0010815237183123827,13.134402,13.84832,0.7395678,0.8095055,1.4077140092849731,1.3996006886164347,4.587805005157975,4.297435892877288,316.9584639999812,12222.079474000566,extra_dim,16
DmpOYi-525-91230-450251-209608-292323-92870-38506,1140,16.315789473684212,0.0021517532877624035,8.344845,7.104053,0.78876907,0.5589402,1.9828409592310587,2.098996655146281,3.273846411323593,3.571115188020668,238.34751799950027,6074.285468999733,extra_dim,16
BBcZPi-501-456735-480197-495997-497448-326140-134118,861,0.8130081300813009,0.003230630187317729,22.604557,23.494389,0.08271876,0.058111787,1.8198267141977946,1.78981245358785,4.728195194436385,4.687440958257952,6.410448000679025,175.96640699957788,extra_dim,16
BsVmke-591-419538-379538-386302-426805-469450-347380,1550,17.806451612903228,0.002498342888429761,8.8852825,9.2299385,0.6802366,0.66564924,1.385076896349589,1.503694971402486,4.375546190847167,3.976218951444311,461.956930001179,8650.636496000516,extra_dim,16
nSu3Cp-366-41411-362672-285778-222370-421926-202035,1118,6.529516994633274,0.006295517086982727,22.988651,23.501213,0.25591525,0.2057234,4.157499758402507,4.066219774881999,4.698359629276554,4.657325331180168,141.7383770003653,2181.561868999779,extra_dim,16
tztd5w-640-23535-348077-410307-64116-151381-134118,1176,11.989795918367346,0.0032262594904750586,15.236544,15.105711,0.45668283,0.30588627,3.53641775449117,3.468433380126953,4.347338772978558,4.381848231640948,134.95099899955676,3997.1501780000835,extra_dim,16
qQ82Hw-614-91230-379354-379373-260428-324310-287427,949,5.163329820864067,0.0024592585396021605,17.75004,17.598248,0.20686215,0.18101442,2.1115136464436848,2.031934714317322,4.54590068803504,4.560671053152791,44.69406600037473,1563.8949460008007,extra_dim,16
f2JFMw-634-136860-113105-22031-310105-248646-32125,824,8.25242718446602,0.0029410782735794783,12.945357,12.748524,0.33495927,0.29412737,1.9838539520899454,2.076034585634867,4.6097471864134185,4.581449871380346,63.82932999986224,2260.927303999779,extra_dim,16
ainjFp-098-145384-88756-289593-274542-488804-292564,2208,9.148550724637682,0.003448504488915205,14.518364,13.4871,0.3393023,0.30051604,2.4664977550506593,2.6638182163238526,4.528714455055525,4.513520022617158,211.6744849990937,7828.920384999947,extra_dim,16
BcVzDs-560-352809-57514-418989-243067-209608-32726,1636,6.601466992665037,0.0019297391409054399,19.425777,18.123854,0.22640373,0.17446025,1.5692150513331096,1.539144015312195,4.6638051689009465,4.666810553888762,153.64497400150867,3576.7457649999415,extra_dim,16
TypO9p-362-82313-390793-365346-50416-310105-275395,1464,23.36065573770492,0.0034457372967153788,9.72303,9.482483,1.188891,0.71241146,2.558948612213135,2.9485875288645427,4.512271117230996,4.2992464129300565,295.6393599997682,13454.602605001128,extra_dim,16
nQsrxi-500-35788-354893-151331-437270-461984-276516,861,11.033681765389082,0.004316622857004404,10.221816,10.017635,0.546818,0.45838213,1.659680430094401,1.5526882092157999,4.4186109683709685,4.005621600010058,157.81883300041954,2459.515773000021,extra_dim,16
ck2Uxp-081-495997-135873-82313-377039-373629-268363,1026,4.775828460038986,0.004637618083506823,18.458569,16.82852,0.18076225,0.21294554,2.0901780843734743,2.1818176746368407,4.616988971421728,4.58638217848063,69.43280799896456,1388.4925479997037,extra_dim,16
jgJdnp-100-135873-177809-247007-67455-332402-185152,1404,5.84045584045584,0.0029392531141638756,20.026266,20.116673,0.18061368,0.1526442,3.714539368947347,3.730143102010091,4.622817769942774,4.626756898511948,70.98065900026995,2910.371995998503,extra_dim,16
m8mjCs-533-485468-283456-486330-442126-2757-12865,1636,22.677261613691932,0.0013069127453491092,11.445995,10.917294,0.7597589,0.5469083,1.3025776863098144,1.354000409444173,4.4210440053641324,4.406766474963843,326.12923000124283,14396.442176999699,extra_dim,16
pRaNDw-627-181149-276516-426805-281965-56896-235375,1894,4.7518479408658925,0.002972227055579424,15.646339,15.50025,0.25412264,0.19183819,2.069339807828267,1.9813795804977417,4.598432040814439,4.606328920466223,119.91773299996566,4337.474074000056,extra_dim,16
U5aQJe-592-437270-129013-295308-406364-103913-497087,1550,4.451612903225807,0.001561999088153243,16.22244,16.808947,0.25501755,0.19243805,2.5300520102183026,2.5111924171447755,4.666372231695802,4.613920866457941,91.08472200023243,3688.4163499998976,extra_dim,16
3e1Tjp-199-462328-423751-38597-248646-74769-2009,1395,9.46236559139785,0.002225166419520974,16.343992,16.49915,0.39227113,0.31030944,1.4347594579060872,1.5301190614700317,4.514257412579865,4.480431407422665,184.26575400008005,6046.897653000997,extra_dim,16
SSYQ1w-650-275802-13671-144360-112336-104867-157595,503,5.36779324055666,0.0031455422285944223,23.839203,23.525457,0.146787,0.126052,3.821191755930583,3.7668983936309814,4.577367829915913,4.567441126810671,41.80928700043296,872.2700139987865,extra_dim,16
JCRPTw-618-129107-479691-343332-355104-157595-129013,1894,30.517423442449843,0.0062578716315329075,7.155072,6.4430094,1.0555218,0.82968885,1.8680469671885171,1.8474911371866862,4.038799756130548,3.899785349166375,566.7423479990248,21616.77379199864,extra_dim,16
BThtKf-463-324456-428876-160668-329895-295308-99711,1722,31.3588850174216,0.001240023411810398,6.3232183,5.850925,1.2001804,0.9358535,1.1186248064041138,1.1158244291941324,4.284982990646605,4.288493876306106,551.1356930001057,20303.519831999438,extra_dim,16
BNXFqp-404-184495-450557-10737-129636-497448-379538,712,3.089887640449438,0.0009845345048233867,14.595331,13.018721,0.2032036,0.18929873,1.917145013809204,1.957310136159261,4.630657349593628,4.518424089539915,21.984733999488526,545.312123000258,extra_dim,16
7HBFIp-071-294604-416172-427818-181149-278609-175927,1141,7.887817703768624,0.003979463595896959,20.490456,20.712627,0.26956514,0.17507975,3.891559282938639,3.873351828257243,4.554522541738909,4.560631993553223,75.93720699878759,2748.4429649994127,extra_dim,16
fS0Vwp-324-274170-461984-129889-218396-366126-128329,1773,16.130851663846588,0.001755136763677001,15.217859,15.339122,0.5121143,0.38231602,3.5260060310363768,3.578891658782959,4.424784003115104,4.376628217628512,488.7932419987919,9305.396529000063,extra_dim,16
MJEnPs-553-484336-261033-237079-274170-257745-343308,1636,5.990220048899755,0.0014303416246548295,12.922316,13.216522,0.29865918,0.26795006,2.0809419552485147,2.1079514424006143,4.667586429000356,4.669819709485849,85.4105040016293,2915.960914000607,extra_dim,16
noHubp-343-163645-17243-410906-219243-161307-221798,1638,6.654456654456655,0.0025536506436765194,15.160804,14.766927,0.33090368,0.24596651,3.0065337498982747,2.998994557062785,4.632293184270396,4.627132903600102,89.81144299832522,3823.175187000743,extra_dim,16
4sBV1s-535-160927-255765-139119-167772-460359-377902,1636,11.98044009779951,0.0018671865109354258,13.53289,13.726711,0.4426929,0.32617244,2.709028148651123,2.732097784678141,4.568204470210067,4.564640693433111,196.53733000086504,5184.693863000575,extra_dim,16
IZG94w-666-98443-418034-470600-161118-288253-129889,1707,7.147041593438781,0.004833240993320942,17.466103,16.8861,0.26542434,0.23484237,3.908712879816691,3.524134953816732,4.51898954858067,4.4769177488589085,231.9411400003446,3777.3565400002553,extra_dim,16
9hvMUf-482-498788-113105-17243-63022-21827-338584,1318,11.077389984825494,0.0011917749652639031,11.474325,11.484043,0.55267334,0.46818706,2.2965572992960612,2.20662841796875,4.481737285363105,4.3865115007386635,240.5810569998721,5494.206888000917,extra_dim,16
TkK5fp-380-229618-476225-311495-339484-11995-7708,1573,6.039415130324221,0.003558315569534898,15.002017,14.737616,0.2640246,0.214976,3.517302322387695,3.5362466176350913,4.613761050515456,4.591880453716333,130.00113099951704,3213.3914020014345,extra_dim,16
9f3Qjw-657-129013-78427-348770-228203-60643-7188,839,7.866507747318235,0.0029710158705711365,16.13403,15.892573,0.31766415,0.23473568,2.295784346262614,2.422044595082601,4.54370979003752,4.558777897589132,87.8116530002444,2079.6014679999644,extra_dim,16
mZAhvp-320-51581-316080-475285-152880-108378-407790,2240,19.732142857142858,0.009975253604352474,17.726032,19.34723,0.62735265,0.608404,2.2283089478810627,2.6350189685821532,4.5756634714889595,4.254569558953323,380.267165000987,16868.77961800019,extra_dim,16
aVIkMi-504-436373-35788-166684-274170-363774-493700,826,3.753026634382567,0.01687152311205864,17.122528,15.998941,0.1851861,0.17632234,1.3939128081003824,1.3857318003972372,4.682713912456716,4.632143114974022,27.82937200026936,1432.7843329992902,extra_dim,16
wD39yw-617-350336-91230-365075-384274-339484-27577,918,4.139433551198257,0.01175561361014843,16.378267,16.357101,0.19995081,0.18860126,2.312231683731079,2.346708393096924,4.65284104425231,4.656230262889062,134.3282990001171,2431.778709000355,extra_dim,16
WWYmkp-135-247007-450251-229950-249772-273892-186349,1032,18.7984496124031,0.02265731431543827,13.146767,13.045043,0.61894566,0.4425633,2.7540863513946534,3.0294540405273436,4.406621353558765,4.4468523467123955,255.25902200024575,6411.849255000561,extra_dim,16
1Q0zzp-067-496080-227228-300626-311379-247007-1214,1044,3.4482758620689653,0.020670078694820404,34.55556,33.365158,0.082116835,0.09463032,4.324975554148356,4.230829016367594,4.720655122901709,4.7159902093435555,29.64245099974505,888.0870379998669,extra_dim,16
9Mkadp-302-273892-209608-109841-324591-494783-498752,1917,13.928012519561817,0.008960635401308537,14.030359,13.872761,0.47422954,0.39946255,1.595320757230123,1.6489968220392863,4.559133975857308,4.564826410609749,237.88722700010112,8811.2344939982,extra_dim,16
ui9aDp-122-292323-379538-386883-287427-306759-88721,1070,4.579439252336448,0.009513289667665958,19.309105,19.182617,0.19031727,0.16456266,2.87476913134257,2.902992328008016,4.659867383120778,4.58461236557627,44.10487699897203,1189.3638879992068,extra_dim,16
YLEXwp-335-240298-183720-447487-129636-202035-44660,1633,4.776484996938151,0.019239043816924095,18.41617,17.49692,0.19637221,0.19407041,2.209015226364136,2.0694660425186155,4.696572426498459,4.674545611665003,60.05921099858824,2755.0355509993096,extra_dim,16
6TUCvp-352-108130-78807-55646-250174-386302-414547,1874,14.300960512273212,0.02210024558007717,15.944689,16.402534,0.45939866,0.37292758,2.0750024795532225,2.499486541748047,4.401453061465872,4.320396554966568,234.1413290014316,11466.02581299885,extra_dim,16
DfzVIp-175-379354-103913-25062-384031-343308-295308,1232,6.737012987012987,0.007324743550270796,18.575531,18.550776,0.24763684,0.22905393,1.9495514154434204,1.993152928352356,4.607467018343285,4.471649958505913,131.4664889996493,3535.2065530005348,extra_dim,16
YuwChp-152-8651-147603-379354-29563-62919-345238,1842,8.360477741585234,0.018081096932291985,24.06907,24.014977,0.28469345,0.1772253,3.6214914321899414,3.778278621037801,4.575771443732603,4.588305592124782,130.9010010008933,5209.825951000312,extra_dim,16
QpHWMp-383-149498-238364-156368-402653-484336-426805,1642,21.74177831912302,0.02199472486972809,12.497836,12.681403,0.8128479,0.69197434,3.0807345231374104,3.2115554491678875,4.6325802872568485,4.5765250151164025,472.30852599932405,14668.412621998868,extra_dim,16
RkoxIi-499-395609-17243-276516-68344-191485-476225,1053,19.183285849952515,0.013668406754732132,6.9269075,5.9352293,1.0902084,0.65815955,1.4968210379282634,1.6336960872014363,4.279886973448887,3.889457877698415,222.0218330003263,7784.784704999765,extra_dim,16
avuTLe-585-474206-355130-317191-361413-333474-248785,1550,11.806451612903226,0.014499159529805183,11.017427,11.485677,0.48241556,0.5425567,1.4337847789128622,1.5706781069437663,4.53204902006181,4.221162528623376,189.2533829995955,7417.839176001507,extra_dim,16
RXuyap-339-457067-332402-329331-281965-472051-353502,1386,8.441558441558442,0.022795502096414566,20.66638,20.769058,0.27235946,0.29714242,1.5070101261138915,1.53340585231781,4.6989822717747725,4.549167269753251,135.39460799984226,4128.901579999365,extra_dim,16
cfSfbp-363-68221-13671-186349-322947-197606-339484,1688,12.855450236966826,0.020284058526158333,21.967575,22.647343,0.3654242,0.3682485,3.172371784845988,3.392320489883423,4.680443987369166,4.6731389326449895,266.45018800081743,9146.847347999937,extra_dim,16
jM2z5p-212-362995-350336-202035-87506-239730-207508,960,3.125,0.008350489661097527,28.76223,28.597038,0.12270659,0.09145252,3.0481786568959555,3.2175870100657145,4.724156184754133,4.7231214582153775,25.460132001171587,837.3309939997853,extra_dim,16
HxFzMp-357-24999-343332-90733-489807-316694-345238,1056,12.68939393939394,0.008049515075981617,19.536024,16.683517,0.37798706,0.42726064,2.5987635135650633,2.5975940545399983,4.6723835057511085,4.561208571683028,166.21613900133525,6865.230783998413,extra_dim,16
rllgnp-282-21827-2985-183720-67455-409746-330730,1398,18.812589413447782,0.014075466431677341,14.33886,13.787584,0.7158434,0.481465,1.4054890791575114,1.4357702096303304,4.324733899507636,4.330195512588699,378.6530350007524,9784.265179998329,extra_dim,16
IJui6p-278-140209-424453-325632-318907-448869-125189,879,26.39362912400455,0.012646407820284367,8.531772,8.236481,0.9768762,0.7912287,2.896254603068034,3.0100478172302245,4.1775129246098155,3.7079064298684283,390.930360999846,8657.753043000412,extra_dim,16
riuiap-287-319764-286732-35325-55646-391852-1246,1806,5.038759689922481,0.016919877380132675,17.60977,17.630527,0.21856306,0.18945794,2.5881299018859862,2.6025968392690024,4.670395775567598,4.661350706480489,173.33300600148505,3466.4846710002166,extra_dim,16
9OkIKp-409-379354-383479-166684-320846-480197-361413,1633,3.1230863441518677,0.018505295738577843,32.544407,32.589535,0.080623716,0.07654714,2.463459332784017,2.7513811111450197,4.681279294920932,4.681415165812836,46.56488500040723,2049.190182999155,extra_dim,16
vTx6Wp-073-38459-458554-472051-230200-332402-365346,1099,10.009099181073704,0.006727493368089199,15.225956,15.273133,0.3424988,0.28893566,1.8326439142227173,1.871841541926066,4.5445226347331165,4.489558364923467,225.42067100039276,4343.665202999546,extra_dim,16
9aa0Fp-331-427818-479691-112336-420765-462193-379354,1488,11.491935483870968,0.015810392796993256,16.618563,17.416914,0.48563647,0.33373454,2.4258063793182374,2.4262927850087483,4.663043616601702,4.600332193092262,203.86712700019416,5611.36872499992,extra_dim,16
Od9CNp-327-140209-326180-101992-35325-166792-451954,1953,10.39426523297491,0.014821072109043598,15.294306,14.483147,0.4082016,0.3959767,2.126761023203532,2.1997055212656655,4.6366409158789645,4.552160324624844,279.88314499998523,6720.133094999255,extra_dim,16
2TcsGp-297-152880-78575-467697-23535-316694-24999,2415,13.250517598343686,0.007391820661723614,15.274301,15.098776,0.4455705,0.34700528,2.3276567776997883,2.529541858037313,4.5974147640747205,4.531009278665091,406.74333599963575,10554.816881000079,extra_dim,16
IJFPZp-340-90733-100179-99711-247588-402653-355130,1491,3.35345405767941,0.00944688729941845,13.473205,11.010881,0.26419517,0.25135696,1.746615759531657,1.7850784381230673,4.691357390169787,4.63797322821345,54.73208299918042,1906.0532669991517,extra_dim,16
sNYM9p-246-47619-361413-1214-155820-418901-176776,965,28.808290155440414,0.011091777123510838,9.363965,9.438141,1.0324054,1.0093381,2.034140872955322,2.1250629742940266,4.352486394572764,3.6929142453195176,361.0890889995062,9959.236671000326,extra_dim,16
OI5Azp-257-60643-225888-294604-334833-14787-125459,1203,4.904405652535329,0.01875906065106392,16.259272,15.548381,0.39015174,0.22368574,1.534086020787557,1.5784639437993369,4.590283447689281,4.603194483023644,90.48535200054175,1839.5606070007489,extra_dim,16
vhQX3p-288-256377-386883-276335-177955-380077-80661,2229,2.4226110363391657,0.0165446437895298,16.280731,16.145067,0.19731621,0.16741963,2.261388826370239,2.15283252398173,4.692650936510867,4.693113215702002,48.5374950003461,1696.3064810006472,extra_dim,16
d4LtRw-656-379354-74769-192385-202921-93885-62534,1673,9.145248057381949,0.009153828024864197,13.910647,13.724239,0.3343282,0.2924491,3.3033107916514077,3.2352160612742105,4.533660691934166,4.530343974892678,220.58370199920319,5237.965267000618,extra_dim,16
dc4C1p-319-469130-53129-287943-116061-476924-448907,1529,17.658600392413344,0.017503265291452408,19.497883,18.226011,0.7530012,0.41757068,2.505862092971802,2.4759209791819257,4.701621651408585,4.6869633014964345,378.8166039994394,12195.194754000113,extra_dim,16
PSLbbp-359-11995-156368-348733-154883-123704-497426,1430,11.888111888111888,0.021002519875764847,12.314116,10.523973,0.5125949,0.45014724,2.375159581502279,2.530479844411214,4.676338179713865,4.656032205975459,253.75358199926268,5677.46574100056,extra_dim,16
zVlcap-263-274542-472051-376372-248785-476225-35325,1292,4.102167182662539,0.021863481029868126,17.175022,16.871693,0.18508236,0.17040914,1.289420779546102,1.2739475886027019,4.70115018471681,4.674281423166818,124.04281199997058,1518.2419550001214,extra_dim,16
rpdA0p-089-193291-347380-224170-426805-310105-489070,1279,8.913213448006255,0.00744014885276556,13.308365,12.354811,0.36245334,0.31341246,1.9949114004770914,2.1311912377675375,4.530478852392099,4.530401353588538,95.89339999911317,3513.6271539995505,extra_dim,16
O7tsRw-671-38597-125620-126584-128202-343308-240298,1734,7.035755478662054,0.009212201461195946,15.451818,15.52524,0.30664352,0.22362639,3.065730396906535,3.1783003489176433,4.5561685017092275,4.570019173118895,103.01616799915791,3776.9982240006357,extra_dim,16
mCLt3p-410-320846-476924-422977-274323-99711-177809,1085,1.4746543778801844,0.022891782224178314,28.340435,28.414913,0.05600561,0.05128972,2.3047849973042807,2.3197322050730387,4.729098434897883,4.728485467728499,16.112474999317783,422.29706999933114,extra_dim,16
jFujMp-258-2985-422977-276516-270302-316694-390385,1887,7.790143084260731,0.008067467249929905,19.463238,19.233603,0.26191214,0.21765912,3.534138552347819,3.5290138880411783,4.610130654572187,4.499925054909788,136.002348999682,8047.301304000939,extra_dim,16
uIq5Cp-346-271293-199372-348733-164849-450557-397909,1966,2.899287894201424,0.015138654969632626,17.789131,17.620844,0.17093344,0.1581412,2.760963487625122,2.823430331548055,4.691305307072363,4.6554345241703,49.391885000659386,1755.4921630016906,extra_dim,16
2HNvip-384-377039-229618-315211-103130-162269-274323,1838,4.243743199129488,0.014237921684980392,22.673464,22.441475,0.19475919,0.15266477,3.856850020090739,3.789873743057251,4.712084084714487,4.679077559815699,69.74892800099042,3456.0917720009456,extra_dim,16
hImnha-010-474206-125620-494783-410307-474929-314040,1033,9.390125847047434,0.04484827443957329,14.297256,13.964062,0.31929842,0.6815737,1.4836390574773153,1.583256769180298,4.6562475162501,4.267777465685373,313.41911399977107,6075.974338000378,extra_dim,16
fiBRvp-155-14754-379538-407950-108056-495971-270302,1409,17.033356990773598,0.03848577290773392,11.167336,11.189194,0.6370395,0.54188746,1.6560199499130248,1.745331875483195,4.304332575833145,3.9238371767460527,541.575463999834,8402.17572399888,extra_dim,16
QzAg3p-413-374393-31166-163645-409369-10737-129013,973,10.38026721479959,0.0511818453669548,26.000874,23.153622,0.2760514,0.23544006,2.3059396743774414,2.3567575136820476,4.702505341918846,4.657692427936693,102.73360800056253,3626.8501689992263,extra_dim,16
JLBTXp-060-194617-60643-435517-420765-124439-152419,1024,10.44921875,0.024550464004278183,15.55152,14.456781,0.5928286,0.30869246,4.76889861424764,4.49296506245931,4.622771485329143,4.598294587969207,92.29489199969976,3687.2816590002913,extra_dim,16
k4Lvzp-329-270302-101992-248785-163995-27791-469130,1701,7.642563198118754,0.051412247121334076,16.936789,16.718586,0.32131755,0.27399993,2.440309683481852,2.5464813550313314,4.7052979267469635,4.6360912087485024,183.44512399926316,3727.4431250007183,extra_dim,16
ZgJsyp-189-209061-292564-111916-92870-126584-280816,1939,5.002578648788035,0.0409746915102005,20.002453,19.79644,0.21443772,0.16769136,1.5734171231587728,1.5270572423934936,4.697151869613362,4.676035850087252,79.37329600099474,2886.218324001675,extra_dim,16
G50hup-092-363552-123056-229618-481410-299323-332402,1114,6.463195691202872,0.028861256316304207,24.904518,25.525448,0.21203847,0.14024709,4.163705507914226,4.037503592173258,4.6563346731614335,4.663739440302514,85.28749300057825,1978.591253000559,extra_dim,16
8b8sWp-275-88756-348733-183720-134118-226233-129107,1202,3.577371048252912,0.031784262508153915,21.917543,22.085327,0.1473176,0.13560581,3.499204222361247,3.513238763809204,4.717154722511892,4.6972193372688835,35.21968000131892,1223.4586239992495,extra_dim,16
vOT8yp-371-205293-131237-111916-212842-29563-288077,1254,6.220095693779904,0.025580398738384247,17.536766,18.55786,0.2452274,0.27328828,2.948325681686401,2.7747382799784344,4.659086909611441,4.539303197042447,67.19243899897265,3278.573323999808,extra_dim,16
qmNVhp-128-78575-68344-44660-128101-103130-334242,1283,4.75448168355417,0.03182704374194145,25.086401,26.224304,0.19101171,0.12787174,2.20979897181193,2.3124046325683594,4.646035141736823,4.5640607385413245,57.093352001174935,2284.988928999155,extra_dim,16
8wAd8p-068-329159-165684-202035-119460-330730-447487,1209,11.41439205955335,0.0299910269677639,17.563808,17.134842,0.4003966,0.28630975,3.3755788008371987,3.467112906773885,4.538232678787483,4.4624583241824185,155.0026729983074,4962.839256000734,extra_dim,16
tXap2p-281-298969-9753-281965-457067-162269-329331,1012,6.8181818181818175,0.026187583804130554,16.672413,16.9704,0.25452587,0.22378434,2.750215927759806,2.731743669509888,4.691501880838933,4.616884248916209,97.32895000161079,2607.311429999754,extra_dim,16
fdXdMp-313-165684-111916-348770-380077-145384-347380,1440,12.777777777777777,0.03389327600598335,17.982162,18.196865,0.47468433,0.3933948,2.2892349402109784,2.125605058670044,4.673031149547668,4.55363635148673,311.87750500066613,5969.261195999934,extra_dim,16
Jpj5sp-423-369034-108056-487747-295308-1246-219243,1468,8.583106267029974,0.05191738158464432,20.791012,18.883455,0.34453604,0.246828,3.5384367148081464,3.5174850940704347,4.695747467907169,4.6208428840385,226.54232999957458,3609.360842001479,extra_dim,16
maM4mp-267-195572-141428-108130-299323-8651-456735,1158,7.512953367875648,0.0453246608376503,28.64889,29.559338,0.20908709,0.15491861,3.2544209162394204,3.34606819152832,4.72200339779178,4.705141883873037,94.80630100006238,2369.3752019989915,extra_dim,16
Aal0cp-183-209061-91230-492922-2757-317191-461984,990,4.545454545454546,0.0922110378742218,19.08871,19.079363,0.18982834,0.16676128,2.045697220166524,1.9395144701004028,4.656577984542074,4.595581763806922,37.10419900016859,1088.0344259985577,extra_dim,16
m5rDOp-062-377273-156368-185152-188815-186260-486330,1445,11.003460207612457,0.02404632605612278,18.101475,17.150726,0.3669982,0.25580683,3.5062246640523274,3.5663199265797934,4.555956584470233,4.565266533232048,174.32848699900205,4289.560052000525,extra_dim,16
IIhdup-184-282845-322947-195637-315211-10737-386302,986,6.896551724137931,0.07097651064395905,23.433609,23.5653,0.2810998,0.16954027,1.3106738726298015,1.4771008491516113,4.627624238889382,4.5666364324270905,128.40553000023647,2089.366087999224,extra_dim,16
eiJpip-223-216978-247588-305230-165168-65123-203381,1402,10.556348074179743,0.04873007535934448,17.904526,17.924416,0.360291,0.29343167,1.4182542165120442,1.377298323313395,4.55813582428253,4.363934199873032,158.82825100015907,4907.744941001511,extra_dim,16
uYOkKp-107-143976-376902-185152-437215-90733-10048,968,4.338842975206612,0.029287779703736305,23.272556,23.499207,0.1434974,0.12651075,3.3290340582529705,3.4364327907562258,4.646308975899225,4.607131302480951,37.454919000083464,1099.099691999072,extra_dim,16
DWrC0a-013-57191-1214-242009-327883-379538-476225,1033,12.100677637947726,0.0352642759680748,10.666219,10.954141,0.49960303,0.51264745,1.3030327320098878,1.3384409507115682,4.6065875321954515,4.237714163204683,99.72178899988648,4204.210758000045,extra_dim,16
6maFGp-305-129013-193291-68221-152880-38506-163335,2424,17.863036303630363,0.02638908289372921,19.489311,21.24037,0.54794854,0.471831,3.280533456802368,3.5627885341644285,4.666498411872746,4.5914305109648605,796.851515000526,14387.017474000459,extra_dim,16
fZg66p-070-68221-216978-377273-239730-53784-3467,994,29.577464788732392,0.03719060495495796,20.706738,21.226805,0.7864904,0.61941254,3.165748453140259,3.622929350535075,4.582479401529568,4.5266945118190485,314.90319299882685,7681.720467000559,extra_dim,16
CF7Gnp-165-481033-25721-175927-209061-312468-108378,1919,17.509119332985932,0.03301472216844559,14.102775,14.158426,0.5705063,0.41799757,3.088897371292114,3.17979318300883,4.385780874266432,4.288048147072271,262.2337590000825,10139.375371001734,extra_dim,16
tTMeWp-326-264357-280816-2985-25721-189658-311379,2359,8.902077151335313,0.04867259040474892,25.123093,25.617058,0.28177038,0.25841722,3.3831353505452473,3.404014539718628,4.700415873200609,4.706623033918643,163.5049500000605,5471.504767001534,extra_dim,16
kDEiGp-268-254920-474864-52991-170820-165168-328121,1029,24.101068999028183,0.09233691543340683,7.822824,7.3969383,1.3351612,0.7335964,1.5245460351308187,1.701662826538086,4.585526584218508,4.503306520314133,209.9996260003536,6956.5822610002215,extra_dim,16
rkSMcp-349-162269-339484-74769-12865-363552-41411,1411,14.386959603118354,0.02514478750526905,18.405993,18.537367,0.4747579,0.45641235,1.6033528327941895,1.5972662528355916,4.665211423236361,4.442218119251949,172.76073700122652,5489.261221999186,extra_dim,16
FZwvbp-205-349816-138959-261033-383479-409369-152140,1111,28.26282628262826,0.03914736211299896,15.5703535,14.034242,0.8012145,0.7479317,2.16152556737264,2.087500508626302,4.592666171161567,4.225749881182342,242.16903500018816,11492.99417200018,extra_dim,16
ie6iSp-097-407790-253414-334074-464643-167361-80351,1395,3.942652329749104,0.03198687732219696,30.632515,30.851768,0.09896904,0.0863645,2.471496073404948,2.520064194997152,4.664739280655288,4.669354826357357,45.21539599954849,1356.7485629992007,extra_dim,16
Q1VJ4p-396-67099-191485-442126-324310-384031-392966,757,0.5284015852047557,0.04145583510398865,51.671074,50.434097,0.012210075,0.012771363,2.523422956466675,2.520333703358968,4.731323441879412,4.731059146310976,3.943277999496786,85.0045940005657,extra_dim,16
BLAVyp-401-374393-353502-276516-464643-247007-280816,1578,17.743979721166035,0.0333615206182003,11.562839,11.602558,0.63319916,0.47644147,1.332097101211548,1.349149473508199,4.622190886220057,4.548294277847901,228.48350999993272,7758.922842000175,extra_dim,16
qx9MPf-447-243466-253414-78108-327883-41798-186349,1722,15.911730545876887,0.0489613376557827,8.371334,8.191956,1.0069275,0.793644,1.6151821215947468,2.202716286977132,4.241988050517267,4.23716242679897,295.1653689997329,11100.733842000409,extra_dim,16
4fsgkp-253-311495-209061-229618-287427-276516-38459,1013,6.811451135241856,0.02615589275956154,17.39879,17.551172,0.2662194,0.20902658,3.0459200700124103,3.0722575187683105,4.688054536791731,4.601849353578463,57.18019300002197,1910.630971999126,extra_dim,16
u3JmNp-105-377036-373629-177809-287789-419538-221798,1057,9.082308420056764,0.03273187577724457,13.1312,12.521815,0.5503709,0.3362492,2.4503666241963704,2.97091007232666,4.656631626082916,4.655248037573152,134.0849989992421,3855.8903230004944,extra_dim,16
7gnoMp-243-13140-469001-90733-352371-418901-62534,1349,14.381022979985175,0.03019716590642929,12.6487465,12.29968,0.67665535,0.47322354,1.9054586251576742,2.1767203489939373,4.6295372377508945,4.479844932728068,276.7760249989806,8885.94051399923,extra_dim,16
WYTgYp-403-306759-7708-254913-153980-163947-460359,1450,4.206896551724138,0.0560128353536129,17.231747,16.478765,0.22542565,0.19756973,3.1409886042277018,3.037851397196452,4.691201968550352,4.643852350977262,87.00780300023325,2248.991638000007,extra_dim,16
zRlcSp-181-25062-53784-123056-333757-268363-211084,1709,6.1439438267992985,0.025759130716323853,18.529795,18.886778,0.2575604,0.22399521,2.3916354020436605,2.4850515047709147,4.648510559249575,4.461533792388895,85.22756400088838,5039.324598999883,extra_dim,16
TaYTvp-415-63022-179855-481410-392966-38597-437270,762,4.593175853018373,0.03335783630609512,22.243393,22.384827,0.22263424,0.14909303,2.7183292706807456,2.6240956783294678,4.706765513284408,4.644767669233855,50.467753999328124,1244.2287580015545,extra_dim,16
9kbanp-261-50416-108056-469001-231167-334074-209061,1007,5.958291956305859,0.026795921847224236,14.1796665,14.779564,0.3073018,0.2500622,2.1481678167978924,2.166242551803589,4.667547736963846,4.552338012291055,88.23338200090802,2577.2296659997664,extra_dim,16
DLZvmp-426-78108-128329-469130-165684-261033-84004,868,7.71889400921659,0.026906199753284454,23.113876,23.568018,0.23579566,0.20763433,4.101228745778402,4.111866839726766,4.685627794988035,4.605393115736382,104.79800799839722,2973.0341139984375,extra_dim,16
i0Ocoe-610-395609-211084-211212-108056-187519-202035,1390,9.784172661870503,3.9601487515028566e-05,12.75858,12.569102,0.39809808,0.43265224,1.9368054469426472,2.023232356707255,4.651220498223868,4.553104482286975,134.03372799984936,5058.433460000742,extra_dim,32
PBDVAf-465-366971-117533-197606-160943-60681-25579,1722,3.426248548199768,2.0712036530312616e-06,18.709867,18.258867,0.20848866,0.15917413,2.4377359708150226,2.5277020772298178,4.701912236496002,4.685997572505543,54.40948199975537,2917.7890709997882,extra_dim,32
sF1D5f-429-45816-14754-487747-347380-61770-187519,918,1.4161220043572984,6.66032019580598e-06,24.898895,27.35765,0.07410555,0.063019805,3.1491352717081704,3.1322616577148437,4.728591769936331,4.724890312395619,11.11778599988611,766.3682840011461,extra_dim,32
8lHaxa-001-437270-91230-96853-392966-377039-493700,1033,8.712487899322362,1.6546022379770875e-05,14.183401,14.469031,0.35990253,0.30047312,1.6926130294799804,1.6017640272776286,4.691002507533424,4.47756997499768,132.84704000034253,2536.2193870005285,extra_dim,32
wH6bMa-009-144175-39168-315211-114587-333757-10048,1033,7.55082284607938,4.100139267393388e-05,13.978247,14.238318,0.4882348,0.30877817,1.5003866751988728,1.4668729861577352,4.541021531938043,4.538585211726737,92.58351199969184,2267.8333610001573,extra_dim,32
l3Lvae-611-211084-218396-212842-198509-334833-311379,1390,4.244604316546763,4.941728548146784e-05,21.581211,22.348967,0.14996515,0.17508192,3.3082093874613445,3.324082628885905,4.713611483378582,4.687243449863141,48.20487500001036,1858.2956270001887,extra_dim,32
cmHjrf-493-348077-309854-224170-458554-202179-472051,1722,16.144018583042975,0.00013046321691945195,9.102216,8.617775,0.67577744,0.72393894,1.2323122104008992,1.2373709201812744,4.473486624734394,3.916928322279046,239.21041599896853,7619.1552090003825,extra_dim,32
9srcUf-448-162832-472051-219243-152140-401183-304828,1722,11.091753774680605,7.126033096938045e-07,10.47791,9.831179,0.6200269,0.78511405,1.4246553897857666,1.4299851417541505,4.593672647130486,4.494815965183835,168.57603799871868,5184.755940999821,extra_dim,32
pMchYa-011-461984-248646-131237-259340-281965-474206,1033,3.291384317521781,7.092276973708067e-06,18.05074,18.349897,0.16762276,0.1762202,1.530223552385966,1.509725324312846,4.704440422945991,4.6310398375299995,38.25397699984023,1314.2232339996553,extra_dim,32
rqqrUf-476-372299-90733-207508-318838-254913-53278,1590,15.786163522012577,1.0736808690126054e-05,10.77438,10.8141575,0.63596225,0.6638665,2.685675271352132,2.8344573974609375,4.635521220297527,4.442705308587285,459.2819889985549,6351.25016100028,extra_dim,32
KWj8Li-521-358526-235375-78807-67455-237079-21827,802,14.588528678304238,5.653791959048249e-05,9.170587,8.951048,0.8088688,0.47247306,2.093362283706665,2.583239444096883,4.363272318081663,4.139690989877677,170.68151800049236,2941.7214519999106,extra_dim,32
LIJKja-026-447487-148409-188815-38506-78427-479691,1033,5.517909002904163,1.2104389497835655e-05,13.56809,13.5851755,0.2850431,0.28950027,1.3905441840489705,1.41037171681722,4.66526831139144,4.5002298758065065,45.43300600016664,1475.2004040001339,extra_dim,32
P4ZKje-597-228203-427818-407728-174918-211212-250174,1550,22.967741935483872,0.0001234940718859434,8.19776,8.734587,0.8495415,0.7986989,1.415123955408732,1.5530454715092976,4.441448121531403,4.076266380287973,286.3544819992967,13350.530837999031,extra_dim,32
zoFKbf-438-268009-220507-287943-286732-24538-454712,1653,12.583182093163945,5.697601750398462e-07,11.523017,9.850096,0.52549994,0.6138373,2.11256635983785,2.0819796005884807,4.603818381609285,4.249580560010521,163.21556900038559,6893.605262999699,extra_dim,32
FPRIpe-578-474864-126584-425422-304828-148409-10737,1550,9.096774193548388,7.081195508362725e-05,11.920307,13.361354,0.37546197,0.41970816,2.83592046101888,3.013235251108805,4.658575726030425,4.430389152185607,118.94861399923684,3716.975552000804,extra_dim,32
Th8NDe-613-23535-495997-395609-270487-329331-383770,1390,14.100719424460431,8.22431466076523e-05,10.680971,11.337457,0.54275554,0.6508363,2.631111415227254,2.7346037228902182,4.61214741825044,4.370946732072107,154.20815299876267,8486.267479000162,extra_dim,32
KFAl8f-427-406364-361413-456735-410307-286869-348733,1722,18.641114982578397,5.997956031933427e-05,10.286903,10.234497,0.65022206,0.5693362,1.65526442527771,1.6377481460571288,4.388137051138076,4.443307637119705,331.820246999996,12293.49171299873,extra_dim,32
rn9v1e-583-369034-383770-175927-399756-390385-383479,1550,11.67741935483871,1.7469614249421284e-05,13.256764,13.352885,0.405337,0.43375158,2.682167100906372,2.7271849314371743,4.6283005335403375,4.452760593598947,203.82974700078194,7928.907432000415,extra_dim,32
SnJBwf-434-37928-376902-480197-51581-328121-350223,1378,5.732946298984035,1.790127271306119e-06,15.596045,15.778388,0.3058675,0.28006482,1.9906108061472574,2.0507786512374877,4.679261012868714,4.649027900945163,65.92912999985856,3130.6457629998476,extra_dim,32
amZyRf-444-7708-476924-468905-275802-405424-380077,1722,2.5551684088269457,3.279495786046027e-06,17.933193,17.602266,0.15870331,0.17865355,2.0473907550175983,2.0010682344436646,4.7040476781978064,4.675406341929315,35.14322799856018,961.4300140001433,extra_dim,32
a4WwUa-043-141142-113619-397909-469223-287427-421926,1033,26.427879961277835,3.878655479638837e-05,6.865093,6.9742875,0.99475574,0.890793,1.197602089246114,1.2752514044443766,4.315142903229132,4.111983404304986,224.27134999998088,11653.050319999238,extra_dim,32
mvvOnf-472-106-135410-148409-334242-45816-353502,954,4.5073375262054505,4.8512858484173194e-05,14.836589,14.686159,0.26926076,0.2640638,2.692020130157471,2.774514881769816,4.648583134932534,4.6341948505157955,39.65408799922443,1300.874238000688,extra_dim,32
oRqMra-058-167772-480197-43889-36331-135873-265166,1033,2.904162633107454,6.2980648181110155e-06,23.52004,23.839691,0.13061555,0.095893174,3.2233905951182047,3.224794022242228,4.72381534890993,4.71959538798011,26.291551999747753,2540.0942560008843,extra_dim,32
1rIrKa-023-409746-287789-276335-17243-340579-260428,1033,1.6456921587608906,1.7720502000884153e-05,20.28394,21.568136,0.10646195,0.09347332,1.6790886163711547,1.668411636352539,4.72176907272094,4.721894352583407,41.83986700081732,1536.167836000459,extra_dim,32
xX6Wce-607-140209-262731-151331-7708-427818-497426,1390,3.741007194244604,2.83738954749424e-05,19.65474,19.421299,0.15298192,0.18220715,2.9907137711842853,2.9825470606486,4.716806902512985,4.681263131542685,111.31772599946999,3285.052766001172,extra_dim,32
3hvoVa-051-2307-202921-218396-175927-14787-464643,1033,5.324298160696999,1.6514632079633884e-05,16.70423,16.99924,0.26269817,0.22013299,1.5810972372690837,1.6572680711746215,4.682265672351407,4.64735034404062,44.05919599957997,1535.8238560002064,extra_dim,32
87hwjf-487-426805-60643-437215-160943-182650-407728,1181,5.080440304826419,1.0143882036572904e-06,13.948038,12.355679,0.32870075,0.40048578,1.4714847644170126,1.4212258259455364,4.642663439761749,4.615618149090265,51.7611939994822,1782.2259289987414,extra_dim,32
98pQ7f-492-161118-44660-2985-495997-227228-191485,1722,3.948896631823461,3.370679678482702e-06,20.960842,21.021973,0.14039834,0.1782803,3.202846654256185,3.1640605131785073,4.707152435141008,4.569960579558291,58.40063199866563,1654.1565579991584,extra_dim,32
9a98Kf-464-298969-472051-292323-179462-78575-496080,1181,7.281964436917867,5.5254073231481016e-05,14.444925,15.045257,0.30971944,0.24756117,3.037118991216024,3.0003440697987873,4.466154169950896,4.498847103614414,103.31118799877004,3072.452419999536,extra_dim,32
WVKBPa-017-469001-13769-309009-430207-5054-14754,1033,3.581800580832527,4.264206836523954e-06,16.18394,16.809925,0.19031298,0.20056623,3.59435666402181,3.6437206904093427,4.708157324635135,4.6116153022926145,30.800690999967628,1679.6171410005627,extra_dim,32
k2rvsa-021-181149-117176-94351-2985-340579-209061,1033,4.162633107454018,1.384729148412589e-05,18.513948,16.060555,0.26106468,0.20163512,1.9207430044809977,1.9240671714146933,4.693603803628892,4.660600868463217,117.0543739990535,1912.016838999989,extra_dim,32
GptLba-028-467697-29563-495971-437270-5575-211212,1033,2.3233301064859635,2.764441342151258e-05,19.269426,19.844263,0.12419536,0.1274143,1.791603422164917,1.8045977195103964,4.700683101845235,4.67822077941876,26.783071998579544,877.1519889996853,extra_dim,32
3EBeof-459-212842-454791-192385-495971-180085-113105,1033,16.747337850919653,3.53978066414129e-05,12.579206,12.70575,0.5474495,0.6146189,1.928316315015157,1.975596833229065,4.592953909191229,4.583870456091472,275.5205749999732,4897.081744000388,extra_dim,32
8C0b9f-461-182650-228203-8651-240298-176776-186349,1704,3.814553990610329,5.752473225584254e-05,18.224995,18.233988,0.18180354,0.25236753,3.5495223999023438,3.5104933897654216,4.701435698217861,4.5442898797554525,148.4829239998362,1754.2786859994521,extra_dim,32
f5sCDf-435-355130-41798-395609-377902-35325-116061,1378,11.901306240928882,9.696379493107088e-06,15.046443,13.46861,0.39107165,0.5037984,1.7660428921381632,1.7103006442387898,4.669163480268677,4.340065686497216,327.4357090012927,4704.9572140003875,extra_dim,32
5LZsPp-295-239730-414547-129636-470600-495997-1214,1207,22.535211267605636,6.921367457835004e-05,11.203432,9.696891,0.6785237,0.6214367,2.116153526306152,2.2931020736694334,4.323516374847617,4.165700469547909,239.8436359999323,7667.331216998718,extra_dim,32
rxhq2p-211-212526-349828-67455-407790-412326-143976,1183,7.185122569737954,2.8749458579113707e-05,15.279329,13.684273,0.5676265,0.242518,2.2927812417348226,2.642534637451172,4.538085410979977,4.562459360834622,68.5332089997246,2484.988111000348,extra_dim,32
7j8l2a-034-50416-4800-287427-123375-143976-264357,1033,3.0977734753146176,8.71249631018145e-06,16.818413,17.407238,0.19036317,0.1924312,2.454656998316447,2.477223046620687,4.689845298937485,4.560310365547382,26.244442000461277,733.3469329987565,extra_dim,32
cedJli-522-192385-152140-262731-156368-123704-333757,719,5.285118219749652,5.254780626273714e-05,13.348397,11.375198,0.2945414,0.26332077,1.9225067059199015,1.84482684135437,4.213319487118373,4.2238794666903665,32.42672000124003,1388.395350000792,extra_dim,32
uHCIZa-015-146882-87506-304828-333757-5054-62919,1033,8.615682478218782,1.7520515029900707e-05,12.587081,13.014965,0.36554965,0.3890573,1.307845918337504,1.3237454096476238,4.595700692347238,4.544443020178496,76.02875599877734,2877.872360000765,extra_dim,32
UKnMcp-124-361413-129636-57514-52991-68221-81956,1381,20.926864590876175,0.0001672373036853969,14.996781,12.91318,0.6259272,0.45605686,2.322667201360067,2.4737968603769938,4.440767447678348,4.548681718093653,241.7649849994632,8533.543486999406,extra_dim,32
5ALjRp-161-333766-240226-4800-482510-113619-84055,1026,26.803118908382068,0.0008019127999432385,7.8563266,7.572421,1.1395212,0.8109396,1.2573729117711385,1.3104132811228435,4.117001617789211,4.1229581265408095,221.35758200056443,7051.742415998888,extra_dim,32
Paqf1p-119-254913-443221-90733-163645-32125-188815,1450,9.034482758620689,0.0004479943308979273,15.511495,15.680009,0.32418248,0.25228924,3.184736172358195,3.1383243878682454,4.501899966346641,4.527862487947347,107.82954699971015,3663.2314959988435,extra_dim,32
lDN6of-450-91840-427818-353502-327883-210172-489807,1722,25.02903600464576,0.000440589792560786,6.3836474,4.35908,1.122614,0.818404,1.3376037200291953,1.5443501790364584,3.985966055954469,3.613425442733176,851.327617001516,13714.91339000022,extra_dim,32
JRGxpf-495-78575-358526-483339-81956-229618-247007,1722,14.227642276422763,0.000252309167990461,9.557562,8.1686945,0.6489633,0.7497134,1.1558319568634032,1.1293512026468913,4.480563202630823,4.352299671466184,372.57631400098035,7006.180880000102,extra_dim,32
yc5Hmf-494-469130-474206-203381-91840-123056-149498,1722,13.472706155632984,0.00020981418492738158,9.417524,9.457883,0.5555637,0.5782979,2.7231514930725096,2.6605850219726563,4.500339881801598,4.236213734987774,230.18915899956482,6570.67500499943,extra_dim,32
6UNJZa-025-136860-357104-38459-89725-366126-252054,1033,9.390125847047434,0.0008322022040374577,13.972606,13.691112,0.3303949,0.34450164,1.232884979248047,1.21773947874705,4.614737053132002,4.525844057286738,79.28496499880566,2683.2927690011275,extra_dim,32
CrjLKf-468-374393-49022-14754-240504-316080-236920,1722,6.562137049941928,0.00014622832532040775,15.767979,15.607024,0.31713513,0.37450162,1.255292534828186,1.261658485730489,4.689163938874808,4.637590615298428,92.07791200060456,3073.2633490006265,extra_dim,32
wkCjvp-408-175927-2985-407790-280816-275802-343332,1046,15.965583173996176,0.0001569680607644841,16.546703,15.496939,0.48517433,0.36891404,2.5091996510823567,2.702702601750692,4.601144918361676,4.59210164577126,134.0572480003175,5280.406585001401,extra_dim,32
bnEKPi-496-131237-487747-10048-112031-352809-171454,719,13.908205841446453,0.0004139196826145053,9.827686,8.271677,0.6327408,0.4802872,1.74286208152771,1.780186931292216,3.4636305378751175,3.558771179428205,82.2969649998413,3193.6024200003885,extra_dim,32
FW6BFp-225-129636-418989-280816-386883-462467-306759,1649,6.24620982413584,0.0004694216186180711,16.438385,16.257774,0.23186876,0.21158248,1.8763867139816284,1.842164127031962,4.593069906707167,4.604708864784925,111.35620499953802,3527.5415670002985,extra_dim,32
cZ9D6w-670-134118-41411-423587-125189-84055-98443,662,4.984894259818732,0.0007059596828185022,17.699617,17.519762,0.21161108,0.16678266,4.088376379013061,4.122750886281332,4.591757856098002,4.60248262627214,42.83519700038596,1049.343205000696,extra_dim,32
xlckps-555-489807-93885-138959-23535-14754-299323,1636,10.880195599022006,0.0007390778046101332,11.220501,11.283444,0.43534544,0.36239758,1.4663491010665894,1.4944796403249105,4.568241454897564,4.5501904343867325,181.9267939990823,6916.345445999468,extra_dim,32
xDMmqs-548-333766-165168-462328-336612-442126-284808,1636,9.7799511002445,0.0005077441455796361,12.05938,11.976517,0.37670842,0.31005883,1.3301103830337524,1.3356919129689535,4.415370656450229,4.45574143563174,198.64579900058743,6073.019047000344,extra_dim,32
FSyUys-545-306052-88756-228203-369609-91230-448907,1240,3.467741935483871,0.000898472499102354,19.312729,18.303186,0.16406931,0.1560644,1.4224090337753297,1.4030761877695719,4.6688765171362725,4.670217761085557,38.38491900023655,2947.543707001387,extra_dim,32
FiS63i-513-129107-287427-185152-454791-121010-285778,918,29.956427015250547,0.0005593721871264279,5.188217,2.8798046,1.2076362,0.9181034,1.7387553850809734,1.7244052330652873,2.706178767092082,2.929340595243656,343.72771300149907,9449.163739000142,extra_dim,32
AHwsQs-538-108297-304214-140209-237079-426805-448869,1636,26.5281173594132,0.00042765779653564095,7.4277916,6.533038,1.648544,0.7339821,1.2069921016693115,1.2315105597178142,4.154700840726742,4.2053763136713345,404.28817400061234,14921.51801,extra_dim,32
cUyODs-564-324456-286869-479691-123056-485468-274323,1636,14.60880195599022,0.0006575641455128789,10.41139,10.286356,0.5981223,0.46775886,1.46827392578125,1.4092638969421387,4.541074429237144,4.530790165669912,203.00280699848372,8356.368026999917,extra_dim,32
WOhKts-537-450251-294604-27791-350223-235375-383770,1636,15.158924205378973,0.00046492001274600625,12.088832,12.279726,0.5225367,0.37423125,1.877011489868164,1.949266759554545,4.534063722851815,4.560825075490422,212.65610400041624,8372.912433000238,extra_dim,32
Mtnx5i-515-495971-279778-348676-11995-306560-418034,744,3.225806451612903,0.00028512379503808916,16.896976,13.495809,0.16640966,0.19700526,1.6819480260213215,1.7548542181650797,4.68946345691422,4.662413038047406,22.532283001055475,612.8071399998589,extra_dim,32
fiDqFe-589-306052-37928-421728-166792-414547-458302,1550,7.548387096774194,0.00034323649015277624,17.031057,17.887608,0.32165092,0.2389441,2.8853291511535644,3.077826642990112,4.641445107593185,4.6305477906177765,103.53283699987514,3953.1173440009297,extra_dim,32
KIklei-503-156368-5054-151331-161307-380077-177809,898,12.138084632516703,0.000185836324817501,9.579029,7.6856213,0.6032117,0.48636267,1.6394411722819011,1.5668010234832763,3.5861343396147243,3.844700800216253,155.33941200010304,3184.96375200084,extra_dim,32
0Rve0i-524-469450-332402-376902-283921-64116-240504,1140,5.087719298245614,0.0009046242921613157,14.579666,13.60469,0.27483085,0.21784456,2.3185248533884684,2.270445934931437,4.210953336878011,4.326352562231713,47.13889599952381,1658.91531500165,extra_dim,32
IJqofi-526-68304-236920-183720-152419-94351-316080,661,34.493192133131615,0.0003945751814171672,4.915537,3.3755567,1.7186731,0.98273945,1.575923458735148,1.603109884262085,2.57218725522316,2.8070210044601356,282.3761220006418,8265.315384000132,extra_dim,32
vAlA7f-458-390385-16661-177809-112031-325632-365075,954,1.4675052410901468,0.00048059478285722435,32.0372,33.52498,0.047303002,0.04055501,4.7237275759379065,4.699448362986247,4.7162184311686515,4.717038474862923,11.895246001586202,346.54836200024874,extra_dim,32
oK9Hxs-550-7708-104867-460359-299323-420765-264795,1636,3.850855745721271,0.0009720592643134296,17.548296,17.380154,0.16857915,0.15424629,1.4179680347442627,1.3874568780263266,4.687896851269896,4.694530250217322,68.37979800002358,2205.4904160013393,extra_dim,32
kxh9is-563-24999-276516-377039-462467-365075-67099,1636,6.418092909535453,0.0009378857794217765,17.85146,17.470076,0.2513194,0.17655586,2.0707696278889975,2.143273385365804,4.613830110578592,4.625817162811597,212.3503429993434,4325.449396999829,extra_dim,32
Q4PCSi-506-317415-237079-78108-78427-235375-285778,1152,8.072916666666668,0.0002790152211673558,13.108528,12.014372,0.37001804,0.30195794,2.3077967166900635,2.2414057572682697,4.094479604905596,4.191203338846686,86.36589399975492,3877.413926000372,extra_dim,32
zKb4se-576-475285-202921-407950-32125-236920-469001,1236,14.64401294498382,0.0002435800852254033,11.7428875,11.174426,0.5055067,0.5240877,1.8652705192565917,1.9516680002212525,4.576344685031222,4.2506740720433935,330.2855380006804,6362.253413999497,extra_dim,32
EZwkWp-195-116061-37928-384031-166684-14787-96948,1442,15.53398058252427,0.0007670152699574828,14.294633,13.355269,0.5589934,0.38508818,2.635026756922404,2.997478183110555,4.371866927747074,4.334506440871613,218.2905320005375,8052.117678000286,extra_dim,32
rjyWTe-587-151723-247588-123704-129889-250174-123056,1550,12.129032258064516,0.000710091320797801,12.494674,12.705813,0.43400136,0.46150884,1.7869876146316528,1.956990694999695,4.578158981769577,4.44737653419161,246.1109640007635,5426.951274001112,extra_dim,32
44Zbvs-567-179462-358526-13671-355104-116061-343332,1636,7.396088019559902,0.00030473197693936527,12.950763,11.689843,0.31737795,0.28983104,1.2167217572530111,1.1946473757425944,4.6437244192280325,4.61523621827379,107.3955970005045,4180.501151000499,extra_dim,32
ofs2Us-561-469223-161307-229618-187519-295308-129107,1636,15.831295843520781,0.0003641763178166002,11.481918,11.514849,0.57326657,0.40795398,2.5804205735524497,2.925163571039836,4.363219619478053,4.30589586535645,230.7956579988968,8773.094733000107,extra_dim,32
jhRr0p-088-489070-351855-386883-172725-333766-16976,1661,16.375677302829622,0.0008774544112384319,11.3729,11.012844,0.6487086,0.49956003,1.8992707093556722,2.0425727287928264,4.338895556229917,4.314734117515228,232.1656879994407,9133.707921000678,extra_dim,32
ItvEYp-187-347380-151331-160943-343502-92870-286732,1222,5.973813420621931,0.0003424148017074913,17.440382,17.00512,0.21702667,0.18963827,2.0493475516637165,2.0377892812093097,4.608989402477365,4.630763335942252,61.356780999631155,2613.3079579994956,extra_dim,32
9ImS8p-321-63022-306759-480197-355130-205293-103130,1065,1.4084507042253522,0.0003738635568879545,30.803797,31.715744,0.049490403,0.043718714,3.844852590560913,3.8605575879414875,4.722342420673412,4.718493941606505,13.14862599974731,576.7986110004131,extra_dim,32
PiKSIp-112-109021-465867-125189-123174-211212-334242,1021,9.10871694417238,0.000980529235675931,11.409338,9.365413,0.4196274,0.375834,1.9912686268488566,2.0489715735117593,4.395958085960057,4.407648320076476,116.74193399994692,3193.6611679993803,extra_dim,32
5Lu6ui-514-135410-151381-124082-173176-644-324310,744,9.946236559139784,0.00026409313431940973,12.072755,9.987813,0.4405149,0.35694098,1.4471320629119873,1.4955430348714194,4.587456695776021,4.5864140710210375,101.29064800094056,2830.7695599996805,extra_dim,32
69ZMRp-276-162832-2757-113105-349816-17243-289593,1207,16.23860811930406,0.0009542101179249585,13.576651,13.402238,0.56881756,0.44376227,1.4701939503351846,1.444702426592509,4.409759552426905,4.407012842348013,209.96269500028575,6927.650884999821,extra_dim,32
caQa9p-079-134118-41798-311327-343332-125459-231167,1139,6.409130816505707,0.0008238053997047246,25.183218,25.227036,0.16650824,0.13337263,4.306103547414144,4.273588116963705,4.566587446824597,4.587836588777236,65.04982000114978,2155.928120000681,extra_dim,32
zQSXvp-215-498788-407950-152419-25062-51581-3467,1400,17.57142857142857,0.0010821843752637506,12.207283,11.916284,0.5857875,0.43117318,1.7339277108510336,1.8927375157674153,4.288101688668928,4.255802702268743,235.6428170005529,9189.39741199938,extra_dim,32
3Fszap-093-117533-332219-451954-336612-141428-265166,1116,6.451612903225806,0.002600878244265914,16.898582,16.950487,0.24186794,0.18936527,3.838331413269043,3.82623291015625,4.572513900350896,4.585774056070883,76.41265599886538,2084.966941998573,extra_dim,32
oJJGwp-325-47619-442126-2985-182650-124082-457067,1710,4.035087719298246,0.0017253782134503126,18.154623,18.375074,0.16711515,0.1588007,3.203794844945272,3.1018370151519776,4.687475223865384,4.664044889050954,56.34506299975328,2768.473748999895,extra_dim,32
0mk6rp-310-146145-90733-51581-27791-50416-437215,1608,1.7412935323383085,0.0014768074033781886,26.222765,26.462393,0.08138946,0.06408914,2.188693809509277,2.255682118733724,4.718165946784518,4.720597869198798,71.79056699897046,1802.2415899995394,extra_dim,32
lzFhsp-134-377273-280816-60681-369034-268009-11995,1625,3.076923076923077,0.0012218672782182693,22.040396,21.740484,0.12751485,0.105519496,4.706438318888346,4.725967566172282,4.69764078478091,4.6687348989747335,59.146911999050644,2237.321783999505,extra_dim,32
5OQdwp-063-348077-460359-16661-112031-224170-197606,1404,2.7777777777777777,0.005658838432282209,18.828936,18.597576,0.13785101,0.12086469,3.4771318435668945,3.487830225626628,4.666397024820415,4.669250925631562,38.13638799874752,2052.2957919984037,extra_dim,32
am1FVp-234-380077-145165-25579-145555-311495-324310,1208,5.380794701986755,0.004206848796457052,17.623608,17.613459,0.22423075,0.20585574,2.413633187611898,2.313508876164754,4.597263453233808,4.503697908378358,103.0487380012346,3037.595275000058,extra_dim,32
1zDUvp-298-108297-119460-56896-348770-68221-98443,1510,2.5827814569536423,0.0020352303981781006,17.852608,18.014397,0.14991604,0.12989391,4.743312072753906,4.76986354192098,4.660069011246385,4.654167046259926,74.98251700053515,1642.6147889997083,extra_dim,32
cqZnBp-237-143976-377902-462328-483339-384274-414547,1322,8.245083207261725,0.005321722012013197,15.727738,14.789096,0.29215264,0.30124807,1.391796612739563,1.5018787066141763,4.592291361114897,4.56348847322634,240.8447649995651,3887.525400999948,extra_dim,32
N5kbFp-292-397909-407728-152140-117533-153980-62919,1693,21.204961606615473,0.0010815237183123827,13.049983,13.839565,0.71268624,0.7776296,1.4171331564585368,1.385086433092753,4.612895836149249,4.3657250194518324,296.81064700162096,10925.717348000035,extra_dim,32
DmpOYi-525-91230-450251-209608-292323-92870-38506,1140,16.315789473684212,0.0021517532877624035,8.323523,7.0623302,0.7841423,0.54423386,2.0161890506744387,2.116467261314392,3.344127020325463,3.696441080235406,162.76994899999409,4711.536453000008,extra_dim,32
BBcZPi-501-456735-480197-495997-497448-326140-134118,861,0.8130081300813009,0.003230630187317729,22.602484,23.210907,0.082640134,0.05970702,1.8482729276021321,1.8222516775131226,4.728328002264069,4.703516887734424,8.463088001008146,239.00218500057235,extra_dim,32
BsVmke-591-419538-379538-386302-426805-469450-347380,1550,17.806451612903228,0.002498342888429761,8.85639,9.204376,0.6642861,0.64264923,1.3829947551091513,1.461223824818929,4.37774032616109,4.114924855563278,327.0998589996452,7710.056579000593,extra_dim,32
nSu3Cp-366-41411-362672-285778-222370-421926-202035,1118,6.529516994633274,0.006295517086982727,22.969515,23.32706,0.25120118,0.1993273,4.164228884379069,4.053463347752889,4.698973689658198,4.676739951195595,89.91791100015689,1859.3552019992785,extra_dim,32
tztd5w-640-23535-348077-410307-64116-151381-134118,1176,11.989795918367346,0.0032262594904750586,15.201854,15.051228,0.46331298,0.30676416,3.5088645458221435,3.4725101788838706,4.340794602451549,4.378225103145147,119.30008200033626,3911.533671998768,extra_dim,32
qQ82Hw-614-91230-379354-379373-260428-324310-287427,949,5.163329820864067,0.0024592585396021605,17.702662,17.539774,0.2073747,0.1798727,2.1005659739176434,2.039195919036865,4.543680462211643,4.55983332111742,40.7847070000571,1180.0193130002299,extra_dim,32
f2JFMw-634-136860-113105-22031-310105-248646-32125,824,8.25242718446602,0.0029410782735794783,12.9058275,12.688332,0.33738804,0.29110757,1.9427080869674682,1.9968823830286662,4.603012822263432,4.6048059534211925,56.05636200016306,1908.2675360004941,extra_dim,32
ainjFp-098-145384-88756-289593-274542-488804-292564,2208,9.148550724637682,0.003448504488915205,14.479089,13.495514,0.34513804,0.29969662,2.4764894962310793,2.6203147411346435,4.523263814682759,4.510501647090106,160.98220999992918,8627.022792001299,extra_dim,32
BcVzDs-560-352809-57514-418989-243067-209608-32726,1636,6.601466992665037,0.0019297391409054399,19.374031,18.14753,0.2305494,0.1761136,1.5707924604415893,1.5081887324651082,4.662228477732413,4.665932898732683,92.35506200093369,3294.7651439990295,extra_dim,32
TypO9p-362-82313-390793-365346-50416-310105-275395,1464,23.36065573770492,0.0034457372967153788,9.646018,9.486937,1.2104799,0.6876304,2.5732629776000975,2.9614988803863525,4.526267762300527,4.350271615132305,272.7174650008237,13059.048519000498,extra_dim,32
nQsrxi-500-35788-354893-151331-437270-461984-276516,861,11.033681765389082,0.004316622857004404,10.195689,10.04381,0.54220563,0.43924722,1.7259751001993815,1.6966352065404255,4.521210436606943,4.167462963917389,79.5404350010358,2919.4905500007735,extra_dim,32
ck2Uxp-081-495997-135873-82313-377039-373629-268363,1026,4.775828460038986,0.004637618083506823,18.372528,16.827179,0.1817419,0.21137862,2.082210111618042,2.1363955974578857,4.614438687355783,4.5801934038732295,51.832983999702265,1614.7535370000696,extra_dim,32
jgJdnp-100-135873-177809-247007-67455-332402-185152,1404,5.84045584045584,0.0029392531141638756,19.957394,20.090734,0.1838479,0.15334517,3.6649205048878986,3.772737725575765,4.617414346850611,4.626654464914649,105.9104270007083,2930.922707000718,extra_dim,32
m8mjCs-533-485468-283456-486330-442126-2757-12865,1636,22.677261613691932,0.0013069127453491092,11.335947,10.666128,0.7719818,0.554298,1.3080664237340291,1.3640864849090577,4.411490042323093,4.4080358472437755,311.8353429999843,11431.85504700159,extra_dim,32
pRaNDw-627-181149-276516-426805-281965-56896-235375,1894,4.7518479408658925,0.002972227055579424,15.6368885,15.573936,0.2559571,0.19419973,2.0964447975158693,2.025556127230326,4.596582116414194,4.6037594396313715,75.2019259998633,4030.4931249993388,extra_dim,32
U5aQJe-592-437270-129013-295308-406364-103913-497087,1550,4.451612903225807,0.001561999088153243,16.187347,16.746445,0.25282463,0.1912338,2.5433541456858317,2.5415084679921467,4.657795369537235,4.637347653537677,89.71270300025935,3178.377280000859,extra_dim,32
3e1Tjp-199-462328-423751-38597-248646-74769-2009,1395,9.46236559139785,0.002225166419520974,16.316858,16.295311,0.39254904,0.31403378,1.3984204610188802,1.5151764472325644,4.516218236878703,4.477394078254346,209.06649400058086,5788.095845999123,extra_dim,32
SSYQ1w-650-275802-13671-144360-112336-104867-157595,503,5.36779324055666,0.0031455422285944223,23.780415,23.389423,0.14867406,0.1274542,3.7966081460316974,3.805920155843099,4.575368101479192,4.566434238915481,74.31165700108977,1034.6173369998724,extra_dim,32
JCRPTw-618-129107-479691-343332-355104-157595-129013,1894,30.517423442449843,0.0062578716315329075,7.111304,6.386179,1.0677909,0.8190039,1.9334883292516072,1.90574897925059,4.016581455805142,4.021888129409587,549.4310190006217,19285.0361109995,extra_dim,32
BThtKf-463-324456-428876-160668-329895-295308-99711,1722,31.3588850174216,0.001240023411810398,6.287542,5.7938104,1.2153172,0.9394224,1.1240180651346843,1.1196908950805664,4.274645479376985,4.294829319155983,566.0368039989407,18224.896111998532,extra_dim,32
BNXFqp-404-184495-450557-10737-129636-497448-379538,712,3.089887640449438,0.0009845345048233867,14.525589,12.973832,0.20428626,0.18610321,1.9402325709660848,1.9497188806533814,4.631783206732628,4.584947296195563,29.208060999735608,637.5238609998632,extra_dim,32
7HBFIp-071-294604-416172-427818-181149-278609-175927,1141,7.887817703768624,0.003979463595896959,20.469816,20.704632,0.28088096,0.176602,3.865023644765218,3.908422247568766,4.550429989429975,4.557081941268173,112.55240599894023,2498.1016809997527,extra_dim,32
fS0Vwp-324-274170-461984-129889-218396-366126-128329,1773,16.130851663846588,0.001755136763677001,15.103361,15.082349,0.51916754,0.38120604,3.5403579235076905,3.580767806371053,4.402125874729203,4.397485790210786,359.586089000004,9935.736118999557,extra_dim,32
MJEnPs-553-484336-261033-237079-274170-257745-343308,1636,5.990220048899755,0.0014303416246548295,12.878813,13.204656,0.30124545,0.26719287,2.1015419483184816,2.1490133444468182,4.66519594116955,4.669429804344373,85.03417300016736,3235.8011010001064,extra_dim,32
noHubp-343-163645-17243-410906-219243-161307-221798,1638,6.654456654456655,0.0025536506436765194,15.128025,14.666306,0.3369267,0.24629717,3.0396905740102134,3.0442605018615723,4.629090701265748,4.64041920894306,93.94924099979107,3740.4642029996467,extra_dim,32
4sBV1s-535-160927-255765-139119-167772-460359-377902,1636,11.98044009779951,0.0018671865109354258,13.509712,13.805265,0.45354566,0.32548207,2.682843494415283,2.7635688622792562,4.564825644034826,4.577439243686077,334.0346249988215,7038.367883000319,extra_dim,32
IZG94w-666-98443-418034-470600-161118-288253-129889,1707,7.147041593438781,0.004833240993320942,17.418419,16.699303,0.26890394,0.23770964,3.767257801691691,3.520138676961263,4.513550327146429,4.476203204490748,116.62846299986995,3409.784495999702,extra_dim,32
9hvMUf-482-498788-113105-17243-63022-21827-338584,1318,11.077389984825494,0.0011917749652639031,11.4375725,11.499643,0.5298348,0.44038713,2.3883399963378906,2.3751930554707843,4.58728504351707,4.501287426961286,208.87937499901454,4649.756449000051,extra_dim,32
TkK5fp-380-229618-476225-311495-339484-11995-7708,1573,6.039415130324221,0.003558315569534898,14.968435,14.665024,0.26921716,0.21321256,3.53283699353536,3.5425111134847005,4.6102340520297895,4.597688479728714,84.28693400128395,2479.676095999821,extra_dim,32
9f3Qjw-657-129013-78427-348770-228203-60643-7188,839,7.866507747318235,0.0029710158705711365,16.083948,15.852495,0.31812498,0.23308589,2.2665032386779784,2.417960532506307,4.538175800545947,4.555921458530419,85.02087399938318,1938.898615000653,extra_dim,32
mZAhvp-320-51581-316080-475285-152880-108378-407790,2240,19.732142857142858,0.009975253604352474,17.59323,19.119173,0.63234454,0.5928696,2.246116209030151,2.688668982187907,4.588088225978171,4.276652503848144,387.2723090007639,15920.14788599954,extra_dim,32
aVIkMi-504-436373-35788-166684-274170-363774-493700,826,3.753026634382567,0.01687152311205864,17.049252,15.892078,0.18580894,0.17578298,1.3824177900950114,1.4113018353780111,4.7058144085063995,4.653946431335227,26.516461999563035,1490.9453340005712,extra_dim,32
wD39yw-617-350336-91230-365075-384274-339484-27577,918,4.139433551198257,0.01175561361014843,16.27773,16.290749,0.19962217,0.18642788,2.338722006479899,2.344160811106364,4.6479165179525594,4.654240122031627,41.96628700083238,2347.239728000204,extra_dim,32
WWYmkp-135-247007-450251-229950-249772-273892-186349,1032,18.7984496124031,0.02265731431543827,13.101272,12.961399,0.6325026,0.4452232,2.7222361246744793,3.0275827089945477,4.389263959492804,4.449832958068215,151.07135299876973,6031.999826000174,extra_dim,32
1Q0zzp-067-496080-227228-300626-311379-247007-1214,1044,3.4482758620689653,0.020670078694820404,34.470757,33.286747,0.08182732,0.090617925,4.298816521962483,4.235689798990886,4.720596067590372,4.720921260902246,28.165001998786465,747.7196060008282,extra_dim,32
9Mkadp-302-273892-209608-109841-324591-494783-498752,1917,13.928012519561817,0.008960635401308537,13.981594,13.821028,0.47689864,0.39525375,1.5775702714920044,1.6667288939158122,4.555568709902921,4.567864262790462,227.62398899976688,8895.2630090007,extra_dim,32
ui9aDp-122-292323-379538-386883-287427-306759-88721,1070,4.579439252336448,0.009513289667665958,19.29394,19.153381,0.18790905,0.16004851,2.8866837501525877,2.9543747901916504,4.678374067090905,4.612341671804486,72.84538699968834,1266.396254999563,extra_dim,32
YLEXwp-335-240298-183720-447487-129636-202035-44660,1633,4.776484996938151,0.019239043816924095,18.366205,17.556227,0.1978312,0.19221537,2.2687630971272785,2.0394211530685427,4.6963023803013915,4.675681281046097,105.1079179997032,2146.709690001444,extra_dim,32
6TUCvp-352-108130-78807-55646-250174-386302-414547,1874,14.300960512273212,0.02210024558007717,15.841211,16.203657,0.46447763,0.36857155,2.091663440068563,2.5004732449849447,4.394533690047867,4.350114622894955,220.4141410002194,8814.099074999831,extra_dim,32
DfzVIp-175-379354-103913-25062-384031-343308-295308,1232,6.737012987012987,0.007324743550270796,18.53039,18.526134,0.24509634,0.22235756,1.9314356327056885,1.9820959091186523,4.607683509446857,4.497176080662683,99.0156890002254,3354.3987619996187,extra_dim,32
YuwChp-152-8651-147603-379354-29563-62919-345238,1842,8.360477741585234,0.018081096932291985,23.99199,23.92744,0.29057154,0.17704849,3.5791141033172607,3.7391791979471845,4.570531660007677,4.590148729772834,135.39629800106923,4826.447421000921,extra_dim,32
QpHWMp-383-149498-238364-156368-402653-484336-426805,1642,21.74177831912302,0.02199472486972809,12.467771,12.537987,0.80749226,0.6668284,3.0867651303609214,3.240893252690633,4.636811486643747,4.585358435847272,301.28320599942526,13580.505351999818,extra_dim,32
RkoxIi-499-395609-17243-276516-68344-191485-476225,1053,19.183285849952515,0.013668406754732132,6.8933983,5.922922,1.0844735,0.643819,1.5687267144521078,1.7924355268478394,4.3807350112073475,4.03473361056003,245.81292400034727,8178.826272000151,extra_dim,32
avuTLe-585-474206-355130-317191-361413-333474-248785,1550,11.806451612903226,0.014499159529805183,10.978173,11.484026,0.46159223,0.5236499,1.4375596284866332,1.5930041074752808,4.531115654349751,4.40429942289081,232.0277270009683,7147.512514999107,extra_dim,32
RXuyap-339-457067-332402-329331-281965-472051-353502,1386,8.441558441558442,0.022795502096414566,20.553225,21.044714,0.26629722,0.28349563,1.4864017566045125,1.5763272444407146,4.7105892184056914,4.556608219540104,111.25173499931407,3606.7993530014064,extra_dim,32
cfSfbp-363-68221-13671-186349-322947-197606-339484,1688,12.855450236966826,0.020284058526158333,21.88697,22.585716,0.34880516,0.35047188,3.195863676071167,3.4343199412027996,4.686789061970605,4.681430958715115,305.29892399863456,8787.47905199998,extra_dim,32
jM2z5p-212-362995-350336-202035-87506-239730-207508,960,3.125,0.008350489661097527,28.703863,28.601778,0.11991518,0.086937904,3.0984918594360353,3.343930149078369,4.725336485895864,4.724944977259054,26.070222000271315,790.5463919996691,extra_dim,32
HxFzMp-357-24999-343332-90733-489807-316694-345238,1056,12.68939393939394,0.008049515075981617,19.483994,16.57787,0.37427256,0.41295567,2.5934677918752036,2.5851377646128335,4.676179957939729,4.6040618220452485,117.03525400116632,6491.406490000372,extra_dim,32
rllgnp-282-21827-2985-183720-67455-409746-330730,1398,18.812589413447782,0.014075466431677341,14.2510395,13.716053,0.7243989,0.48703885,1.3741655826568604,1.3854483524958292,4.318995344156455,4.315809044302307,339.50868300053116,9299.311939999825,extra_dim,32
IJui6p-278-140209-424453-325632-318907-448869-125189,879,26.39362912400455,0.012646407820284367,8.456887,7.952773,0.9623494,0.76114655,3.1262526671091715,3.074679374694824,4.268608632128854,3.7796763034181002,197.77412800067395,7364.720595000108,extra_dim,32
riuiap-287-319764-286732-35325-55646-391852-1246,1806,5.038759689922481,0.016919877380132675,17.574783,17.798494,0.22270562,0.1887592,2.5506466547648112,2.654757833480835,4.667946973646213,4.677994603451046,229.84912800166057,3076.951946999543,extra_dim,32
9OkIKp-409-379354-383479-166684-320846-480197-361413,1633,3.1230863441518677,0.018505295738577843,32.41674,32.505127,0.08148808,0.075823806,2.4548835595448812,2.7376479307810464,4.679787408717677,4.679463751772756,87.25186300034693,1468.6511199997767,extra_dim,32
vTx6Wp-073-38459-458554-472051-230200-332402-365346,1099,10.009099181073704,0.006727493368089199,15.184554,15.1958065,0.3459126,0.288337,1.7961586316426594,1.8076846758524576,4.538963032306124,4.521302640874214,137.74707700031286,4040.7558349998,extra_dim,32
9aa0Fp-331-427818-479691-112336-420765-462193-379354,1488,11.491935483870968,0.015810392796993256,16.597591,17.557358,0.47419453,0.31741467,2.4167638937632243,2.4796469529469807,4.682815825181708,4.6350461585247045,308.0597129992384,6358.916198998486,extra_dim,32
Od9CNp-327-140209-326180-101992-35325-166792-451954,1953,10.39426523297491,0.014821072109043598,15.253422,14.43521,0.38461438,0.37139758,2.1660839716593423,2.3098159790039063,4.667253714961552,4.609847056237576,272.3638750012469,6715.564156000255,extra_dim,32
2TcsGp-297-152880-78575-467697-23535-316694-24999,2415,13.250517598343686,0.007391820661723614,15.189287,15.028678,0.45489755,0.33974668,2.4495569705963134,2.6846680959065754,4.596298823720174,4.5557993323344235,521.5424070011068,10644.791364999037,extra_dim,32
IJFPZp-340-90733-100179-99711-247588-402653-355130,1491,3.35345405767941,0.00944688729941845,13.432831,11.110241,0.2586616,0.24300997,1.7905345757802327,1.7692791223526,4.701164651011915,4.6816920071153785,57.79738199998974,1362.529074000122,extra_dim,32
sNYM9p-246-47619-361413-1214-155820-418901-176776,965,28.808290155440414,0.011091777123510838,9.255057,9.306089,0.98665076,0.9697668,2.117532221476237,2.2407289346059165,4.574529543623615,3.816457604241628,245.5335129998275,9763.892810999096,extra_dim,32
OI5Azp-257-60643-225888-294604-334833-14787-125459,1203,4.904405652535329,0.01875906065106392,16.1886,15.463887,0.3988011,0.22774814,1.491235113143921,1.6146321853001913,4.589230665693183,4.601721097626186,52.38773400014907,1625.8229310005845,extra_dim,32
vhQX3p-288-256377-386883-276335-177955-380077-80661,2229,2.4226110363391657,0.0165446437895298,16.274673,16.124054,0.19838066,0.16806887,2.2564597288767496,2.129559373855591,4.692480913957023,4.685549642682904,48.279274999003974,1521.4812939993863,extra_dim,32
d4LtRw-656-379354-74769-192385-202921-93885-62534,1673,9.145248057381949,0.009153828024864197,13.86392,13.457901,0.33521533,0.29239857,3.2858692328135173,3.228973054885864,4.528260357450099,4.530997826404898,124.3060910001077,4985.984427999938,extra_dim,32
dc4C1p-319-469130-53129-287943-116061-476924-448907,1529,17.658600392413344,0.017503265291452408,19.433926,18.232471,0.74278146,0.39817402,2.5195542176564536,2.485480705897013,4.7089768386291695,4.699200678910818,241.91526499998872,10635.69793699935,extra_dim,32
PSLbbp-359-11995-156368-348733-154883-123704-497426,1430,11.888111888111888,0.021002519875764847,12.239254,10.408361,0.5162746,0.44544652,2.3523036162058513,2.5634861469268797,4.677116345217291,4.659584873541352,235.12893600127427,6272.201533998668,extra_dim,32
zVlcap-263-274542-472051-376372-248785-476225-35325,1292,4.102167182662539,0.021863481029868126,17.103077,16.824564,0.18607326,0.16935332,1.2835714181264242,1.2807706514994304,4.697602968356473,4.683220081341969,76.64160600143077,1442.7437169997575,extra_dim,32
rpdA0p-089-193291-347380-224170-426805-310105-489070,1279,8.913213448006255,0.00744014885276556,13.279053,12.460619,0.36433232,0.3148503,1.994517461458842,2.1003952026367188,4.525252697642299,4.5296206047862855,182.57719299981545,3931.492237999919,extra_dim,32
O7tsRw-671-38597-125620-126584-128202-343308-240298,1734,7.035755478662054,0.009212201461195946,15.405434,15.429505,0.31096792,0.22383405,3.0163619995117186,3.116013288497925,4.551253497563189,4.565540506042705,175.21989499982737,4188.649436999185,extra_dim,32
mCLt3p-410-320846-476924-422977-274323-99711-177809,1085,1.4746543778801844,0.022891782224178314,28.328592,28.427105,0.056198716,0.050700843,2.309734837214152,2.331197182337443,4.7290898574101465,4.72829535780887,29.549250000854954,881.4898529999482,extra_dim,32
jFujMp-258-2985-422977-276516-270302-316694-390385,1887,7.790143084260731,0.008067467249929905,19.412811,19.272825,0.2665397,0.20840697,3.5386667092641195,3.562504434585571,4.616788167735702,4.527381813839386,160.41239000151108,7483.937602999504,extra_dim,32
uIq5Cp-346-271293-199372-348733-164849-450557-397909,1966,2.899287894201424,0.015138654969632626,17.751122,17.542969,0.16768555,0.15310921,2.7231027126312255,2.8796826044718427,4.706339040105426,4.678960168800496,100.50694799974735,3171.3808759996027,extra_dim,32
2HNvip-384-377039-229618-315211-103130-162269-274323,1838,4.243743199129488,0.014237921684980392,22.642977,22.402561,0.19022433,0.14998989,3.819311587015788,3.8191774686177573,4.713081563006166,4.687073867483027,101.29341800166003,4106.3676530011435,extra_dim,32
hImnha-010-474206-125620-494783-410307-474929-314040,1033,9.390125847047434,0.04484827443957329,14.237099,13.894902,0.30768743,0.6699671,1.5319590330123902,1.5746139685312908,4.676873723005187,4.3129628193574945,406.4119020004,4274.424588998954,extra_dim,32
fiBRvp-155-14754-379538-407950-108056-495971-270302,1409,17.033356990773598,0.03848577290773392,11.055041,11.21992,0.6398311,0.5277752,1.689469861984253,1.7972168604532877,4.311324660664277,3.9940910214053744,403.39140400101314,8669.534430000567,extra_dim,32
QzAg3p-413-374393-31166-163645-409369-10737-129013,973,10.38026721479959,0.0511818453669548,25.923073,23.05613,0.27728567,0.23335274,2.311942720413208,2.373210302988688,4.701819022248509,4.666432848667469,172.16714700043667,2497.098855999866,extra_dim,32
JLBTXp-060-194617-60643-435517-420765-124439-152419,1024,10.44921875,0.024550464004278183,15.5444765,14.960665,0.62046343,0.30100632,4.749696222941081,4.514264233907064,4.622497892638309,4.612563991896899,115.8797730004153,2745.965399000852,extra_dim,32
k4Lvzp-329-270302-101992-248785-163995-27791-469130,1701,7.642563198118754,0.051412247121334076,16.883057,16.763577,0.31561115,0.26487193,2.4579999287923178,2.539179277420044,4.70720241019038,4.659410774156973,141.97951499954797,3979.1738510011783,extra_dim,32
ZgJsyp-189-209061-292564-111916-92870-126584-280816,1939,5.002578648788035,0.0409746915102005,19.948048,19.788559,0.2160759,0.1663168,1.5429955800374349,1.5622938791910808,4.696895487446326,4.677372743537552,78.90810500066436,3832.158146000438,extra_dim,32
G50hup-092-363552-123056-229618-481410-299323-332402,1114,6.463195691202872,0.028861256316304207,24.795534,25.440409,0.21713835,0.13931392,4.098499202728272,4.1114737033844,4.650679389968533,4.664871207321091,67.99657900046441,2905.6940480004414,extra_dim,32
8b8sWp-275-88756-348733-183720-134118-226233-129107,1202,3.577371048252912,0.031784262508153915,21.840837,22.040102,0.14339845,0.13099496,3.498371378580729,3.5292447725931804,4.720738760598408,4.7106036092340515,36.15432900005544,1842.8602809999575,extra_dim,32
vOT8yp-371-205293-131237-111916-212842-29563-288077,1254,6.220095693779904,0.025580398738384247,17.457302,18.515675,0.2352327,0.2606814,2.978585926691691,2.931247091293335,4.691567414266842,4.572446680879519,108.35945600047125,3148.194061999675,extra_dim,32
qmNVhp-128-78575-68344-44660-128101-103130-334242,1283,4.75448168355417,0.03182704374194145,25.03546,26.035198,0.19334239,0.12910432,2.1902395407358806,2.322497526804606,4.645587815615475,4.571820503247804,128.16312900031335,3730.5198590001964,extra_dim,32
8wAd8p-068-329159-165684-202035-119460-330730-447487,1209,11.41439205955335,0.0299910269677639,17.52506,17.078243,0.4048475,0.2771863,3.391796843210856,3.4887545744578046,4.534059485767682,4.493511522827049,444.5161100011319,5381.374701000823,extra_dim,32
tXap2p-281-298969-9753-281965-457067-162269-329331,1012,6.8181818181818175,0.026187583804130554,16.62112,16.888863,0.25335336,0.21796227,2.7705116589864094,2.8125076293945312,4.696641292395954,4.640305352069092,205.10443500097608,2704.388440999537,extra_dim,32
fdXdMp-313-165684-111916-348770-380077-145384-347380,1440,12.777777777777777,0.03389327600598335,17.92315,18.134035,0.46825823,0.3769398,2.2325137138366697,2.1916301091512045,4.6729738223526,4.583126360928173,259.3599779993383,5273.47716300028,extra_dim,32
Jpj5sp-423-369034-108056-487747-295308-1246-219243,1468,8.583106267029974,0.05191738158464432,20.658882,18.677938,0.3429264,0.24096604,3.549018128712972,3.632978661855062,4.695775447164353,4.643023883634671,101.55212800054869,3742.8437229991687,extra_dim,32
maM4mp-267-195572-141428-108130-299323-8651-456735,1158,7.512953367875648,0.0453246608376503,28.599922,29.55334,0.2083499,0.1489061,3.2550196488698324,3.3716607411702473,4.7234993276840465,4.710778165285339,111.82060500141233,2249.0270730013435,extra_dim,32
Aal0cp-183-209061-91230-492922-2757-317191-461984,990,4.545454545454546,0.0922110378742218,19.032642,19.074076,0.19251305,0.16420172,2.1391629775365195,1.9097043752670289,4.662715883218902,4.630013015359456,37.58476899929519,1192.4234649995924,extra_dim,32
m5rDOp-062-377273-156368-185152-188815-186260-486330,1445,11.003460207612457,0.02404632605612278,18.030552,17.035007,0.37564266,0.2551324,3.512927452723185,3.5979677995045978,4.543080529265419,4.5774478156389735,193.92072899972845,5368.57516300006,extra_dim,32
IIhdup-184-282845-322947-195637-315211-10737-386302,986,6.896551724137931,0.07097651064395905,23.295715,23.342983,0.28271142,0.16865027,1.3351362546284993,1.4702496608098348,4.624977843612733,4.589309933889282,65.63139899844828,2300.770817000739,extra_dim,32
eiJpip-223-216978-247588-305230-165168-65123-203381,1402,10.556348074179743,0.04873007535934448,17.839066,17.838198,0.3624425,0.28738442,1.4189167658487956,1.4194466590881347,4.556362463150537,4.418678018350007,165.25192799963406,4965.128259998892,extra_dim,32
uYOkKp-107-143976-376902-185152-437215-90733-10048,968,4.338842975206612,0.029287779703736305,23.206434,23.467823,0.14567424,0.123881616,3.3382774194081626,3.4361352761586508,4.64273674348351,4.616424351127723,46.213715999329,1298.3845630005817,extra_dim,32
DWrC0a-013-57191-1214-242009-327883-379538-476225,1033,12.100677637947726,0.0352642759680748,10.617607,10.837479,0.49627742,0.4986854,1.2907039562861125,1.3631459951400757,4.599888431316391,4.314503800714619,101.29723899990495,4122.160353999789,extra_dim,32
6maFGp-305-129013-193291-68221-152880-38506-163335,2424,17.863036303630363,0.02638908289372921,19.431183,21.1725,0.5503805,0.45980072,3.369268369674683,3.6373340129852294,4.665674171248618,4.627389098892946,451.12978799988923,14420.727826000075,extra_dim,32
fZg66p-070-68221-216978-377273-239730-53784-3467,994,29.577464788732392,0.03719060495495796,20.649014,21.230774,0.78481203,0.59465545,3.1265061378479,3.685417985916138,4.591137840770233,4.5332369314336765,505.4822120000608,9049.278225998933,extra_dim,32
CF7Gnp-165-481033-25721-175927-209061-312468-108378,1919,17.509119332985932,0.03301472216844559,14.073142,14.166054,0.5827196,0.41005507,3.086555989583333,3.226959705352783,4.386562589767284,4.316712506304876,525.828095000179,10414.315825000813,extra_dim,32
tTMeWp-326-264357-280816-2985-25721-189658-311379,2359,8.902077151335313,0.04867259040474892,25.08458,25.641106,0.27592748,0.24630828,3.3900871753692625,3.417086712519328,4.69930198840057,4.706299712678483,197.9196479987877,6062.936053998783,extra_dim,32
kDEiGp-268-254920-474864-52991-170820-165168-328121,1029,24.101068999028183,0.09233691543340683,7.7735586,7.246403,1.342248,0.7241476,1.6207808971405029,1.8156747976938883,4.600854513605811,4.498642667657743,199.37360800031456,7846.263623001505,extra_dim,32
rkSMcp-349-162269-339484-74769-12865-363552-41411,1411,14.386959603118354,0.02514478750526905,18.328478,18.477196,0.46710208,0.44183812,1.5982501665751139,1.5993709961573284,4.695594264436456,4.468274883567715,249.75798100058455,5837.9073750002135,extra_dim,32
FZwvbp-205-349816-138959-261033-383479-409369-152140,1111,28.26282628262826,0.03914736211299896,15.470333,13.877397,0.7957638,0.72866946,2.2457761923472086,2.197072474161784,4.614972739245232,4.279861040972983,382.685009000852,10218.982755999605,extra_dim,32
ie6iSp-097-407790-253414-334074-464643-167361-80351,1395,3.942652329749104,0.03198687732219696,30.494934,30.695614,0.09999061,0.08550638,2.4572810967763266,2.460377820332845,4.663611777701853,4.6673174142345015,51.00780400061922,1209.9844490003306,extra_dim,32
Q1VJ4p-396-67099-191485-442126-324310-384031-392966,757,0.5284015852047557,0.04145583510398865,51.569668,50.223007,0.012194241,0.0122687,2.5176618734995526,2.5992362022399904,4.731441214407223,4.731238759139071,4.161689001193736,99.42727799898421,extra_dim,32
BLAVyp-401-374393-353502-276516-464643-247007-280816,1578,17.743979721166035,0.0333615206182003,11.532558,11.620621,0.6397838,0.47079575,1.3344467639923097,1.3522430340449014,4.6191142362425515,4.561590612176798,454.4217880011274,10348.638704999757,extra_dim,32
qx9MPf-447-243466-253414-78108-327883-41798-186349,1722,15.911730545876887,0.0489613376557827,8.359102,8.178713,1.0126497,0.8082161,1.627994132041931,2.2041266123453775,4.23994216841273,4.237124727994801,418.27108899997256,9605.903437999586,extra_dim,32
4fsgkp-253-311495-209061-229618-287427-276516-38459,1013,6.811451135241856,0.02615589275956154,17.363976,17.427465,0.26976642,0.20431572,2.978794876734416,3.096704530715942,4.694174322478002,4.6447042829306415,61.38174099942262,2160.345039999811,extra_dim,32
u3JmNp-105-377036-373629-177809-287789-419538-221798,1057,9.082308420056764,0.03273187577724457,13.142095,12.533985,0.5437169,0.3263861,2.521747287114461,2.935880756378174,4.665923074591937,4.562445918615333,119.5606620003673,3446.949315999518,extra_dim,32
7gnoMp-243-13140-469001-90733-352371-418901-62534,1349,14.381022979985175,0.03019716590642929,12.614755,11.949968,0.6674773,0.46430454,1.904150128364563,2.2240944544474286,4.651619875323028,4.5390142778197875,160.95648000009533,8032.747982000728,extra_dim,32
WYTgYp-403-306759-7708-254913-153980-163947-460359,1450,4.206896551724138,0.0560128353536129,17.148745,16.101114,0.22444975,0.19537316,3.225924317042033,3.017444642384847,4.692388727311107,4.658496078627673,60.37233099959849,2198.216857999796,extra_dim,32
zRlcSp-181-25062-53784-123056-333757-268363-211084,1709,6.1439438267992985,0.025759130716323853,18.473848,18.892591,0.2577167,0.21980394,2.3787681897481283,2.455346139272054,4.662114444884689,4.476877662060001,86.53418300127669,4342.497952999111,extra_dim,32
TaYTvp-415-63022-179855-481410-392966-38597-437270,762,4.593175853018373,0.03335783630609512,22.142153,22.246897,0.22054453,0.14624037,2.70352946917216,2.5974799315134685,4.709320649077466,4.659436790876379,28.41032099968288,1653.9297599993006,extra_dim,32
9kbanp-261-50416-108056-469001-231167-334074-209061,1007,5.958291956305859,0.026795921847224236,14.14101,14.762501,0.30621028,0.24490885,2.1477821667989097,2.1700066725413003,4.679870827138184,4.608122359420616,82.29790399855119,2534.9871819998953,extra_dim,32
DLZvmp-426-78108-128329-469130-165684-261033-84004,868,7.71889400921659,0.026906199753284454,22.997429,23.466915,0.23795407,0.19987702,4.05033901532491,4.101558987299601,4.693466618094319,4.66329465466676,104.72823599957337,3776.179880998825,extra_dim,32
i0Ocoe-610-395609-211084-211212-108056-187519-202035,1390,9.784172661870503,3.9601487515028566e-05,12.5880165,12.319671,0.3933994,0.41957387,1.937401000658671,2.087684082984924,4.649656886641538,4.5997887335355205,183.84526199952234,6032.847700000275,extra_dim,64
PBDVAf-465-366971-117533-197606-160943-60681-25579,1722,3.426248548199768,2.0712036530312616e-06,18.669373,18.22187,0.21427785,0.15391116,2.411944564183553,2.550436035792033,4.701068386499275,4.697292093703698,116.95964300088235,3270.222700000886,extra_dim,64
sF1D5f-429-45816-14754-487747-347380-61770-187519,918,1.4161220043572984,6.66032019580598e-06,24.844048,27.24079,0.0743627,0.060990747,3.1404206275939943,3.138634951909383,4.728679954346992,4.727474455516594,23.598703000971,1046.1435900015204,extra_dim,64
8lHaxa-001-437270-91230-96853-392966-377039-493700,1033,8.712487899322362,1.6546022379770875e-05,14.059723,14.359546,0.36604154,0.29767406,1.7174095312754314,1.6385779619216918,4.678471568389538,4.518538801701273,253.36951999997837,3178.0135900007735,extra_dim,64
wH6bMa-009-144175-39168-315211-114587-333757-10048,1033,7.55082284607938,4.100139267393388e-05,13.936219,14.236741,0.5048661,0.30922148,1.5217141230901083,1.50826207002004,4.536359444938958,4.546028272662861,71.63230700098211,2263.881536999179,extra_dim,64
l3Lvae-611-211084-218396-212842-198509-334833-311379,1390,4.244604316546763,4.941728548146784e-05,21.427069,22.21886,0.15138371,0.17163701,3.3067666212717692,3.34675563176473,4.712453801232809,4.693824939283393,50.224184000398964,1616.9425409989344,extra_dim,64
cmHjrf-493-348077-309854-224170-458554-202179-472051,1722,16.144018583042975,0.00013046321691945195,9.016712,8.535922,0.68177956,0.7213569,1.221118410428365,1.2513258536656697,4.459385508041492,3.973794111180191,283.91621999981,7324.396781999894,extra_dim,64
9srcUf-448-162832-472051-219243-152140-401183-304828,1722,11.091753774680605,7.126033096938045e-07,10.434917,9.83656,0.5847283,0.7385226,1.4165825128555298,1.4777006149291991,4.608015262063499,4.573803803541398,242.72521400052938,4717.735363001339,extra_dim,64
pMchYa-011-461984-248646-131237-259340-281965-474206,1033,3.291384317521781,7.092276973708067e-06,17.960245,18.207472,0.17152981,0.17450045,1.492258604367574,1.522543160120646,4.702082687427181,4.643755029898526,43.26411599868152,857.8778900009638,extra_dim,64
rqqrUf-476-372299-90733-207508-318838-254913-53278,1590,15.786163522012577,1.0736808690126054e-05,10.720356,10.735177,0.64380443,0.65413445,2.7493706703186036,2.8276723543802897,4.6341380233948914,4.468795321628714,218.8332210007502,6635.227509001197,extra_dim,64
KWj8Li-521-358526-235375-78807-67455-237079-21827,802,14.588528678304238,5.653791959048249e-05,9.105783,8.9327755,0.8123198,0.46390036,2.072708185513814,2.7494916915893555,4.359659769743258,4.291223111959094,101.9651389997307,2990.219187000548,extra_dim,64
LIJKja-026-447487-148409-188815-38506-78427-479691,1033,5.517909002904163,1.2104389497835655e-05,13.497571,13.515146,0.28890863,0.284284,1.3798582394917807,1.4059452692667642,4.661833486598976,4.5560766267315795,50.64480399960303,1343.148055999336,extra_dim,64
P4ZKje-597-228203-427818-407728-174918-211212-250174,1550,22.967741935483872,0.0001234940718859434,8.103341,8.564645,0.8439195,0.7661955,1.4167079289754232,1.5339274168014527,4.43071500112157,4.299784188407566,338.82248300142237,13271.194936000029,extra_dim,64
zoFKbf-438-268009-220507-287943-286732-24538-454712,1653,12.583182093163945,5.697601750398462e-07,11.430831,9.75101,0.51417845,0.57678324,2.118202002843221,2.1521511554718016,4.607662407926001,4.403350066968084,178.77949299872853,8430.016452999553,extra_dim,64
FPRIpe-578-474864-126584-425422-304828-148409-10737,1550,9.096774193548388,7.081195508362725e-05,11.838613,13.270948,0.37100402,0.41076374,2.8458368301391603,3.081571674346924,4.653040376748408,4.488985836421819,119.4889320013317,3914.673096000115,extra_dim,64
Th8NDe-613-23535-495997-395609-270487-329331-383770,1390,14.100719424460431,8.22431466076523e-05,10.625821,11.286755,0.5172485,0.6282721,2.654198932647705,2.781120777130127,4.6063118378676124,4.525860012636581,159.11537899955874,7204.324418999022,extra_dim,64
KFAl8f-427-406364-361413-456735-410307-286869-348733,1722,18.641114982578397,5.997956031933427e-05,10.252724,10.107213,0.6511209,0.56272817,1.6509534994761148,1.6553408304850261,4.375219478611681,4.434708663893845,355.68155799956,12229.30732399982,extra_dim,64
rn9v1e-583-369034-383770-175927-399756-390385-383479,1550,11.67741935483871,1.7469614249421284e-05,13.168432,13.268267,0.40419796,0.42515954,2.6793437004089355,2.7551014900207518,4.623365066802061,4.491067370375835,176.65817399938533,7441.716404000545,extra_dim,64
SnJBwf-434-37928-376902-480197-51581-328121-350223,1378,5.732946298984035,1.790127271306119e-06,15.548485,15.736216,0.3021345,0.26897267,1.9471196095148722,2.0513689676920572,4.680568841655279,4.6739455480462295,67.68125899907318,3887.8885340000124,extra_dim,64
amZyRf-444-7708-476924-468905-275802-405424-380077,1722,2.5551684088269457,3.279495786046027e-06,17.850744,17.515486,0.15337723,0.17380075,2.01996853351593,2.0099238713582355,4.70731237418846,4.687783579276602,39.386596999975154,1294.4640119985706,extra_dim,64
a4WwUa-043-141142-113619-397909-469223-287427-421926,1033,26.427879961277835,3.878655479638837e-05,6.795554,6.9373503,1.0150295,0.87499744,1.1873591979344686,1.2616007566452025,4.297753626889747,4.210923949226144,241.07187399931718,9754.98575400161,extra_dim,64
mvvOnf-472-106-135410-148409-334242-45816-353502,954,4.5073375262054505,4.8512858484173194e-05,14.796129,14.652529,0.2733043,0.2600046,2.677951431274414,2.8380061626434325,4.646630425795376,4.647377625672423,37.718848001532024,1298.558119999143,extra_dim,64
oRqMra-058-167772-480197-43889-36331-135873-265166,1033,2.904162633107454,6.2980648181110155e-06,23.450548,23.776102,0.13492036,0.0948903,3.2041939735412597,3.2663993358612062,4.724032636046051,4.72034297852534,29.815341000357876,1218.7161059991922,extra_dim,64
1rIrKa-023-409746-287789-276335-17243-340579-260428,1033,1.6456921587608906,1.7720502000884153e-05,20.200745,21.421478,0.10841214,0.093720354,1.6603825330734252,1.6619950930277507,4.720755249923729,4.723884619355179,66.64536900098028,1617.9015589987102,extra_dim,64
xX6Wce-607-140209-262731-151331-7708-427818-497426,1390,3.741007194244604,2.83738954749424e-05,19.629581,19.410492,0.1522638,0.17622866,2.9615939140319822,3.0215208371480307,4.716323836743788,4.7012351630328695,82.230313000764,3058.770416000698,extra_dim,64
3hvoVa-051-2307-202921-218396-175927-14787-464643,1033,5.324298160696999,1.6514632079633884e-05,16.644234,16.969753,0.26741633,0.21779065,1.5809348265329997,1.643039385477702,4.681288462596075,4.654877581172313,52.095772998654866,2483.303316999809,extra_dim,64
87hwjf-487-426805-60643-437215-160943-182650-407728,1181,5.080440304826419,1.0143882036572904e-06,13.861637,12.183595,0.30495274,0.3835597,1.4737967411677042,1.4273667573928832,4.6595748863597395,4.623950531094727,153.13498099931167,2305.3341819995694,extra_dim,64
98pQ7f-492-161118-44660-2985-495997-227228-191485,1722,3.948896631823461,3.370679678482702e-06,20.842552,20.923784,0.14272666,0.17680193,3.190558656056722,3.182657273610433,4.706399363644763,4.58307809049899,114.47462300020561,2212.8587719998905,extra_dim,64
9a98Kf-464-298969-472051-292323-179462-78575-496080,1181,7.281964436917867,5.5254073231481016e-05,14.387184,14.975845,0.31542817,0.2478959,3.004670588175456,2.9640805244445803,4.452837943751912,4.515094150285682,128.3861899992189,2881.7941209999844,extra_dim,64
WVKBPa-017-469001-13769-309009-430207-5054-14754,1033,3.581800580832527,4.264206836523954e-06,16.083086,16.594528,0.19200416,0.19897644,3.612728706995646,3.6523767948150634,4.704943058050205,4.631349213807392,35.24659799950314,994.9533969993354,extra_dim,64
k2rvsa-021-181149-117176-94351-2985-340579-209061,1033,4.162633107454018,1.384729148412589e-05,18.487616,15.842379,0.27196726,0.19954836,1.9500280459721884,1.9433951457341512,4.693246557676176,4.663413826939337,34.848809000322944,1720.4292770002212,extra_dim,64
GptLba-028-467697-29563-495971-437270-5575-211212,1033,2.3233301064859635,2.764441342151258e-05,19.201672,19.760376,0.1256087,0.12734799,1.7666102488835653,1.8139849026997885,4.694311991408346,4.675698996844562,29.406971001662896,864.7456069993495,extra_dim,64
3EBeof-459-212842-454791-192385-495971-180085-113105,1033,16.747337850919653,3.53978066414129e-05,12.459026,12.587873,0.54331106,0.60717595,1.9019563595453899,1.9837634086608886,4.590473392375743,4.582329922930097,166.1818080010562,5731.644330000563,extra_dim,64
8C0b9f-461-182650-228203-8651-240298-176776-186349,1704,3.814553990610329,5.752473225584254e-05,18.048643,18.067694,0.16863698,0.24919932,3.5710512161254884,3.540471331278483,4.706014658087184,4.5720538807347415,74.89466700099001,2960.786724999707,extra_dim,64
f5sCDf-435-355130-41798-395609-377902-35325-116061,1378,11.901306240928882,9.696379493107088e-06,14.880123,13.46307,0.39125898,0.49105915,1.7163221915562947,1.732356317838033,4.666307459557865,4.375306772866121,338.2420439993439,5216.540391998933,extra_dim,64
5LZsPp-295-239730-414547-129636-470600-495997-1214,1207,22.535211267605636,6.921367457835004e-05,11.100845,9.621774,0.7016093,0.618036,2.081069842974345,2.3671735286712647,4.297363765120778,4.202569816010079,328.0181270001776,7369.346573001167,extra_dim,64
rxhq2p-211-212526-349828-67455-407790-412326-143976,1183,7.185122569737954,2.8749458579113707e-05,15.248021,13.732864,0.5740235,0.24020235,2.2862977504730226,2.6278995672861734,4.536485788996854,4.562832639029697,73.97924700126168,2352.1518069992453,extra_dim,64
7j8l2a-034-50416-4800-287427-123375-143976-264357,1033,3.0977734753146176,8.71249631018145e-06,16.72354,17.323418,0.19432633,0.19160248,2.4574161370595298,2.442637316385905,4.687573275976734,4.570165844698417,39.71535799973935,983.2707599998685,extra_dim,64
cedJli-522-192385-152140-262731-156368-123704-333757,719,5.285118219749652,5.254780626273714e-05,13.266941,11.4907875,0.296911,0.25682876,1.9184532483418784,1.9281472444534302,4.1939579472502935,4.2942986148934255,43.484506000822876,1103.2811320001201,extra_dim,64
uHCIZa-015-146882-87506-304828-333757-5054-62919,1033,8.615682478218782,1.7520515029900707e-05,12.514093,12.932821,0.36668977,0.3859576,1.2946775039037068,1.326272718111674,4.587752543447799,4.569111200409155,77.2744749992853,2704.185016000338,extra_dim,64
UKnMcp-124-361413-129636-57514-52991-68221-81956,1381,20.926864590876175,0.0001672373036853969,14.894732,13.042544,0.63894284,0.44137815,2.4008262157440186,2.638597249984741,4.423218265751142,4.420297226170777,302.4481640004524,8736.54304000047,extra_dim,64
5ALjRp-161-333766-240226-4800-482510-113619-84055,1026,26.803118908382068,0.0008019127999432385,7.7431097,7.42815,1.1520077,0.82178575,1.2279004812240601,1.2841231266657511,4.112037891982494,4.092559979426851,228.2519370000955,7947.191399000076,extra_dim,64
Paqf1p-119-254913-443221-90733-163645-32125-188815,1450,9.034482758620689,0.0004479943308979273,15.41003,15.560578,0.33143792,0.2565265,3.1615487416585286,3.1552122592926026,4.491977389208817,4.523539514225729,111.68113500025356,3271.5629669983173,extra_dim,64
lDN6of-450-91840-427818-353502-327883-210172-489807,1722,25.02903600464576,0.000440589792560786,6.331723,4.333425,1.1441907,0.80099505,1.3291648626327515,1.5570518414179484,3.9624111098076944,3.8229591683293758,604.8187289998168,14888.940853999884,extra_dim,64
JRGxpf-495-78575-358526-483339-81956-229618-247007,1722,14.227642276422763,0.000252309167990461,9.474804,7.917241,0.6263719,0.72288895,1.1567988316218059,1.1413055737813314,4.485011047453702,4.393213881292968,395.67593399988255,7297.815904999879,extra_dim,64
yc5Hmf-494-469130-474206-203381-91840-123056-149498,1722,13.472706155632984,0.00020981418492738158,9.32522,9.3999195,0.5576787,0.5660696,2.8051116943359373,2.6735543886820476,4.4905582665279615,4.2943031600723645,195.02821800051606,7122.094709000521,extra_dim,64
6UNJZa-025-136860-357104-38459-89725-366126-252054,1033,9.390125847047434,0.0008322022040374577,13.879962,13.68126,0.3367165,0.34120846,1.2306958754857382,1.212640929222107,4.608771853510066,4.540113675866507,79.81731499967282,2606.8889969992597,extra_dim,64
CrjLKf-468-374393-49022-14754-240504-316080-236920,1722,6.562137049941928,0.00014622832532040775,15.661931,15.477027,0.2981172,0.35276756,1.252271334330241,1.2719096978505453,4.696990683849204,4.668965408457174,91.33716200085473,3285.7996319999074,extra_dim,64
wkCjvp-408-175927-2985-407790-280816-275802-343332,1046,15.965583173996176,0.0001569680607644841,16.37,15.467165,0.4951469,0.36249685,2.514239517847697,2.8420737107594807,4.59836842495448,4.620504211663082,139.74629599943,5835.401555999852,extra_dim,64
bnEKPi-496-131237-487747-10048-112031-352809-171454,719,13.908205841446453,0.0004139196826145053,9.77171,8.167576,0.6286369,0.47329402,1.743591562906901,1.8200019359588624,3.468563674456977,3.7109009455283752,128.88681900039956,3153.898554000989,extra_dim,64
FW6BFp-225-129636-418989-280816-386883-462467-306759,1649,6.24620982413584,0.0004694216186180711,16.288425,16.110409,0.23773803,0.21346532,1.839591097831726,1.8744186321894327,4.584580264681113,4.611464661501055,154.36811199833755,2627.579448999313,extra_dim,64
cZ9D6w-670-134118-41411-423587-125189-84055-98443,662,4.984894259818732,0.0007059596828185022,17.633512,17.485113,0.21804781,0.16885506,4.066008218129476,4.143396536509196,4.589105628546443,4.599304014177391,46.69923599976755,976.7797220010834,extra_dim,64
xlckps-555-489807-93885-138959-23535-14754-299323,1636,10.880195599022006,0.0007390778046101332,11.11806,11.202051,0.44623116,0.36297628,1.444480061531067,1.4862078587214151,4.562080880678116,4.562357576527861,222.81657900020946,7040.871193999919,extra_dim,64
xDMmqs-548-333766-165168-462328-336612-442126-284808,1636,9.7799511002445,0.0005077441455796361,11.935607,11.8400955,0.38578033,0.3143739,1.3063049952189127,1.333809526761373,4.3990500957133865,4.480000512652409,151.14951199939242,6607.049621999977,extra_dim,64
FSyUys-545-306052-88756-228203-369609-91230-448907,1240,3.467741935483871,0.000898472499102354,19.1862,18.211355,0.16848005,0.15680198,1.3929948091506958,1.4002507130304973,4.666156277237211,4.669975601665542,72.29079700118746,1912.9954950003594,extra_dim,64
FiS63i-513-129107-287427-185152-454791-121010-285778,918,29.956427015250547,0.0005593721871264279,5.133646,2.8592105,1.2097913,0.8954678,1.7313472827275593,1.7961537917455037,2.6912311958086286,3.0781329980790977,501.6310409992002,8362.880534999931,extra_dim,64
AHwsQs-538-108297-304214-140209-237079-426805-448869,1636,26.5281173594132,0.00042765779653564095,7.392419,6.5090923,1.6896623,0.7502749,1.2057316382726033,1.2548203945159913,4.140911711959982,4.204588101712527,368.660133000958,15005.713002999983,extra_dim,64
cUyODs-564-324456-286869-479691-123056-485468-274323,1636,14.60880195599022,0.0006575641455128789,10.317941,10.053834,0.6129485,0.47539982,1.4578710397084553,1.4149298191070556,4.537499172626099,4.530469978034857,225.3706390001753,6995.405688001483,extra_dim,64
WOhKts-537-450251-294604-27791-350223-235375-383770,1636,15.158924205378973,0.00046492001274600625,12.000562,12.23826,0.5413192,0.38009086,1.8326403538386027,1.9641530911127727,4.520206179773348,4.549200517877394,217.75607200106606,9281.450273998416,extra_dim,64
Mtnx5i-515-495971-279778-348676-11995-306560-418034,744,3.225806451612903,0.00028512379503808916,16.814516,13.388337,0.16968878,0.1975057,1.644375244776408,1.7296257336934409,4.688839928067356,4.691158257585767,22.937833000469254,1228.8518320001458,extra_dim,64
fiDqFe-589-306052-37928-421728-166792-414547-458302,1550,7.548387096774194,0.00034323649015277624,16.95634,17.83068,0.32972887,0.23554583,2.815072743097941,3.08231561978658,4.639036049302448,4.639294027059131,98.31539900005737,3221.129771000051,extra_dim,64
KIklei-503-156368-5054-151331-161307-380077-177809,898,12.138084632516703,0.000185836324817501,9.507212,7.6144133,0.60064983,0.48497984,1.6683236916859945,1.5976588090260824,3.553828217637445,3.8844348781949347,143.71255399964866,3335.8769660007965,extra_dim,64
0Rve0i-524-469450-332402-376902-283921-64116-240504,1140,5.087719298245614,0.0009046242921613157,14.5023575,13.565947,0.2769004,0.2168876,2.3128583431243896,2.2916942914326985,4.188877973132618,4.3795329673029695,53.328522999436245,1425.5758990002505,extra_dim,64
IJqofi-526-68304-236920-183720-152419-94351-316080,661,34.493192133131615,0.0003945751814171672,4.8714366,3.3262477,1.7004257,0.977534,1.6198617696762085,1.6930886586507161,2.589138134011553,2.8623351960042505,195.8213590005471,8743.413582998983,extra_dim,64
vAlA7f-458-390385-16661-177809-112031-325632-365075,954,1.4675052410901468,0.00048059478285722435,31.928135,33.497616,0.04784588,0.040668856,4.7140553792317705,4.710359605153402,4.715783052585039,4.716802292153029,12.228956000399194,334.235524000178,extra_dim,64
oK9Hxs-550-7708-104867-460359-299323-420765-264795,1636,3.850855745721271,0.0009720592643134296,17.464314,17.262291,0.17180662,0.15607415,1.3912577072779337,1.3981214841206868,4.68507249534961,4.692372891658486,58.56689100073709,2382.5525660013227,extra_dim,64
kxh9is-563-24999-276516-377039-462467-365075-67099,1636,6.418092909535453,0.0009378857794217765,17.759026,17.320581,0.26060328,0.18063016,2.0529148896535236,2.1551379680633547,4.611240557402451,4.623769910595021,95.86325000054785,5091.0656889991515,extra_dim,64
Q4PCSi-506-317415-237079-78108-78427-235375-285778,1152,8.072916666666668,0.0002790152211673558,13.045994,11.990155,0.37290964,0.30177653,2.2732183297475177,2.2878842035929363,4.080709294657313,4.242847516362733,213.8961719992949,3342.5513329984824,extra_dim,64
zKb4se-576-475285-202921-407950-32125-236920-469001,1236,14.64401294498382,0.0002435800852254033,11.655646,11.100227,0.51549643,0.5176569,1.8290428320566814,1.9793627659479778,4.569941205481245,4.286803924273729,180.94104299962055,5753.05533899882,extra_dim,64
EZwkWp-195-116061-37928-384031-166684-14787-96948,1442,15.53398058252427,0.0007670152699574828,14.231869,13.286506,0.5688248,0.37659898,2.5640233675638835,2.9112903753916424,4.362478687962024,4.3594995422336185,277.4553119998018,7984.178172000611,extra_dim,64
rjyWTe-587-151723-247588-123704-129889-250174-123056,1550,12.129032258064516,0.000710091320797801,12.377425,12.647414,0.43652245,0.44834337,1.7345757563908895,1.918066676457723,4.569672510311759,4.526991679851734,160.62207899994974,6835.629565999625,extra_dim,64
44Zbvs-567-179462-358526-13671-355104-116061-343332,1636,7.396088019559902,0.00030473197693936527,12.828545,11.578549,0.3247552,0.28945652,1.2028985261917113,1.1977524280548095,4.637821280227816,4.633026178493127,119.03206299939484,4290.925020999566,extra_dim,64
ofs2Us-561-469223-161307-229618-187519-295308-129107,1636,15.831295843520781,0.0003641763178166002,11.392881,11.369653,0.5906393,0.41317177,2.5777663389841714,2.952076307932536,4.3468747477331835,4.34235511711419,240.287182999964,10345.090724000329,extra_dim,64
jhRr0p-088-489070-351855-386883-172725-333766-16976,1661,16.375677302829622,0.0008774544112384319,11.269599,10.897629,0.6630069,0.50625163,1.8876538197199504,2.0092260599136353,4.327115125656054,4.301622595056921,248.2196010005282,8951.258054999926,extra_dim,64
ItvEYp-187-347380-151331-160943-343502-92870-286732,1222,5.973813420621931,0.0003424148017074913,17.291647,16.873438,0.22231896,0.19062324,2.0136693874994913,1.9914656639099122,4.603113193099261,4.626952905619145,57.749272000364726,2292.445933999261,extra_dim,64
9ImS8p-321-63022-306759-480197-355130-205293-103130,1065,1.4084507042253522,0.0003738635568879545,30.635323,31.588558,0.050727207,0.043748047,3.841359996795654,3.892722415924072,4.722125042558622,4.722214813868572,13.932855999883031,399.66888399976597,extra_dim,64
PiKSIp-112-109021-465867-125189-123174-211212-334242,1021,9.10871694417238,0.000980529235675931,11.353475,9.376867,0.4227651,0.3704591,1.9274490276972454,2.0445504426956176,4.399234457337339,4.43609125663088,177.31843299952743,3032.428720000098,extra_dim,64
5Lu6ui-514-135410-151381-124082-173176-644-324310,744,9.946236559139784,0.00026409313431940973,12.007073,9.740708,0.44759998,0.35735187,1.4478556235631308,1.4811978658040366,4.5853988344712615,4.611143391727339,125.62993000028655,2373.7816980010393,extra_dim,64
69ZMRp-276-162832-2757-113105-349816-17243-289593,1207,16.23860811930406,0.0009542101179249585,13.472979,13.355076,0.571752,0.4438565,1.4337332725524903,1.4215402444203695,4.404565586214221,4.39046404173605,172.78812500080676,8155.715765999048,extra_dim,64
caQa9p-079-134118-41798-311327-343332-125459-231167,1139,6.409130816505707,0.0008238053997047246,25.016191,25.080685,0.17212552,0.13736638,4.303187719980875,4.3468887646993,4.558903085711186,4.57632030596224,67.0488989999285,3011.0792859995854,extra_dim,64
zQSXvp-215-498788-407950-152419-25062-51581-3467,1400,17.57142857142857,0.0010821843752637506,12.067733,11.79162,0.6074526,0.43467867,1.7307278235753378,1.8601366519927978,4.2724052001277295,4.297800259096918,231.7278169994097,11157.003694001105,extra_dim,64
3Fszap-093-117533-332219-451954-336612-141428-265166,1116,6.451612903225806,0.002600878244265914,16.821678,16.920963,0.2471606,0.19212274,3.852147038777669,3.8456942399342853,4.565346653316017,4.5813689015879175,61.498220999055775,3552.1162549994187,extra_dim,64
oJJGwp-325-47619-442126-2985-182650-124082-457067,1710,4.035087719298246,0.0017253782134503126,18.084673,18.33229,0.17012112,0.15678805,3.193404499689738,3.2030972639719644,4.686528447294616,4.671637870283693,59.950030999971204,3153.596951000509,extra_dim,64
0mk6rp-310-146145-90733-51581-27791-50416-437215,1608,1.7412935323383085,0.0014768074033781886,26.007217,26.221,0.08204087,0.06435341,2.1932532946268717,2.296900002161662,4.717739547246442,4.718976012853692,72.39150799978233,1000.1865829999588,extra_dim,64
lzFhsp-134-377273-280816-60681-369034-268009-11995,1625,3.076923076923077,0.0012218672782182693,21.953125,21.740082,0.13162312,0.1052601,4.695121510823568,4.740884621938069,4.695038004716538,4.6767601654921265,147.73461400000087,2269.24377099931,extra_dim,64
5OQdwp-063-348077-460359-16661-112031-224170-197606,1404,2.7777777777777777,0.005658838432282209,18.743149,18.643892,0.140153,0.12153532,3.4416832447052004,3.4716137250264487,4.663578102936185,4.666272904718572,105.42118599914829,1686.5807359990868,extra_dim,64
am1FVp-234-380077-145165-25579-145555-311495-324310,1208,5.380794701986755,0.004206848796457052,17.50999,17.500307,0.22601354,0.20283175,2.4348117033640544,2.360759703318278,4.5921264000087625,4.513117211312692,104.5810169998731,3125.094649998573,extra_dim,64
1zDUvp-298-108297-119460-56896-348770-68221-98443,1510,2.5827814569536423,0.0020352303981781006,17.76172,17.958767,0.15330137,0.13142745,4.7308351516723635,4.765213139851888,4.658100627243476,4.655435999399328,124.42238999938127,1859.9205409991555,extra_dim,64
cqZnBp-237-143976-377902-462328-483339-384274-414547,1322,8.245083207261725,0.005321722012013197,15.581646,14.669773,0.2956217,0.30214283,1.4027011712392172,1.4690999190012615,4.586390826955344,4.5588358593883616,365.57865499889886,4149.467364000884,extra_dim,64
N5kbFp-292-397909-407728-152140-117533-153980-62919,1693,21.204961606615473,0.0010815237183123827,12.852397,13.707077,0.71178013,0.7606271,1.3945662260055542,1.4092414061228433,4.614497545241468,4.355281885198048,440.6570400005876,13066.640936000113,extra_dim,64
DmpOYi-525-91230-450251-209608-292323-92870-38506,1140,16.315789473684212,0.0021517532877624035,8.262658,6.973256,0.789212,0.54205686,2.011960275967916,2.1805564085642497,3.3221088453496708,3.785386662023767,191.09495900011098,5923.314032001144,extra_dim,64
BBcZPi-501-456735-480197-495997-497448-326140-134118,861,0.8130081300813009,0.003230630187317729,22.5943,23.51757,0.082761355,0.056646567,1.8439199765523275,1.7767519394556681,4.728117547995324,4.712488626576957,11.197227000593557,321.25067800006946,extra_dim,64
BsVmke-591-419538-379538-386302-426805-469450-347380,1550,17.806451612903228,0.002498342888429761,8.788462,9.071277,0.6671295,0.63056093,1.3564781268437704,1.5258551756540935,4.361709125242133,4.195566120342833,655.2448429993092,9157.675745000233,extra_dim,64
nSu3Cp-366-41411-362672-285778-222370-421926-202035,1118,6.529516994633274,0.006295517086982727,22.884365,23.672764,0.26120436,0.1921887,4.155019124348958,4.066905848185221,4.703228774341921,4.689686207687609,100.22391799975594,2006.3789229989197,extra_dim,64
tztd5w-640-23535-348077-410307-64116-151381-134118,1176,11.989795918367346,0.0032262594904750586,15.129932,14.971681,0.4756433,0.31214204,3.5545865376790364,3.473246717453003,4.328968667171878,4.3649810960438415,124.35263100087468,3861.3322759993025,extra_dim,64
qQ82Hw-614-91230-379354-379373-260428-324310-287427,949,5.163329820864067,0.0024592585396021605,17.598616,17.44338,0.21027589,0.18227546,2.0697177410125733,1.9712324142456055,4.538895988925792,4.55553205157728,48.423445001390064,1396.1280370003806,extra_dim,64
f2JFMw-634-136860-113105-22031-310105-248646-32125,824,8.25242718446602,0.0029410782735794783,12.835616,12.638627,0.34238425,0.29242328,1.9806901852289835,2.097429100672404,4.595896287861997,4.598782279405084,58.490491999691585,2181.5338479991624,extra_dim,64
ainjFp-098-145384-88756-289593-274542-488804-292564,2208,9.148550724637682,0.003448504488915205,14.41524,13.598994,0.353269,0.29839832,2.4699936866760255,2.7084783871968585,4.516072345296031,4.5049566039189815,185.02612100019178,8240.61373600125,extra_dim,64
BcVzDs-560-352809-57514-418989-243067-209608-32726,1636,6.601466992665037,0.0019297391409054399,19.265615,18.128658,0.23547678,0.17940374,1.5456472396850587,1.5320491949717203,4.658836707639023,4.66346125758028,89.60771100100828,3599.959948000105,extra_dim,64
TypO9p-362-82313-390793-365346-50416-310105-275395,1464,23.36065573770492,0.0034457372967153788,9.508519,9.294215,1.2461897,0.67196625,2.560765202840169,2.9939830780029295,4.5224302068215385,4.375380450062215,318.06295899878023,13110.454028999811,extra_dim,64
nQsrxi-500-35788-354893-151331-437270-461984-276516,861,11.033681765389082,0.004316622857004404,10.13394,10.122721,0.5440112,0.42674932,1.670753828684489,1.725607403119405,4.5339654121466175,4.371400406311349,102.31660700083012,3499.9654189996363,extra_dim,64
ck2Uxp-081-495997-135873-82313-377039-373629-268363,1026,4.775828460038986,0.004637618083506823,18.233366,16.694529,0.1839899,0.21424384,2.0364654938379925,2.2084100882212323,4.610568353912762,4.573479355969443,66.35146000007808,1804.5391470004688,extra_dim,64
jgJdnp-100-135873-177809-247007-67455-332402-185152,1404,5.84045584045584,0.0029392531141638756,19.785349,19.977165,0.18899111,0.15547152,3.7206491311391194,3.690796438852946,4.611989314942885,4.622853412694453,87.02736199848005,3339.631711000038,extra_dim,64
m8mjCs-533-485468-283456-486330-442126-2757-12865,1636,22.677261613691932,0.0013069127453491092,11.121259,10.339806,0.7982978,0.5722029,1.2857349395751954,1.3452389160792033,4.39447053901621,4.395156089850449,433.60838199987484,13945.83952299945,extra_dim,64
pRaNDw-627-181149-276516-426805-281965-56896-235375,1894,4.7518479408658925,0.002972227055579424,15.607995,15.542909,0.2608737,0.1960011,2.0599130233128866,1.9836726506551108,4.594247289607902,4.599830550425381,99.94976800044242,4137.063847001627,extra_dim,64
U5aQJe-592-437270-129013-295308-406364-103913-497087,1550,4.451612903225807,0.001561999088153243,16.108746,16.634472,0.25644264,0.19186075,2.477480586369832,2.4995523134867352,4.652198609145237,4.650864572415124,121.50654200013378,3043.1470940002328,extra_dim,64
3e1Tjp-199-462328-423751-38597-248646-74769-2009,1395,9.46236559139785,0.002225166419520974,16.262426,16.028631,0.3952947,0.31988332,1.3819995403289795,1.4759810129801432,4.511932857228351,4.471631053439422,222.52228999968793,6154.056256998956,extra_dim,64
SSYQ1w-650-275802-13671-144360-112336-104867-157595,503,5.36779324055666,0.0031455422285944223,23.595331,23.224606,0.15288512,0.13117658,3.8202709356943765,3.772778940200806,4.572846071973905,4.562163746674702,41.19263700158626,995.6034730003012,extra_dim,64
JCRPTw-618-129107-479691-343332-355104-157595-129013,1894,30.517423442449843,0.0062578716315329075,7.027622,6.283266,1.092506,0.8253076,1.9261835892995198,1.9625707626342774,3.987514801605749,4.009753353405065,624.9674709997635,19405.368017,extra_dim,64
BThtKf-463-324456-428876-160668-329895-295308-99711,1722,31.3588850174216,0.001240023411810398,6.2024665,5.6742024,1.2426964,0.9546022,1.1227541367212932,1.1189175605773927,4.257494058037494,4.282639255017102,739.0288149999833,19433.751167998707,extra_dim,64
BNXFqp-404-184495-450557-10737-129636-497448-379538,712,3.089887640449438,0.0009845345048233867,14.427451,12.957703,0.20754081,0.18487863,1.9209556579589844,1.9948402802149454,4.61723636563066,4.638071180238645,32.56723899903591,810.567753000214,extra_dim,64
7HBFIp-071-294604-416172-427818-181149-278609-175927,1141,7.887817703768624,0.003979463595896959,20.423382,20.60009,0.2882981,0.1803568,3.9038796265920004,3.9119624773661297,4.544865712524485,4.556032625831375,143.19604500087735,2994.1072590008844,extra_dim,64
fS0Vwp-324-274170-461984-129889-218396-366126-128329,1773,16.130851663846588,0.001755136763677001,14.804813,14.600378,0.54279596,0.38956213,3.5272218704223635,3.555769920349121,4.3855523276449455,4.398671348660683,284.2147599985765,9177.627175000453,extra_dim,64
MJEnPs-553-484336-261033-237079-274170-257745-343308,1636,5.990220048899755,0.0014303416246548295,12.788148,12.978889,0.30787447,0.2715374,2.0584251244862872,2.1399067719777425,4.660616458422564,4.668578426287505,117.17137300001923,3266.9093219992646,extra_dim,64
noHubp-343-163645-17243-410906-219243-161307-221798,1638,6.654456654456655,0.0025536506436765194,15.067529,14.670759,0.34908795,0.24733154,3.0358821233113606,3.0117743015289307,4.62643635645333,4.637760044566664,110.91284500071197,3121.978539000338,extra_dim,64
4sBV1s-535-160927-255765-139119-167772-460359-377902,1636,11.98044009779951,0.0018671865109354258,13.436817,13.683438,0.463629,0.33076224,2.677009852727254,2.760797452926636,4.559584644139681,4.577208287457803,184.73515199912072,6681.069177000609,extra_dim,64
IZG94w-666-98443-418034-470600-161118-288253-129889,1707,7.147041593438781,0.004833240993320942,17.295355,16.489332,0.27392444,0.24060643,3.8180519262949626,3.520309654871623,4.506540638587927,4.469526756202207,116.89402200136101,3635.2657249990443,extra_dim,64
9hvMUf-482-498788-113105-17243-63022-21827-338584,1318,11.077389984825494,0.0011917749652639031,11.34061,11.359356,0.51639974,0.424522,2.482501490910848,2.4201112906138103,4.608000999697818,4.560514454653552,133.40131800032395,4737.98229500062,extra_dim,64
TkK5fp-380-229618-476225-311495-339484-11995-7708,1573,6.039415130324221,0.003558315569534898,14.876081,14.635705,0.27451348,0.21469028,3.5345649401346844,3.550987958908081,4.604680578629036,4.6070832636685966,80.54787400033092,3545.5320340006438,extra_dim,64
9f3Qjw-657-129013-78427-348770-228203-60643-7188,839,7.866507747318235,0.0029710158705711365,15.974822,15.738324,0.3240619,0.23433483,2.262429141998291,2.4505823771158854,4.534137174311876,4.550110898314758,101.80223799943633,2507.7177330003906,extra_dim,64
mZAhvp-320-51581-316080-475285-152880-108378-407790,2240,19.732142857142858,0.009975253604352474,17.314098,19.48385,0.6409089,0.5741311,2.2480746428171794,2.665935675303141,4.59429687070337,4.30405609746235,570.2853300008428,16358.521710000787,extra_dim,64
aVIkMi-504-436373-35788-166684-274170-363774-493700,826,3.753026634382567,0.01687152311205864,16.922329,15.805412,0.19013606,0.17666085,1.3645464022954306,1.3621318578720092,4.707569605077557,4.67279614392647,45.02292600045621,1736.1302680001245,extra_dim,64
wD39yw-617-350336-91230-365075-384274-339484-27577,918,4.139433551198257,0.01175561361014843,16.061092,16.069345,0.2018102,0.18736434,2.3654257615407306,2.3574509779612223,4.64693549704449,4.653522474795524,83.08999399923778,2144.7035979999782,extra_dim,64
WWYmkp-135-247007-450251-229950-249772-273892-186349,1032,18.7984496124031,0.02265731431543827,13.005439,12.899331,0.64705443,0.45307133,2.637753947575887,3.0217410405476888,4.372878192033939,4.435582467099221,467.04506199967,6488.215446999675,extra_dim,64
1Q0zzp-067-496080-227228-300626-311379-247007-1214,1044,3.4482758620689653,0.020670078694820404,34.299744,33.120453,0.084449686,0.089680575,4.265987173716227,4.2505847930908205,4.7205266645813,4.720833386305394,30.970669999078382,1019.1148659996543,extra_dim,64
9Mkadp-302-273892-209608-109841-324591-494783-498752,1917,13.928012519561817,0.008960635401308537,13.90216,13.797746,0.4803191,0.3924462,1.5773131847381592,1.687209383646647,4.551483854014964,4.562320669022201,326.9550560016796,8265.820732000066,extra_dim,64
ui9aDp-122-292323-379538-386883-287427-306759-88721,1070,4.579439252336448,0.009513289667665958,19.211926,19.096153,0.19083297,0.15703483,2.9388643741607665,2.980589437484741,4.67905341410781,4.645518248169066,46.22765499880188,1376.39208300061,extra_dim,64
YLEXwp-335-240298-183720-447487-129636-202035-44660,1633,4.776484996938151,0.019239043816924095,18.261665,17.461073,0.1991024,0.19177127,2.325118811925252,2.0924006938934325,4.6950475586779294,4.674244809078596,70.94914700064692,3193.714084000021,extra_dim,64
6TUCvp-352-108130-78807-55646-250174-386302-414547,1874,14.300960512273212,0.02210024558007717,15.637445,15.995132,0.47928867,0.37199935,2.0929264068603515,2.5744456609090167,4.385171760398724,4.355921621905791,257.9587979998905,9520.139782000115,extra_dim,64
DfzVIp-175-379354-103913-25062-384031-343308-295308,1232,6.737012987012987,0.007324743550270796,18.405033,18.392956,0.24589093,0.21918006,1.9385088125864665,1.9745267868041991,4.606376473270264,4.4993733760962,72.50703699901351,2409.8085740006354,extra_dim,64
YuwChp-152-8651-147603-379354-29563-62919-345238,1842,8.360477741585234,0.018081096932291985,23.832874,23.766577,0.29638097,0.18147711,3.570150136947632,3.762137031555176,4.564761228917641,4.5839892617168525,194.31126800009224,4427.499542000078,extra_dim,64
QpHWMp-383-149498-238364-156368-402653-484336-426805,1642,21.74177831912302,0.02199472486972809,12.234358,12.272625,0.8242418,0.6560732,3.124415413538615,3.2028037548065185,4.632735856153896,4.586634175448528,320.9710479986825,11029.987400999744,extra_dim,64
RkoxIi-499-395609-17243-276516-68344-191485-476225,1053,19.183285849952515,0.013668406754732132,6.8252187,5.853927,1.0915698,0.63841134,1.6054591178894042,1.7984335501988729,4.382413480545896,4.220454651812787,264.4495860004099,7016.711869000574,extra_dim,64
avuTLe-585-474206-355130-317191-361413-333474-248785,1550,11.806451612903226,0.014499159529805183,10.90445,11.409309,0.46022928,0.51043713,1.4154965082804363,1.5890486001968385,4.519174177115209,4.5001169816383575,160.14510899913148,6535.821412000587,extra_dim,64
RXuyap-339-457067-332402-329331-281965-472051-353502,1386,8.441558441558442,0.022795502096414566,20.357874,20.965454,0.26858583,0.27788496,1.5308249632517497,1.5523415883382161,4.709160296514118,4.564212203810964,103.8090470010502,3911.3739660006104,extra_dim,64
cfSfbp-363-68221-13671-186349-322947-197606-339484,1688,12.855450236966826,0.020284058526158333,21.735504,22.421703,0.34924507,0.34063455,3.244629081090291,3.430252536137899,4.685138019700054,4.681023944266111,205.21251399986795,8162.587892998999,extra_dim,64
jM2z5p-212-362995-350336-202035-87506-239730-207508,960,3.125,0.008350489661097527,28.585228,28.469507,0.12129445,0.085184015,3.08132586479187,3.3654934883117678,4.725423649687448,4.7256019084469685,29.006099999605794,733.0372870001156,extra_dim,64
HxFzMp-357-24999-343332-90733-489807-316694-345238,1056,12.68939393939394,0.008049515075981617,19.346985,16.174828,0.3807579,0.40970492,2.622538169225057,2.6352487087249754,4.676936341298958,4.610497716291397,222.45192999980645,5738.082414000019,extra_dim,64
rllgnp-282-21827-2985-183720-67455-409746-330730,1398,18.812589413447782,0.014075466431677341,14.09375,13.616046,0.7351885,0.49574435,1.3968053897221884,1.433249298731486,4.310001034880309,4.291802187637348,485.1365859994985,10048.900261999734,extra_dim,64
IJui6p-278-140209-424453-325632-318907-448869-125189,879,26.39362912400455,0.012646407820284367,8.336652,7.8716283,0.98330384,0.74938154,3.072777684529622,3.0545998573303224,4.258197800609682,3.836371888307893,207.6293349982734,8298.396378000689,extra_dim,64
riuiap-287-319764-286732-35325-55646-391852-1246,1806,5.038759689922481,0.016919877380132675,17.503725,17.85291,0.2237726,0.18531694,2.625774606068929,2.6762521902720136,4.656550606623281,4.679107493944984,110.81970499981253,3233.427171000585,extra_dim,64
9OkIKp-409-379354-383479-166684-320846-480197-361413,1633,3.1230863441518677,0.018505295738577843,32.189575,32.296394,0.0836094,0.07642371,2.4512415726979575,2.823944075902303,4.6772635234550215,4.6763968716267,75.02045699948212,1604.952798999875,extra_dim,64
vTx6Wp-073-38459-458554-472051-230200-332402-365346,1099,10.009099181073704,0.006727493368089199,15.085264,15.129618,0.35504547,0.28975245,1.7961679935455321,1.8216010332107544,4.5290772736075455,4.514750638450355,142.8203739997116,4079.064481999012,extra_dim,64
9aa0Fp-331-427818-479691-112336-420765-462193-379354,1488,11.491935483870968,0.015810392796993256,16.542755,17.515772,0.4721496,0.30711207,2.4155418713887533,2.4564109643300376,4.683800294891439,4.670408797884611,154.07033100018452,6020.778562999112,extra_dim,64
Od9CNp-327-140209-326180-101992-35325-166792-451954,1953,10.39426523297491,0.014821072109043598,15.164533,14.246038,0.37450972,0.35224637,2.205277999242147,2.269087012608846,4.66992942819641,4.65520208869289,288.2529180005804,6231.648127000881,extra_dim,64
2TcsGp-297-152880-78575-467697-23535-316694-24999,2415,13.250517598343686,0.007391820661723614,15.097023,14.948919,0.46601012,0.33692047,2.4646374384562173,2.662849283218384,4.603497728882978,4.558264189655783,305.96880199846055,10265.480041000046,extra_dim,64
IJFPZp-340-90733-100179-99711-247588-402653-355130,1491,3.35345405767941,0.00944688729941845,13.354121,11.105274,0.2575396,0.23714642,1.7798384110132852,1.7945198933283488,4.704190261493025,4.695922347513367,47.840675000770716,1512.6544279992231,extra_dim,64
sNYM9p-246-47619-361413-1214-155820-418901-176776,965,28.808290155440414,0.011091777123510838,9.003574,9.117292,0.97340703,0.947666,2.1397628863652547,2.2442892233530682,4.580773008649052,3.9003990250840994,302.72719400090864,10002.792863999275,extra_dim,64
OI5Azp-257-60643-225888-294604-334833-14787-125459,1203,4.904405652535329,0.01875906065106392,16.124914,15.408954,0.4056623,0.2315445,1.5151686271031697,1.6283711274464925,4.587325298684135,4.5979693613648305,56.83680199945229,1675.234846999956,extra_dim,64
vhQX3p-288-256377-386883-276335-177955-380077-80661,2229,2.4226110363391657,0.0165446437895298,16.24586,16.04537,0.20111978,0.1658191,2.2654292583465576,2.1921605269114175,4.692716808695804,4.692139733838729,72.55640699986543,1283.327080998788,extra_dim,64
d4LtRw-656-379354-74769-192385-202921-93885-62534,1673,9.145248057381949,0.009153828024864197,13.801345,13.37673,0.33997366,0.2929586,3.3041415373484293,3.2544390837351482,4.520902740913249,4.52255789254209,169.99633600062225,5157.34160700049,extra_dim,64
dc4C1p-319-469130-53129-287943-116061-476924-448907,1529,17.658600392413344,0.017503265291452408,19.303566,18.118752,0.748256,0.39173368,2.5161189715067547,2.550335343678792,4.710130777938722,4.706881610021155,244.5566919996054,12439.577547000226,extra_dim,64
PSLbbp-359-11995-156368-348733-154883-123704-497426,1430,11.888111888111888,0.021002519875764847,11.951651,10.310703,0.5310517,0.45101902,2.365485747655233,2.56833701133728,4.673142323575375,4.66056335924418,167.7511069992761,5940.195076998862,extra_dim,64
zVlcap-263-274542-472051-376372-248785-476225-35325,1292,4.102167182662539,0.021863481029868126,16.970415,16.69093,0.19068556,0.17122282,1.2959664344787598,1.2705037911732993,4.69742309509189,4.686744968058838,136.85909600098967,1724.1699810001592,extra_dim,64
rpdA0p-089-193291-347380-224170-426805-310105-489070,1279,8.913213448006255,0.00744014885276556,13.231851,12.436279,0.37054348,0.3182749,1.995094076792399,2.09564258257548,4.517112430989452,4.521776113236477,92.28398999948695,3305.2037080014998,extra_dim,64
O7tsRw-671-38597-125620-126584-128202-343308-240298,1734,7.035755478662054,0.009212201461195946,15.321901,15.333069,0.3174903,0.22641738,3.01776328086853,3.08686793645223,4.546912173921914,4.559617325069409,110.90166499889165,4082.391268999345,extra_dim,64
mCLt3p-410-320846-476924-422977-274323-99711-177809,1085,1.4746543778801844,0.022891782224178314,28.171196,28.263178,0.05663821,0.050570365,2.322940444946289,2.3265180746714273,4.729376991629356,4.728304185030351,14.685606000057305,396.4059640002233,extra_dim,64
jFujMp-258-2985-422977-276516-270302-316694-390385,1887,7.790143084260731,0.008067467249929905,19.269672,19.17628,0.27638653,0.20665704,3.546445067723592,3.5466879049936932,4.61361192242542,4.542223972795689,148.68963299886673,7805.191552999531,extra_dim,64
uIq5Cp-346-271293-199372-348733-164849-450557-397909,1966,2.899287894201424,0.015138654969632626,17.667929,17.410854,0.16909231,0.15034851,2.7152054786682127,2.8586573441823324,4.706327154590513,4.695519360214342,53.949483000906184,3256.0898319989064,extra_dim,64
2HNvip-384-377039-229618-315211-103130-162269-274323,1838,4.243743199129488,0.014237921684980392,22.58008,22.135351,0.19318414,0.15088198,3.8681285540262857,3.8361595471700034,4.712415670460741,4.691172801387359,74.57774600152334,3541.4451919987187,extra_dim,64
hImnha-010-474206-125620-494783-410307-474929-314040,1033,9.390125847047434,0.04484827443957329,14.099568,13.820195,0.30646512,0.6643314,1.5340749184290567,1.610376501083374,4.670111607141257,4.350494537167068,403.1559310005832,5534.325747001276,extra_dim,64
fiBRvp-155-14754-379538-407950-108056-495971-270302,1409,17.033356990773598,0.03848577290773392,10.859726,11.113505,0.6496877,0.5249333,1.7143942991892496,1.7353515148162841,4.2915150720127215,4.009194372735409,709.9416229993949,9732.129558000452,extra_dim,64
QzAg3p-413-374393-31166-163645-409369-10737-129013,973,10.38026721479959,0.0511818453669548,25.729559,22.839577,0.28383267,0.23580486,2.2862170537312827,2.3227404435475667,4.700620971527597,4.6738265561027355,118.31460199937283,2918.3403789993463,extra_dim,64
JLBTXp-060-194617-60643-435517-420765-124439-152419,1024,10.44921875,0.024550464004278183,15.505933,14.891824,0.6306753,0.30141804,4.73628044128418,4.542141437530518,4.623189601049025,4.620274914273322,92.45688100054394,2859.9333279998973,extra_dim,64
k4Lvzp-329-270302-101992-248785-163995-27791-469130,1701,7.642563198118754,0.051412247121334076,16.869202,16.737354,0.32030782,0.25946462,2.540101941426595,2.5762219270070394,4.708729174382946,4.667672508372881,168.97789500035287,4568.966413999078,extra_dim,64
ZgJsyp-189-209061-292564-111916-92870-126584-280816,1939,5.002578648788035,0.0409746915102005,19.865625,19.693325,0.21867077,0.16869438,1.5849270502726236,1.5186173041661581,4.695873497781724,4.675749971864976,108.51125599947409,3557.303564999529,extra_dim,64
G50hup-092-363552-123056-229618-481410-299323-332402,1114,6.463195691202872,0.028861256316304207,24.636059,25.254875,0.2225994,0.14223765,4.074873685836792,4.178680388132731,4.646707127283507,4.661709319727918,135.05685699965397,2306.1918240000523,extra_dim,64
8b8sWp-275-88756-348733-183720-134118-226233-129107,1202,3.577371048252912,0.031784262508153915,21.71922,21.901527,0.14549802,0.13039863,3.52622389793396,3.5373653570810952,4.721065016936468,4.714012099080632,54.54024300161109,1714.1058739998698,extra_dim,64
vOT8yp-371-205293-131237-111916-212842-29563-288077,1254,6.220095693779904,0.025580398738384247,17.300701,18.361584,0.23406844,0.256282,2.976919333140055,2.965280040105184,4.688563867511535,4.582233606704282,133.42045699937444,3153.8538340009836,extra_dim,64
qmNVhp-128-78575-68344-44660-128101-103130-334242,1283,4.75448168355417,0.03182704374194145,24.922821,26.10394,0.19588359,0.12779656,2.218374188741048,2.3191662947336833,4.645314581502202,4.588897232444967,100.79984699950728,2583.9349560010305,extra_dim,64
8wAd8p-068-329159-165684-202035-119460-330730-447487,1209,11.41439205955335,0.0299910269677639,17.393501,16.944176,0.41496667,0.27839124,3.4236685911814373,3.503077427546183,4.526184384502417,4.516194566715103,192.59932800014212,4877.5904340000125,extra_dim,64
tXap2p-281-298969-9753-281965-457067-162269-329331,1012,6.8181818181818175,0.026187583804130554,16.54458,16.771206,0.2587056,0.21637686,2.8149126052856444,2.83317600886027,4.695200604937488,4.668287043260245,159.01609899992764,2739.0442570012965,extra_dim,64
fdXdMp-313-165684-111916-348770-380077-145384-347380,1440,12.777777777777777,0.03389327600598335,17.81237,18.08916,0.4713113,0.372437,2.3319451173146564,2.248361651102702,4.67554266554858,4.591498929016902,260.3322169998137,5723.691924000377,extra_dim,64
Jpj5sp-423-369034-108056-487747-295308-1246-219243,1468,8.583106267029974,0.05191738158464432,20.505293,18.40935,0.3498088,0.24097042,3.5781315008799237,3.760341183344523,4.694919659376351,4.649669172741858,172.95373399974778,3513.8226199997007,extra_dim,64
maM4mp-267-195572-141428-108130-299323-8651-456735,1158,7.512953367875648,0.0453246608376503,28.49682,29.41753,0.21184288,0.14802699,3.2667126337687176,3.3517806847890217,4.723598217155205,4.712154658411611,112.45052400045097,2544.0926179999224,extra_dim,64
Aal0cp-183-209061-91230-492922-2757-317191-461984,990,4.545454545454546,0.0922110378742218,18.912985,18.950554,0.19538288,0.16430819,2.129663515090942,1.949396046002706,4.660127057032088,4.650554851373301,52.78657400049269,1195.7179979999637,extra_dim,64
m5rDOp-062-377273-156368-185152-188815-186260-486330,1445,11.003460207612457,0.02404632605612278,17.914425,16.926975,0.38443327,0.25940704,3.5160053730010987,3.5843589146931967,4.534339058231687,4.574537702991837,206.78689399937866,5177.159898999889,extra_dim,64
IIhdup-184-282845-322947-195637-315211-10737-386302,986,6.896551724137931,0.07097651064395905,23.060606,23.125446,0.28703696,0.17053294,1.3307860453923543,1.488556973139445,4.622910909406714,4.627575540012054,54.97877199923096,1997.1399730002304,extra_dim,64
eiJpip-223-216978-247588-305230-165168-65123-203381,1402,10.556348074179743,0.04873007535934448,17.68874,17.706228,0.3709812,0.28818372,1.4489608844121298,1.417276350657145,4.548408952633131,4.445797793867344,261.3095769993379,4402.607255000476,extra_dim,64
uYOkKp-107-143976-376902-185152-437215-90733-10048,968,4.338842975206612,0.029287779703736305,23.088263,23.616047,0.14887773,0.12307953,3.2467740853627522,3.3682629108428954,4.6408759310306325,4.619166833229923,35.598779000793,1074.7365670013096,extra_dim,64
DWrC0a-013-57191-1214-242009-327883-379538-476225,1033,12.100677637947726,0.0352642759680748,10.489429,10.653295,0.5014333,0.4969534,1.290160632133484,1.3392754475275674,4.592019441319419,4.339884657678751,161.71993799980555,3864.297317000819,extra_dim,64
6maFGp-305-129013-193291-68221-152880-38506-163335,2424,17.863036303630363,0.02638908289372921,19.331753,21.032833,0.56652236,0.45359316,3.375647211074829,3.659719212849935,4.666333353548559,4.6435939588767345,738.9069340006245,15057.626232000985,extra_dim,64
fZg66p-070-68221-216978-377273-239730-53784-3467,994,29.577464788732392,0.03719060495495796,20.448593,21.120747,0.8042032,0.5889396,3.1848469893137614,3.7358800252278646,4.5916882498854,4.564010975888483,353.62477700073214,8998.050146999958,extra_dim,64
CF7Gnp-165-481033-25721-175927-209061-312468-108378,1919,17.509119332985932,0.03301472216844559,14.005155,14.126486,0.5975175,0.41052294,3.127059539159139,3.2424652099609377,4.3771885827671095,4.32721862604437,428.2222030014964,10584.922230000302,extra_dim,64
tTMeWp-326-264357-280816-2985-25721-189658-311379,2359,8.902077151335313,0.04867259040474892,25.00284,25.976398,0.2811321,0.23918219,3.3796553293863933,3.425747299194336,4.6985609273653965,4.707207275369392,265.4928350002592,5735.091919001206,extra_dim,64
kDEiGp-268-254920-474864-52991-170820-165168-328121,1029,24.101068999028183,0.09233691543340683,7.774916,7.1482077,1.3689531,0.73417157,1.6652596791585286,1.8089330752690633,4.592996246492756,4.504224735664605,280.5444309997256,7212.959607000812,extra_dim,64
rkSMcp-349-162269-339484-74769-12865-363552-41411,1411,14.386959603118354,0.02514478750526905,18.153917,18.28408,0.46872565,0.4339099,1.6356772104899089,1.5947316408157348,4.696540914776921,4.481759971163597,238.0813229992782,6342.938615000094,extra_dim,64
FZwvbp-205-349816-138959-261033-383479-409369-152140,1111,28.26282628262826,0.03914736211299896,15.302129,13.558329,0.8098216,0.7255823,2.23372270266215,2.146468909581502,4.612752743403121,4.30135515280097,377.62759900033416,11468.130076998932,extra_dim,64
ie6iSp-097-407790-253414-334074-464643-167361-80351,1395,3.942652329749104,0.03198687732219696,30.257942,30.378876,0.10214618,0.08594945,2.475889809926351,2.3772905667622886,4.6603540134847306,4.663783186464555,47.44003500127292,1382.5454090001585,extra_dim,64
Q1VJ4p-396-67099-191485-442126-324310-384031-392966,757,0.5284015852047557,0.04145583510398865,51.477028,49.743805,0.012535311,0.012451849,2.56892835299174,2.5248342514038087,4.731440842072617,4.731238671866137,4.1480589989078,84.68979300050705,extra_dim,64
BLAVyp-401-374393-353502-276516-464643-247007-280816,1578,17.743979721166035,0.0333615206182003,11.472532,11.5936775,0.6588628,0.47117576,1.3440810044606526,1.3715000708897909,4.619090383626531,4.5659935085386065,254.37536899880797,8981.022941999981,extra_dim,64
qx9MPf-447-243466-253414-78108-327883-41798-186349,1722,15.911730545876887,0.0489613376557827,8.335062,8.164429,1.0213783,0.82296354,1.6157640933990478,2.2067339261372885,4.236729795902299,4.231359873221536,278.6576910002623,10454.860280999128,extra_dim,64
4fsgkp-253-311495-209061-229618-287427-276516-38459,1013,6.811451135241856,0.02615589275956154,17.290884,17.370197,0.27471206,0.20342584,2.9612849235534666,3.1059508482615152,4.692218499211777,4.658369614038981,71.28719799948158,1946.75253800051,extra_dim,64
u3JmNp-105-377036-373629-177809-287789-419538-221798,1057,9.082308420056764,0.03273187577724457,13.07889,12.37576,0.54510516,0.32308647,2.534674072265625,2.9513421853383384,4.661326127628078,4.607271461787487,84.1589430001477,3417.999728999348,extra_dim,64
7gnoMp-243-13140-469001-90733-352371-418901-62534,1349,14.381022979985175,0.03019716590642929,12.54718,12.000667,0.6870478,0.45393625,1.8890166362126668,2.252490441004435,4.651874803440398,4.572685371806156,300.66547299975355,9094.164064999859,extra_dim,64
WYTgYp-403-306759-7708-254913-153980-163947-460359,1450,4.206896551724138,0.0560128353536129,17.027678,15.851003,0.22864218,0.19781621,3.255827299753825,3.026736609141032,4.690859958237102,4.660055047378213,98.45371899973543,2375.5872809997527,extra_dim,64
zRlcSp-181-25062-53784-123056-333757-268363-211084,1709,6.1439438267992985,0.025759130716323853,18.357452,18.724712,0.26069447,0.2179581,2.348572540283203,2.4991414229075115,4.665869102397094,4.494587361882152,109.55994500000088,4482.8229679988,extra_dim,64
TaYTvp-415-63022-179855-481410-392966-38597-437270,762,4.593175853018373,0.03335783630609512,21.98191,21.907677,0.22637248,0.14744963,2.7268850326538088,2.593576351801554,4.70770154246532,4.673111314170196,109.41439400085073,1618.5170539993123,extra_dim,64
9kbanp-261-50416-108056-469001-231167-334074-209061,1007,5.958291956305859,0.026795921847224236,14.075718,14.710548,0.30781654,0.24230702,2.1676174799601235,2.190225871404012,4.678872759610615,4.6244164989941545,106.74326600019413,3329.381736000869,extra_dim,64
DLZvmp-426-78108-128329-469130-165684-261033-84004,868,7.71889400921659,0.026906199753284454,22.801855,23.283655,0.2414188,0.19745217,4.021241807937622,4.142587407430013,4.694035206152439,4.666056526058277,127.35209899983602,3335.6658150005387,extra_dim,64
i0Ocoe-610-395609-211084-211212-108056-187519-202035,1390,9.784172661870503,3.9601487515028566e-05,12.360192,11.942178,0.40745392,0.41804323,1.9236423333485921,2.107782816886902,4.644015654204714,4.620218413223375,143.92748399950506,5962.780073999966,extra_dim,128
PBDVAf-465-366971-117533-197606-160943-60681-25579,1722,3.426248548199768,2.0712036530312616e-06,18.562733,18.135674,0.21962816,0.15147193,2.432913653055827,2.5341869354248048,4.699941519876354,4.702536058787665,102.83492800044769,2844.134691000363,extra_dim,128
sF1D5f-429-45816-14754-487747-347380-61770-187519,918,1.4161220043572984,6.66032019580598e-06,24.68824,27.155447,0.076593876,0.06063554,3.1549327532450357,3.1319827397664386,4.72870854477659,4.7279450049184755,12.78583600105776,1022.3200629989151,extra_dim,128
8lHaxa-001-437270-91230-96853-392966-377039-493700,1033,8.712487899322362,1.6546022379770875e-05,13.853415,14.161055,0.38390955,0.30075493,1.7524057229359944,1.6107739766438802,4.672610316898008,4.534767985148501,160.63985799883085,3532.4114420000114,extra_dim,128
wH6bMa-009-144175-39168-315211-114587-333757-10048,1033,7.55082284607938,4.100139267393388e-05,13.853545,14.181204,0.5164943,0.31228277,1.521670929590861,1.522563672065735,4.529534274503982,4.548337555134432,70.28054700094799,2733.8368970013107,extra_dim,128
l3Lvae-611-211084-218396-212842-198509-334833-311379,1390,4.244604316546763,4.941728548146784e-05,21.11867,21.84969,0.1578901,0.1731847,3.3127394994099935,3.3367951552073163,4.711159187796232,4.698921943968136,69.83792800019728,1948.222947999966,extra_dim,128
cmHjrf-493-348077-309854-224170-458554-202179-472051,1722,16.144018583042975,0.00013046321691945195,8.836132,8.334429,0.7010729,0.72957087,1.2199886163075766,1.2421707391738892,4.435526634524007,3.9791244588729446,251.16096999954607,7462.364873999832,extra_dim,128
9srcUf-448-162832-472051-219243-152140-401183-304828,1722,11.091753774680605,7.126033096938045e-07,10.31136,9.768082,0.5736399,0.70090026,1.4171244859695435,1.5135238806406657,4.61354530006978,4.573090444837278,166.37272699881578,4598.511680000229,extra_dim,128
pMchYa-011-461984-248646-131237-259340-281965-474206,1033,3.291384317521781,7.092276973708067e-06,17.793737,18.05672,0.1742534,0.1760418,1.504699969291687,1.491471234957377,4.700325505175438,4.64377695620372,29.953960000057123,1210.3988439994282,extra_dim,128
rqqrUf-476-372299-90733-207508-318838-254913-53278,1590,15.786163522012577,1.0736808690126054e-05,10.605391,10.621175,0.66659456,0.65769625,2.722066958745321,2.8728944142659505,4.63053363770465,4.474098685388228,339.1390610013332,6901.5434330012795,extra_dim,128
KWj8Li-521-358526-235375-78807-67455-237079-21827,802,14.588528678304238,5.653791959048249e-05,8.985136,8.836252,0.8384405,0.46675906,2.0830292224884035,2.7312057495117186,4.34560151183302,4.323641365075636,104.27845699996396,3047.815294999964,extra_dim,128
LIJKja-026-447487-148409-188815-38506-78427-479691,1033,5.517909002904163,1.2104389497835655e-05,13.357197,13.3482685,0.3007067,0.28352034,1.3667680581410726,1.4188942273457845,4.656253087029265,4.582343057573589,58.565841000017826,1375.1261710003746,extra_dim,128
P4ZKje-597-228203-427818-407728-174918-211212-250174,1550,22.967741935483872,0.0001234940718859434,7.941746,8.398874,0.8750377,0.7548825,1.4109245856602988,1.504148745536804,4.418782367709441,4.364194564638071,303.46809300135646,13682.960283000284,extra_dim,128
zoFKbf-438-268009-220507-287943-286732-24538-454712,1653,12.583182093163945,5.697601750398462e-07,11.264297,9.609214,0.52369356,0.5560219,2.1267698923746745,2.207033896446228,4.598673877168625,4.466764356705089,198.26312700024573,7385.793667999678,extra_dim,128
FPRIpe-578-474864-126584-425422-304828-148409-10737,1550,9.096774193548388,7.081195508362725e-05,11.650219,13.097517,0.38183546,0.4121547,2.849022642771403,3.0179590225219726,4.644435912723268,4.518292320993628,135.31790600063687,3760.528737999266,extra_dim,128
Th8NDe-613-23535-495997-395609-270487-329331-383770,1390,14.100719424460431,8.22431466076523e-05,10.477184,11.127512,0.5221285,0.61846393,2.627557802200317,2.754111973444621,4.596424217363973,4.561519398172068,218.98535000036645,6861.626575999253,extra_dim,128
KFAl8f-427-406364-361413-456735-410307-286869-348733,1722,18.641114982578397,5.997956031933427e-05,10.098019,9.984199,0.6705601,0.5635704,1.6965479771296184,1.6615040302276611,4.3445852352343195,4.407796059784269,321.80722699922626,13114.58437500005,extra_dim,128
rn9v1e-583-369034-383770-175927-399756-390385-383479,1550,11.67741935483871,1.7469614249421284e-05,13.005792,13.059291,0.41908488,0.42397928,2.653966776529948,2.730023495356242,4.62003780452715,4.503159533203044,215.09536200028379,8398.054293000314,extra_dim,128
SnJBwf-434-37928-376902-480197-51581-328121-350223,1378,5.732946298984035,1.790127271306119e-06,15.452322,15.581623,0.31091782,0.26367572,1.9924973646799724,2.10582533677419,4.679185885838951,4.677995317057648,71.65319699925021,2069.9973779992433,extra_dim,128
amZyRf-444-7708-476924-468905-275802-405424-380077,1722,2.5551684088269457,3.279495786046027e-06,17.660458,17.434477,0.15650915,0.17205232,1.9965577046076457,2.010885159174601,4.706633357387078,4.692996463511365,39.9106370005029,1205.0729349994072,extra_dim,128
a4WwUa-043-141142-113619-397909-469223-287427-421926,1033,26.427879961277835,3.878655479638837e-05,6.6620283,6.8325925,1.0570465,0.8744742,1.1933664242426554,1.2627397696177165,4.267481037209722,4.24933837865002,243.2216020006308,11867.288653000287,extra_dim,128
mvvOnf-472-106-135410-148409-334242-45816-353502,954,4.5073375262054505,4.8512858484173194e-05,14.727874,14.537125,0.27923697,0.2582851,2.7074456055959066,2.806856409708659,4.643257815364755,4.646085308384677,97.69922000123188,2679.545101998883,extra_dim,128
oRqMra-058-167772-480197-43889-36331-135873-265166,1033,2.904162633107454,6.2980648181110155e-06,23.313938,23.650644,0.14175828,0.095738836,3.2311767101287843,3.2243878682454428,4.7236778674384805,4.721865318794997,49.99463400054083,1962.9259720004484,extra_dim,128
1rIrKa-023-409746-287789-276335-17243-340579-260428,1033,1.6456921587608906,1.7720502000884153e-05,20.048792,21.27104,0.11206768,0.09510189,1.6532291412353515,1.642405374844869,4.719058674966167,4.723980789842084,71.5118469997833,976.579098000002,extra_dim,128
xX6Wce-607-140209-262731-151331-7708-427818-497426,1390,3.741007194244604,2.83738954749424e-05,19.551355,19.358461,0.1545283,0.17330013,2.9535760084788003,2.988097890218099,4.715998907926886,4.707559820359739,58.470590998695116,3436.427120999724,extra_dim,128
3hvoVa-051-2307-202921-218396-175927-14787-464643,1033,5.324298160696999,1.6514632079633884e-05,16.53448,16.961782,0.28275836,0.21853645,1.5971094131469727,1.6547162055969238,4.679680143138792,4.655717622827727,109.02739499942982,1855.1471359987772,extra_dim,128
87hwjf-487-426805-60643-437215-160943-182650-407728,1181,5.080440304826419,1.0143882036572904e-06,13.704952,12.037977,0.3017806,0.37555978,1.4619693994522094,1.4217333475748697,4.670855996644961,4.620405289765521,91.19757000007667,1974.0924589987117,extra_dim,128
98pQ7f-492-161118-44660-2985-495997-227228-191485,1722,3.948896631823461,3.370679678482702e-06,20.604155,20.694534,0.1485519,0.17925858,3.2336350123087567,3.1402023156483967,4.703882574047506,4.586428534954687,66.52351900083886,1980.1051859994914,extra_dim,128
9a98Kf-464-298969-472051-292323-179462-78575-496080,1181,7.281964436917867,5.5254073231481016e-05,14.228447,14.805965,0.32592246,0.2522126,3.0222984155019126,2.9697655042012534,4.434469191378927,4.504223155188891,140.10952599892335,3922.5762540008873,extra_dim,128
WVKBPa-017-469001-13769-309009-430207-5054-14754,1033,3.581800580832527,4.264206836523954e-06,15.871363,16.196354,0.19829619,0.20153584,3.6049914836883543,3.6459064642588297,4.70270566570824,4.6400561683247155,36.79366799951822,1545.911305998743,extra_dim,128
k2rvsa-021-181149-117176-94351-2985-340579-209061,1033,4.162633107454018,1.384729148412589e-05,18.44458,15.723325,0.27768695,0.20270403,1.941981601715088,1.944481380780538,4.693001808906267,4.665211118130265,40.8647469994321,2398.1388230004086,extra_dim,128
GptLba-028-467697-29563-495971-437270-5575-211212,1033,2.3233301064859635,2.764441342151258e-05,18.989075,19.530928,0.13116412,0.13009818,1.7815863132476806,1.818876059850057,4.689735433804383,4.673141551602196,59.59127000096487,1333.8424329995178,extra_dim,128
3EBeof-459-212842-454791-192385-495971-180085-113105,1033,16.747337850919653,3.53978066414129e-05,12.236126,12.350259,0.551212,0.6096713,1.8717719952265421,2.025947904586792,4.586060238628851,4.572835340601969,347.23262899933616,5989.609813001152,extra_dim,128
8C0b9f-461-182650-228203-8651-240298-176776-186349,1704,3.814553990610329,5.752473225584254e-05,17.720371,17.72208,0.16986708,0.2525284,3.5860448678334556,3.522670841217041,4.7061941424043034,4.57366696908648,125.21752000066044,2111.9699439987016,extra_dim,128
f5sCDf-435-355130-41798-395609-377902-35325-116061,1378,11.901306240928882,9.696379493107088e-06,14.567629,13.119963,0.40807962,0.4961315,1.7424147367477416,1.7248002767562867,4.660230698172158,4.376802257285226,215.0400919999811,4695.888006999667,extra_dim,128
5LZsPp-295-239730-414547-129636-470600-495997-1214,1207,22.535211267605636,6.921367457835004e-05,10.867544,9.447861,0.7398365,0.62643343,2.0315935293833416,2.3789263725280763,4.255713713514139,4.221473488698541,245.79183100104274,8210.229371001333,extra_dim,128
rxhq2p-211-212526-349828-67455-407790-412326-143976,1183,7.185122569737954,2.8749458579113707e-05,15.191221,13.831586,0.58905,0.24448782,2.2831377188364663,2.626520776748657,4.53328609068925,4.557851175646967,75.14645600167569,2538.023887000236,extra_dim,128
7j8l2a-034-50416-4800-287427-123375-143976-264357,1033,3.0977734753146176,8.71249631018145e-06,16.52758,17.104944,0.19845863,0.19366185,2.3969398816426595,2.4610177834828693,4.683802750896588,4.578474638689073,44.48158600098395,986.9836039997608,extra_dim,128
cedJli-522-192385-152140-262731-156368-123704-333757,719,5.285118219749652,5.254780626273714e-05,13.07909,11.247892,0.3080111,0.25878683,1.9470046440760294,1.9642686287562052,4.150736074827348,4.317076797428909,33.570489000339876,1113.656573001208,extra_dim,128
uHCIZa-015-146882-87506-304828-333757-5054-62919,1033,8.615682478218782,1.7520515029900707e-05,12.342054,12.754134,0.3815972,0.3880197,1.3034547646840413,1.3047825336456298,4.576012800315038,4.576098842986369,126.97804900017218,3110.8289339990733,extra_dim,128
UKnMcp-124-361413-129636-57514-52991-68221-81956,1381,20.926864590876175,0.0001672373036853969,14.675369,13.231026,0.676976,0.44574198,2.3899993737538656,2.8082674026489256,4.391334491198638,4.404303474334768,587.9018020004878,9549.388200999601,extra_dim,128
5ALjRp-161-333766-240226-4800-482510-113619-84055,1026,26.803118908382068,0.0008019127999432385,7.5036745,7.253088,1.1747636,0.8330254,1.20028289159139,1.2551144679387412,4.088861844987184,4.0519595489084255,451.1290150003333,8370.867568999529,extra_dim,128
Paqf1p-119-254913-443221-90733-163645-32125-188815,1450,9.034482758620689,0.0004479943308979273,15.227533,15.43104,0.34274635,0.26333907,3.1630350748697915,3.161741924285889,4.476148970680902,4.50984218172989,193.77923799947894,3369.454700999995,extra_dim,128
lDN6of-450-91840-427818-353502-327883-210172-489807,1722,25.02903600464576,0.000440589792560786,6.218705,4.178825,1.1941994,0.80321723,1.333092482884725,1.541818952560425,3.897533487976494,3.903542452609228,568.827297000098,15227.808850999281,extra_dim,128
JRGxpf-495-78575-358526-483339-81956-229618-247007,1722,14.227642276422763,0.000252309167990461,9.2175045,7.567129,0.6353499,0.7083211,1.152185821533203,1.1362066666285198,4.480053583834986,4.41129310080227,317.3134480002773,7337.687909001033,extra_dim,128
yc5Hmf-494-469130-474206-203381-91840-123056-149498,1722,13.472706155632984,0.00020981418492738158,9.157055,9.2040615,0.5832982,0.56452554,2.8112898508707684,2.627604118982951,4.464823665123493,4.316607587732475,287.243919001412,7670.793012999638,extra_dim,128
6UNJZa-025-136860-357104-38459-89725-366126-252054,1033,9.390125847047434,0.0008322022040374577,13.712329,13.568841,0.35062158,0.34320256,1.2230236927668254,1.2338965654373169,4.598181722136177,4.552308151365534,134.1523370010691,2592.8763699994306,extra_dim,128
CrjLKf-468-374393-49022-14754-240504-316080-236920,1722,6.562137049941928,0.00014622832532040775,15.425678,15.325518,0.29191408,0.34043285,1.2745684703191122,1.2858571052551269,4.699837052259232,4.684647911136589,102.06069700143416,3453.1156539997028,extra_dim,128
wkCjvp-408-175927-2985-407790-280816-275802-343332,1046,15.965583173996176,0.0001569680607644841,16.038345,15.098833,0.52176267,0.36970747,2.4936735153198244,2.8243374983469645,4.589031098952288,4.623215906045139,155.88085100171156,6267.296011999861,extra_dim,128
bnEKPi-496-131237-487747-10048-112031-352809-171454,719,13.908205841446453,0.0004139196826145053,9.634289,7.9860535,0.6478109,0.4809774,1.7649608453114827,1.8164919853210448,3.4288485372761546,3.7061605461901683,101.3997179998114,3592.5271390005946,extra_dim,128
FW6BFp-225-129636-418989-280816-386883-462467-306759,1649,6.24620982413584,0.0004694216186180711,16.006523,15.815786,0.2480189,0.21983548,1.8343288818995158,1.8023021697998047,4.572194958330081,4.605594286812207,133.25500700011617,3818.565497000236,extra_dim,128
cZ9D6w-670-134118-41411-423587-125189-84055-98443,662,4.984894259818732,0.0007059596828185022,17.445728,17.347233,0.22644846,0.17306308,4.086057027180989,4.1555842081705725,4.580202708898154,4.590545444309804,30.099479999989853,791.5112059999956,extra_dim,128
xlckps-555-489807-93885-138959-23535-14754-299323,1636,10.880195599022006,0.0007390778046101332,10.918384,10.95807,0.46892595,0.3738289,1.4578497886657715,1.4880007743835448,4.547084295980838,4.557043211131777,384.2962369999441,7684.007407000536,extra_dim,128
xDMmqs-548-333766-165168-462328-336612-442126-284808,1636,9.7799511002445,0.0005077441455796361,11.720861,11.696646,0.40448877,0.3235014,1.3188409566879273,1.3329006989796957,4.368283347709125,4.462265885677702,370.5753820013342,6909.208625000247,extra_dim,128
FSyUys-545-306052-88756-228203-369609-91230-448907,1240,3.467741935483871,0.000898472499102354,18.7905,17.960419,0.1779445,0.16026,1.3650912205378214,1.386243716875712,4.660885008292449,4.66570337559159,51.09573399931833,1953.2626340005663,extra_dim,128
FiS63i-513-129107-287427-185152-454791-121010-285778,918,29.956427015250547,0.0005593721871264279,5.00422,2.7137227,1.2535727,0.9099366,1.7710185448328655,1.7817020257314047,2.6100405638932487,3.012564138194344,268.76248400003533,9229.423120999854,extra_dim,128
AHwsQs-538-108297-304214-140209-237079-426805-448869,1636,26.5281173594132,0.00042765779653564095,7.2804403,6.1337476,1.7309462,0.7836688,1.2226215283075967,1.246481211980184,4.123035256824224,4.18164515854238,391.811305000374,15244.439702000818,extra_dim,128
cUyODs-564-324456-286869-479691-123056-485468-274323,1636,14.60880195599022,0.0006575641455128789,10.13687,9.755816,0.63299114,0.4851284,1.4301921288172403,1.3658864577611287,4.528816997311376,4.5243212826532115,210.3962720011623,7556.624188000569,extra_dim,128
WOhKts-537-450251-294604-27791-350223-235375-383770,1636,15.158924205378973,0.00046492001274600625,11.789102,11.999955,0.5655289,0.39538488,1.8766758998235067,1.99522971312205,4.500672619722671,4.530381759470157,220.26105999975698,9087.959606000368,extra_dim,128
Mtnx5i-515-495971-279778-348676-11995-306560-418034,744,3.225806451612903,0.00028512379503808916,16.604313,13.202395,0.17776774,0.20447242,1.636257497469584,1.7035883665084839,4.684468307289679,4.701114469365211,22.25143299983756,626.6886100002012,extra_dim,128
fiDqFe-589-306052-37928-421728-166792-414547-458302,1550,7.548387096774194,0.00034323649015277624,16.823494,17.647957,0.34384704,0.23619945,2.7910367488861083,2.9964526971181233,4.634642387864234,4.6453506919726335,106.91588499867066,3317.88056699952,extra_dim,128
KIklei-503-156368-5054-151331-161307-380077-177809,898,12.138084632516703,0.000185836324817501,9.341527,7.3702474,0.6253719,0.50137025,1.6543154080708822,1.5891477584838867,3.4941918678775936,3.858143238166259,105.89346500091779,3294.292583999777,extra_dim,128
0Rve0i-524-469450-332402-376902-283921-64116-240504,1140,5.087719298245614,0.0009046242921613157,14.34848,13.349083,0.28734675,0.21976529,2.241543976465861,2.311362854639689,4.156839995279147,4.359784691121163,60.288340000624885,1840.3236199992534,extra_dim,128
IJqofi-526-68304-236920-183720-152419-94351-316080,661,34.493192133131615,0.0003945751814171672,4.79219,3.3113554,1.7141911,1.0036999,1.6937000751495361,1.805745037396749,2.531696128304434,2.8482009068159098,203.9903740005684,8424.52272799892,extra_dim,128
vAlA7f-458-390385-16661-177809-112031-325632-365075,954,1.4675052410901468,0.00048059478285722435,31.56945,33.31298,0.049207743,0.04107639,4.722695032755534,4.709341271718343,4.715187277081075,4.715693284132136,13.60927600035211,516.1841940007434,extra_dim,128
oK9Hxs-550-7708-104867-460359-299323-420765-264795,1636,3.850855745721271,0.0009720592643134296,17.278381,17.058014,0.17802417,0.15956509,1.3865249156951904,1.3855260531107585,4.680059800995687,4.6880061221088525,71.61240699861082,2034.3159579988424,extra_dim,128
kxh9is-563-24999-276516-377039-462467-365075-67099,1636,6.418092909535453,0.0009378857794217765,17.575247,17.30438,0.26962692,0.18481047,2.02940825621287,2.137032159169515,4.6058525136407305,4.620935725727934,100.41984800045611,4688.764586000616,extra_dim,128
Q4PCSi-506-317415-237079-78108-78427-235375-285778,1152,8.072916666666668,0.0002790152211673558,12.85478,11.934638,0.38707837,0.30645284,2.31839173634847,2.281719986597697,4.024609043648755,4.211632397774707,88.63685100004659,4223.307525999189,extra_dim,128
zKb4se-576-475285-202921-407950-32125-236920-469001,1236,14.64401294498382,0.0002435800852254033,11.502076,10.93169,0.5398225,0.5219043,1.813199241956075,1.9565662463506064,4.5601710762556396,4.314156401781748,317.8817779989913,6615.0051780005015,extra_dim,128
EZwkWp-195-116061-37928-384031-166684-14787-96948,1442,15.53398058252427,0.0007670152699574828,14.090498,13.17883,0.5908138,0.38079438,2.345316203435262,2.905636994043986,4.339525469516356,4.347723097989217,275.62485199996445,7538.716140999895,extra_dim,128
rjyWTe-587-151723-247588-123704-129889-250174-123056,1550,12.129032258064516,0.000710091320797801,12.107292,12.342047,0.4587058,0.44776514,1.7564521789550782,1.982507626215617,4.554952816723832,4.532701683348242,218.00787000029231,6413.594542000283,extra_dim,128
44Zbvs-567-179462-358526-13671-355104-116061-343332,1636,7.396088019559902,0.00030473197693936527,12.610599,11.258408,0.33829537,0.29741094,1.1948025465011596,1.1925817171732584,4.628139729334303,4.635013891413576,119.78557099973841,3429.733259999921,extra_dim,128
ofs2Us-561-469223-161307-229618-187519-295308-129107,1636,15.831295843520781,0.0003641763178166002,11.260367,11.28172,0.6173404,0.42356336,2.5315538883209228,2.865779177347819,4.320113119024695,4.347403727741318,261.11404500079516,9210.915235000357,extra_dim,128
jhRr0p-088-489070-351855-386883-172725-333766-16976,1661,16.375677302829622,0.0008774544112384319,10.990605,10.603026,0.68248194,0.5189696,1.8891414244969686,2.0195088386535645,4.304844483359294,4.274011949944893,270.6002830000216,9984.445215999585,extra_dim,128
ItvEYp-187-347380-151331-160943-343502-92870-286732,1222,5.973813420621931,0.0003424148017074913,17.039927,16.654894,0.23006152,0.19493397,1.9588618675867717,2.0019150972366333,4.591199398254254,4.624032784917029,70.47198799955368,2785.3542259999813,extra_dim,128
9ImS8p-321-63022-306759-480197-355130-205293-103130,1065,1.4084507042253522,0.0003738635568879545,30.351631,31.329666,0.05375677,0.04477799,3.8218347231547036,3.8679549217224123,4.721617737365352,4.7218059982848795,13.70909600154846,377.14380899888056,extra_dim,128
PiKSIp-112-109021-465867-125189-123174-211212-334242,1021,9.10871694417238,0.000980529235675931,11.247722,9.347465,0.44033742,0.37273034,1.9280933459599814,2.1161695877710978,4.383809232479997,4.435038151236929,85.69758299927344,3603.808484000183,extra_dim,128
5Lu6ui-514-135410-151381-124082-173176-644-324310,744,9.946236559139784,0.00026409313431940973,11.89369,9.687334,0.46187449,0.36228314,1.4104784647623698,1.464787228902181,4.57863983194884,4.613331095692759,119.71048200030054,2871.4448289993015,extra_dim,128
69ZMRp-276-162832-2757-113105-349816-17243-289593,1207,16.23860811930406,0.0009542101179249585,13.266542,13.16566,0.5830035,0.4506786,1.3850625514984132,1.3739647388458252,4.383943694482298,4.366439911183906,213.4489220006799,7831.158876999325,extra_dim,128
caQa9p-079-134118-41798-311327-343332-125459-231167,1139,6.409130816505707,0.0008238053997047246,24.638939,24.69285,0.18170172,0.14443898,4.262966791788737,4.29710750579834,4.545809045854579,4.561797008061301,77.95628600069904,2602.0999440006563,extra_dim,128
zQSXvp-215-498788-407950-152419-25062-51581-3467,1400,17.57142857142857,0.0010821843752637506,11.669888,11.316856,0.6402718,0.4514893,1.7195933262507122,1.870478868484497,4.249889564487349,4.290848119663643,362.82526399918424,10264.56809499905,extra_dim,128
3Fszap-093-117533-332219-451954-336612-141428-265166,1116,6.451612903225806,0.002600878244265914,16.690468,16.831003,0.2543982,0.19713797,3.853808816274007,3.8610048929850262,4.554789626048012,4.570392127469816,110.79913499997929,2229.4193639991136,extra_dim,128
oJJGwp-325-47619-442126-2985-182650-124082-457067,1710,4.035087719298246,0.0017253782134503126,17.91861,18.130161,0.17580198,0.15901841,3.2336410522460937,3.239189561208089,4.684237030736693,4.669372464936156,61.51653999950213,2850.092364999,extra_dim,128
0mk6rp-310-146145-90733-51581-27791-50416-437215,1608,1.7412935323383085,0.0014768074033781886,25.606718,25.82206,0.08335346,0.064977236,2.255792013804118,2.2894763151804605,4.717031808327282,4.718751324895402,37.67122800127254,1019.109042999844,extra_dim,128
lzFhsp-134-377273-280816-60681-369034-268009-11995,1625,3.076923076923077,0.0012218672782182693,21.776592,21.687746,0.13790424,0.106413424,4.664429378509522,4.73817990620931,4.690066643949098,4.678798249804384,109.73758500040276,2809.916157999396,extra_dim,128
5OQdwp-063-348077-460359-16661-112031-224170-197606,1404,2.7777777777777777,0.005658838432282209,18.548569,18.573463,0.14378986,0.12252414,3.4372140725453693,3.4741713205973306,4.659145068783128,4.662308564601275,60.51203999959398,1763.9360329994815,extra_dim,128
am1FVp-234-380077-145165-25579-145555-311495-324310,1208,5.380794701986755,0.004206848796457052,17.267225,17.276361,0.22967207,0.20394628,2.538915411631266,2.3795485496520996,4.58766392222246,4.51421125800169,115.53088300024683,3308.0192279994662,extra_dim,128
1zDUvp-298-108297-119460-56896-348770-68221-98443,1510,2.5827814569536423,0.0020352303981781006,17.603743,17.747328,0.15899631,0.13598256,4.712909793853759,4.773589324951172,4.654446093764351,4.653440859410414,60.814070000560605,2122.8331289985363,extra_dim,128
cqZnBp-237-143976-377902-462328-483339-384274-414547,1322,8.245083207261725,0.005321722012013197,15.259619,14.301193,0.30327785,0.30752185,1.3734925985336304,1.4405887365341186,4.5743941692081105,4.546412331715251,162.8862380002829,4164.618521999728,extra_dim,128
N5kbFp-292-397909-407728-152140-117533-153980-62919,1693,21.204961606615473,0.0010815237183123827,12.370634,13.292133,0.72364014,0.7706241,1.4193570534388225,1.403001062075297,4.613591771771226,4.3526346128158035,459.7571329995844,13683.269543998904,extra_dim,128
DmpOYi-525-91230-450251-209608-292323-92870-38506,1140,16.315789473684212,0.0021517532877624035,8.11487,6.6974807,0.8152356,0.55679005,2.0300487359364827,2.14641219774882,3.2662799406063283,3.7693733160079055,172.31727500075067,6120.28689500039,extra_dim,128
BBcZPi-501-456735-480197-495997-497448-326140-134118,861,0.8130081300813009,0.003230630187317729,22.567253,23.535192,0.08476055,0.05592537,1.7818328936894734,1.811319851875305,4.728047155424077,4.72707677646848,9.085947000130545,172.55203399872698,extra_dim,128
BsVmke-591-419538-379538-386302-426805-469450-347380,1550,17.806451612903228,0.002498342888429761,8.625628,8.936282,0.698546,0.6295367,1.324598201115926,1.4754873911539714,4.34108524148658,4.239623481872894,396.42189199912536,9848.857897000926,extra_dim,128
nSu3Cp-366-41411-362672-285778-222370-421926-202035,1118,6.529516994633274,0.006295517086982727,22.664757,23.516098,0.27395213,0.19175297,4.148906548817952,4.052601178487142,4.703161846243267,4.69123724227213,220.39506799956143,2431.1734689999867,extra_dim,128
tztd5w-640-23535-348077-410307-64116-151381-134118,1176,11.989795918367346,0.0032262594904750586,14.919104,14.720763,0.4948535,0.32182643,3.582736587524414,3.5392601172129314,4.306349094985513,4.34066768817627,212.6092319995223,4466.907023999738,extra_dim,128
qQ82Hw-614-91230-379354-379373-260428-324310-287427,949,5.163329820864067,0.0024592585396021605,17.386118,17.226938,0.21934368,0.1882105,2.0077825943628946,1.9204493761062622,4.529963042023853,4.546339677439561,77.03884500006097,1314.3485880009393,extra_dim,128
f2JFMw-634-136860-113105-22031-310105-248646-32125,824,8.25242718446602,0.0029410782735794783,12.708679,12.456618,0.3542442,0.2996098,1.9931413491566976,2.0724920431772866,4.590809246817698,4.594877646179475,62.60699999984354,2073.130974000378,extra_dim,128
ainjFp-098-145384-88756-289593-274542-488804-292564,2208,9.148550724637682,0.003448504488915205,14.277253,13.393012,0.36368132,0.30524227,2.4857552528381346,2.57891534169515,4.503305636081232,4.490914013517719,185.49234099918976,8116.704621999816,extra_dim,128
BcVzDs-560-352809-57514-418989-243067-209608-32726,1636,6.601466992665037,0.0019297391409054399,19.060017,17.96043,0.24623477,0.18584923,1.5372684319814047,1.5401702880859376,4.653223274585335,4.659278728616553,102.83282599993981,3442.581244000394,extra_dim,128
TypO9p-362-82313-390793-365346-50416-310105-275395,1464,23.36065573770492,0.0034457372967153788,9.167556,9.244897,1.3403603,0.6800406,2.495975144704183,2.974147081375122,4.51692677926966,4.36939086311921,390.85129399973084,13556.20729400107,extra_dim,128
nQsrxi-500-35788-354893-151331-437270-461984-276516,861,11.033681765389082,0.004316622857004404,9.991755,10.115841,0.5616767,0.42710686,1.6127816200256349,1.7396966060002645,4.526332317740528,4.469667827446713,124.59981100073492,3312.1672550005314,extra_dim,128
ck2Uxp-081-495997-135873-82313-377039-373629-268363,1026,4.775828460038986,0.004637618083506823,17.904308,16.45093,0.18681186,0.21538763,2.051313781738281,2.156730532646179,4.601899854298348,4.5650919016610265,48.067645000628545,1589.1530089993466,extra_dim,128
jgJdnp-100-135873-177809-247007-67455-332402-185152,1404,5.84045584045584,0.0029392531141638756,19.449123,19.667076,0.19634587,0.16006179,3.729487387339274,3.763668584823608,4.600892707256936,4.614926419468571,94.93109899995034,3290.66756300017,extra_dim,128
m8mjCs-533-485468-283456-486330-442126-2757-12865,1636,22.677261613691932,0.0013069127453491092,10.845705,9.888979,0.8376444,0.60328466,1.2784674803415934,1.3392483472824097,4.364665055430303,4.36979938870446,472.24082899992936,14572.295276999284,extra_dim,128
pRaNDw-627-181149-276516-426805-281965-56896-235375,1894,4.7518479408658925,0.002972227055579424,15.52724,15.503188,0.26557243,0.20161824,2.0395014603932697,1.9730116923650105,4.589533012655911,4.59460877270525,82.36671399936313,3803.4037279994664,extra_dim,128
U5aQJe-592-437270-129013-295308-406364-103913-497087,1550,4.451612903225807,0.001561999088153243,15.968292,16.48439,0.26693434,0.19695234,2.4275235493977863,2.3943220138549806,4.646090371212566,4.654767011783319,87.11142299944186,3427.250668000852,extra_dim,128
3e1Tjp-199-462328-423751-38597-248646-74769-2009,1395,9.46236559139785,0.002225166419520974,16.151562,15.87943,0.4013683,0.32648668,1.3857733249664306,1.4363099892934164,4.498603544100748,4.45766513834248,164.3059779999021,5865.22126500131,extra_dim,128
SSYQ1w-650-275802-13671-144360-112336-104867-157595,503,5.36779324055666,0.0031455422285944223,23.142721,22.73718,0.16092096,0.13822265,3.8429622809092203,3.823180850346883,4.561030160373593,4.552276686138226,57.17645200093102,1300.4940930004523,extra_dim,128
JCRPTw-618-129107-479691-343332-355104-157595-129013,1894,30.517423442449843,0.0062578716315329075,6.8333764,6.046381,1.1424893,0.8497773,1.9639741897583007,1.9811974207560221,3.9264984377772043,3.972863711198398,1288.6869260000822,19779.870440001105,extra_dim,128
BThtKf-463-324456-428876-160668-329895-295308-99711,1722,31.3588850174216,0.001240023411810398,6.044385,5.430091,1.2937864,0.98463035,1.1138864517211915,1.1191714922587077,4.221143432765258,4.251167037616793,688.1444889986597,17224.4766900003,extra_dim,128
BNXFqp-404-184495-450557-10737-129636-497448-379538,712,3.089887640449438,0.0009845345048233867,14.207878,12.775713,0.21637814,0.187874,1.8784935792287192,2.022927204767863,4.604042267033122,4.643559058466772,31.62877000067965,672.7913030008494,extra_dim,128
7HBFIp-071-294604-416172-427818-181149-278609-175927,1141,7.887817703768624,0.003979463595896959,20.306286,20.447174,0.30172423,0.18720753,3.911834700902303,3.9273299853007,4.53478519244073,4.544938474846329,80.63810500061663,2444.7565650007164,extra_dim,128
fS0Vwp-324-274170-461984-129889-218396-366126-128329,1773,16.130851663846588,0.001755136763677001,14.053801,13.172469,0.5766088,0.4203142,3.50630202293396,3.5317105929056805,4.3514421544265804,4.396789297046951,319.6665370014671,8428.641100001187,extra_dim,128
MJEnPs-553-484336-261033-237079-274170-257745-343308,1636,5.990220048899755,0.0014303416246548295,12.592413,12.65501,0.32115957,0.28090498,1.9916277885437013,2.1075454076131184,4.650826145480741,4.660651459031427,91.34392000123626,2783.0666460013163,extra_dim,128
noHubp-343-163645-17243-410906-219243-161307-221798,1638,6.654456654456655,0.0025536506436765194,14.955301,14.4868965,0.3633333,0.25463852,3.0849219799041747,3.0476226170857745,4.624049029178764,4.630806428986984,110.08385399873077,3306.2583770006313,extra_dim,128
4sBV1s-535-160927-255765-139119-167772-460359-377902,1636,11.98044009779951,0.0018671865109354258,13.224531,13.599862,0.48307607,0.3384966,2.650718625386556,2.659493366877238,4.543894051690095,4.573431136011709,308.03497099987,6032.890660000703,extra_dim,128
IZG94w-666-98443-418034-470600-161118-288253-129889,1707,7.147041593438781,0.004833240993320942,17.033865,16.217817,0.2808917,0.2473713,3.950486946105957,3.556304868062337,4.493378730765881,4.456458189039388,173.40022400094313,3577.236830000402,extra_dim,128
9hvMUf-482-498788-113105-17243-63022-21827-338584,1318,11.077389984825494,0.0011917749652639031,11.12007,11.062496,0.52276015,0.4195334,2.5509292761484783,2.4874433994293215,4.606009321953554,4.5760710572056835,222.11726900059148,4462.66515500065,extra_dim,128
TkK5fp-380-229618-476225-311495-339484-11995-7708,1573,6.039415130324221,0.003558315569534898,14.712013,14.466643,0.28711686,0.21918017,3.538764063517253,3.5842921257019045,4.599190199468227,4.604570376627471,135.04186699901766,2937.5528050004505,extra_dim,128
9f3Qjw-657-129013-78427-348770-228203-60643-7188,839,7.866507747318235,0.0029710158705711365,15.754977,15.481744,0.34138033,0.24189521,2.3356438954671224,2.407447179158529,4.519648650392104,4.535996266914711,86.92123199944035,2024.5999800008576,extra_dim,128
mZAhvp-320-51581-316080-475285-152880-108378-407790,2240,19.732142857142858,0.009975253604352474,16.667564,19.165632,0.6655161,0.5738285,2.289042679468791,2.7134324073791505,4.59131472120679,4.315738958823335,420.17927399865584,14321.64407199889,extra_dim,128
aVIkMi-504-436373-35788-166684-274170-363774-493700,826,3.753026634382567,0.01687152311205864,16.684816,15.616308,0.20031321,0.18023467,1.3381003061930339,1.3655519008636474,4.702894129415217,4.684963176700917,31.10073100106092,701.7124840003817,extra_dim,128
wD39yw-617-350336-91230-365075-384274-339484-27577,918,4.139433551198257,0.01175561361014843,15.666716,15.66964,0.20603079,0.19113292,2.3584522724151613,2.379979880650838,4.640491256938375,4.648331356482098,35.53437899972778,1950.9311619985965,extra_dim,128
WWYmkp-135-247007-450251-229950-249772-273892-186349,1032,18.7984496124031,0.02265731431543827,12.806494,12.682757,0.6710081,0.47192517,2.6546475887298584,3.035003646214803,4.347021673787175,4.4147156392349665,175.24068300008366,5434.878051999476,extra_dim,128
1Q0zzp-067-496080-227228-300626-311379-247007-1214,1044,3.4482758620689653,0.020670078694820404,33.845848,32.738148,0.08957744,0.09117049,4.272539043426514,4.231572182973226,4.72047706543778,4.72055556465667,31.43703000023379,820.0008960011473,extra_dim,128
9Mkadp-302-273892-209608-109841-324591-494783-498752,1917,13.928012519561817,0.008960635401308537,13.733816,13.572081,0.48162767,0.39015642,1.5463804403940837,1.629959241549174,4.539630538677182,4.547375744416877,244.46249100037676,8726.078491999942,extra_dim,128
ui9aDp-122-292323-379538-386883-287427-306759-88721,1070,4.579439252336448,0.009513289667665958,19.017653,18.972616,0.19923854,0.16062711,2.9177234808603925,3.0503945350646973,4.675239982665851,4.66278217399658,52.516342999297194,1057.693439999639,extra_dim,128
YLEXwp-335-240298-183720-447487-129636-202035-44660,1633,4.776484996938151,0.019239043816924095,18.066,17.276394,0.20300698,0.19393139,2.433806832631429,2.186120541890462,4.692463417005728,4.672035223487888,73.61031499931414,2547.979459999624,extra_dim,128
6TUCvp-352-108130-78807-55646-250174-386302-414547,1874,14.300960512273212,0.02210024558007717,15.203023,15.530223,0.5073128,0.3884113,2.16459747950236,2.525902811686198,4.369524297738329,4.35982823186635,237.1796040006302,9858.591807000266,extra_dim,128
DfzVIp-175-379354-103913-25062-384031-343308-295308,1232,6.737012987012987,0.007324743550270796,18.12108,18.034157,0.24988551,0.22152601,1.9980588912963868,1.94271612962087,4.600415611518343,4.491292721923756,81.94774299954588,3617.903196000043,extra_dim,128
YuwChp-152-8651-147603-379354-29563-62919-345238,1842,8.360477741585234,0.018081096932291985,23.5203,23.427624,0.3107802,0.19138665,3.6031604448954266,3.797724692026774,4.553851322924557,4.573134183503265,374.636010001268,4512.671987999056,extra_dim,128
QpHWMp-383-149498-238364-156368-402653-484336-426805,1642,21.74177831912302,0.02199472486972809,11.667647,12.602906,0.8818466,0.64862174,3.115219481786092,3.222416814168294,4.628827916107711,4.595087100145537,318.9702979998401,11461.303890000636,extra_dim,128
RkoxIi-499-395609-17243-276516-68344-191485-476225,1053,19.183285849952515,0.013668406754732132,6.683487,5.6377244,1.1233824,0.65001065,1.5332446734110514,1.7762402216593425,4.3646123102331496,4.283632012304368,232.79822499898728,6978.656413999488,extra_dim,128
avuTLe-585-474206-355130-317191-361413-333474-248785,1550,11.806451612903226,0.014499159529805183,10.765304,11.0626135,0.4807115,0.51055163,1.400160805384318,1.5666860103607179,4.502472560300929,4.500723898166216,170.9217349998653,6323.086964999675,extra_dim,128
RXuyap-339-457067-332402-329331-281965-472051-353502,1386,8.441558441558442,0.022795502096414566,20.042427,20.571402,0.2723103,0.27807295,1.508893569310506,1.6032391945521036,4.70659418332309,4.56562475307868,104.068686001483,3889.762067999982,extra_dim,128
cfSfbp-363-68221-13671-186349-322947-197606-339484,1688,12.855450236966826,0.020284058526158333,21.430462,22.250126,0.37088355,0.3396864,3.238669983545939,3.46270744005839,4.683135712789468,4.683512052680644,201.37980500112462,7731.220020999899,extra_dim,128
jM2z5p-212-362995-350336-202035-87506-239730-207508,960,3.125,0.008350489661097527,28.301237,28.129036,0.12741552,0.087219685,3.1470574220021565,3.421901830037435,4.725917408978415,4.725693277724565,26.745000999653712,682.1852009998111,extra_dim,128
HxFzMp-357-24999-343332-90733-489807-316694-345238,1056,12.68939393939394,0.008049515075981617,18.955147,15.6663685,0.40581194,0.41390434,2.6847798824310303,2.6644211451212567,4.675925908990066,4.618633511643279,259.1505269992922,5412.116217999937,extra_dim,128
rllgnp-282-21827-2985-183720-67455-409746-330730,1398,18.812589413447782,0.014075466431677341,13.787025,13.311194,0.75420904,0.51193035,1.3604693094889322,1.4340492328008017,4.288083910774164,4.268926845302391,412.0670979991701,8734.405396999136,extra_dim,128
IJui6p-278-140209-424453-325632-318907-448869-125189,879,26.39362912400455,0.012646407820284367,8.052073,7.6556296,1.0347186,0.7540102,2.931808074315389,3.000805966059367,4.240528937951087,3.879704091815149,279.2939099999785,7252.14870399941,extra_dim,128
riuiap-287-319764-286732-35325-55646-391852-1246,1806,5.038759689922481,0.016919877380132675,17.36664,17.667534,0.22845586,0.18407653,2.6215985774993897,2.664623498916626,4.652639920790833,4.673344266573546,118.94764200042118,2627.7172139998584,extra_dim,128
9OkIKp-409-379354-383479-166684-320846-480197-361413,1633,3.1230863441518677,0.018505295738577843,31.751299,31.942509,0.08752387,0.07882597,2.474916712443034,2.7369465192159015,4.6713143638492856,4.670630594996304,70.19835699975374,1414.6389239995187,extra_dim,128
vTx6Wp-073-38459-458554-472051-230200-332402-365346,1099,10.009099181073704,0.006727493368089199,14.874291,14.8929,0.36491075,0.29360655,1.7402798016866048,1.8982479890187582,4.513252195211501,4.497611322986519,98.5236980013724,3668.1133400015824,extra_dim,128
9aa0Fp-331-427818-479691-112336-420765-462193-379354,1488,11.491935483870968,0.015810392796993256,16.417404,17.367914,0.48786703,0.3076358,2.3915723164876304,2.4663306872049966,4.682014950557745,4.6814093076467795,153.94705000107933,5354.598865000298,extra_dim,128
Od9CNp-327-140209-326180-101992-35325-166792-451954,1953,10.39426523297491,0.014821072109043598,14.977943,14.028791,0.38132107,0.34653017,2.1864434560139974,2.264611911773682,4.666017133405754,4.666287453841953,281.5680189996783,5401.09431000019,extra_dim,128
2TcsGp-297-152880-78575-467697-23535-316694-24999,2415,13.250517598343686,0.007391820661723614,14.892101,14.778679,0.4852241,0.33878025,2.4416149616241456,2.773820908864339,4.601591744670856,4.565762501475612,275.5239210000582,9698.065077000138,extra_dim,128
IJFPZp-340-90733-100179-99711-247588-402653-355130,1491,3.35345405767941,0.00944688729941845,13.215289,11.177426,0.26472983,0.23423292,1.7758476813634236,1.7757806380589802,4.704240377765509,4.698109010829048,47.45365400049195,1081.7726820005191,extra_dim,128
sNYM9p-246-47619-361413-1214-155820-418901-176776,965,28.808290155440414,0.011091777123510838,8.465383,8.705795,1.008424,0.95197964,2.101930030186971,2.282233699162801,4.56009285180881,3.9345302050855615,237.55435400016722,8575.981547999618,extra_dim,128
OI5Azp-257-60643-225888-294604-334833-14787-125459,1203,4.904405652535329,0.01875906065106392,16.009272,15.261309,0.41243705,0.23434527,1.5061792214711507,1.6097708861033122,4.584334453901012,4.594097984462804,74.18294599847286,1670.7653920002485,extra_dim,128
vhQX3p-288-256377-386883-276335-177955-380077-80661,2229,2.4226110363391657,0.0165446437895298,16.164747,15.919014,0.20209046,0.16473043,2.1848447640736897,2.176915963490804,4.69149918970815,4.690494738125976,60.97527099882427,1296.9777020007314,extra_dim,128
d4LtRw-656-379354-74769-192385-202921-93885-62534,1673,9.145248057381949,0.009153828024864197,13.657079,13.37002,0.34868458,0.2978412,3.327104600270589,3.2912357648213706,4.503573350366683,4.506329154621546,146.20923300026334,4742.587071999878,extra_dim,128
dc4C1p-319-469130-53129-287943-116061-476924-448907,1529,17.658600392413344,0.017503265291452408,19.03939,17.749653,0.7793458,0.40516305,2.4573507785797117,2.542789665857951,4.709375890609916,4.708461629104274,241.4097929995478,11380.00945299973,extra_dim,128
PSLbbp-359-11995-156368-348733-154883-123704-497426,1430,11.888111888111888,0.021002519875764847,11.543342,10.078298,0.5611642,0.47049168,2.346529801686605,2.559871768951416,4.667900146800118,4.658579270374571,148.44695200008573,5919.309613000223,extra_dim,128
zVlcap-263-274542-472051-376372-248785-476225-35325,1292,4.102167182662539,0.021863481029868126,16.784702,16.50983,0.19604881,0.17432916,1.2894139766693116,1.296455732981364,4.69606810565757,4.6878189978610205,109.74361500120722,1731.9718620001368,extra_dim,128
rpdA0p-089-193291-347380-224170-426805-310105-489070,1279,8.913213448006255,0.00744014885276556,13.118912,12.382979,0.37853923,0.3219805,1.9114028533299765,2.100268316268921,4.501970299106937,4.506574244898726,180.02516199885576,3646.114035998835,extra_dim,128
O7tsRw-671-38597-125620-126584-128202-343308-240298,1734,7.035755478662054,0.009212201461195946,15.162602,15.15195,0.3267174,0.23170431,3.1316534678141275,3.115769640604655,4.533364270310454,4.548262732614872,109.7343040000851,4067.460979000316,extra_dim,128
mCLt3p-410-320846-476924-422977-274323-99711-177809,1085,1.4746543778801844,0.022891782224178314,27.50589,27.607012,0.059605956,0.0530275,2.2816076914469403,2.3600243091583253,4.729298567710349,4.7277310206886805,16.39928499935195,375.1294199992117,extra_dim,128
jFujMp-258-2985-422977-276516-270302-316694-390385,1887,7.790143084260731,0.008067467249929905,19.047802,18.94915,0.29120728,0.20991884,3.5420077164967854,3.5629229386647543,4.609144668293687,4.546251281921585,189.91502899916668,6739.868977998412,extra_dim,128
uIq5Cp-346-271293-199372-348733-164849-450557-397909,1966,2.899287894201424,0.015138654969632626,17.49234,17.242085,0.17346598,0.15180023,2.605443541208903,2.785595591862996,4.703241529516526,4.702689959791433,51.91329400076938,2456.391858000643,extra_dim,128
2HNvip-384-377039-229618-315211-103130-162269-274323,1838,4.243743199129488,0.014237921684980392,22.471304,22.072853,0.2009749,0.15218167,3.8364189147949217,3.8229489803314207,4.711627186680463,4.697214681815084,71.38925700019172,3197.4986489985895,extra_dim,128
hImnha-010-474206-125620-494783-410307-474929-314040,1033,9.390125847047434,0.04484827443957329,13.8371935,13.563815,0.31386408,0.663187,1.526997725168864,1.6557387034098308,4.662083431847855,4.3620527892348,127.17402900125307,4769.058462999965,extra_dim,128
fiBRvp-155-14754-379538-407950-108056-495971-270302,1409,17.033356990773598,0.03848577290773392,10.443279,10.798346,0.6724555,0.53609425,1.7515817165374756,1.783156689008077,4.264757415192438,3.9889145139039885,556.282610999915,9331.68665300036,extra_dim,128
QzAg3p-413-374393-31166-163645-409369-10737-129013,973,10.38026721479959,0.0511818453669548,25.2989,22.222065,0.29637286,0.24508794,2.269397163391113,2.3273374239603677,4.700278457165249,4.678831647828199,225.76100700098323,3387.83446799971,extra_dim,128
JLBTXp-060-194617-60643-435517-420765-124439-152419,1024,10.44921875,0.024550464004278183,15.429445,14.675723,0.6695318,0.30634454,4.74836327234904,4.57419163386027,4.622515964013872,4.627078802135168,199.36669600065215,3303.407765000884,extra_dim,128
k4Lvzp-329-270302-101992-248785-163995-27791-469130,1701,7.642563198118754,0.051412247121334076,16.850536,16.682148,0.32447153,0.263603,2.592435105641683,2.6122902711232503,4.70987964423597,4.667963964274761,224.8957479987439,4191.765449000741,extra_dim,128
ZgJsyp-189-209061-292564-111916-92870-126584-280816,1939,5.002578648788035,0.0409746915102005,19.638735,19.591267,0.22442047,0.17286068,1.5147025903066,1.5360532999038696,4.691827087720846,4.674411094828564,179.74396299905493,3471.4295499998116,extra_dim,128
G50hup-092-363552-123056-229618-481410-299323-332402,1114,6.463195691202872,0.028861256316304207,24.230078,24.956663,0.23269129,0.14993046,4.101715707778931,4.235603396097819,4.641077153202464,4.655214512395467,103.540186999453,2721.7227820001426,extra_dim,128
8b8sWp-275-88756-348733-183720-134118-226233-129107,1202,3.577371048252912,0.031784262508153915,21.536015,21.732132,0.15207075,0.13261378,3.516962830225627,3.5520169417063396,4.720573739267712,4.715582379471469,62.861428999895,1534.4229960010125,extra_dim,128
vOT8yp-371-205293-131237-111916-212842-29563-288077,1254,6.220095693779904,0.025580398738384247,16.940277,17.985432,0.24485968,0.25971916,2.9354910214742023,2.9203161875406902,4.685199122818975,4.591579779436839,100.09246799927496,4081.769333999546,extra_dim,128
qmNVhp-128-78575-68344-44660-128101-103130-334242,1283,4.75448168355417,0.03182704374194145,24.625654,25.851524,0.20160304,0.1287435,2.2132253805796305,2.366437323888143,4.641944672501854,4.597085645240877,80.70295399920724,3261.3989589990524,extra_dim,128
8wAd8p-068-329159-165684-202035-119460-330730-447487,1209,11.41439205955335,0.0299910269677639,17.094624,16.917322,0.4395604,0.28366223,3.4268953164418536,3.5100747267405192,4.513883111557849,4.515970625692395,257.48386699888215,5678.55408899959,extra_dim,128
tXap2p-281-298969-9753-281965-457067-162269-329331,1012,6.8181818181818175,0.026187583804130554,16.377604,16.656525,0.27118427,0.21986707,2.7754933834075928,2.7630387624104817,4.69235374569014,4.6691929694602665,141.7544239993731,2430.183827000292,extra_dim,128
fdXdMp-313-165684-111916-348770-380077-145384-347380,1440,12.777777777777777,0.03389327600598335,17.59526,17.918598,0.47685507,0.3722887,2.5715566158294676,2.381561295191447,4.676789031647767,4.59703965033799,372.4628500003746,5927.257428000303,extra_dim,128
Jpj5sp-423-369034-108056-487747-295308-1246-219243,1468,8.583106267029974,0.05191738158464432,20.284634,18.387177,0.36292592,0.24777849,3.5915623982747396,3.825988547007243,4.694870573045323,4.660049620876628,128.90714899913291,3968.3678799992776,extra_dim,128
maM4mp-267-195572-141428-108130-299323-8651-456735,1158,7.512953367875648,0.0453246608376503,28.16947,29.371624,0.22380449,0.15196992,3.250788434346517,3.3431768894195555,4.7238117937379975,4.712998961901034,82.99624400024186,2793.7755290004134,extra_dim,128
Aal0cp-183-209061-91230-492922-2757-317191-461984,990,4.545454545454546,0.0922110378742218,18.639585,18.672459,0.2026848,0.1683842,2.1450844446818036,2.010583504041036,4.656273942301207,4.650799108920449,40.454767000483116,1388.408482000159,extra_dim,128
m5rDOp-062-377273-156368-185152-188815-186260-486330,1445,11.003460207612457,0.02404632605612278,17.73456,16.420925,0.4026494,0.2718213,3.5401074409484865,3.595238971710205,4.5212771676563275,4.566221669049362,140.6205150015012,5676.587998999821,extra_dim,128
IIhdup-184-282845-322947-195637-315211-10737-386302,986,6.896551724137931,0.07097651064395905,22.592293,22.655947,0.29544103,0.17732637,1.343116029103597,1.5272401094436645,4.613494152450071,4.6374183551657655,118.85826100115082,2249.338384999646,extra_dim,128
eiJpip-223-216978-247588-305230-165168-65123-203381,1402,10.556348074179743,0.04873007535934448,17.39577,17.434195,0.3844343,0.2965112,1.4580915053685506,1.4049782117207845,4.538061647671896,4.451505043270465,143.90665300015826,5040.279673999976,extra_dim,128
uYOkKp-107-143976-376902-185152-437215-90733-10048,968,4.338842975206612,0.029287779703736305,22.862024,23.332478,0.15442766,0.1258332,3.246400721867879,3.4019956588745117,4.636620847535327,4.613749421598362,41.09797599994636,1288.136814999234,extra_dim,128
DWrC0a-013-57191-1214-242009-327883-379538-476225,1033,12.100677637947726,0.0352642759680748,10.238576,10.431113,0.52595836,0.5044149,1.2775114536285401,1.353726601600647,4.5766543592429905,4.344310861609989,124.42681999891647,4401.166870000452,extra_dim,128
6maFGp-305-129013-193291-68221-152880-38506-163335,2424,17.863036303630363,0.02638908289372921,19.053127,21.000689,0.58951324,0.45524216,3.4251763184865314,3.728622309366862,4.666387559581905,4.650364112858508,598.1327070003317,16147.686890000841,extra_dim,128
fZg66p-070-68221-216978-377273-239730-53784-3467,994,29.577464788732392,0.03719060495495796,19.930492,20.81818,0.852729,0.60359263,3.3259087721506755,3.8781479517618815,4.589008608579829,4.566158590525423,302.42073199951847,8801.347110998904,extra_dim,128
CF7Gnp-165-481033-25721-175927-209061-312468-108378,1919,17.509119332985932,0.03301472216844559,13.8202095,13.934478,0.6222291,0.4212791,3.2082355976104737,3.279027811686198,4.363048641819678,4.321640796559083,598.9211369997065,11636.483045000205,extra_dim,128
tTMeWp-326-264357-280816-2985-25721-189658-311379,2359,8.902077151335313,0.04867259040474892,24.805288,25.983324,0.2935673,0.23796284,3.3691189289093018,3.4112168312072755,4.699917875783409,4.707649615925274,299.8439139992115,6570.433580998724,extra_dim,128
kDEiGp-268-254920-474864-52991-170820-165168-328121,1029,24.101068999028183,0.09233691543340683,7.6119385,6.9804296,1.4042863,0.7612321,1.7167894999186197,1.9178513447443644,4.590444853618961,4.51279897967056,245.5661100011639,7954.548203999366,extra_dim,128
rkSMcp-349-162269-339484-74769-12865-363552-41411,1411,14.386959603118354,0.02514478750526905,17.82729,17.958763,0.47423384,0.43258426,1.6500454346338909,1.574401863416036,4.69587566715857,4.485569738740221,257.4337870009913,6717.455522000819,extra_dim,128
FZwvbp-205-349816-138959-261033-383479-409369-152140,1111,28.26282628262826,0.03914736211299896,14.778568,12.425814,0.8597541,0.7592562,2.3047114690144856,2.2779279549916587,4.6078457871350915,4.317022535222005,593.3957279994502,11243.376002001241,extra_dim,128
ie6iSp-097-407790-253414-334074-464643-167361-80351,1395,3.942652329749104,0.03198687732219696,29.810146,29.97,0.10671395,0.08795454,2.510920858383179,2.3935537815093992,4.653501918128971,4.658108597731091,67.90423799975542,1475.7866939999076,extra_dim,128
Q1VJ4p-396-67099-191485-442126-324310-384031-392966,757,0.5284015852047557,0.04145583510398865,51.404728,49.81327,0.013291631,0.012635373,2.4869964440663654,2.575436305999756,4.7313963229226825,4.731255349346539,4.5242779997352045,91.88659000028565,extra_dim,128
BLAVyp-401-374393-353502-276516-464643-247007-280816,1578,17.743979721166035,0.0333615206182003,11.306837,11.441542,0.6738227,0.480691,1.3601955413818358,1.3335731426874797,4.61602931665588,4.56326673769991,249.70931999996537,10813.906569999745,extra_dim,128
qx9MPf-447-243466-253414-78108-327883-41798-186349,1722,15.911730545876887,0.0489613376557827,8.287682,8.147034,1.0368555,0.84199935,1.6085211912790933,2.0720719575881956,4.228761968104955,4.222935042239617,243.10311100089166,10592.639661999783,extra_dim,128
4fsgkp-253-311495-209061-229618-287427-276516-38459,1013,6.811451135241856,0.02615589275956154,17.178276,17.263233,0.2870178,0.20795834,2.933130661646525,3.07375545501709,4.689492398283766,4.662444860537136,68.04942899907473,2757.488409000871,extra_dim,128
u3JmNp-105-377036-373629-177809-287789-419538-221798,1057,9.082308420056764,0.03273187577724457,13.02384,12.113569,0.5535349,0.32581666,2.5112571398417156,2.968874216079712,4.6586398593776295,4.620978543671301,150.9896520001348,3979.731505000018,extra_dim,128
7gnoMp-243-13140-469001-90733-352371-418901-62534,1349,14.381022979985175,0.03019716590642929,12.410317,12.075829,0.71465117,0.45586717,1.9142983595530192,2.3023338317871094,4.647587403087158,4.583238759255737,263.23129500087816,9251.36912400012,extra_dim,128
WYTgYp-403-306759-7708-254913-153980-163947-460359,1450,4.206896551724138,0.0560128353536129,16.840244,15.91505,0.23507078,0.20059128,3.499358542760213,3.213289435704549,4.689274469442696,4.66392973060791,94.1497090007033,2808.019742999022,extra_dim,128
zRlcSp-181-25062-53784-123056-333757-268363-211084,1709,6.1439438267992985,0.025759130716323853,18.08758,18.602055,0.26797584,0.21854097,2.3427082697550454,2.471820672353109,4.664884396283903,4.515378174469449,123.69781999950646,4058.0155009993177,extra_dim,128
TaYTvp-415-63022-179855-481410-392966-38597-437270,762,4.593175853018373,0.03335783630609512,21.797813,21.78848,0.23185487,0.15099354,2.7307995160420737,2.572536834081014,4.706820516623086,4.682052835167579,37.914968001132365,1039.2257439998502,extra_dim,128
9kbanp-261-50416-108056-469001-231167-334074-209061,1007,5.958291956305859,0.026795921847224236,13.910817,14.535381,0.32207653,0.2464555,2.1172799746195476,2.153653287887573,4.675865919207429,4.637431256435231,61.9753099999798,1770.001429000331,extra_dim,128
DLZvmp-426-78108-128329-469130-165684-261033-84004,868,7.71889400921659,0.026906199753284454,22.542639,23.130474,0.25726464,0.19739924,4.106609201431274,4.2021230061848955,4.695209758322026,4.675783068385772,100.87353699964297,4153.931627999555,extra_dim,128
i0Ocoe-610-395609-211084-211212-108056-187519-202035,1390,9.784172661870503,3.9601487515028566e-05,12.110455,11.782736,0.42246267,0.42203614,1.923673407236735,2.126363682746887,4.636286434440815,4.616013613765748,180.61190200023702,7267.921553000633,extra_dim,192
PBDVAf-465-366971-117533-197606-160943-60681-25579,1722,3.426248548199768,2.0712036530312616e-06,18.42443,18.02746,0.22609186,0.15222378,2.4138545672098797,2.5176990826924643,4.699400007358248,4.702846552648657,140.63290500052972,4558.46440699861,extra_dim,192
sF1D5f-429-45816-14754-487747-347380-61770-187519,918,1.4161220043572984,6.66032019580598e-06,24.562113,27.152523,0.07956106,0.059621364,3.131021086374919,3.138944212595622,4.72843407574183,4.728042319713272,76.48426600098901,1326.9403810008953,extra_dim,192
8lHaxa-001-437270-91230-96853-392966-377039-493700,1033,8.712487899322362,1.6546022379770875e-05,13.677541,13.9915085,0.39838418,0.30565393,1.7379011551539103,1.643582852681478,4.667139314796703,4.539394296680062,177.6872819991695,2560.826883998743,extra_dim,192
wH6bMa-009-144175-39168-315211-114587-333757-10048,1033,7.55082284607938,4.100139267393388e-05,13.77578,14.097401,0.52824664,0.31604594,1.541098697980245,1.5084479252497356,4.522615171953416,4.548379716854841,119.58725099975709,2715.261722998548,extra_dim,192
l3Lvae-611-211084-218396-212842-198509-334833-311379,1390,4.244604316546763,4.941728548146784e-05,20.8353,21.583412,0.16509296,0.17564648,3.315280040105184,3.3338098526000977,4.71003022418107,4.69833141206618,64.72322899935534,2529.375522999544,extra_dim,192
cmHjrf-493-348077-309854-224170-458554-202179-472051,1722,16.144018583042975,0.00013046321691945195,8.652215,8.120059,0.72569793,0.7423172,1.2220437129338582,1.2280038197835286,4.407575742128084,3.9837600094207435,527.8945200007001,9722.768298999654,extra_dim,192
9srcUf-448-162832-472051-219243-152140-401183-304828,1722,11.091753774680605,7.126033096938045e-07,10.18144,9.634979,0.57735896,0.69055814,1.4202935934066772,1.5294224500656128,4.611286075501623,4.5993963524151775,310.2881199993135,6876.385659001244,extra_dim,192
pMchYa-011-461984-248646-131237-259340-281965-474206,1033,3.291384317521781,7.092276973708067e-06,17.63299,17.89782,0.18230093,0.17823392,1.5174628893534343,1.4808068116505941,4.698155712497317,4.646988058975954,39.40835799949127,1350.2933730014774,extra_dim,192
rqqrUf-476-372299-90733-207508-318838-254913-53278,1590,15.786163522012577,1.0736808690126054e-05,10.492416,10.473861,0.69008714,0.66501385,2.687145201365153,2.874118693669637,4.6261375067221495,4.484409940192908,316.9096680012444,9630.759538998973,extra_dim,192
KWj8Li-521-358526-235375-78807-67455-237079-21827,802,14.588528678304238,5.653791959048249e-05,8.882487,8.747734,0.8640587,0.47409534,2.068655188878377,2.7845619678497315,4.335625565184365,4.339325607438634,214.7553209997568,3555.542501999298,extra_dim,192
LIJKja-026-447487-148409-188815-38506-78427-479691,1033,5.517909002904163,1.2104389497835655e-05,13.210331,13.1599045,0.3111012,0.28599453,1.3724682013193765,1.3650659004847208,4.650578404958244,4.59426637992504,61.865411000326276,1578.3112099998107,extra_dim,192
P4ZKje-597-228203-427818-407728-174918-211212-250174,1550,22.967741935483872,0.0001234940718859434,7.7735543,8.085743,0.9169243,0.760247,1.4029189904530843,1.5359573443730672,4.398434992199581,4.36247391977554,349.0128180001193,15838.682061999862,extra_dim,192
zoFKbf-438-268009-220507-287943-286732-24538-454712,1653,12.583182093163945,5.697601750398462e-07,11.1102915,9.435036,0.54747194,0.5500019,2.0756484270095825,2.181940444310506,4.5877063960642905,4.483422291571345,211.12336199985293,9131.303119000222,extra_dim,192
FPRIpe-578-474864-126584-425422-304828-148409-10737,1550,9.096774193548388,7.081195508362725e-05,11.461898,12.928749,0.3967638,0.4177228,2.8344638029734295,2.994855006535848,4.637199087809313,4.523435243933873,140.922184998999,4863.474068999494,extra_dim,192
Th8NDe-613-23535-495997-395609-270487-329331-383770,1390,14.100719424460431,8.22431466076523e-05,10.295534,10.832363,0.5469615,0.6226346,2.6338367144266766,2.761417531967163,4.586217412248028,4.553154095748692,194.3990859999758,9461.18292400024,extra_dim,192
KFAl8f-427-406364-361413-456735-410307-286869-348733,1722,18.641114982578397,5.997956031933427e-05,9.944122,9.848943,0.69356734,0.5737698,1.6619743267695108,1.633553671836853,4.3089181546820186,4.364809576397619,323.76852500055975,14369.816306998473,extra_dim,192
rn9v1e-583-369034-383770-175927-399756-390385-383479,1550,11.67741935483871,1.7469614249421284e-05,12.846371,12.90533,0.4331588,0.42856145,2.6950059096018473,2.7914334456125895,4.619378072504598,4.501829309829258,340.30288999929326,9627.572739000243,extra_dim,192
SnJBwf-434-37928-376902-480197-51581-328121-350223,1378,5.732946298984035,1.790127271306119e-06,15.36005,15.472353,0.3233592,0.26178813,1.9712152083714802,2.096055523554484,4.6773821418781765,4.6787887708809475,88.70865199969558,3685.9072980005294,extra_dim,192
amZyRf-444-7708-476924-468905-275802-405424-380077,1722,2.5551684088269457,3.279495786046027e-06,17.460337,17.28703,0.16214515,0.17406702,1.9836638927459718,2.020913020769755,4.70499980193972,4.693030544390916,51.08451299929584,1365.8108990002802,extra_dim,192
a4WwUa-043-141142-113619-397909-469223-287427-421926,1033,26.427879961277835,3.878655479638837e-05,6.5258064,6.672911,1.0938631,0.884396,1.1794822136561076,1.2859741528828939,4.2339772008332766,4.234262258213794,308.8155799996457,12597.880159000852,extra_dim,192
mvvOnf-472-106-135410-148409-334242-45816-353502,954,4.5073375262054505,4.8512858484173194e-05,14.653083,14.391636,0.28454873,0.25905478,2.709139680862427,2.800496212641398,4.6392887097481985,4.646748287561473,59.43878099969879,2578.397966999546,extra_dim,192
oRqMra-058-167772-480197-43889-36331-135873-265166,1033,2.904162633107454,6.2980648181110155e-06,23.20349,23.558805,0.14916332,0.097288884,3.194117482503255,3.2290244102478027,4.723477260214418,4.722236153586982,48.85429400019348,1795.3138599987142,extra_dim,192
1rIrKa-023-409746-287789-276335-17243-340579-260428,1033,1.6456921587608906,1.7720502000884153e-05,19.806572,21.042198,0.11702939,0.09800912,1.6694671789805093,1.6297110875447591,4.716520900456244,4.722915749181323,44.24563499924261,1670.3700609996304,extra_dim,192
xX6Wce-607-140209-262731-151331-7708-427818-497426,1390,3.741007194244604,2.83738954749424e-05,19.426157,19.279352,0.15949835,0.17399146,2.979196325937907,3.009089454015096,4.715466642564007,4.710032814407473,198.253015998489,3921.1772230009956,extra_dim,192
3hvoVa-051-2307-202921-218396-175927-14787-464643,1033,5.324298160696999,1.6514632079633884e-05,16.414522,16.828686,0.28681326,0.22055589,1.5741674264272054,1.6448906739552815,4.677367719254316,4.657586415708795,59.45480999980646,1951.8047590008791,extra_dim,192
87hwjf-487-426805-60643-437215-160943-182650-407728,1181,5.080440304826419,1.0143882036572904e-06,13.542984,11.861282,0.3002859,0.37381116,1.4520967642466227,1.4550938606262207,4.675115569972155,4.61893809687392,54.983112999252626,2776.0042230002,extra_dim,192
98pQ7f-492-161118-44660-2985-495997-227228-191485,1722,3.948896631823461,3.370679678482702e-06,20.343529,20.416843,0.15538216,0.18287873,3.2361440499623617,3.153012418746948,4.700845007259486,4.583298012848136,144.33676299995568,2843.2956999986345,extra_dim,192
9a98Kf-464-298969-472051-292323-179462-78575-496080,1181,7.281964436917867,5.5254073231481016e-05,14.080087,14.646882,0.33799878,0.25775456,2.9948667685190835,2.962437868118286,4.415739182623922,4.486555503280655,151.6377010011638,3937.392636998993,extra_dim,192
WVKBPa-017-469001-13769-309009-430207-5054-14754,1033,3.581800580832527,4.264206836523954e-06,15.670453,15.896091,0.20591004,0.20445293,3.6073329130808514,3.650409189860026,4.700405777131124,4.6554517710089405,42.72931699961191,1162.3839640014921,extra_dim,192
k2rvsa-021-181149-117176-94351-2985-340579-209061,1033,4.162633107454018,1.384729148412589e-05,18.405308,15.623039,0.28844377,0.20230256,1.9151924053827922,1.9774763504664103,4.692517176711933,4.664811183472812,75.32917600110522,1787.3201420006808,extra_dim,192
GptLba-028-467697-29563-495971-437270-5575-211212,1033,2.3233301064859635,2.764441342151258e-05,18.779835,19.265192,0.13659514,0.13386112,1.7814705133438111,1.7611806313196818,4.686100596759957,4.6723223522790285,22.524782998516457,963.7891879992821,extra_dim,192
3EBeof-459-212842-454791-192385-495971-180085-113105,1033,16.747337850919653,3.53978066414129e-05,12.023762,12.089348,0.56275433,0.6186356,1.8600862900416055,2.0243919213612873,4.580400813943058,4.5662038692476115,190.28531900039525,6608.2734129995515,extra_dim,192
8C0b9f-461-182650-228203-8651-240298-176776-186349,1704,3.814553990610329,5.752473225584254e-05,17.415102,17.399956,0.17410672,0.25743356,3.6054957230885822,3.512450901667277,4.706911320293707,4.576725203167256,76.35482499972568,2862.676234999526,extra_dim,192
f5sCDf-435-355130-41798-395609-377902-35325-116061,1378,11.901306240928882,9.696379493107088e-06,14.274006,12.702609,0.42834783,0.5042247,1.7577992836634317,1.7749809503555298,4.654381688829012,4.392668433922613,292.7856749993225,6663.4634749989345,extra_dim,192
5LZsPp-295-239730-414547-129636-470600-495997-1214,1207,22.535211267605636,6.921367457835004e-05,10.595645,9.146406,0.77113336,0.6402938,2.0595449447631835,2.260079526901245,4.211734441291642,4.226165499837296,452.2882330002176,8764.573685999494,extra_dim,192
rxhq2p-211-212526-349828-67455-407790-412326-143976,1183,7.185122569737954,2.8749458579113707e-05,15.15033,13.86833,0.5997773,0.25114247,2.2388450463612872,2.6093013604482014,4.5307565593736,4.555055443906979,114.61140300161787,2929.6456829997624,extra_dim,192
7j8l2a-034-50416-4800-287427-123375-143976-264357,1033,3.0977734753146176,8.71249631018145e-06,16.359213,16.887135,0.20773637,0.19684832,2.4134033997853597,2.4722566922505695,4.6799570505980155,4.575315829214368,41.242225999667426,1179.1589189997467,extra_dim,192
cedJli-522-192385-152140-262731-156368-123704-333757,719,5.285118219749652,5.254780626273714e-05,12.8925905,10.990818,0.32111168,0.26726434,1.9203204313913982,1.9290216445922852,4.102860818977257,4.2838901912030005,76.22162500047125,1132.2376739990432,extra_dim,192
uHCIZa-015-146882-87506-304828-333757-5054-62919,1033,8.615682478218782,1.7520515029900707e-05,12.183163,12.550101,0.39781022,0.3936676,1.2870760599772135,1.3188516219456992,4.565460251315349,4.569748344784216,88.21611100029259,3142.604653001399,extra_dim,192
UKnMcp-124-361413-129636-57514-52991-68221-81956,1381,20.926864590876175,0.0001672373036853969,14.481584,13.501207,0.7108879,0.45595458,2.4602399349212645,2.773667510350545,4.529984001128378,4.541200379121274,457.2934529987833,10749.346571999922,extra_dim,192
5ALjRp-161-333766-240226-4800-482510-113619-84055,1026,26.803118908382068,0.0008019127999432385,7.2711344,6.915845,1.1969091,0.8543501,1.205809736251831,1.2396167357762655,4.0543070979384455,4.023006044904031,426.78973200054315,9131.667935998848,extra_dim,192
Paqf1p-119-254913-443221-90733-163645-32125-188815,1450,9.034482758620689,0.0004479943308979273,15.011005,15.244583,0.35434452,0.2709451,3.177442995707194,3.207595682144165,4.459116740609213,4.493769794171182,211.91836099933425,3819.7844750011427,extra_dim,192
lDN6of-450-91840-427818-353502-327883-210172-489807,1722,25.02903600464576,0.000440589792560786,6.1034584,4.0212746,1.2395188,0.82127506,1.2991875171661378,1.5552868604660035,3.8463376618599625,3.9125535578263717,624.2324480008392,15943.61126199874,extra_dim,192
JRGxpf-495-78575-358526-483339-81956-229618-247007,1722,14.227642276422763,0.000252309167990461,8.9795265,7.3533306,0.6589524,0.7084687,1.1677228927612304,1.1281270106633505,4.466972449638403,4.417772141320046,378.53445800101326,7289.110382000217,extra_dim,192
yc5Hmf-494-469130-474206-203381-91840-123056-149498,1722,13.472706155632984,0.00020981418492738158,8.994749,9.021738,0.6096986,0.56775194,2.803007411956787,2.5829050540924072,4.45010834975894,4.332553541259946,331.220072999713,7262.099431000024,extra_dim,192
6UNJZa-025-136860-357104-38459-89725-366126-252054,1033,9.390125847047434,0.0008322022040374577,13.525266,13.41411,0.36431327,0.3482789,1.212113579114278,1.2004343350728353,4.5872689689612525,4.56091551711716,93.52765899893711,2718.6168810003437,extra_dim,192
CrjLKf-468-374393-49022-14754-240504-316080-236920,1722,6.562137049941928,0.00014622832532040775,15.204012,15.130071,0.3001906,0.33734688,1.272685170173645,1.2853618542353311,4.697828239886531,4.690471480128499,111.46866399940336,3465.9356890006165,extra_dim,192
wkCjvp-408-175927-2985-407790-280816-275802-343332,1046,15.965583173996176,0.0001569680607644841,15.710716,14.812236,0.54923713,0.38258186,2.5703705310821534,2.8610127607981366,4.578910793791846,4.616554591137809,158.76006899998174,5633.482966999509,extra_dim,192
bnEKPi-496-131237-487747-10048-112031-352809-171454,719,13.908205841446453,0.0004139196826145053,9.495533,7.8332796,0.6742792,0.49349013,1.733544898033142,1.8822911818822226,3.3864371048665594,3.676488267694871,95.12470899971959,3665.3347039991786,extra_dim,192
FW6BFp-225-129636-418989-280816-386883-462467-306759,1649,6.24620982413584,0.0004694216186180711,15.716726,15.559716,0.2583864,0.22693543,1.8438498735427857,1.8343833049138387,4.560800992307093,4.594159027776372,134.4432770001731,3811.790646999725,extra_dim,192
cZ9D6w-670-134118-41411-423587-125189-84055-98443,662,4.984894259818732,0.0007059596828185022,17.197239,17.132235,0.2336234,0.17828749,4.0717178662618005,4.157753690083822,4.572800980761613,4.583377566431766,34.16039900002943,884.6532940006,extra_dim,192
xlckps-555-489807-93885-138959-23535-14754-299323,1636,10.880195599022006,0.0007390778046101332,10.731041,10.71455,0.487496,0.38546953,1.432365091641744,1.4913655281066895,4.529110251820479,4.541439953319136,251.51795800047694,8066.854039998361,extra_dim,192
xDMmqs-548-333766-165168-462328-336612-442126-284808,1636,9.7799511002445,0.0005077441455796361,11.518632,11.496189,0.4223348,0.33448234,1.3201864639918008,1.3363820632298788,4.338636564171707,4.44059019590124,376.66861699835863,7243.338706999566,extra_dim,192
FSyUys-545-306052-88756-228203-369609-91230-448907,1240,3.467741935483871,0.000898472499102354,18.423231,17.637802,0.18769623,0.16468629,1.4040841976801555,1.372013759613037,4.655940432840056,4.66113973814561,69.89372699899832,2202.8510170002846,extra_dim,192
FiS63i-513-129107-287427-185152-454791-121010-285778,918,29.956427015250547,0.0005593721871264279,4.8686237,2.6709366,1.3058842,0.93432456,1.7177884658177693,1.7869103670120239,2.5355391918072643,2.928831729326044,600.7273249997525,8134.378267999637,extra_dim,192
AHwsQs-538-108297-304214-140209-237079-426805-448869,1636,26.5281173594132,0.00042765779653564095,7.190876,6.203885,1.7613411,0.804198,1.2190268834431965,1.237751030921936,4.105681507261008,4.162293727826372,662.503376001041,15661.329640999611,extra_dim,192
cUyODs-564-324456-286869-479691-123056-485468-274323,1636,14.60880195599022,0.0006575641455128789,9.913431,9.374715,0.65511054,0.50169533,1.4970233599344889,1.3873096625010173,4.517893221311804,4.5196610914703665,220.79730899895367,7648.399734000122,extra_dim,192
WOhKts-537-450251-294604-27791-350223-235375-383770,1636,15.158924205378973,0.00046492001274600625,11.585616,11.826572,0.5878404,0.40962505,1.8328176975250243,2.0104119141896564,4.484337734842139,4.516352225993869,246.7224409992923,9298.975899999277,extra_dim,192
Mtnx5i-515-495971-279778-348676-11995-306560-418034,744,3.225806451612903,0.00028512379503808916,16.376497,13.068041,0.18645155,0.20764637,1.6227618058522542,1.7338250796000163,4.680492629509034,4.6996279812704564,48.371594999480294,1162.7940840007795,extra_dim,192
fiDqFe-589-306052-37928-421728-166792-414547-458302,1550,7.548387096774194,0.00034323649015277624,16.6836,17.497446,0.34976116,0.23845457,2.86458002726237,3.1411749998728435,4.628977730044885,4.646239899657737,107.74981499889691,3299.809431999165,extra_dim,192
KIklei-503-156368-5054-151331-161307-380077-177809,898,12.138084632516703,0.000185836324817501,9.193706,7.250043,0.64403516,0.51463526,1.6383545875549317,1.6154951890309652,3.436732806777982,3.8085372190035014,106.39700499996252,3067.062086000078,extra_dim,192
0Rve0i-524-469450-332402-376902-283921-64116-240504,1140,5.087719298245614,0.0009046242921613157,14.197548,13.1550255,0.29859653,0.2257818,2.290452559789022,2.3304425557454427,4.120779952649319,4.33719305059415,55.30343200007337,1617.4082069992437,extra_dim,192
IJqofi-526-68304-236920-183720-152419-94351-316080,661,34.493192133131615,0.0003945751814171672,4.676053,3.385154,1.7569367,1.036033,1.7293436924616497,1.8369628190994263,2.4746177908255067,2.8103519702020683,212.06551099930948,9300.963239000339,extra_dim,192
vAlA7f-458-390385-16661-177809-112031-325632-365075,954,1.4675052410901468,0.00048059478285722435,31.257866,33.07438,0.05045994,0.04195651,4.742626031239827,4.705922762552897,4.715759146713928,4.71457267211598,13.198634998843772,389.1240850007307,extra_dim,192
oK9Hxs-550-7708-104867-460359-299323-420765-264795,1636,3.850855745721271,0.0009720592643134296,17.075449,16.841702,0.1847616,0.16353722,1.384411342938741,1.3642241954803467,4.675147134676155,4.683886259126482,73.22564599962789,1833.4715870005311,extra_dim,192
kxh9is-563-24999-276516-377039-462467-365075-67099,1636,6.418092909535453,0.0009378857794217765,17.41469,17.097351,0.27776483,0.19109832,2.0664700667063394,2.108138593037923,4.600519582072372,4.615981074266238,118.02268199971877,5306.975021998369,extra_dim,192
Q4PCSi-506-317415-237079-78108-78427-235375-285778,1152,8.072916666666668,0.0002790152211673558,12.648577,11.758244,0.40342093,0.31615576,2.3256319046020506,2.3404765923817954,3.963768190673841,4.184128723800795,136.145595999551,5048.663875999409,extra_dim,192
zKb4se-576-475285-202921-407950-32125-236920-469001,1236,14.64401294498382,0.0002435800852254033,11.360187,10.82078,0.5625298,0.5278266,1.8051763614018759,1.9558930317560832,4.550279321988705,4.330335445409788,284.24539799925697,6663.837473000967,extra_dim,192
EZwkWp-195-116061-37928-384031-166684-14787-96948,1442,15.53398058252427,0.0007670152699574828,13.918011,12.973346,0.61619365,0.39152643,2.3129837195078533,2.8726826985677083,4.316878953475815,4.3332459624411355,259.2406869989645,7589.311402000021,extra_dim,192
rjyWTe-587-151723-247588-123704-129889-250174-123056,1550,12.129032258064516,0.000710091320797801,11.864765,12.177589,0.48300323,0.45084324,1.7634014050165812,1.9486539999643961,4.542107242771919,4.543426726992429,220.02969800087158,6287.371604001237,extra_dim,192
44Zbvs-567-179462-358526-13671-355104-116061-343332,1636,7.396088019559902,0.00030473197693936527,12.433422,11.105399,0.35099396,0.30387774,1.2122415542602538,1.182612458864848,4.616797983712043,4.631310177548369,121.35710099937569,4202.243288998943,extra_dim,192
ofs2Us-561-469223-161307-229618-187519-295308-129107,1636,15.831295843520781,0.0003641763178166002,11.0853815,11.07967,0.6407904,0.43733108,2.4921483039855956,2.8330784956614177,4.293306699169029,4.329804278275786,247.21352999949886,9280.64967499995,extra_dim,192
jhRr0p-088-489070-351855-386883-172725-333766-16976,1661,16.375677302829622,0.0008774544112384319,10.7131,10.38012,0.7015255,0.53096443,1.888811747233073,2.0030424197514853,4.278805633845787,4.248917505662267,263.6175249990629,9821.308448999844,extra_dim,192
ItvEYp-187-347380-151331-160943-343502-92870-286732,1222,5.973813420621931,0.0003424148017074913,16.78053,16.395245,0.23982133,0.2006489,1.9769006808598837,1.9633720636367797,4.580718887602673,4.616263550806431,117.71589199997834,2747.0490310006426,extra_dim,192
9ImS8p-321-63022-306759-480197-355130-205293-103130,1065,1.4084507042253522,0.0003738635568879545,30.039244,30.990177,0.05662808,0.04640718,3.8450544993082683,3.857597255706787,4.7217613014141655,4.721505205337641,24.417001999609056,545.6189920005272,extra_dim,192
PiKSIp-112-109021-465867-125189-123174-211212-334242,1021,9.10871694417238,0.000980529235675931,11.12651,9.218887,0.4587159,0.3822293,1.9791453997294108,2.100279386838277,4.365346804372843,4.426716004080773,116.26328300008026,3123.335168998892,extra_dim,192
5Lu6ui-514-135410-151381-124082-173176-644-324310,744,9.946236559139784,0.00026409313431940973,11.794886,9.515122,0.48106757,0.37229785,1.4335075775782267,1.4702175299326579,4.569111127879032,4.606570093123548,101.57963699930406,2414.476477999415,extra_dim,192
69ZMRp-276-162832-2757-113105-349816-17243-289593,1207,16.23860811930406,0.0009542101179249585,13.063336,12.959061,0.5979642,0.46207687,1.4027050177256266,1.3591502984364827,4.361178925817244,4.343293862449295,210.219552000126,8925.251979000677,extra_dim,192
caQa9p-079-134118-41798-311327-343332-125459-231167,1139,6.409130816505707,0.0008238053997047246,24.287474,24.363857,0.19108067,0.15112434,4.259976132710775,4.307999610900879,4.532767472657715,4.547711003214211,72.76540600105363,2414.0096190003533,extra_dim,192
zQSXvp-215-498788-407950-152419-25062-51581-3467,1400,17.57142857142857,0.0010821843752637506,11.225693,10.85258,0.67190456,0.47046098,1.7746027072270711,1.864202078183492,4.2267485108768375,4.284908597582387,604.4447139993281,11252.782863999528,extra_dim,192
3Fszap-093-117533-332219-451954-336612-141428-265166,1116,6.451612903225806,0.002600878244265914,16.522331,16.666733,0.2618143,0.20169437,3.900828154881795,3.8618757088979083,4.543453125727351,4.559065665808645,121.5182409996487,2393.287884999154,extra_dim,192
oJJGwp-325-47619-442126-2985-182650-124082-457067,1710,4.035087719298246,0.0017253782134503126,17.759396,17.950151,0.18079863,0.16194929,3.268635129928589,3.2499001820882163,4.68166114303836,4.667082093916771,109.75787499955914,2598.0488280001737,extra_dim,192
0mk6rp-310-146145-90733-51581-27791-50416-437215,1608,1.7412935323383085,0.0014768074033781886,25.212603,25.43052,0.08524046,0.06629545,2.2829365094502765,2.3449930349985757,4.716007529757334,4.716961385355772,41.68721700079914,945.4310540004371,extra_dim,192
lzFhsp-134-377273-280816-60681-369034-268009-11995,1625,3.076923076923077,0.0012218672782182693,21.580774,21.509306,0.14425586,0.10872117,4.670548057556152,4.7365004857381185,4.685226318940928,4.6802180299578655,71.37767699896358,2539.986327999941,extra_dim,192
5OQdwp-063-348077-460359-16661-112031-224170-197606,1404,2.7777777777777777,0.005658838432282209,18.360012,18.413357,0.14686793,0.12455294,3.4834479967753094,3.4504572550455728,4.65535975323932,4.657750090177366,68.58816800013301,1304.2021170003864,extra_dim,192
am1FVp-234-380077-145165-25579-145555-311495-324310,1208,5.380794701986755,0.004206848796457052,17.028866,17.03686,0.23675324,0.20818688,2.858734305699666,2.4708839575449626,4.579583649126582,4.510825170084502,94.4439089998923,2380.924638000579,extra_dim,192
1zDUvp-298-108297-119460-56896-348770-68221-98443,1510,2.5827814569536423,0.0020352303981781006,17.448874,17.616402,0.16541035,0.13977978,4.735696856180827,4.7940239906311035,4.65032328572454,4.651637545323421,41.5436259991111,1526.6020750004827,extra_dim,192
cqZnBp-237-143976-377902-462328-483339-384274-414547,1322,8.245083207261725,0.005321722012013197,14.927416,14.053427,0.3141267,0.31323752,1.358003274599711,1.4501830418904622,4.55921647841037,4.532920687634814,113.3580739988247,4150.489485000435,extra_dim,192
N5kbFp-292-397909-407728-152140-117533-153980-62919,1693,21.204961606615473,0.0010815237183123827,11.965744,12.902477,0.73784685,0.7844424,1.4261505126953125,1.403903810183207,4.606084011132125,4.38712393561481,588.1865600003948,10880.853065000338,extra_dim,192
DmpOYi-525-91230-450251-209608-292323-92870-38506,1140,16.315789473684212,0.0021517532877624035,7.9811854,6.49337,0.84299564,0.5758638,2.0368538459142047,2.1048364003499347,3.216193440383668,3.7429479619891652,373.70609899880947,5957.205810000232,extra_dim,192
BBcZPi-501-456735-480197-495997-497448-326140-134118,861,0.8130081300813009,0.003230630187317729,22.546377,23.440485,0.08484835,0.055929452,1.808131504058838,1.785919721921285,4.727973347838785,4.727594475464302,26.375060999271227,379.4640359992627,extra_dim,192
BsVmke-591-419538-379538-386302-426805-469450-347380,1550,17.806451612903228,0.002498342888429761,8.469764,8.760101,0.72775936,0.6362513,1.3429081042607625,1.5063780705134073,4.3171300424591195,4.257313152047454,407.1331180002744,8724.303903001783,extra_dim,192
nSu3Cp-366-41411-362672-285778-222370-421926-202035,1118,6.529516994633274,0.006295517086982727,22.409983,23.324516,0.28222892,0.19410218,4.146817906697591,4.033274380366008,4.702833266415791,4.694675199367323,92.5088500007405,2198.2586679987435,extra_dim,192
tztd5w-640-23535-348077-410307-64116-151381-134118,1176,11.989795918367346,0.0032262594904750586,14.707688,14.501362,0.50562876,0.33242783,3.6974164485931396,3.5956868807474773,4.284210803891622,4.320803294671124,142.6454440006637,4117.66331599938,extra_dim,192
qQ82Hw-614-91230-379354-379373-260428-324310-287427,949,5.163329820864067,0.0024592585396021605,17.184402,17.024614,0.22844875,0.19497909,2.0132658878962197,1.8953694423039755,4.519817276033894,4.5359975378423165,47.14738399889029,1263.3677700014232,extra_dim,192
f2JFMw-634-136860-113105-22031-310105-248646-32125,824,8.25242718446602,0.0029410782735794783,12.548292,12.256252,0.3658049,0.3069586,2.1823277711868285,2.190379238128662,4.5844049362219925,4.589597511619789,80.618375000995,1971.062491998964,extra_dim,192
ainjFp-098-145384-88756-289593-274542-488804-292564,2208,9.148550724637682,0.003448504488915205,14.11666,13.256971,0.37530717,0.3117983,2.523089043299357,2.584553511937459,4.490163326815614,4.479450814125744,184.05288999929326,7939.287537001292,extra_dim,192
BcVzDs-560-352809-57514-418989-243067-209608-32726,1636,6.601466992665037,0.0019297391409054399,18.904408,17.682125,0.25698528,0.19373544,1.5592028776804605,1.511712876955668,4.646408343838245,4.653209679404704,103.57386599935126,3305.563808000443,extra_dim,192
TypO9p-362-82313-390793-365346-50416-310105-275395,1464,23.36065573770492,0.0034457372967153788,8.804829,9.034835,1.355235,0.6935639,2.5505431493123374,2.9930276393890383,4.513722681096354,4.3300457132561085,472.29746699849784,12920.928690999062,extra_dim,192
nQsrxi-500-35788-354893-151331-437270-461984-276516,861,11.033681765389082,0.004316622857004404,9.860305,10.016723,0.5803233,0.43305573,1.6030608336130778,1.7513969739278157,4.519785475679487,4.492885221438823,131.44564800131775,3020.1046010006394,extra_dim,192
ck2Uxp-081-495997-135873-82313-377039-373629-268363,1026,4.775828460038986,0.004637618083506823,17.594559,16.33717,0.19156526,0.21650656,2.1403246959050497,2.146729358037313,4.5921834418260135,4.5555301141299935,63.88648000029207,1728.6615089997213,extra_dim,192
jgJdnp-100-135873-177809-247007-67455-332402-185152,1404,5.84045584045584,0.0029392531141638756,19.133007,19.369432,0.20344172,0.1646209,3.774145762125651,3.7981565475463865,4.589924183822524,4.604322868180034,109.91946399917651,2571.415057000195,extra_dim,192
m8mjCs-533-485468-283456-486330-442126-2757-12865,1636,22.677261613691932,0.0013069127453491092,10.4317665,9.456826,0.8725453,0.62954694,1.3022109270095825,1.3382889827092488,4.322580805390026,4.348050069933868,489.04158099867345,13514.380757998879,extra_dim,192
pRaNDw-627-181149-276516-426805-281965-56896-235375,1894,4.7518479408658925,0.002972227055579424,15.435612,15.391765,0.2716286,0.20588599,2.125463064511617,2.0287392854690554,4.581704669499967,4.587462264043623,87.31558100043912,4451.618717999736,extra_dim,192
U5aQJe-592-437270-129013-295308-406364-103913-497087,1550,4.451612903225807,0.001561999088153243,15.847844,16.319195,0.27434295,0.20166771,2.414079221089681,2.3982715288798016,4.6409801071028225,4.657226895436798,302.37960199883673,2901.0341899993364,extra_dim,192
3e1Tjp-199-462328-423751-38597-248646-74769-2009,1395,9.46236559139785,0.002225166419520974,16.03666,15.85637,0.41212192,0.33318093,1.3950878381729126,1.4464170376459757,4.484303044599239,4.441784476241512,120.36800100031542,4680.169642000692,extra_dim,192
SSYQ1w-650-275802-13671-144360-112336-104867-157595,503,5.36779324055666,0.0031455422285944223,22.67534,22.274529,0.1684406,0.1459298,3.860021448135376,3.820513900121053,4.5470761615207005,4.541162855964041,25.26688199941418,620.748918998288,extra_dim,192
JCRPTw-618-129107-479691-343332-355104-157595-129013,1894,30.517423442449843,0.0062578716315329075,6.6263113,5.7698445,1.1874682,0.8778979,2.0732983191808065,1.9985307375590007,3.8653402570460136,3.9172514759397594,557.3183610013075,19472.937773000012,extra_dim,192
BThtKf-463-324456-428876-160668-329895-295308-99711,1722,31.3588850174216,0.001240023411810398,5.8819065,5.23419,1.331444,1.0139256,1.1263056119283041,1.1158703565597534,4.185724374892751,4.214865273401967,743.4372890002123,17533.996254000158,extra_dim,192
BNXFqp-404-184495-450557-10737-129636-497448-379538,712,3.089887640449438,0.0009845345048233867,13.905951,12.558226,0.2267481,0.19292136,1.9056662638982138,2.0362218221028647,4.589375703620041,4.630571861013636,37.21412800041435,649.3330989997048,extra_dim,192
7HBFIp-071-294604-416172-427818-181149-278609-175927,1141,7.887817703768624,0.003979463595896959,20.160704,20.25749,0.3135011,0.19436355,3.96023006439209,3.952901283899943,4.526084201906769,4.535912154041815,100.0133370016556,2458.9577830010967,extra_dim,192
fS0Vwp-324-274170-461984-129889-218396-366126-128329,1773,16.130851663846588,0.001755136763677001,13.344982,11.984398,0.61114293,0.45008612,3.5031380653381348,3.547071679433187,4.316105640893601,4.375950738489413,369.54880000121193,8866.205003998402,extra_dim,192
MJEnPs-553-484336-261033-237079-274170-257745-343308,1636,5.990220048899755,0.0014303416246548295,12.401481,12.419508,0.33272198,0.288987,2.037194752693176,2.094805709520976,4.641032855548493,4.651488044363942,103.40645699943707,2520.1510229999258,extra_dim,192
noHubp-343-163645-17243-410906-219243-161307-221798,1638,6.654456654456655,0.0025536506436765194,14.822805,14.371114,0.37398168,0.25943622,3.106899627049764,3.002982505162557,4.622453066006352,4.630462108848523,144.98646299944085,2860.2519320011197,extra_dim,192
4sBV1s-535-160927-255765-139119-167772-460359-377902,1636,11.98044009779951,0.0018671865109354258,12.989962,13.377004,0.5009083,0.35014176,2.667508665720622,2.6660476207733153,4.522751318756581,4.5628415302362395,279.7269889997551,7309.859218999918,extra_dim,192
IZG94w-666-98443-418034-470600-161118-288253-129889,1707,7.147041593438781,0.004833240993320942,16.788,15.97754,0.2884472,0.25315273,4.019069862365723,3.583358875910441,4.477831873241493,4.442148230555379,110.23793499953172,4071.2061499998526,extra_dim,192
9hvMUf-482-498788-113105-17243-63022-21827-338584,1318,11.077389984825494,0.0011917749652639031,10.912012,10.77746,0.53487635,0.42472503,2.580200942357381,2.5015406449635824,4.598505160421572,4.580162884723467,139.76020499831066,4725.8014070012,extra_dim,192
TkK5fp-380-229618-476225-311495-339484-11995-7708,1573,6.039415130324221,0.003558315569534898,14.526777,14.261959,0.29879102,0.22499044,3.548336950937907,3.603649711608887,4.594557560620241,4.602992913805275,88.08360200055176,3505.3276429989637,extra_dim,192
9f3Qjw-657-129013-78427-348770-228203-60643-7188,839,7.866507747318235,0.0029710158705711365,15.553843,15.253228,0.3486427,0.24862461,2.3183523178100587,2.3721395174662274,4.507710464720045,4.524208271699366,61.159960001532454,1958.596894000948,extra_dim,192
mZAhvp-320-51581-316080-475285-152880-108378-407790,2240,19.732142857142858,0.009975253604352474,16.061491,18.521002,0.68648356,0.5829149,2.347256406148275,2.6972906748453775,4.58439827221469,4.325764071960606,466.56535799957055,13943.720575000043,extra_dim,192
aVIkMi-504-436373-35788-166684-274170-363774-493700,826,3.753026634382567,0.01687152311205864,16.454103,15.347071,0.20937474,0.18658505,1.3541095495223998,1.3775635242462159,4.696814903727077,4.683349894273611,51.97481399954995,1920.835248000003,extra_dim,192
wD39yw-617-350336-91230-365075-384274-339484-27577,918,4.139433551198257,0.01175561361014843,15.297466,15.300361,0.21325378,0.19599621,2.423860295613607,2.3795409202575684,4.633249991966422,4.641154266652162,50.950853001268115,1546.1518879983487,extra_dim,192
WWYmkp-135-247007-450251-229950-249772-273892-186349,1032,18.7984496124031,0.02265731431543827,12.588368,12.421665,0.6927085,0.4887545,2.7943604151407877,3.107421048482259,4.317640342161834,4.386408908948982,257.61915700059035,5755.864413000381,extra_dim,192
1Q0zzp-067-496080-227228-300626-311379-247007-1214,1044,3.4482758620689653,0.020670078694820404,33.36007,32.267395,0.094480574,0.093900405,4.2393485387166345,4.216124693552653,4.721836327898162,4.720857407281273,32.568258999162936,778.1220380002196,extra_dim,192
9Mkadp-302-273892-209608-109841-324591-494783-498752,1917,13.928012519561817,0.008960635401308537,13.565732,13.354389,0.48905134,0.39370763,1.533835498491923,1.6707283973693847,4.523820769392966,4.532847920758614,300.7129919988074,8271.800205000545,extra_dim,192
ui9aDp-122-292323-379538-386883-287427-306759-88721,1070,4.579439252336448,0.009513289667665958,18.80299,18.736406,0.20912604,0.1660673,2.9183953603108725,3.0306892077128094,4.666329571813782,4.664754056588901,62.95938900075271,1387.2088810003333,extra_dim,192
YLEXwp-335-240298-183720-447487-129636-202035-44660,1633,4.776484996938151,0.019239043816924095,17.865713,17.061014,0.20806266,0.1987077,2.5491628646850586,2.2668012777964273,4.689141285337481,4.669198937149563,108.21397499967134,2693.4583660004137,extra_dim,192
6TUCvp-352-108130-78807-55646-250174-386302-414547,1874,14.300960512273212,0.02210024558007717,14.737605,15.06997,0.53240377,0.40226674,2.2353986422220866,2.73916015625,4.354040272911906,4.361058351751646,365.14229199929105,9333.566860999781,extra_dim,192
DfzVIp-175-379354-103913-25062-384031-343308-295308,1232,6.737012987012987,0.007324743550270796,17.809603,17.75118,0.2573196,0.2252549,2.1094973643620807,2.07000420888265,4.589244518067653,4.488878742073609,131.724207998559,2998.453846999837,extra_dim,192
YuwChp-152-8651-147603-379354-29563-62919-345238,1842,8.360477741585234,0.018081096932291985,23.204372,23.098988,0.3209239,0.20060645,3.6960702578226727,3.8671075820922853,4.544315310871614,4.561292834474859,355.0791039997421,4634.534327000438,extra_dim,192
QpHWMp-383-149498-238364-156368-402653-484336-426805,1642,21.74177831912302,0.02199472486972809,11.267647,12.611114,0.92388874,0.64940435,3.156123971939087,3.2188722292582193,4.6228716024692265,4.584813115841278,379.45878699974855,11416.720765000719,extra_dim,192
RkoxIi-499-395609-17243-276516-68344-191485-476225,1053,19.183285849952515,0.013668406754732132,6.556141,5.544822,1.1518602,0.6642219,1.5224454243977865,1.7647590557734172,4.344415920484375,4.296368586671819,195.88890700106276,7059.397999000794,extra_dim,192
avuTLe-585-474206-355130-317191-361413-333474-248785,1550,11.806451612903226,0.014499159529805183,10.601878,10.912661,0.49684414,0.51338285,1.375466235478719,1.530768132209778,4.488317132253043,4.504204345048199,200.78868500058888,6132.726779000222,extra_dim,192
RXuyap-339-457067-332402-329331-281965-472051-353502,1386,8.441558441558442,0.022795502096414566,19.727858,20.221695,0.27923456,0.28053552,1.5177578290303548,1.5644537369410196,4.704666614957401,4.569285463612542,154.3353599990951,4304.71326299994,extra_dim,192
cfSfbp-363-68221-13671-186349-322947-197606-339484,1688,12.855450236966826,0.020284058526158333,21.09061,21.90734,0.3889866,0.34362802,3.267150640487671,3.4738852341969806,4.679459443594262,4.681208753305068,199.9549649990513,7632.128113000363,extra_dim,192
jM2z5p-212-362995-350336-202035-87506-239730-207508,960,3.125,0.008350489661097527,27.958363,27.756903,0.12963045,0.08982652,3.294270054499308,3.477818171183268,4.727480723823026,4.726293359728032,27.788682000391418,724.5810150016041,extra_dim,192
HxFzMp-357-24999-343332-90733-489807-316694-345238,1056,12.68939393939394,0.008049515075981617,18.581293,15.261206,0.42056188,0.41835538,2.7018221378326417,2.6266544818878175,4.673196866121517,4.620379286857006,265.1794929988682,5092.55181700064,extra_dim,192
rllgnp-282-21827-2985-183720-67455-409746-330730,1398,18.812589413447782,0.014075466431677341,13.474216,12.976346,0.7731368,0.529757,1.3684839169184366,1.3913966258366903,4.263632864235429,4.243702344952717,285.92050800034485,8871.790709999914,extra_dim,192
IJui6p-278-140209-424453-325632-318907-448869-125189,879,26.39362912400455,0.012646407820284367,7.748673,7.394133,1.0827004,0.7672467,2.9853895982106526,2.995458968480428,4.2169160149961815,3.8895138823013524,232.90382500090345,6763.405325000349,extra_dim,192
riuiap-287-319764-286732-35325-55646-391852-1246,1806,5.038759689922481,0.016919877380132675,17.222301,17.54934,0.23194946,0.18711744,2.664203993479411,2.783220879236857,4.647646496409147,4.669479204262994,86.40986200043699,3158.623704999627,extra_dim,192
9OkIKp-409-379354-383479-166684-320846-480197-361413,1633,3.1230863441518677,0.018505295738577843,31.337334,31.567749,0.091270305,0.080626,2.4699551105499267,2.7041769504547117,4.665635417347548,4.66441312521838,45.11763499976951,1616.6089760008617,extra_dim,192
vTx6Wp-073-38459-458554-472051-230200-332402-365346,1099,10.009099181073704,0.006727493368089199,14.675657,14.702119,0.3752161,0.29885456,1.7571603218714396,1.8845444917678833,4.495697007940534,4.481476473268891,127.58507800026564,3916.858938000587,extra_dim,192
9aa0Fp-331-427818-479691-112336-420765-462193-379354,1488,11.491935483870968,0.015810392796993256,16.28633,17.176188,0.5072047,0.31364378,2.4290992259979247,2.414450724919637,4.677423054522438,4.682047955487274,260.1640450011473,5530.166205000569,extra_dim,192
Od9CNp-327-140209-326180-101992-35325-166792-451954,1953,10.39426523297491,0.014821072109043598,14.787352,13.760521,0.3971487,0.35108808,2.1881925582885744,2.2838618755340576,4.657583162318235,4.666710576908487,264.10667399977683,6129.319759998907,extra_dim,192
2TcsGp-297-152880-78575-467697-23535-316694-24999,2415,13.250517598343686,0.007391820661723614,14.661409,14.598318,0.49468493,0.34338486,2.6181222279866536,2.88913901646932,4.595241211039703,4.565934462607527,314.2497779990663,11200.846752999496,extra_dim,192
IJFPZp-340-90733-100179-99711-247588-402653-355130,1491,3.35345405767941,0.00944688729941845,13.109055,10.971087,0.27066353,0.23944353,1.7618014574050904,1.7874085108439128,4.702995872620672,4.698294465529676,46.01599399939005,1757.9255290002038,extra_dim,192
sNYM9p-246-47619-361413-1214-155820-418901-176776,965,28.808290155440414,0.011091777123510838,7.8080597,8.151175,1.0555995,0.98005176,2.1473689397176106,2.2542839527130125,4.533365121943966,3.9137102744697163,264.862695001284,9536.6307029999,extra_dim,192
OI5Azp-257-60643-225888-294604-334833-14787-125459,1203,4.904405652535329,0.01875906065106392,15.820219,15.1296215,0.41794845,0.23816812,1.511678695678711,1.6053909063339233,4.580817555239697,4.589490287359147,87.6217609984451,1838.4157340005913,extra_dim,192
vhQX3p-288-256377-386883-276335-177955-380077-80661,2229,2.4226110363391657,0.0165446437895298,16.093124,15.955583,0.20495124,0.16863407,2.2498600482940674,2.1984406153361005,4.689578836353446,4.688567785122902,79.84397400105081,1596.4091229998303,extra_dim,192
d4LtRw-656-379354-74769-192385-202921-93885-62534,1673,9.145248057381949,0.009153828024864197,13.490732,13.219702,0.359409,0.3056905,3.41589142481486,3.3103159427642823,4.48548012931255,4.487486080470624,190.9721880001598,4931.739077999737,extra_dim,192
dc4C1p-319-469130-53129-287943-116061-476924-448907,1529,17.658600392413344,0.017503265291452408,18.827799,17.506939,0.7996338,0.41549063,2.4836988925933836,2.526785405476888,4.708202856060506,4.706001391811256,343.11004799928924,10131.848988999991,extra_dim,192
PSLbbp-359-11995-156368-348733-154883-123704-497426,1430,11.888111888111888,0.021002519875764847,11.3034935,9.86363,0.58161503,0.48560688,2.377391004562378,2.5677504698435465,4.664932814498611,4.66063215814906,168.20506499971088,5407.019444999605,extra_dim,192
zVlcap-263-274542-472051-376372-248785-476225-35325,1292,4.102167182662539,0.021863481029868126,16.587538,16.319115,0.2008603,0.17814876,1.30367697874705,1.2730565945307413,4.693972687653155,4.68721793320762,66.79916800021601,1603.6541590001434,extra_dim,192
rpdA0p-089-193291-347380-224170-426805-310105-489070,1279,8.913213448006255,0.00744014885276556,13.007143,12.294154,0.3873678,0.32774124,1.9565190951029459,2.09513943195343,4.485632298573104,4.491374936186409,161.56808699997782,3954.942356000174,extra_dim,192
O7tsRw-671-38597-125620-126584-128202-343308-240298,1734,7.035755478662054,0.009212201461195946,15.01669,14.984065,0.33534142,0.23841877,3.195113182067871,3.1134541511535643,4.519910693255767,4.534993128022131,115.73861200122337,3564.664252999137,extra_dim,192
mCLt3p-410-320846-476924-422977-274323-99711-177809,1085,1.4746543778801844,0.022891782224178314,27.080462,27.1785,0.06165758,0.054431576,2.3226650238037108,2.3365670522054036,4.72857239446706,4.727019884993688,15.97672499883629,404.5427689998178,extra_dim,192
jFujMp-258-2985-422977-276516-270302-316694-390385,1887,7.790143084260731,0.008067467249929905,18.815329,18.647713,0.30140248,0.21408348,3.5551690260569253,3.568176571528117,4.605965873778748,4.552367634766696,153.51449999980105,6018.887745000029,extra_dim,192
uIq5Cp-346-271293-199372-348733-164849-450557-397909,1966,2.899287894201424,0.015138654969632626,17.30279,17.11499,0.18181671,0.1539497,2.6489262421925863,2.7359974225362143,4.700747365436689,4.7027930955884605,78.47918500010564,2436.790928000846,extra_dim,192
2HNvip-384-377039-229618-315211-103130-162269-274323,1838,4.243743199129488,0.014237921684980392,22.378986,22.087658,0.20657907,0.15410219,3.8312108357747396,3.821371857325236,4.710916636336664,4.698578087554232,167.32492599840043,3170.1781100000517,extra_dim,192
hImnha-010-474206-125620-494783-410307-474929-314040,1033,9.390125847047434,0.04484827443957329,13.557773,13.320459,0.32787618,0.6696115,1.5358442624409994,1.6716622829437255,4.65262383465313,4.3705226246123825,129.33233799958543,3800.691356000243,extra_dim,192
fiBRvp-155-14754-379538-407950-108056-495971-270302,1409,17.033356990773598,0.03848577290773392,9.928804,10.351981,0.7069858,0.5577736,1.818860411643982,1.785903557141622,4.233622615494482,3.9634139199736036,512.2304930009705,9399.382568000874,extra_dim,192
QzAg3p-413-374393-31166-163645-409369-10737-129013,973,10.38026721479959,0.0511818453669548,24.905245,21.734215,0.30758193,0.2539287,2.181648031870524,2.285474920272827,4.698244020481214,4.675363862429858,116.78200300048047,4497.142307998729,extra_dim,192
JLBTXp-060-194617-60643-435517-420765-124439-152419,1024,10.44921875,0.024550464004278183,15.368834,14.637164,0.6654778,0.3111557,4.766666380564372,4.647077814737956,4.624788686761639,4.627664403581581,383.9195139989897,3754.2888110001513,extra_dim,192
k4Lvzp-329-270302-101992-248785-163995-27791-469130,1701,7.642563198118754,0.051412247121334076,16.719282,16.723017,0.33227268,0.26879784,2.642042032877604,2.612506659825643,4.708627577537591,4.66902296149255,118.68717099969217,3970.607920000475,extra_dim,192
ZgJsyp-189-209061-292564-111916-92870-126584-280816,1939,5.002578648788035,0.0409746915102005,19.276077,19.120747,0.23214561,0.18202846,1.5710614840189616,1.5472972631454467,4.687502847734555,4.669699686626547,94.99098800006323,2970.2713459992083,extra_dim,192
G50hup-092-363552-123056-229618-481410-299323-332402,1114,6.463195691202872,0.028861256316304207,23.805428,24.537987,0.2422613,0.1581869,4.145254453023274,4.2622176806132,4.63629779743915,4.648673850314284,66.99466799909715,2125.8225090005,extra_dim,192
8b8sWp-275-88756-348733-183720-134118-226233-129107,1202,3.577371048252912,0.031784262508153915,21.321295,21.488726,0.1575843,0.13657802,3.536392339070638,3.5888521830240885,4.720703277845885,4.71728590315911,51.037953000559355,1209.4263070011948,extra_dim,192
vOT8yp-371-205293-131237-111916-212842-29563-288077,1254,6.220095693779904,0.025580398738384247,16.60788,17.5648,0.2582212,0.26693562,3.0096798737843833,2.9521790504455567,4.680692865462525,4.593490629603776,112.04430399993726,3032.0003750002797,extra_dim,192
qmNVhp-128-78575-68344-44660-128101-103130-334242,1283,4.75448168355417,0.03182704374194145,24.304113,25.502789,0.20789178,0.13296284,2.2943176587422687,2.3868016401926675,4.637656057488569,4.598561037569895,91.06573099961679,2909.720374000244,extra_dim,192
8wAd8p-068-329159-165684-202035-119460-330730-447487,1209,11.41439205955335,0.0299910269677639,16.852203,16.772507,0.4562007,0.29190224,3.4188905080159504,3.5128231684366864,4.503118616901739,4.50577230121333,163.1477070004621,5046.6808900000615,extra_dim,192
tXap2p-281-298969-9753-281965-457067-162269-329331,1012,6.8181818181818175,0.026187583804130554,16.202314,16.444311,0.28196773,0.22549371,2.7899771690368653,2.796762736638387,4.690492578676101,4.670413238373214,83.60015200014459,3275.019575999977,extra_dim,192
fdXdMp-313-165684-111916-348770-380077-145384-347380,1440,12.777777777777777,0.03389327600598335,17.359941,17.66725,0.48456398,0.37681353,2.871316687266032,2.596866575876872,4.672462107428443,4.600577087655467,193.64830700033053,5548.569046999546,extra_dim,192
Jpj5sp-423-369034-108056-487747-295308-1246-219243,1468,8.583106267029974,0.05191738158464432,20.082489,18.300488,0.37331012,0.25456926,3.59151291847229,3.758607006072998,4.69352568079279,4.663719842094308,121.67224099903251,3372.575733999838,extra_dim,192
maM4mp-267-195572-141428-108130-299323-8651-456735,1158,7.512953367875648,0.0453246608376503,27.733526,29.13,0.2350327,0.15846312,3.2825995445251466,3.3603911876678465,4.723503959708182,4.712528470189805,80.21829400058778,2281.686587999502,extra_dim,192
Aal0cp-183-209061-91230-492922-2757-317191-461984,990,4.545454545454546,0.0922110378742218,18.354628,18.388498,0.21041457,0.173701,2.1236548741658527,2.0267566363016765,4.650460521939229,4.646827563442463,41.43305599973246,1002.3299339991354,extra_dim,192
m5rDOp-062-377273-156368-185152-188815-186260-486330,1445,11.003460207612457,0.02404632605612278,17.547237,16.08839,0.41772664,0.2833329,3.575259478886922,3.6289021968841553,4.508578510270506,4.5521436713701835,261.04867499998363,5163.670591000482,extra_dim,192
IIhdup-184-282845-322947-195637-315211-10737-386302,986,6.896551724137931,0.07097651064395905,22.143894,22.164068,0.3042605,0.18545948,1.3782355229059855,1.515728219350179,4.605876088971869,4.636830346435059,85.41363199947227,1922.1183549998386,extra_dim,192
eiJpip-223-216978-247588-305230-165168-65123-203381,1402,10.556348074179743,0.04873007535934448,17.102797,17.118357,0.39905205,0.30663842,1.4596957683563232,1.3758763631184896,4.527030886930147,4.453224036693067,137.6085249994503,4741.291448999618,extra_dim,192
uYOkKp-107-143976-376902-185152-437215-90733-10048,968,4.338842975206612,0.029287779703736305,22.634523,23.114326,0.16011573,0.12954211,3.2165586312611896,3.341628344853719,4.631941916577382,4.612049834636184,40.43265799919027,1123.9141729984112,extra_dim,192
DWrC0a-013-57191-1214-242009-327883-379538-476225,1033,12.100677637947726,0.0352642759680748,10.005796,10.225878,0.54785377,0.5137404,1.3001754681269329,1.3627705971399944,4.561323759811528,4.35589036774024,248.88350000037462,4491.13215000034,extra_dim,192
6maFGp-305-129013-193291-68221-152880-38506-163335,2424,17.863036303630363,0.02638908289372921,18.74667,20.899572,0.609935,0.45973215,3.511404005686442,3.7481202284495034,4.665939507050009,4.652444486003592,965.023945998837,14933.387125000081,extra_dim,192
fZg66p-070-68221-216978-377273-239730-53784-3467,994,29.577464788732392,0.03719060495495796,19.112495,20.235178,0.89548093,0.6264465,3.4576848189036054,4.110800790786743,4.589755862149473,4.564010911786245,537.8402440001082,9064.377933998912,extra_dim,192
CF7Gnp-165-481033-25721-175927-209061-312468-108378,1919,17.509119332985932,0.03301472216844559,13.6370325,13.722067,0.6414042,0.43410596,3.2989503542582193,3.3127024173736572,4.353590922385093,4.317216130830036,485.21895200065046,11135.58163000016,extra_dim,192
tTMeWp-326-264357-280816-2985-25721-189658-311379,2359,8.902077151335313,0.04867259040474892,24.603111,25.7162,0.30666515,0.24195917,3.3623356024424234,3.4213229020436606,4.699473434845043,4.707353263359526,290.3714559997752,6315.316635998897,extra_dim,192
kDEiGp-268-254920-474864-52991-170820-165168-328121,1029,24.101068999028183,0.09233691543340683,7.481249,6.8131976,1.435391,0.78513736,1.9025790214538574,1.9938454548517863,4.587661323055561,4.517047978333407,236.64769400056684,8197.724773999653,extra_dim,192
rkSMcp-349-162269-339484-74769-12865-363552-41411,1411,14.386959603118354,0.02514478750526905,17.496876,17.638605,0.48548928,0.43709445,1.6773105621337892,1.661267630259196,4.6925542952178745,4.491679326189631,313.7469380017137,6465.657577999082,extra_dim,192
FZwvbp-205-349816-138959-261033-383479-409369-152140,1111,28.26282628262826,0.03914736211299896,13.984415,10.674101,0.90216964,0.81667405,2.3762049357096355,2.271108611424764,4.601586732844624,4.306658127431723,425.7087109999702,11432.078603000264,extra_dim,192
ie6iSp-097-407790-253414-334074-464643-167361-80351,1395,3.942652329749104,0.03198687732219696,29.358517,29.481192,0.111546,0.090912946,2.4941172281901043,2.376681598027547,4.646009034134254,4.651166283925363,52.8993719999562,1332.9008659984538,extra_dim,192
Q1VJ4p-396-67099-191485-442126-324310-384031-392966,757,0.5284015852047557,0.04145583510398865,51.23353,49.64032,0.014046588,0.013098523,2.5704949537913007,2.5550474325815835,4.731599866498152,4.731293226467493,4.651449000448338,117.81613199855201,extra_dim,192
BLAVyp-401-374393-353502-276516-464643-247007-280816,1578,17.743979721166035,0.0333615206182003,11.11269,11.267823,0.69909114,0.49296895,1.3718889633814493,1.330368415514628,4.606779313253077,4.557172638058406,336.4004400009435,10722.297783999238,extra_dim,192
qx9MPf-447-243466-253414-78108-327883-41798-186349,1722,15.911730545876887,0.0489613376557827,8.238539,8.106216,1.0512453,0.853049,1.5905903100967407,2.0930636326471963,4.220144456227342,4.213815873257865,266.2439539999468,10898.121336000258,extra_dim,192
4fsgkp-253-311495-209061-229618-287427-276516-38459,1013,6.811451135241856,0.02615589275956154,17.052288,17.134968,0.29696995,0.2127986,2.9037164370218913,3.070028320948283,4.68720195239985,4.67022571570394,64.71788899943931,2676.0438599994814,extra_dim,192
u3JmNp-105-377036-373629-177809-287789-419538-221798,1057,9.082308420056764,0.03273187577724457,12.926691,12.025289,0.57027316,0.33017546,2.489979124069214,3.0086686929066975,4.656996026309465,4.6330353862767435,170.03737399863894,3596.0298009995313,extra_dim,192
7gnoMp-243-13140-469001-90733-352371-418901-62534,1349,14.381022979985175,0.03019716590642929,12.27373,11.947306,0.72963315,0.4625292,1.961505643526713,2.361615800857544,4.645852712511162,4.584981306492772,323.85050499942736,9575.29818599869,extra_dim,192
WYTgYp-403-306759-7708-254913-153980-163947-460359,1450,4.206896551724138,0.0560128353536129,16.640198,15.793138,0.24237396,0.2061327,3.6588303883870443,3.386035935084025,4.6873899086719,4.658724608228898,61.27029999879596,2628.390435000256,extra_dim,192
zRlcSp-181-25062-53784-123056-333757-268363-211084,1709,6.1439438267992985,0.025759130716323853,17.78879,18.262321,0.27520964,0.22455978,2.36761310895284,2.4614712556203204,4.661818341627447,4.516589534606598,293.9989250007784,5036.717872000736,extra_dim,192
TaYTvp-415-63022-179855-481410-392966-38597-437270,762,4.593175853018373,0.03335783630609512,21.548805,21.409018,0.24154069,0.15706806,2.7043925444285075,2.6377359867095946,4.70684488053518,4.682333986848471,119.62034200041671,1207.9654080007458,extra_dim,192
9kbanp-261-50416-108056-469001-231167-334074-209061,1007,5.958291956305859,0.026795921847224236,13.741137,14.35817,0.33315936,0.25170428,2.083075189590454,2.138323179880778,4.671984824184099,4.641108218972931,89.48629000042274,2713.842907000071,extra_dim,192
DLZvmp-426-78108-128329-469130-165684-261033-84004,868,7.71889400921659,0.026906199753284454,22.287199,22.840279,0.267726,0.20277894,4.124436664581299,4.312036800384521,4.6975405048174235,4.672372159848507,201.67422400118085,3537.7996589995746,extra_dim,192
i0Ocoe-610-395609-211084-211212-108056-187519-202035,1390,9.784172661870503,3.9601487515028566e-05,11.907344,11.506477,0.43712696,0.4263111,1.9807145675023397,2.0976627429326373,4.6291864938996365,4.611991805815419,438.4564070005581,5292.999618999602,extra_dim,256
PBDVAf-465-366971-117533-197606-160943-60681-25579,1722,3.426248548199768,2.0712036530312616e-06,18.292229,17.949697,0.23202527,0.15374897,2.440983438491821,2.557839361826579,4.698361241065896,4.70246388823932,153.17845099889382,2352.603414999976,extra_dim,256
sF1D5f-429-45816-14754-487747-347380-61770-187519,918,1.4161220043572984,6.66032019580598e-06,24.44318,27.139404,0.08221987,0.05961765,3.146602471669515,3.134371058146159,4.728472634123676,4.727926043033548,59.602360999633675,911.8999830006942,extra_dim,256
8lHaxa-001-437270-91230-96853-392966-377039-493700,1033,8.712487899322362,1.6546022379770875e-05,13.514023,13.834819,0.41080666,0.31140885,1.7094915946324667,1.6158609867095948,4.661065424482914,4.54736508825705,90.88549999978568,2851.3001020000956,extra_dim,256
wH6bMa-009-144175-39168-315211-114587-333757-10048,1033,7.55082284607938,4.100139267393388e-05,13.704149,14.038825,0.5338286,0.3194684,1.5429739952087402,1.51091361840566,4.516186893973068,4.544955673939514,74.68475499990745,2546.786491999228,extra_dim,256
l3Lvae-611-211084-218396-212842-198509-334833-311379,1390,4.244604316546763,4.941728548146784e-05,20.58277,21.33342,0.17252485,0.17898971,3.3117348670959474,3.3653420289357503,4.708537053697316,4.699682956651573,69.26579799983301,1926.5311029994336,extra_dim,256
cmHjrf-493-348077-309854-224170-458554-202179-472051,1722,16.144018583042975,0.00013046321691945195,8.468179,7.930484,0.7531821,0.75627357,1.2172137022018432,1.2364959398905435,4.378886082997925,3.9838897013835393,391.1321530013083,8853.564598999583,extra_dim,256
9srcUf-448-162832-472051-219243-152140-401183-304828,1722,11.091753774680605,7.126033096938045e-07,10.050098,9.4741955,0.5897657,0.687761,1.432697065671285,1.5607809702555338,4.605813496727177,4.600920297337031,305.4756700003054,5868.708451000202,extra_dim,256
pMchYa-011-461984-248646-131237-259340-281965-474206,1033,3.291384317521781,7.092276973708067e-06,17.46952,17.738592,0.19023593,0.18159561,1.5089792092641194,1.4930407524108886,4.69528000716387,4.646551354141968,46.247113999925205,965.7282259995554,extra_dim,256
rqqrUf-476-372299-90733-207508-318838-254913-53278,1590,15.786163522012577,1.0736808690126054e-05,10.380422,10.339594,0.7055066,0.67190933,2.6965795516967774,2.919071928660075,4.621659384218426,4.490664323794805,232.55267500098853,7202.291886000239,extra_dim,256
KWj8Li-521-358526-235375-78807-67455-237079-21827,802,14.588528678304238,5.653791959048249e-05,8.791109,8.64161,0.8903491,0.48309866,2.0271123250325522,2.7283907572428387,4.32337988474391,4.3240538652887865,120.74120999932347,3214.265943999635,extra_dim,256
LIJKja-026-447487-148409-188815-38506-78427-479691,1033,5.517909002904163,1.2104389497835655e-05,13.067018,13.003927,0.32413125,0.29003415,1.3491196235020955,1.418591594696045,4.643619127708566,4.5922522439280575,55.60661199888273,1415.7255299996905,extra_dim,256
P4ZKje-597-228203-427818-407728-174918-211212-250174,1550,22.967741935483872,0.0001234940718859434,7.6027403,7.915809,0.9570301,0.7662607,1.3981234629948933,1.533987005551656,4.3770460823645125,4.363959460989576,340.691200000947,14368.071913999302,extra_dim,256
zoFKbf-438-268009-220507-287943-286732-24538-454712,1653,12.583182093163945,5.697601750398462e-07,10.96135,9.285379,0.56906974,0.5502569,2.0371494849522906,2.1664393107096354,4.578145653170761,4.49075386372288,205.82826300051238,8996.211652000056,extra_dim,256
FPRIpe-578-474864-126584-425422-304828-148409-10737,1550,9.096774193548388,7.081195508362725e-05,11.283905,12.784343,0.4145743,0.42431355,2.8209664662679037,3.0242456912994387,4.630203251015263,4.539280149354386,129.86729800104513,4639.942210000299,extra_dim,256
Th8NDe-613-23535-495997-395609-270487-329331-383770,1390,14.100719424460431,8.22431466076523e-05,10.121912,10.596058,0.56476474,0.6291112,2.574854866663615,2.7051929155985515,4.5746080787653485,4.561927692581594,213.59063999989303,8836.427226000524,extra_dim,256
KFAl8f-427-406364-361413-456735-410307-286869-348733,1722,18.641114982578397,5.997956031933427e-05,9.777552,9.621012,0.71915466,0.58659714,1.6427222887674968,1.6632033507029216,4.269815742530234,4.322062186872255,517.8795409992745,13880.120763000377,extra_dim,256
rn9v1e-583-369034-383770-175927-399756-390385-383479,1550,11.67741935483871,1.7469614249421284e-05,12.664385,12.704966,0.44971466,0.43475953,2.6982701778411866,2.8400879383087156,4.6123870592569265,4.504386372730302,222.57285799969395,7291.634946999693,extra_dim,256
SnJBwf-434-37928-376902-480197-51581-328121-350223,1378,5.732946298984035,1.790127271306119e-06,15.261512,15.352707,0.33178067,0.2627561,1.9649444103240967,2.047430419921875,4.675294923154339,4.677107554302416,108.90890500013484,2254.786026000147,extra_dim,256
amZyRf-444-7708-476924-468905-275802-405424-380077,1722,2.5551684088269457,3.279495786046027e-06,17.278297,17.139217,0.16742802,0.17637473,2.0050584157307942,2.01871927579244,4.703186460007823,4.692168397690395,45.315466000829474,1182.4422949994187,extra_dim,256
a4WwUa-043-141142-113619-397909-469223-287427-421926,1033,26.427879961277835,3.878655479638837e-05,6.3942757,6.5495844,1.1326894,0.8960251,1.1958677848180135,1.287016177177429,4.199082649837883,4.221355945941991,294.85431400098605,12168.841940001585,extra_dim,256
mvvOnf-472-106-135410-148409-334242-45816-353502,954,4.5073375262054505,4.8512858484173194e-05,14.58519,14.302701,0.2906843,0.26131383,2.7026483535766603,2.829274050394694,4.634779976769649,4.643266685757791,48.32938499930606,1318.47980099883,extra_dim,256
oRqMra-058-167772-480197-43889-36331-135873-265166,1033,2.904162633107454,6.2980648181110155e-06,23.074532,23.449768,0.15264845,0.09841854,3.1675354798634845,3.227863804499308,4.723307442353821,4.7197860532049605,31.769729999723495,864.0813089987205,extra_dim,256
1rIrKa-023-409746-287789-276335-17243-340579-260428,1033,1.6456921587608906,1.7720502000884153e-05,19.557907,20.898998,0.122223146,0.10064451,1.6349756479263307,1.64413640499115,4.714325185576337,4.722278675384973,82.36675199987076,2039.1120269996463,extra_dim,256
xX6Wce-607-140209-262731-151331-7708-427818-497426,1390,3.741007194244604,2.83738954749424e-05,19.298883,19.122536,0.16479601,0.17550175,2.9815236886342364,2.977082045873006,4.714322061292057,4.709642771860491,180.45013200026006,2948.046859999522,extra_dim,256
3hvoVa-051-2307-202921-218396-175927-14787-464643,1033,5.324298160696999,1.6514632079633884e-05,16.275755,16.730091,0.29833236,0.22396843,1.594977847735087,1.6556784550348917,4.674568006718877,4.6587224243337,57.87513100040087,1707.9104940003162,extra_dim,256
87hwjf-487-426805-60643-437215-160943-182650-407728,1181,5.080440304826419,1.0143882036572904e-06,13.389599,11.699849,0.3098049,0.377391,1.434889006614685,1.4405944267908732,4.673146936042259,4.618496798115058,76.78161599869782,2144.3145709999953,extra_dim,256
98pQ7f-492-161118-44660-2985-495997-227228-191485,1722,3.948896631823461,3.370679678482702e-06,20.071096,20.118437,0.16291912,0.18673559,3.277223014831543,3.139191214243571,4.697423498439321,4.5873264240641145,117.71050199968158,2893.3647779995226,extra_dim,256
9a98Kf-464-298969-472051-292323-179462-78575-496080,1181,7.281964436917867,5.5254073231481016e-05,13.93914,14.516305,0.34884915,0.26279876,2.982869052886963,2.941958999633789,4.394738498587774,4.476071221093341,140.31619500019588,3747.2896590006712,extra_dim,256
WVKBPa-017-469001-13769-309009-430207-5054-14754,1033,3.581800580832527,4.264206836523954e-06,15.483041,15.652893,0.2134435,0.20789349,3.608244228363037,3.6619446754455565,4.698459316092803,4.660961099442831,38.61137800049619,1488.961916000335,extra_dim,256
k2rvsa-021-181149-117176-94351-2985-340579-209061,1033,4.162633107454018,1.384729148412589e-05,18.363033,15.669632,0.29445732,0.20242357,1.8980374256769816,1.9469537734985352,4.692156501417513,4.669325074476648,53.931332999127335,1869.0061720008089,extra_dim,256
GptLba-028-467697-29563-495971-437270-5575-211212,1033,2.3233301064859635,2.764441342151258e-05,18.574326,19.004377,0.14246632,0.13780543,1.7545562108357748,1.784201939900716,4.682381147035716,4.672557491504134,44.224265999218915,1435.683171999699,extra_dim,256
3EBeof-459-212842-454791-192385-495971-180085-113105,1033,16.747337850919653,3.53978066414129e-05,11.816238,11.85109,0.57783335,0.62866825,1.8218295335769654,2.041805624961853,4.57050321355983,4.553043608883129,234.68133400092483,4947.898239999631,extra_dim,256
8C0b9f-461-182650-228203-8651-240298-176776-186349,1704,3.814553990610329,5.752473225584254e-05,17.11779,17.094372,0.18090956,0.26348332,3.593284034729004,3.5496949354807534,4.706733064559325,4.575702758175846,98.43648800051596,1748.3348619989556,extra_dim,256
f5sCDf-435-355130-41798-395609-377902-35325-116061,1378,11.901306240928882,9.696379493107088e-06,13.926263,12.401004,0.4498067,0.5137144,1.7505343675613403,1.7694469928741454,4.647536277957104,4.401540100025408,276.19747999960964,5224.465598999814,extra_dim,256
5LZsPp-295-239730-414547-129636-470600-495997-1214,1207,22.535211267605636,6.921367457835004e-05,10.3529215,8.944015,0.80547744,0.6547356,2.1048688570658367,2.3021693070729574,4.168477656072029,4.208589409290518,279.3245799985016,8330.486896000366,extra_dim,256
rxhq2p-211-212526-349828-67455-407790-412326-143976,1183,7.185122569737954,2.8749458579113707e-05,15.115114,13.896218,0.6089769,0.25634813,2.2525373458862306,2.6615041891733804,4.527796504258921,4.550971800862445,85.53115200083994,2487.801670000408,extra_dim,256
7j8l2a-034-50416-4800-287427-123375-143976-264357,1033,3.0977734753146176,8.71249631018145e-06,16.214333,16.72458,0.21541964,0.20039463,2.4343623161315917,2.480999994277954,4.676880143427939,4.580313630129975,33.336179998514126,759.5025919999898,extra_dim,256
cedJli-522-192385-152140-262731-156368-123704-333757,719,5.285118219749652,5.254780626273714e-05,12.684486,10.624619,0.3332808,0.27618825,1.9750289996465047,1.9785212357838948,4.052273164039493,4.250666032749094,38.23124799964717,1492.2748839999258,extra_dim,256
uHCIZa-015-146882-87506-304828-333757-5054-62919,1033,8.615682478218782,1.7520515029900707e-05,12.046033,12.37726,0.41140974,0.40033492,1.2948617140452068,1.300342035293579,4.554054969277013,4.564797115101294,136.89292600065528,2872.2941050000372,extra_dim,256
UKnMcp-124-361413-129636-57514-52991-68221-81956,1381,20.926864590876175,0.0001672373036853969,14.314185,13.606613,0.7412799,0.46973923,2.4498010158538817,2.818209997812907,4.519267604145307,4.530295156406657,425.90893099986715,9358.717183000408,extra_dim,256
5ALjRp-161-333766-240226-4800-482510-113619-84055,1026,26.803118908382068,0.0008019127999432385,6.9499655,6.610924,1.2259761,0.8757279,1.2254838864008586,1.2541484673817953,4.017106231966155,3.9848220876877245,303.3767409997381,8547.931385999618,extra_dim,256
Paqf1p-119-254913-443221-90733-163645-32125-188815,1450,9.034482758620689,0.0004479943308979273,14.789424,15.037684,0.36605716,0.27885532,3.193798812230428,3.2273996194203693,4.440754023827129,4.477034234796977,159.59158799887518,3387.449006000679,extra_dim,256
lDN6of-450-91840-427818-353502-327883-210172-489807,1722,25.02903600464576,0.000440589792560786,5.9864626,3.913298,1.2766613,0.83859557,1.303165340423584,1.5039904356002807,3.7936136306042565,3.8962442747051,412.7690560017072,14563.215076999768,extra_dim,256
JRGxpf-495-78575-358526-483339-81956-229618-247007,1722,14.227642276422763,0.000252309167990461,8.763717,7.099844,0.6817231,0.7122242,1.1604372342427571,1.1281944115956624,4.448596813739559,4.40614434007506,294.4790040000953,7947.102432000975,extra_dim,256
yc5Hmf-494-469130-474206-203381-91840-123056-149498,1722,13.472706155632984,0.00020981418492738158,8.840975,8.884424,0.6341179,0.5711744,2.791794538497925,2.584194612503052,4.434270845011378,4.334405174013284,241.59521100045822,5675.90089100122,extra_dim,256
6UNJZa-025-136860-357104-38459-89725-366126-252054,1033,9.390125847047434,0.0008322022040374577,13.347084,13.276137,0.37908256,0.35311484,1.2123648484547933,1.2012590885162353,4.574725119227933,4.5610921329369605,96.52007799923012,2645.201408999128,extra_dim,256
CrjLKf-468-374393-49022-14754-240504-316080-236920,1722,6.562137049941928,0.00014622832532040775,14.9909315,14.85,0.30527106,0.3388847,1.2698391199111938,1.2811106204986573,4.693973066586739,4.687987960768645,107.41333499936445,3350.9159789991827,extra_dim,256
wkCjvp-408-175927-2985-407790-280816-275802-343332,1046,15.965583173996176,0.0001569680607644841,15.410692,14.607603,0.5742803,0.39834055,2.5998207092285157,2.760911560058594,4.5698171789669235,4.6080505730386205,157.32223899976816,6527.382444999603,extra_dim,256
bnEKPi-496-131237-487747-10048-112031-352809-171454,719,13.908205841446453,0.0004139196826145053,9.351799,7.624419,0.6974972,0.5074877,1.7323875745137534,1.8794158061345418,3.32932198587826,3.6449187185953478,148.18188199933502,2917.2120900002483,extra_dim,256
FW6BFp-225-129636-418989-280816-386883-462467-306759,1649,6.24620982413584,0.0004694216186180711,15.455903,15.303181,0.2690209,0.2347792,1.8264745632807413,1.8076725641886393,4.545637903652095,4.582049306774203,163.28069699920889,3921.9490720006434,extra_dim,256
cZ9D6w-670-134118-41411-423587-125189-84055-98443,662,4.984894259818732,0.0007059596828185022,16.923103,16.81932,0.23956712,0.18399669,4.103081607818604,4.210989220937093,4.565159776398584,4.575219713226562,46.334524000485544,927.6583680002659,extra_dim,256
xlckps-555-489807-93885-138959-23535-14754-299323,1636,10.880195599022006,0.0007390778046101332,10.552179,10.486887,0.5091874,0.39849386,1.4286894957224527,1.4954464356104533,4.5139647204006765,4.529961529713548,230.1762349998171,7645.072270001037,extra_dim,256
xDMmqs-548-333766-165168-462328-336612-442126-284808,1636,9.7799511002445,0.0005077441455796361,11.326151,11.295893,0.4388605,0.3457829,1.3279109001159668,1.3419037501017252,4.310589516012319,4.416518986611433,466.46856800180103,6616.454644999976,extra_dim,256
FSyUys-545-306052-88756-228203-369609-91230-448907,1240,3.467741935483871,0.000898472499102354,18.03628,17.28383,0.19444485,0.17106406,1.4007556358973186,1.3914225498835247,4.65138058749276,4.656824589604651,45.90301600001112,2919.2974289999256,extra_dim,256
FiS63i-513-129107-287427-185152-454791-121010-285778,918,29.956427015250547,0.0005593721871264279,4.7305865,2.5290275,1.3581157,0.97593355,1.7642742236455282,1.7651611725489298,2.46720635699203,2.88532086462965,389.86705299976165,9182.87626900019,extra_dim,256
AHwsQs-538-108297-304214-140209-237079-426805-448869,1636,26.5281173594132,0.00042765779653564095,7.0734544,6.179865,1.7951878,0.82676536,1.208456246058146,1.2525670369466146,4.087223939759448,4.141327270104017,416.7313430007198,15529.025931000433,extra_dim,256
cUyODs-564-324456-286869-479691-123056-485468-274323,1636,14.60880195599022,0.0006575641455128789,9.635189,9.115992,0.67387277,0.5210673,1.5120846589406332,1.3967083772023519,4.506474657259334,4.515678646156712,228.80507499939995,7830.301588999646,extra_dim,256
WOhKts-537-450251-294604-27791-350223-235375-383770,1636,15.158924205378973,0.00046492001274600625,11.399077,11.64638,0.6075179,0.42253208,1.8306895732879638,1.986671773592631,4.467779693548219,4.504030689077951,231.768783998632,8924.130152001453,extra_dim,256
Mtnx5i-515-495971-279778-348676-11995-306560-418034,744,3.225806451612903,0.00028512379503808916,16.138166,12.832371,0.19509162,0.21267712,1.630257288614909,1.7336453676223755,4.675993059686387,4.697716444969676,23.225643000841956,543.1211630002508,extra_dim,256
fiDqFe-589-306052-37928-421728-166792-414547-458302,1550,7.548387096774194,0.00034323649015277624,16.535046,17.339556,0.3623108,0.24188805,2.911464071273804,3.228764041264852,4.623426928060382,4.646375180282985,344.3988580002042,3283.793008999055,extra_dim,256
KIklei-503-156368-5054-151331-161307-380077-177809,898,12.138084632516703,0.000185836324817501,9.001482,7.023446,0.6696749,0.5306671,1.623004174232483,1.5834279298782348,3.3651542765217606,3.767242475490984,105.2755860000616,3273.0932229987957,extra_dim,256
0Rve0i-524-469450-332402-376902-283921-64116-240504,1140,5.087719298245614,0.0009046242921613157,14.01273,12.991198,0.31087664,0.23086858,2.278989791870117,2.3120879332224527,4.072175718013794,4.314131986620452,55.09457199877943,1335.2475560004677,extra_dim,256
IJqofi-526-68304-236920-183720-152419-94351-316080,661,34.493192133131615,0.0003945751814171672,4.569845,3.3970406,1.8121281,1.0695494,1.7304811636606852,1.8526923338572183,2.4090557475799357,2.748151499957583,226.79909599901293,8859.902222999153,extra_dim,256
vAlA7f-458-390385-16661-177809-112031-325632-365075,954,1.4675052410901468,0.00048059478285722435,30.980232,32.804676,0.051642865,0.04293557,4.745199902852376,4.709069792429606,4.714123752455206,4.7132288934139055,14.289006001490634,325.94009400054347,extra_dim,256
oK9Hxs-550-7708-104867-460359-299323-420765-264795,1636,3.850855745721271,0.0009720592643134296,16.872387,16.630625,0.1911519,0.16783237,1.3771639982859294,1.3735032478968303,4.670218056173112,4.679218684097202,66.31117799952335,3062.9043919998367,extra_dim,256
kxh9is-563-24999-276516-377039-462467-365075-67099,1636,6.418092909535453,0.0009378857794217765,17.2533,16.990448,0.28705376,0.19620128,2.064891878763835,2.1264267285664875,4.5940566626262855,4.610560231158655,103.9021460001095,4654.0498140002455,extra_dim,256
Q4PCSi-506-317415-237079-78108-78427-235375-285778,1152,8.072916666666668,0.0002790152211673558,12.436503,11.597152,0.41960216,0.3282714,2.321829017003377,2.2862123330434163,3.9075250444380445,4.146640678827789,92.5933590006025,3732.416884000486,extra_dim,256
zKb4se-576-475285-202921-407950-32125-236920-469001,1236,14.64401294498382,0.0002435800852254033,11.229408,10.676147,0.5861117,0.53385955,1.7925643841425578,1.904610244433085,4.540039273641103,4.355838666219051,385.19219499903556,6217.237154000031,extra_dim,256
EZwkWp-195-116061-37928-384031-166684-14787-96948,1442,15.53398058252427,0.0007670152699574828,13.746051,12.772292,0.6386502,0.40494856,2.2310516675313314,2.75795628229777,4.294907719329252,4.322897319286112,220.12443899984646,6639.535854999849,extra_dim,256
rjyWTe-587-151723-247588-123704-129889-250174-123056,1550,12.129032258064516,0.000710091320797801,11.527925,11.959505,0.50580955,0.4573649,1.771686347325643,2.020480020840963,4.528133352692714,4.541661941980158,177.41261399896757,5797.782139999981,extra_dim,256
44Zbvs-567-179462-358526-13671-355104-116061-343332,1636,7.396088019559902,0.00030473197693936527,12.260805,10.956314,0.3649374,0.3118179,1.2098049958546957,1.1846375862757366,4.606975602375535,4.6261880446597825,125.18739000006462,4085.563369000738,extra_dim,256
ofs2Us-561-469223-161307-229618-187519-295308-129107,1636,15.831295843520781,0.0003641763178166002,10.91452,10.881302,0.66391516,0.45178092,2.4535640716552733,2.8205740451812744,4.264121328261757,4.312080576826081,271.42442100011976,9123.54270799915,extra_dim,256
jhRr0p-088-489070-351855-386883-172725-333766-16976,1661,16.375677302829622,0.0008774544112384319,10.391342,10.233531,0.72221404,0.5421824,1.9099513610204062,1.9720492998758952,4.2508720379451255,4.225733606770066,288.52734599968244,10394.640931999675,extra_dim,256
ItvEYp-187-347380-151331-160943-343502-92870-286732,1222,5.973813420621931,0.0003424148017074913,16.52684,16.169693,0.24753869,0.20702183,1.9320827722549438,1.9390321811040243,4.567618367152915,4.605425906293022,75.64157399974647,2169.8154530004103,extra_dim,256
9ImS8p-321-63022-306759-480197-355130-205293-103130,1065,1.4084507042253522,0.0003738635568879545,29.762657,30.658648,0.059304263,0.048066746,3.8242980162302653,3.854463831583659,4.721585658306283,4.723207225598651,15.24718499968003,473.9067549999163,extra_dim,256
PiKSIp-112-109021-465867-125189-123174-211212-334242,1021,9.10871694417238,0.000980529235675931,11.044145,9.054494,0.47311696,0.3913177,1.936364237467448,2.0781217495600384,4.349204212824049,4.409757938769705,150.42252099920006,2449.021801001436,extra_dim,256
5Lu6ui-514-135410-151381-124082-173176-644-324310,744,9.946236559139784,0.00026409313431940973,11.677298,9.31729,0.49618462,0.38973355,1.4213680187861124,1.455324935913086,4.557233617900009,4.599594607435267,117.74273099945276,1985.4529929998534,extra_dim,256
69ZMRp-276-162832-2757-113105-349816-17243-289593,1207,16.23860811930406,0.0009542101179249585,12.844868,12.753292,0.6160981,0.4764482,1.4123069365819296,1.358935809135437,4.337845159613797,4.31968042864753,184.32329099960043,8055.255014000068,extra_dim,256
caQa9p-079-134118-41798-311327-343332-125459-231167,1139,6.409130816505707,0.0008238053997047246,23.977436,24.046114,0.1992983,0.15795374,4.23872938156128,4.29706137975057,4.518975361772958,4.533000059136767,69.36350599971774,2418.827092000356,extra_dim,256
zQSXvp-215-498788-407950-152419-25062-51581-3467,1400,17.57142857142857,0.0010821843752637506,10.767999,10.502003,0.7027159,0.49071768,1.7545123418172202,1.8361871639887493,4.209286558269356,4.267313527135576,538.5156949996599,10353.886704000615,extra_dim,256
3Fszap-093-117533-332219-451954-336612-141428-265166,1116,6.451612903225806,0.002600878244265914,16.356413,16.499332,0.2696019,0.20660305,3.929029337565104,3.8853223164876303,4.531971305254588,4.548933146643501,206.45626300029107,2733.4372290006286,extra_dim,256
oJJGwp-325-47619-442126-2985-182650-124082-457067,1710,4.035087719298246,0.0017253782134503126,17.59703,17.78321,0.18619756,0.16513796,3.2704020023345945,3.250715446472168,4.67865554210258,4.668287653695562,99.56930699991062,2088.9293189993623,extra_dim,256
0mk6rp-310-146145-90733-51581-27791-50416-437215,1608,1.7412935323383085,0.0014768074033781886,24.851276,25.074913,0.08778381,0.06824218,2.2885376771291095,2.3257102966308594,4.714472534783974,4.7153364563253,39.82376600106363,828.0809509997198,extra_dim,256
lzFhsp-134-377273-280816-60681-369034-268009-11995,1625,3.076923076923077,0.0012218672782182693,21.386003,21.339828,0.14946134,0.11119973,4.654541047414144,4.749354267120362,4.680702758507109,4.680532822641351,66.86265900134458,2818.797631000052,extra_dim,256
5OQdwp-063-348077-460359-16661-112031-224170-197606,1404,2.7777777777777777,0.005658838432282209,18.171207,18.242085,0.15097433,0.12740456,3.497136608759562,3.530119053522746,4.650978070669977,4.653541169717873,115.59387099987362,1789.5106979995035,extra_dim,256
am1FVp-234-380077-145165-25579-145555-311495-324310,1208,5.380794701986755,0.004206848796457052,16.795582,16.768423,0.24400614,0.21329774,2.9489585240681966,2.563763491312663,4.571467807226218,4.504664629705523,84.4246029992064,3131.677667999611,extra_dim,256
1zDUvp-298-108297-119460-56896-348770-68221-98443,1510,2.5827814569536423,0.0020352303981781006,17.279211,17.465837,0.17125471,0.143833,4.760280927022298,4.788766733805338,4.6460981506740175,4.648746843905105,44.54208500101231,1179.1798459998972,extra_dim,256
cqZnBp-237-143976-377902-462328-483339-384274-414547,1322,8.245083207261725,0.005321722012013197,14.591123,13.793365,0.32640523,0.3217282,1.3750921408335368,1.4810301621754964,4.541340553762163,4.51504273243085,130.59955799872114,3110.218915999212,extra_dim,256
N5kbFp-292-397909-407728-152140-117533-153980-62919,1693,21.204961606615473,0.0010815237183123827,10.95488,12.338562,0.78519225,0.8067129,1.4423284689585367,1.4464517911275228,4.585987843316087,4.384481817909197,338.60130999892135,11583.68061299916,extra_dim,256
DmpOYi-525-91230-450251-209608-292323-92870-38506,1140,16.315789473684212,0.0021517532877624035,7.8609586,6.341077,0.8739638,0.5909579,2.013239789009094,2.14693242708842,3.1575257523391604,3.71913617984167,255.14849699902697,5753.587434999645,extra_dim,256
BBcZPi-501-456735-480197-495997-497448-326140-134118,861,0.8130081300813009,0.003230630187317729,22.529408,23.32577,0.086167015,0.05669556,1.7937588135401408,1.8105128129323325,4.727937949965208,4.727342178432231,9.246146999430493,208.74129200092284,extra_dim,256
BsVmke-591-419538-379538-386302-426805-469450-347380,1550,17.806451612903228,0.002498342888429761,8.3178005,8.571269,0.7575899,0.64352757,1.334690793355306,1.4608673254648845,4.293634745115209,4.26511737890209,703.813910999088,8979.450741999244,extra_dim,256
nSu3Cp-366-41411-362672-285778-222370-421926-202035,1118,6.529516994633274,0.006295517086982727,22.23679,23.319628,0.2927592,0.19661169,4.1606621742248535,4.071872266133626,4.702551863030627,4.696822787285454,201.73990500006767,2306.646738001291,extra_dim,256
tztd5w-640-23535-348077-410307-64116-151381-134118,1176,11.989795918367346,0.0032262594904750586,14.494774,14.294838,0.52131385,0.34220752,3.827503808339437,3.7090018431345624,4.263831606458991,4.296985442297358,134.00878600077704,3925.9752210000443,extra_dim,256
qQ82Hw-614-91230-379354-379373-260428-324310-287427,949,5.163329820864067,0.0024592585396021605,16.994312,16.831581,0.23718922,0.2023211,2.0139493544896445,1.8934104124704996,4.5074341748646525,4.522171473460048,49.732473999029025,1448.2228380002198,extra_dim,256
f2JFMw-634-136860-113105-22031-310105-248646-32125,824,8.25242718446602,0.0029410782735794783,12.369956,12.055126,0.37944162,0.31595883,2.2579537868499755,2.2713338851928713,4.569367084958123,4.5810936336856996,65.02417899901047,2016.0845030004566,extra_dim,256
ainjFp-098-145384-88756-289593-274542-488804-292564,2208,9.148550724637682,0.003448504488915205,13.9352045,13.205403,0.38635978,0.31550542,2.6070813179016112,2.66910711924235,4.477079496641974,4.4661928399682465,217.754008999691,6607.592755000951,extra_dim,256
BcVzDs-560-352809-57514-418989-243067-209608-32726,1636,6.601466992665037,0.0019297391409054399,18.722704,17.524988,0.2648174,0.20026608,1.5324759562810262,1.5333634535471599,4.639849114607198,4.647510423994888,111.08041400075308,3431.3539400009176,extra_dim,256
TypO9p-362-82313-390793-365346-50416-310105-275395,1464,23.36065573770492,0.0034457372967153788,8.4803505,8.914343,1.376854,0.7061091,2.5518200238545736,3.0304515838623045,4.507611429069785,4.3418598825574755,326.5562130000035,12831.08880600048,extra_dim,256
nQsrxi-500-35788-354893-151331-437270-461984-276516,861,11.033681765389082,0.004316622857004404,9.73999,9.918844,0.60019547,0.44219184,1.6044509172439576,1.7215322017669679,4.506864953459806,4.507220530818904,97.09732800001802,3587.784240000474,extra_dim,256
ck2Uxp-081-495997-135873-82313-377039-373629-268363,1026,4.775828460038986,0.004637618083506823,17.287716,16.14433,0.19786166,0.2187901,2.1565210660298666,2.1738680839538573,4.582494232408744,4.547375232380851,80.76457300012407,1760.580285999822,extra_dim,256
jgJdnp-100-135873-177809-247007-67455-332402-185152,1404,5.84045584045584,0.0029392531141638756,18.82115,19.055683,0.2109559,0.17007804,3.8060177326202393,3.7405285835266113,4.5786715235954,4.595634651513954,175.07600399949297,3093.027571001585,extra_dim,256
m8mjCs-533-485468-283456-486330-442126-2757-12865,1636,22.677261613691932,0.0013069127453491092,10.0709,9.209033,0.90685636,0.6528963,1.2945268630981446,1.3320727507273356,4.295280322542591,4.325778993088614,582.2389500008285,13360.584103000292,extra_dim,256
pRaNDw-627-181149-276516-426805-281965-56896-235375,1894,4.7518479408658925,0.002972227055579424,15.34299,15.311672,0.27660015,0.2105519,2.116761803627014,2.0036208788553873,4.575411555581343,4.580866944617662,137.6303460001509,3926.2101290005376,extra_dim,256
U5aQJe-592-437270-129013-295308-406364-103913-497087,1550,4.451612903225807,0.001561999088153243,15.732475,16.18437,0.28273863,0.20664018,2.358365297317505,2.4276782671610513,4.63537280765633,4.658442412806005,104.38772599991353,2938.489472000583,extra_dim,256
3e1Tjp-199-462328-423751-38597-248646-74769-2009,1395,9.46236559139785,0.002225166419520974,15.918909,15.739246,0.42252603,0.3421321,1.3934820969899495,1.4425410906473795,4.469403609411133,4.429583139596737,123.89880900082062,5467.255516001387,extra_dim,256
SSYQ1w-650-275802-13671-144360-112336-104867-157595,503,5.36779324055666,0.0031455422285944223,22.237835,21.847095,0.17581213,0.15388228,3.859238068262736,3.7821736971537274,4.533800082277537,4.528853869430942,29.282870000315597,907.3912839994591,extra_dim,256
JCRPTw-618-129107-479691-343332-355104-157595-129013,1894,30.517423442449843,0.0062578716315329075,6.4210663,5.524382,1.2287956,0.9052768,2.144607655207316,1.9781465927759807,3.8061444167118093,3.868580105902713,1624.0952699990885,20177.604597998652,extra_dim,256
BThtKf-463-324456-428876-160668-329895-295308-99711,1722,31.3588850174216,0.001240023411810398,5.7187214,5.064086,1.375259,1.0441233,1.1277271429697673,1.1287558873494465,4.149522496262443,4.173445400770892,834.4761979988107,17795.740984000076,extra_dim,256
BNXFqp-404-184495-450557-10737-129636-497448-379538,712,3.089887640449438,0.0009845345048233867,13.581995,12.355682,0.24012963,0.19878791,1.897160283724467,1.9619290431340535,4.574388641466837,4.616504126694016,27.49697000035667,547.9506909996417,extra_dim,256
7HBFIp-071-294604-416172-427818-181149-278609-175927,1141,7.887817703768624,0.003979463595896959,20.005281,20.123325,0.32380962,0.20152797,3.969842545191447,3.9822234948476156,4.515760458275329,4.525809905674611,92.78782000001229,2614.9640170006023,extra_dim,256
fS0Vwp-324-274170-461984-129889-218396-366126-128329,1773,16.130851663846588,0.001755136763677001,11.998836,10.442932,0.6642462,0.48870453,3.4911407629648843,3.5616090297698975,4.2681898630728385,4.342338298753867,286.79469799863,9457.555425000464,extra_dim,256
MJEnPs-553-484336-261033-237079-274170-257745-343308,1636,5.990220048899755,0.0014303416246548295,12.24741,12.179718,0.34404075,0.2973957,1.991663932800293,2.0911898215611777,4.63119500947932,4.64254640875621,94.60434900029213,2708.0273870014935,extra_dim,256
noHubp-343-163645-17243-410906-219243-161307-221798,1638,6.654456654456655,0.0025536506436765194,14.688835,14.259373,0.38418862,0.2657461,3.101335859298706,3.0918904463450114,4.619084880887273,4.627541208632487,145.01011299944366,3460.6381410012546,extra_dim,256
4sBV1s-535-160927-255765-139119-167772-460359-377902,1636,11.98044009779951,0.0018671865109354258,12.770957,13.153841,0.517112,0.3612802,2.666938304901123,2.700967486699422,4.504837764030437,4.5497108129643316,356.39453300063906,6924.987921000138,extra_dim,256
IZG94w-666-98443-418034-470600-161118-288253-129889,1707,7.147041593438781,0.004833240993320942,16.535086,15.685112,0.2998632,0.26103488,4.044112825393677,3.583459981282552,4.462996329985026,4.428285530284048,118.51900100009516,3784.7780259999126,extra_dim,256
9hvMUf-482-498788-113105-17243-63022-21827-338584,1318,11.077389984825494,0.0011917749652639031,10.696992,10.519642,0.5489431,0.4294515,2.63871111869812,2.5300031503041587,4.588629226790901,4.575298272274826,156.95354899980885,6084.81462599957,extra_dim,256
TkK5fp-380-229618-476225-311495-339484-11995-7708,1573,6.039415130324221,0.003558315569534898,14.330802,14.00137,0.31004557,0.23038848,3.6041897932688394,3.615049409866333,4.587695295361481,4.596388831265211,99.42338700057007,3480.3166649999184,extra_dim,256
9f3Qjw-657-129013-78427-348770-228203-60643-7188,839,7.866507747318235,0.0029710158705711365,15.370718,15.05476,0.36217824,0.25569353,2.313054339090983,2.397734196980794,4.495918205278191,4.511287582723488,122.46471100115741,2779.2142529997363,extra_dim,256
mZAhvp-320-51581-316080-475285-152880-108378-407790,2240,19.732142857142858,0.009975253604352474,14.920484,17.453455,0.7211574,0.60025764,2.410279719034831,2.7937945048014323,4.5738686616848705,4.33485809076599,653.0252660013502,15885.267157000271,extra_dim,256
aVIkMi-504-436373-35788-166684-274170-363774-493700,826,3.753026634382567,0.01687152311205864,16.251772,15.227685,0.2192704,0.1935881,1.3590626955032348,1.3644360701243083,4.6888104966444635,4.677484058223427,51.13775300014822,1396.3238739997905,extra_dim,256
wD39yw-617-350336-91230-365075-384274-339484-27577,918,4.139433551198257,0.01175561361014843,14.944084,14.949965,0.21975833,0.20222396,2.4517943700154623,2.4383343855539956,4.629156450927945,4.634146276166452,87.46086199971614,1912.9871759996604,extra_dim,256
WWYmkp-135-247007-450251-229950-249772-273892-186349,1032,18.7984496124031,0.02265731431543827,12.360685,12.1744,0.7144823,0.5073751,2.9443196932474773,3.2247278690338135,4.284291937897003,4.359950476050538,272.486611000204,5969.570241999463,extra_dim,256
1Q0zzp-067-496080-227228-300626-311379-247007-1214,1044,3.4482758620689653,0.020670078694820404,32.90767,31.812294,0.09943211,0.0970004,4.252434666951498,4.216027673085531,4.7217348075094305,4.720384527167061,52.645993000624,1139.4056579993048,extra_dim,256
9Mkadp-302-273892-209608-109841-324591-494783-498752,1917,13.928012519561817,0.008960635401308537,13.390688,13.136825,0.49998808,0.40137365,1.5483101606369019,1.6366049766540527,4.506210462573875,4.517807587055471,292.8710439991846,7675.240755999766,extra_dim,256
ui9aDp-122-292323-379538-386883-287427-306759-88721,1070,4.579439252336448,0.009513289667665958,18.556667,18.499805,0.21865515,0.1718322,2.9394484043121336,3.0631328264872235,4.659672452944726,4.65976174411154,66.59008799942967,1207.934755999304,extra_dim,256
YLEXwp-335-240298-183720-447487-129636-202035-44660,1633,4.776484996938151,0.019239043816924095,17.668344,16.961588,0.21399951,0.20216441,2.5178668816884358,2.199298318227132,4.685304387954472,4.664943057657426,79.54958399932366,2222.9514049995487,extra_dim,256
6TUCvp-352-108130-78807-55646-250174-386302-414547,1874,14.300960512273212,0.02210024558007717,14.187383,14.640633,0.5606267,0.4174237,2.3302320003509522,2.787560796737671,4.33866224454851,4.355748161114265,368.604019000486,9599.848936999479,extra_dim,256
DfzVIp-175-379354-103913-25062-384031-343308-295308,1232,6.737012987012987,0.007324743550270796,17.5086,17.45114,0.26601836,0.2315336,2.158556095759074,2.092783506711324,4.578073256123847,4.4865890722363995,116.26802099999622,3585.4939010005182,extra_dim,256
YuwChp-152-8651-147603-379354-29563-62919-345238,1842,8.360477741585234,0.018081096932291985,22.89349,22.752373,0.3325528,0.20942588,3.8315816084543863,3.967925039927165,4.533733206762001,4.549145588033377,294.6802739988925,5805.118455999036,extra_dim,256
QpHWMp-383-149498-238364-156368-402653-484336-426805,1642,21.74177831912302,0.02199472486972809,11.03859,12.698118,0.9337475,0.647607,3.126079241434733,3.2826102574666343,4.618206781875487,4.589229721998757,385.79121400107397,11801.062698999885,extra_dim,256
RkoxIi-499-395609-17243-276516-68344-191485-476225,1053,19.183285849952515,0.013668406754732132,6.4425383,5.550804,1.1783956,0.67721575,1.5062190930048625,1.7897013664245605,4.324761776825466,4.303503343118564,215.0469999996858,6682.850619001329,extra_dim,256
avuTLe-585-474206-355130-317191-361413-333474-248785,1550,11.806451612903226,0.014499159529805183,10.449056,10.744387,0.51960367,0.519139,1.3894447724024455,1.5813249826431275,4.472506174698686,4.503295843685828,193.60117699943657,5763.906300000599,extra_dim,256
RXuyap-339-457067-332402-329331-281965-472051-353502,1386,8.441558441558442,0.022795502096414566,19.381977,19.83248,0.28953013,0.28682312,1.531766374905904,1.5572315295537313,4.702106713128652,4.572672390638278,121.3206700012961,3737.284101000114,extra_dim,256
cfSfbp-363-68221-13671-186349-322947-197606-339484,1688,12.855450236966826,0.020284058526158333,20.763603,21.592043,0.4047377,0.34952998,3.2951978047688804,3.472822602589925,4.6782945613065,4.6799646619546795,345.863456999723,7689.917460000288,extra_dim,256
jM2z5p-212-362995-350336-202035-87506-239730-207508,960,3.125,0.008350489661097527,27.631939,27.407574,0.13451637,0.093088694,3.3421040534973145,3.4699238777160644,4.727095543388147,4.726379319558772,32.73459800038836,1061.4853630013386,extra_dim,256
HxFzMp-357-24999-343332-90733-489807-316694-345238,1056,12.68939393939394,0.008049515075981617,18.225357,14.862451,0.43727008,0.42445216,2.7646755536397296,2.642294343312581,4.670517859364536,4.617837771761746,162.82381699966209,4568.616878999819,extra_dim,256
rllgnp-282-21827-2985-183720-67455-409746-330730,1398,18.812589413447782,0.014075466431677341,13.145938,12.669011,0.79649806,0.5481226,1.3700840632120768,1.3814875602722168,4.239408776002673,4.220573714622636,399.9898399997619,9248.505850000583,extra_dim,256
IJui6p-278-140209-424453-325632-318907-448869-125189,879,26.39362912400455,0.012646407820284367,7.458573,7.1519623,1.1291093,0.78403383,3.0116124153137207,2.978625027338664,4.197696776284819,3.903602996651363,543.4214329998213,7460.424234999664,extra_dim,256
riuiap-287-319764-286732-35325-55646-391852-1246,1806,5.038759689922481,0.016919877380132675,17.073849,17.383307,0.23825212,0.19015847,2.7817477226257323,2.8397558371225995,4.653081545495279,4.662903078750773,201.58543399884365,2850.17549999975,extra_dim,256
9OkIKp-409-379354-383479-166684-320846-480197-361413,1633,3.1230863441518677,0.018505295738577843,30.929193,31.210419,0.095270105,0.08293836,2.513068437576294,2.7332759221394856,4.660110846413458,4.659195770018699,73.15299500078254,1422.36471599972,extra_dim,256
vTx6Wp-073-38459-458554-472051-230200-332402-365346,1099,10.009099181073704,0.006727493368089199,14.482019,14.466739,0.3865027,0.30747187,1.7597981532414755,1.935944676399231,4.477666893209374,4.463334229431035,113.35683299876109,3468.589817000975,extra_dim,256
9aa0Fp-331-427818-479691-112336-420765-462193-379354,1488,11.491935483870968,0.015810392796993256,16.11956,16.955944,0.5194285,0.32298902,2.416879590352376,2.489116636912028,4.672127277029351,4.678740376196719,257.97919599972374,5658.595783001147,extra_dim,256
Od9CNp-327-140209-326180-101992-35325-166792-451954,1953,10.39426523297491,0.014821072109043598,14.58784,13.606379,0.41078675,0.35628644,2.1924904187520347,2.259268061319987,4.649780226102739,4.661659552692343,219.45755700107838,6624.955495999529,extra_dim,256
2TcsGp-297-152880-78575-467697-23535-316694-24999,2415,13.250517598343686,0.007391820661723614,14.424561,14.412323,0.5087454,0.34938002,2.763240432739258,3.0058444182078046,4.5871157827216855,4.564100005638061,680.4841679986566,10033.9408130003,extra_dim,256
IJFPZp-340-90733-100179-99711-247588-402653-355130,1491,3.35345405767941,0.00944688729941845,13.008516,10.854717,0.27631804,0.2440625,1.8130526463190715,1.8069719632466634,4.7009256887737045,4.69403142116794,91.29471999949601,1378.2919900004345,extra_dim,256
sNYM9p-246-47619-361413-1214-155820-418901-176776,965,28.808290155440414,0.011091777123510838,6.6108108,7.56116,1.131685,1.0138295,2.1546977202097577,2.2514851570129393,4.492393308685519,3.887392259545542,262.73629500065,8996.867392999775,extra_dim,256
OI5Azp-257-60643-225888-294604-334833-14787-125459,1203,4.904405652535329,0.01875906065106392,15.683499,15.047151,0.41621992,0.24071698,1.5249407450358072,1.6256682713826498,4.577344350373875,4.585678340581595,98.13968800153816,1538.7585179996677,extra_dim,256
vhQX3p-288-256377-386883-276335-177955-380077-80661,2229,2.4226110363391657,0.0165446437895298,16.015484,15.8649645,0.20826137,0.17217381,2.2468379974365233,2.197895542780558,4.687393339221311,4.686394914970598,53.44970200167154,1870.999048998783,extra_dim,256
d4LtRw-656-379354-74769-192385-202921-93885-62534,1673,9.145248057381949,0.009153828024864197,13.321982,13.066574,0.37147114,0.31430116,3.4283260504404702,3.313740587234497,4.464944784240835,4.467606448486898,197.2598560005281,4415.402118000202,extra_dim,256
dc4C1p-319-469130-53129-287943-116061-476924-448907,1529,17.658600392413344,0.017503265291452408,18.628162,17.24835,0.81654686,0.4317819,2.4722819169362387,2.4922944704691568,4.70694664301125,4.704774059809919,319.2935959996248,11349.948212999152,extra_dim,256
PSLbbp-359-11995-156368-348733-154883-123704-497426,1430,11.888111888111888,0.021002519875764847,11.076925,9.758036,0.60333437,0.5002062,2.400612211227417,2.5476898988087973,4.660708866794523,4.658802956724534,163.18216699983168,5445.116492001034,extra_dim,256
zVlcap-263-274542-472051-376372-248785-476225-35325,1292,4.102167182662539,0.021863481029868126,16.396414,16.143112,0.2070024,0.18288589,1.3213106393814087,1.2973208506902059,4.690788978550151,4.686149884660609,81.77387400064617,1264.9209560004238,extra_dim,256
rpdA0p-089-193291-347380-224170-426805-310105-489070,1279,8.913213448006255,0.00744014885276556,12.894622,12.185188,0.39707157,0.3357465,2.0585610310236615,2.0991672039031983,4.4702525551550005,4.473996280066089,115.03657300090708,3401.570869000352,extra_dim,256
O7tsRw-671-38597-125620-126584-128202-343308-240298,1734,7.035755478662054,0.009212201461195946,14.850111,14.8142185,0.34473953,0.24628647,3.237023369471232,3.1769681771596274,4.5048813804257914,4.521475227239173,118.30814099994313,4959.9902810005005,extra_dim,256
mCLt3p-410-320846-476924-422977-274323-99711-177809,1085,1.4746543778801844,0.022891782224178314,26.658157,26.74223,0.064242594,0.056650985,2.309332768122355,2.37559118270874,4.728205278523145,4.726716221915807,16.003303999241325,561.016807998385,extra_dim,256
jFujMp-258-2985-422977-276516-270302-316694-390385,1887,7.790143084260731,0.008067467249929905,18.601877,18.407091,0.31275275,0.21915878,3.5677055994669598,3.615049187342326,4.601285265852753,4.5541920420471,219.45531900018977,7566.549078999742,extra_dim,256
uIq5Cp-346-271293-199372-348733-164849-450557-397909,1966,2.899287894201424,0.015138654969632626,17.10264,16.977337,0.18756597,0.15771425,2.6756423473358155,2.7940143903096515,4.698681342720737,4.70315161505938,56.78859199906583,1755.1058859990007,extra_dim,256
2HNvip-384-377039-229618-315211-103130-162269-274323,1838,4.243743199129488,0.014237921684980392,22.279694,22.028736,0.21022774,0.15610315,3.8424726645151774,3.8615403970082602,4.710253729422503,4.69783267472098,75.15981599863153,4708.638283000255,extra_dim,256
hImnha-010-474206-125620-494783-410307-474929-314040,1033,9.390125847047434,0.04484827443957329,13.28156,13.092285,0.34177792,0.67561454,1.5365882555643717,1.7167346239089967,4.645518257082067,4.370354352135172,92.46784900096827,5005.798656000479,extra_dim,256
fiBRvp-155-14754-379538-407950-108056-495971-270302,1409,17.033356990773598,0.03848577290773392,9.125657,9.753315,0.7538468,0.58736736,1.8143860816955566,1.85649307568868,4.188500147815895,3.9298715211153796,680.37940800059,8552.48190599923,extra_dim,256
QzAg3p-413-374393-31166-163645-409369-10737-129013,973,10.38026721479959,0.0511818453669548,24.52738,21.280254,0.31949818,0.2634058,2.1617244402567546,2.2204996426900228,4.695915162693412,4.669950255463043,122.92105899905437,2494.088116000057,extra_dim,256
JLBTXp-060-194617-60643-435517-420765-124439-152419,1024,10.44921875,0.024550464004278183,15.309619,14.593679,0.6722047,0.31529826,4.760827954610189,4.718854490915934,4.622215071739543,4.627109094286832,144.269513000836,2968.4282100006385,extra_dim,256
k4Lvzp-329-270302-101992-248785-163995-27791-469130,1701,7.642563198118754,0.051412247121334076,16.665611,16.57725,0.3385323,0.27284965,2.63224884668986,2.666014862060547,4.706851490660342,4.6683290184477,155.30067899999267,3651.167987000008,extra_dim,256
ZgJsyp-189-209061-292564-111916-92870-126584-280816,1939,5.002578648788035,0.0409746915102005,18.87531,18.678425,0.2412781,0.19064637,1.5798775593439738,1.5238547643025717,4.6827904485208744,4.665097915704026,93.42631999970763,3571.79459299914,extra_dim,256
G50hup-092-363552-123056-229618-481410-299323-332402,1114,6.463195691202872,0.028861256316304207,23.377726,24.09981,0.25198045,0.1664282,4.1462629000345865,4.28936783472697,4.6293049267822255,4.642077070063438,67.7183480001986,2583.5856160010735,extra_dim,256
8b8sWp-275-88756-348733-183720-134118-226233-129107,1202,3.577371048252912,0.031784262508153915,21.058485,21.19423,0.1641322,0.14063504,3.5422614733378093,3.587014929453532,4.720569326106523,4.716298688762367,45.34819500076992,1698.8232549992972,extra_dim,256
vOT8yp-371-205293-131237-111916-212842-29563-288077,1254,6.220095693779904,0.025580398738384247,16.306093,17.23944,0.26766673,0.2746005,3.021205186843872,2.985431750615438,4.677714771995105,4.5880611450855175,81.95664399863745,3346.5204069998435,extra_dim,256
qmNVhp-128-78575-68344-44660-128101-103130-334242,1283,4.75448168355417,0.03182704374194145,23.996487,25.204268,0.21424872,0.1381859,2.292255973815918,2.3969810803731284,4.630833526976974,4.5975564750358515,101.20314699997834,2727.9071690009005,extra_dim,256
8wAd8p-068-329159-165684-202035-119460-330730-447487,1209,11.41439205955335,0.0299910269677639,16.60518,16.649807,0.47054768,0.2999214,3.4775431791941327,3.521095132827759,4.493537041953612,4.4972973440539565,220.5558879995806,4608.594324001388,extra_dim,256
tXap2p-281-298969-9753-281965-457067-162269-329331,1012,6.8181818181818175,0.026187583804130554,16.02636,16.258286,0.29258215,0.23083286,2.7891141414642333,2.8411800225575763,4.688450882852239,4.670807217405692,78.68023400078528,1941.5645349999977,extra_dim,256
fdXdMp-313-165684-111916-348770-380077-145384-347380,1440,12.777777777777777,0.03389327600598335,17.146656,17.418085,0.4970272,0.3831537,3.0737360159556073,2.8192071596781414,4.668679533415799,4.6026992025555575,217.14553799938585,5616.347234999921,extra_dim,256
Jpj5sp-423-369034-108056-487747-295308-1246-219243,1468,8.583106267029974,0.05191738158464432,19.877357,18.1909,0.38410893,0.26201272,3.578770558039347,3.8247448444366454,4.691942866138451,4.664377820418225,123.52739900052256,3450.0686430001224,extra_dim,256
maM4mp-267-195572-141428-108130-299323-8651-456735,1158,7.512953367875648,0.0453246608376503,27.288254,28.867817,0.24585499,0.16467048,3.289566500981649,3.3689253012339275,4.723760185984355,4.712165845635715,88.13346100032504,2430.2329559995997,extra_dim,256
Aal0cp-183-209061-91230-492922-2757-317191-461984,990,4.545454545454546,0.0922110378742218,18.072475,18.102192,0.21919532,0.18004934,2.1397337754567465,2.0910149892171224,4.644616085405374,4.641241139121021,68.58445799844048,1303.0953939996834,extra_dim,256
m5rDOp-062-377273-156368-185152-188815-186260-486330,1445,11.003460207612457,0.02404632605612278,17.365185,15.795222,0.43280426,0.29457656,3.6607518990834556,3.6411027272542316,4.494075811995869,4.537242185218956,192.30516700008593,5059.021316999861,extra_dim,256
IIhdup-184-282845-322947-195637-315211-10737-386302,986,6.896551724137931,0.07097651064395905,21.714895,21.724825,0.31331837,0.19331117,1.4025721788406371,1.4589641571044922,4.598910756634851,4.632395212297618,62.81022899929667,1848.8177859999269,extra_dim,256
eiJpip-223-216978-247588-305230-165168-65123-203381,1402,10.556348074179743,0.04873007535934448,16.810707,16.81125,0.4137217,0.31800893,1.482185459136963,1.3804368257522583,4.514898900261187,4.440082779542083,212.24872000129835,4784.352787000898,extra_dim,256
uYOkKp-107-143976-376902-185152-437215-90733-10048,968,4.338842975206612,0.029287779703736305,22.394978,22.898245,0.16658477,0.13339415,3.204240576426188,3.353827730814616,4.6276428919674695,4.60663906121078,44.521174999317736,1581.0950129998673,extra_dim,256
DWrC0a-013-57191-1214-242009-327883-379538-476225,1033,12.100677637947726,0.0352642759680748,9.783221,10.023872,0.570178,0.52468735,1.2735308170318604,1.3262591361999512,4.547285963395583,4.361841346759804,116.90334299964888,4107.7876269991975,extra_dim,256
6maFGp-305-129013-193291-68221-152880-38506-163335,2424,17.863036303630363,0.02638908289372921,18.506945,20.67977,0.6297437,0.46779975,3.5736096541086835,3.724029795328776,4.664311692679263,4.657038377924597,603.3189629997651,14414.22901900114,extra_dim,256
fZg66p-070-68221-216978-377273-239730-53784-3467,994,29.577464788732392,0.03719060495495796,18.265745,19.695602,0.93438125,0.64917463,3.537147363026937,4.202772808074951,4.583166328633575,4.5538688693620175,296.3661730009335,7469.589199999973,extra_dim,256
CF7Gnp-165-481033-25721-175927-209061-312468-108378,1919,17.509119332985932,0.03301472216844559,13.44931,13.542275,0.66412216,0.4477279,3.3244351228078206,3.3630373160044353,4.3383065491733515,4.308640491643271,749.4535839996388,10427.930232001017,extra_dim,256
tTMeWp-326-264357-280816-2985-25721-189658-311379,2359,8.902077151335313,0.04867259040474892,24.404257,25.512394,0.31602845,0.2464044,3.3845191955566407,3.4311849594116213,4.698497956806198,4.707229622086994,198.93387500087556,6070.041786999354,extra_dim,256
kDEiGp-268-254920-474864-52991-170820-165168-328121,1029,24.101068999028183,0.09233691543340683,7.363249,6.68484,1.454539,0.810082,1.9587028582890829,1.9720770200093587,4.583708003591188,4.51335040743069,233.16101399905165,7897.218820000489,extra_dim,256
rkSMcp-349-162269-339484-74769-12865-363552-41411,1411,14.386959603118354,0.02514478750526905,17.177319,17.303097,0.4998373,0.44365287,1.728529198964437,1.6258196751276652,4.690135281965213,4.502330387437601,192.3108869996213,5870.815082000263,extra_dim,256
FZwvbp-205-349816-138959-261033-383479-409369-152140,1111,28.26282628262826,0.03914736211299896,12.97311,9.793814,0.95570755,0.8485263,2.4109866778055826,2.268817075093587,4.587844433527425,4.326704167122698,481.65439300100843,10713.748448999468,extra_dim,256
ie6iSp-097-407790-253414-334074-464643-167361-80351,1395,3.942652329749104,0.03198687732219696,28.90807,29.033545,0.11636639,0.09435034,2.550727367401123,2.4789679527282713,4.638809430315806,4.64423100514972,51.60177299876523,1397.017154000423,extra_dim,256
Q1VJ4p-396-67099-191485-442126-324310-384031-392966,757,0.5284015852047557,0.04145583510398865,50.98404,49.40557,0.0147919385,0.013732844,2.524948517481486,2.5983283360799154,4.731655856865842,4.731331833430933,4.674478999731946,86.69193100104167,extra_dim,256
BLAVyp-401-374393-353502-276516-464643-247007-280816,1578,17.743979721166035,0.0333615206182003,10.922596,11.092397,0.7167787,0.5056316,1.3819825728734334,1.3291581948598226,4.598854576863103,4.5557257070883,264.0641140005755,11749.642218999725,extra_dim,256
qx9MPf-447-243466-253414-78108-327883-41798-186349,1722,15.911730545876887,0.0489613376557827,8.18776,8.057296,1.062605,0.8638064,1.5967679500579834,2.077012888590495,4.208792809005363,4.203560224646973,328.70750300025975,8936.46402000013,extra_dim,256
4fsgkp-253-311495-209061-229618-287427-276516-38459,1013,6.811451135241856,0.02615589275956154,16.887835,16.998388,0.3077992,0.2191335,2.9427924156188965,3.0518080393473306,4.6846458014077905,4.674596479885815,66.08211899947491,2911.7822389998764,extra_dim,256
u3JmNp-105-377036-373629-177809-287789-419538-221798,1057,9.082308420056764,0.03273187577724457,12.756098,11.918619,0.589025,0.33671603,2.4992995580037434,3.0477616945902506,4.653658112028784,4.630358295771316,142.69793299899902,3897.0528669997293,extra_dim,256
7gnoMp-243-13140-469001-90733-352371-418901-62534,1349,14.381022979985175,0.03019716590642929,12.145805,11.7959,0.74269366,0.47101355,1.978998335202535,2.399429432551066,4.642488445730715,4.591086978052112,337.7214189986262,5997.217819998696,extra_dim,256
WYTgYp-403-306759-7708-254913-153980-163947-460359,1450,4.206896551724138,0.0560128353536129,16.366718,15.606509,0.2510245,0.21289967,3.719407828648885,3.2305561542510985,4.684728879335005,4.659275651380569,103.0439469996054,2185.719135999534,extra_dim,256
zRlcSp-181-25062-53784-123056-333757-268363-211084,1709,6.1439438267992985,0.025759130716323853,17.468422,17.943428,0.28415802,0.23107989,2.3401766141255695,2.4840955257415773,4.657189297169667,4.515490779536163,177.01926299923798,3807.7689639994787,extra_dim,256
TaYTvp-415-63022-179855-481410-392966-38597-437270,762,4.593175853018373,0.03335783630609512,21.19841,21.006573,0.24830537,0.16292085,2.7436559359232584,2.624260187149048,4.704574777438504,4.6875604335922425,51.96535300092364,1767.3007029989094,extra_dim,256
9kbanp-261-50416-108056-469001-231167-334074-209061,1007,5.958291956305859,0.026795921847224236,13.585295,14.205427,0.34347638,0.2564365,2.1028884728749593,2.1622982819875083,4.668275750268695,4.636664066040234,57.524472000295646,3387.9783330012287,extra_dim,256
DLZvmp-426-78108-128329-469130-165684-261033-84004,868,7.71889400921659,0.026906199753284454,21.989445,22.57191,0.2738038,0.20727547,4.140467405319214,4.281175486246744,4.697340561548172,4.6764846978788235,72.48058700133697,4092.098311999507,extra_dim,256
i0Ocoe-610-395609-211084-211212-108056-187519-202035,1390,9.784172661870503,3.9601487515028566e-05,11.533666,11.1965475,0.4700609,0.43494537,1.982370678583781,2.1296319643656414,4.614980010871945,4.609286281766651,165.24656699948537,6386.483472999316,extra_dim,384
PBDVAf-465-366971-117533-197606-160943-60681-25579,1722,3.426248548199768,2.0712036530312616e-06,18.0225,17.813148,0.24500407,0.15745847,2.4338951746622723,2.4982818444569905,4.695874694497152,4.700935810069051,67.00093900144566,2479.3037500003265,extra_dim,384
sF1D5f-429-45816-14754-487747-347380-61770-187519,918,1.4161220043572984,6.66032019580598e-06,24.173737,26.951406,0.0883958,0.06062289,3.116473420461019,3.142537546157837,4.728264060396578,4.727916240442053,21.766041998489527,551.4874199998303,extra_dim,384
8lHaxa-001-437270-91230-96853-392966-377039-493700,1033,8.712487899322362,1.6546022379770875e-05,13.221409,13.5537815,0.43668684,0.3225154,1.6330324411392212,1.607985798517863,4.647752771130651,4.546644952297774,95.2980000001844,3144.7302309989027,extra_dim,384
wH6bMa-009-144175-39168-315211-114587-333757-10048,1033,7.55082284607938,4.100139267393388e-05,13.56311,13.925028,0.5508459,0.326622,1.5514020363489787,1.5037777423858643,4.499940138890741,4.5398271805507076,129.06420699982846,2687.673951999386,extra_dim,384
l3Lvae-611-211084-218396-212842-198509-334833-311379,1390,4.244604316546763,4.941728548146784e-05,20.13683,20.882706,0.18700518,0.18619408,3.2999471028645835,3.33961394627889,4.705002282375121,4.698458440989611,64.41744000039762,2104.7930120003,extra_dim,384
cmHjrf-493-348077-309854-224170-458554-202179-472051,1722,16.144018583042975,0.00013046321691945195,8.138525,7.5977945,0.80400926,0.78529644,1.2255787611007691,1.2552520513534546,4.3247728644009324,3.988297349399645,413.9470549998805,7953.237908999654,extra_dim,384
9srcUf-448-162832-472051-219243-152140-401183-304828,1722,11.091753774680605,7.126033096938045e-07,9.801495,9.20915,0.627295,0.6917439,1.4531745433807373,1.5417364517847696,4.591946183188996,4.597477593156148,214.65646000069682,5081.610298999294,extra_dim,384
pMchYa-011-461984-248646-131237-259340-281965-474206,1033,3.291384317521781,7.092276973708067e-06,17.152174,17.43596,0.2007366,0.18813457,1.4782973527908325,1.4804105838139852,4.6898679017914,4.646530351484172,39.677327000390505,1048.8467369996215,extra_dim,384
rqqrUf-476-372299-90733-207508-318838-254913-53278,1590,15.786163522012577,1.0736808690126054e-05,10.164556,10.080952,0.749842,0.68678004,2.4736204942067466,2.919658406575521,4.611518535884394,4.491354405978145,343.86698699927365,7204.459335000138,extra_dim,384
KWj8Li-521-358526-235375-78807-67455-237079-21827,802,14.588528678304238,5.653791959048249e-05,8.616717,8.447362,0.93341637,0.5016317,2.01306738058726,2.752816597620646,4.29600042210801,4.313614064454873,119.45592000120087,3127.825968000252,extra_dim,384
LIJKja-026-447487-148409-188815-38506-78427-479691,1033,5.517909002904163,1.2104389497835655e-05,12.777916,12.741907,0.34644726,0.29841605,1.3589621941248575,1.4602359215418497,4.628982889474033,4.602449282975519,88.20218100117927,1523.8558809996903,extra_dim,384
P4ZKje-597-228203-427818-407728-174918-211212-250174,1550,22.967741935483872,0.0001234940718859434,7.3063397,7.7278986,1.0262786,0.7785399,1.3932423988978069,1.5508553981781006,4.331410808276382,4.361656518165205,404.23874699990847,13491.87911899935,extra_dim,384
zoFKbf-438-268009-220507-287943-286732-24538-454712,1653,12.583182093163945,5.697601750398462e-07,10.672998,8.982394,0.61327934,0.55546594,2.0261852502822877,2.129876391092936,4.558327268575125,4.493590017881795,213.55415899961372,8491.714365000007,extra_dim,384
FPRIpe-578-474864-126584-425422-304828-148409-10737,1550,9.096774193548388,7.081195508362725e-05,10.962229,12.493257,0.44607154,0.43821096,2.808027744293213,2.9521159966786703,4.615292705909624,4.552904032412395,152.0416399998794,4403.144760999567,extra_dim,384
Th8NDe-613-23535-495997-395609-270487-329331-383770,1390,14.100719424460431,8.22431466076523e-05,9.8004265,10.201395,0.6110125,0.64219934,2.563712247212728,2.741654634475708,4.552055068643878,4.554786919053875,260.97431400012283,8191.596712000319,extra_dim,384
KFAl8f-427-406364-361413-456735-410307-286869-348733,1722,18.641114982578397,5.997956031933427e-05,9.387538,9.2810755,0.7746894,0.60935277,1.638969079653422,1.6591649134953816,4.164404373892331,4.226908749878471,331.00290200127347,13080.316253001001,extra_dim,384
rn9v1e-583-369034-383770-175927-399756-390385-383479,1550,11.67741935483871,1.7469614249421284e-05,12.250988,12.259627,0.4824822,0.44826058,2.8066235542297364,2.854458713531494,4.603192517185595,4.517085846771773,205.72520200039435,8281.75504200044,extra_dim,384
SnJBwf-434-37928-376902-480197-51581-328121-350223,1378,5.732946298984035,1.790127271306119e-06,15.063578,15.143124,0.34987774,0.26513246,1.9805625041325887,2.0980058034261067,4.672013801449731,4.674099801309423,97.45478800141427,2843.0528809985844,extra_dim,384
amZyRf-444-7708-476924-468905-275802-405424-380077,1722,2.5551684088269457,3.279495786046027e-06,16.930676,16.798069,0.18085766,0.18364693,2.0312023321787516,2.040061934789022,4.699183842283848,4.688657562174381,48.710114000641624,1220.720731000256,extra_dim,384
a4WwUa-043-141142-113619-397909-469223-287427-421926,1033,26.427879961277835,3.878655479638837e-05,6.151995,6.2856193,1.2085656,0.92093295,1.1824836174647013,1.2835538148880006,4.131044267696946,4.185090695105803,294.2539739997301,12158.17888499987,extra_dim,384
mvvOnf-472-106-135410-148409-334242-45816-353502,954,4.5073375262054505,4.8512858484173194e-05,14.421616,14.154074,0.30363593,0.26564923,2.7114001750946044,2.7971009572347003,4.625869074383791,4.635369969222423,49.210803999812924,1684.358518999943,extra_dim,384
oRqMra-058-167772-480197-43889-36331-135873-265166,1033,2.904162633107454,6.2980648181110155e-06,22.85149,23.256128,0.16279759,0.1009447,3.157902971903483,3.220970932642619,4.722701715592636,4.719482816409978,94.55773899935593,1925.4183299999568,extra_dim,384
1rIrKa-023-409746-287789-276335-17243-340579-260428,1033,1.6456921587608906,1.7720502000884153e-05,19.163998,20.515593,0.13118765,0.105815805,1.6503483454386394,1.6421008745829264,4.710393408198544,4.719496719161224,42.03709699868341,1502.638810001372,extra_dim,384
xX6Wce-607-140209-262731-151331-7708-427818-497426,1390,3.741007194244604,2.83738954749424e-05,18.971266,18.768738,0.17666583,0.18026108,2.9946926116943358,3.07289826075236,4.712007693067144,4.7099767898022025,244.89657999947667,2811.891621000541,extra_dim,384
3hvoVa-051-2307-202921-218396-175927-14787-464643,1033,5.324298160696999,1.6514632079633884e-05,15.994515,16.497305,0.31436098,0.23063612,1.5858636061350504,1.6718870242436727,4.668903791290068,4.659344559290797,53.9878529998532,1418.0783259998861,extra_dim,384
87hwjf-487-426805-60643-437215-160943-182650-407728,1181,5.080440304826419,1.0143882036572904e-06,13.0899,11.443147,0.32771865,0.3836402,1.4371244271596273,1.4770285367965699,4.668113696056782,4.618483167411211,74.37881500118237,1950.8094230004644,extra_dim,384
98pQ7f-492-161118-44660-2985-495997-227228-191485,1722,3.948896631823461,3.370679678482702e-06,19.52902,19.566715,0.17794721,0.19429815,3.2688673655192058,3.179424444834391,4.692287454396986,4.603054464689368,122.63932099995145,2766.994444999,extra_dim,384
9a98Kf-464-298969-472051-292323-179462-78575-496080,1181,7.281964436917867,5.5254073231481016e-05,13.639756,14.196705,0.37141564,0.27491328,2.968380880355835,2.9937982082366945,4.35172765899478,4.44168692107103,133.9600060000521,3186.011667999992,extra_dim,384
WVKBPa-017-469001-13769-309009-430207-5054-14754,1033,3.581800580832527,4.264206836523954e-06,15.167271,15.332211,0.22904657,0.21530795,3.5838698546091714,3.6831427415211997,4.694883960929998,4.668416544934711,42.62097600076231,1405.5172499993205,extra_dim,384
k2rvsa-021-181149-117176-94351-2985-340579-209061,1033,4.162633107454018,1.384729148412589e-05,18.28098,15.75653,0.2986594,0.20087111,1.8679368416468303,1.9603626012802124,4.69153809777894,4.670922753611647,72.66124699890497,1521.5433119992667,extra_dim,384
GptLba-028-467697-29563-495971-437270-5575-211212,1033,2.3233301064859635,2.764441342151258e-05,18.161196,18.54051,0.15485342,0.14583594,1.7717032829920452,1.7916343847910563,4.6733217775933715,4.671862631374482,48.10881400044309,660.6139840005198,extra_dim,384
3EBeof-459-212842-454791-192385-495971-180085-113105,1033,16.747337850919653,3.53978066414129e-05,11.4592705,11.584939,0.6132186,0.647685,1.8244827032089233,2.0498984336853026,4.539020292447664,4.522106473091233,172.65252399920428,6465.869194998959,extra_dim,384
8C0b9f-461-182650-228203-8651-240298-176776-186349,1704,3.814553990610329,5.752473225584254e-05,16.554237,16.528852,0.19506502,0.2765603,3.6079300244649253,3.5183948198954265,4.703736933590655,4.580216525301948,65.43401899944001,3343.379197000104,extra_dim,384
f5sCDf-435-355130-41798-395609-377902-35325-116061,1378,11.901306240928882,9.696379493107088e-06,13.496493,12.044886,0.4880084,0.5292062,1.7431176741917929,1.7949344635009765,4.635972577984138,4.4011689839303,468.85180699973716,5882.867845999499,extra_dim,384
5LZsPp-295-239730-414547-129636-470600-495997-1214,1207,22.535211267605636,6.921367457835004e-05,9.941043,8.657845,0.8781592,0.6819524,2.183327595392863,2.339101203282674,4.083621364122991,4.184788601244074,296.44307300077344,7730.432690999805,extra_dim,384
rxhq2p-211-212526-349828-67455-407790-412326-143976,1183,7.185122569737954,2.8749458579113707e-05,15.0299015,13.991505,0.61771643,0.26453307,2.2665658632914227,2.62224809328715,4.520055867222297,4.541740714398643,89.12802099985129,2501.023841999995,extra_dim,384
7j8l2a-034-50416-4800-287427-123375-143976-264357,1033,3.0977734753146176,8.71249631018145e-06,15.944509,16.378075,0.22346699,0.20727813,2.4180841128031414,2.427229324976603,4.671091099840811,4.588145869371871,44.248276000871556,889.1226899995672,extra_dim,384
cedJli-522-192385-152140-262731-156368-123704-333757,719,5.285118219749652,5.254780626273714e-05,12.264367,10.340847,0.3592352,0.29280844,1.9476596593856812,1.9955099026362102,3.9547732497086745,4.177079321800277,38.83749700071348,966.9594539991522,extra_dim,384
uHCIZa-015-146882-87506-304828-333757-5054-62919,1033,8.615682478218782,1.7520515029900707e-05,11.799917,12.129512,0.43990183,0.41291118,1.2929038206736247,1.3014375845591226,4.529171775876006,4.552325878879133,138.03011500021967,2733.6859650004044,extra_dim,384
UKnMcp-124-361413-129636-57514-52991-68221-81956,1381,20.926864590876175,0.0001672373036853969,13.68128,13.33564,0.81571645,0.5135107,2.429026969273885,2.7766897837320963,4.495894447262504,4.512002469079459,291.58087500036345,7439.150315998631,extra_dim,384
5ALjRp-161-333766-240226-4800-482510-113619-84055,1026,26.803118908382068,0.0008019127999432385,6.7447596,6.3765674,1.2700163,0.91065854,1.220154054959615,1.2350127140680949,3.9355695140238947,3.9127479106589904,400.52797900170845,8175.9998360012105,extra_dim,384
Paqf1p-119-254913-443221-90733-163645-32125-188815,1450,9.034482758620689,0.0004479943308979273,14.336302,14.610907,0.38926482,0.296682,3.2232795556386313,3.256952158610026,4.405046340499767,4.441796008634341,235.5722930005868,3183.5108589984884,extra_dim,384
lDN6of-450-91840-427818-353502-327883-210172-489807,1722,25.02903600464576,0.000440589792560786,5.76601,3.5388563,1.358395,0.8815346,1.3077168305714926,1.450784715016683,3.698151799217643,3.901066024477526,539.8672619994613,15005.81432099898,extra_dim,384
JRGxpf-495-78575-358526-483339-81956-229618-247007,1722,14.227642276422763,0.000252309167990461,8.478024,6.8628693,0.72785145,0.7238245,1.1652695258458456,1.1423216183980307,4.420027922507886,4.410192788487229,261.8762649999553,7290.419553999527,extra_dim,384
yc5Hmf-494-469130-474206-203381-91840-123056-149498,1722,13.472706155632984,0.00020981418492738158,8.559298,8.6201105,0.6829416,0.58254546,2.796259291966756,2.6056288401285808,4.402311568949353,4.3310879034278145,252.3700679994363,7266.746943001635,extra_dim,384
6UNJZa-025-136860-357104-38459-89725-366126-252054,1033,9.390125847047434,0.0008322022040374577,12.94403,12.935125,0.4075946,0.36468592,1.194431765874227,1.206085697809855,4.55000561641663,4.552252683859919,127.69495899920003,2847.2242879997793,extra_dim,384
CrjLKf-468-374393-49022-14754-240504-316080-236920,1722,6.562137049941928,0.00014622832532040775,14.526827,14.244926,0.3293679,0.35049367,1.2949856837590537,1.2977081537246704,4.686206854488371,4.6820461701959255,126.86562799899548,3357.501141999819,extra_dim,384
wkCjvp-408-175927-2985-407790-280816-275802-343332,1046,15.965583173996176,0.0001569680607644841,14.913656,14.213688,0.62384707,0.4298621,2.5015490531921385,2.7460450490315753,4.549220974402381,4.588199333806411,171.34566300046572,6136.9168420005735,extra_dim,384
bnEKPi-496-131237-487747-10048-112031-352809-171454,719,13.908205841446453,0.0004139196826145053,9.054534,7.357924,0.7501798,0.53571165,1.6801519552866617,1.8193543434143067,3.2314079403424065,3.535319036625446,208.68179299941403,3574.610010999095,extra_dim,384
FW6BFp-225-129636-418989-280816-386883-462467-306759,1649,6.24620982413584,0.0004694216186180711,15.018221,14.884925,0.2908667,0.25059143,1.801159938176473,1.806624992688497,4.5152804175266485,4.550381664588766,170.21222400035185,3370.332957998471,extra_dim,384
cZ9D6w-670-134118-41411-423587-125189-84055-98443,662,4.984894259818732,0.0007059596828185022,16.439438,16.326393,0.2531174,0.19481115,4.115795612335205,4.192585976918538,4.548639520131278,4.5586039963787695,56.890871999712544,1054.4486050002888,extra_dim,384
xlckps-555-489807-93885-138959-23535-14754-299323,1636,10.880195599022006,0.0007390778046101332,10.226697,10.111814,0.5475482,0.42505765,1.4188411156336467,1.4894951105117797,4.487297938487481,4.505351953069408,218.9977590005583,6746.750242000417,extra_dim,384
xDMmqs-548-333766-165168-462328-336612-442126-284808,1636,9.7799511002445,0.0005077441455796361,10.949106,10.894413,0.4722755,0.36915508,1.3045141299565632,1.335076340039571,4.2520060280169,4.363580681712564,170.19697400064615,6040.244293999422,extra_dim,384
FSyUys-545-306052-88756-228203-369609-91230-448907,1240,3.467741935483871,0.000898472499102354,17.595613,16.811012,0.20797248,0.18192618,1.38886456489563,1.3873407602310182,4.64327647926483,4.649939411687724,49.36282400012715,1379.0043979988695,extra_dim,384
FiS63i-513-129107-287427-185152-454791-121010-285778,918,29.956427015250547,0.0005593721871264279,4.469099,2.5771232,1.4621735,1.0385135,1.6866376320521037,1.8229111353556315,2.329497816166385,2.7240404700808227,445.83862499894167,9498.84492199999,extra_dim,384
AHwsQs-538-108297-304214-140209-237079-426805-448869,1636,26.5281173594132,0.00042765779653564095,6.8665266,6.0729713,1.8713266,0.8717193,1.2030494928359985,1.2472910006841025,4.044672053006768,4.092280707462809,440.7790269997349,14522.603268000239,extra_dim,384
cUyODs-564-324456-286869-479691-123056-485468-274323,1636,14.60880195599022,0.0006575641455128789,9.377054,8.39911,0.7161612,0.5721831,1.5139294783274333,1.3746255000432333,4.481428527014018,4.498898535451972,250.6259579986363,8202.382076000504,extra_dim,384
WOhKts-537-450251-294604-27791-350223-235375-383770,1636,15.158924205378973,0.00046492001274600625,11.2110195,11.44988,0.64628106,0.44602346,1.741826105117798,1.9721037069956462,4.436638970433859,4.474710465502502,256.9859160012129,8262.940755999807,extra_dim,384
Mtnx5i-515-495971-279778-348676-11995-306560-418034,744,3.225806451612903,0.00028512379503808916,15.714656,12.37625,0.21170051,0.22481911,1.6398422161738078,1.6677804787953694,4.665279677362072,4.691882067189292,25.19199100061087,830.7230789996538,extra_dim,384
fiDqFe-589-306052-37928-421728-166792-414547-458302,1550,7.548387096774194,0.00034323649015277624,16.26955,17.049831,0.37839946,0.2496732,2.9220654169718423,3.2444928010304768,4.611823188172544,4.638395147776708,131.79098799992062,3265.889640999376,extra_dim,384
KIklei-503-156368-5054-151331-161307-380077-177809,898,12.138084632516703,0.000185836324817501,8.704723,6.9437294,0.7143467,0.5573252,1.5840564330418905,1.6120266675949098,3.24462366706588,3.646521885837119,114.92249299953983,3018.1866330003686,extra_dim,384
0Rve0i-524-469450-332402-376902-283921-64116-240504,1140,5.087719298245614,0.0009046242921613157,13.621695,12.614681,0.3342087,0.24359302,2.2653616110483807,2.3438812573750814,3.9859090802121924,4.256424281041935,83.98384299835016,1577.2209640017536,extra_dim,384
IJqofi-526-68304-236920-183720-152419-94351-316080,661,34.493192133131615,0.0003945751814171672,4.320287,3.171415,1.9102783,1.1347669,1.7652242581049602,1.7999815861384074,2.313701047211215,2.643697272287479,281.47742799956177,7181.079760001012,extra_dim,384
vAlA7f-458-390385-16661-177809-112031-325632-365075,954,1.4675052410901468,0.00048059478285722435,30.428934,32.216003,0.05467673,0.04538986,4.7439603487650555,4.713059171040853,4.7115318364905985,4.710017328389142,20.368554000015138,373.88139799986675,extra_dim,384
oK9Hxs-550-7708-104867-460359-299323-420765-264795,1636,3.850855745721271,0.0009720592643134296,16.458578,16.234348,0.2049018,0.17700468,1.3410457531611124,1.3712798436482747,4.659113980980828,4.668812915482919,65.59358900085499,2554.710004000299,extra_dim,384
kxh9is-563-24999-276516-377039-462467-365075-67099,1636,6.418092909535453,0.0009378857794217765,16.993193,16.738106,0.30046314,0.20848435,2.0672678629557293,2.1369078795115155,4.579115125930308,4.5959665047657845,174.08689299918478,4015.5345250004757,extra_dim,384
Q4PCSi-506-317415-237079-78108-78427-235375-285778,1152,8.072916666666668,0.0002790152211673558,12.02862,11.198163,0.45370054,0.35392213,2.302886152267456,2.2882549444834392,3.818570453233721,4.082314934820094,144.11865299916826,3520.204118000038,extra_dim,384
zKb4se-576-475285-202921-407950-32125-236920-469001,1236,14.64401294498382,0.0002435800852254033,10.987645,10.456156,0.6309952,0.54505295,1.7480682770411173,1.923756996790568,4.516526237971054,4.421441891920717,326.06041300095967,5720.240868000474,extra_dim,384
EZwkWp-195-116061-37928-384031-166684-14787-96948,1442,15.53398058252427,0.0007670152699574828,13.404154,12.284598,0.6874742,0.43619403,2.1660577774047853,2.7372083981831867,4.251393650379139,4.280307133854868,237.29698299939628,7854.705109000861,extra_dim,384
rjyWTe-587-151723-247588-123704-129889-250174-123056,1550,12.129032258064516,0.000710091320797801,11.14884,11.447935,0.55109537,0.47262156,1.7143198251724243,1.918230660756429,4.502665284243759,4.539692513807113,277.25371999986237,6486.583967000115,extra_dim,384
44Zbvs-567-179462-358526-13671-355104-116061-343332,1636,7.396088019559902,0.00030473197693936527,11.942538,10.768814,0.39196178,0.32931605,1.210644276936849,1.2077107667922973,4.587361642058266,4.610047811601543,238.95000099946628,4091.938031999234,extra_dim,384
ofs2Us-561-469223-161307-229618-187519-295308-129107,1636,15.831295843520781,0.0003641763178166002,10.644669,10.572018,0.71025234,0.4804617,2.385067844390869,2.743134943644206,4.200479784654623,4.268796923942746,344.1108269998949,9112.694347999422,extra_dim,384
jhRr0p-088-489070-351855-386883-172725-333766-16976,1661,16.375677302829622,0.0008774544112384319,10.106563,10.158251,0.7577257,0.5613627,1.8470563332239787,1.9552151362101238,4.195287687584338,4.1747552267732795,280.27862799899594,9180.708956000672,extra_dim,384
ItvEYp-187-347380-151331-160943-343502-92870-286732,1222,5.973813420621931,0.0003424148017074913,16.025694,15.7113695,0.26805773,0.22188906,1.917994205156962,1.9183167695999146,4.538928444393925,4.578127472571882,75.62806499845465,2770.5989930000214,extra_dim,384
9ImS8p-321-63022-306759-480197-355130-205293-103130,1065,1.4084507042253522,0.0003738635568879545,29.220245,30.069893,0.06461734,0.051922977,3.8257355531056723,3.86039039293925,4.7201388623765,4.722888830721774,16.475525000714697,366.45367999881273,extra_dim,384
PiKSIp-112-109021-465867-125189-123174-211212-334242,1021,9.10871694417238,0.000980529235675931,10.736582,8.869268,0.5062175,0.410013,1.9313448111216227,2.062370038032532,4.307650567714247,4.365241366362185,140.34924400039017,3246.371908000583,extra_dim,384
5Lu6ui-514-135410-151381-124082-173176-644-324310,744,9.946236559139784,0.00026409313431940973,11.418239,8.949619,0.5271037,0.41678157,1.4446330070495605,1.4725292285283407,4.536959155209197,4.587687503863204,83.79669299938541,2604.237996998563,extra_dim,384
69ZMRp-276-162832-2757-113105-349816-17243-289593,1207,16.23860811930406,0.0009542101179249585,12.454695,12.355431,0.6546099,0.5074841,1.397399115562439,1.355792760848999,4.291183251090687,4.268900365583919,393.4798709997267,7954.953266000302,extra_dim,384
caQa9p-079-134118-41798-311327-343332-125459-231167,1139,6.409130816505707,0.0008238053997047246,23.365707,23.411228,0.21701567,0.17220397,4.183386898040771,4.224702707926432,4.490673776750232,4.501372082685995,115.40200200033723,1671.7762429998402,extra_dim,384
zQSXvp-215-498788-407950-152419-25062-51581-3467,1400,17.57142857142857,0.0010821843752637506,10.449719,10.142881,0.7620928,0.528897,1.744078509012858,1.8257242123285928,4.166137545589745,4.234051835340388,245.7288690002315,9323.509328,extra_dim,384
3Fszap-093-117533-332219-451954-336612-141428-265166,1116,6.451612903225806,0.002600878244265914,16.041054,16.17716,0.2844168,0.2182827,3.9503470102945966,3.909826119740804,4.50817015091172,4.526314985686661,75.02542500151321,1751.8030270002782,extra_dim,384
oJJGwp-325-47619-442126-2985-182650-124082-457067,1710,4.035087719298246,0.0017253782134503126,17.293646,17.443073,0.19742267,0.17224485,3.314431635538737,3.218579578399658,4.672597881488802,4.663719816824046,74.26084600047034,3156.7205360006483,extra_dim,384
0mk6rp-310-146145-90733-51581-27791-50416-437215,1608,1.7412935323383085,0.0014768074033781886,24.0238,24.257687,0.09374096,0.07313535,2.3080619970957437,2.3679969628651936,4.710670091492851,4.711368155319974,50.867623000158346,1718.5676579993014,extra_dim,384
lzFhsp-134-377273-280816-60681-369034-268009-11995,1625,3.076923076923077,0.0012218672782182693,20.971605,20.995504,0.16119544,0.11697611,4.671309566497802,4.737314478556315,4.671111342401098,4.678504763781173,106.27660499994818,2706.3582249993487,extra_dim,384
5OQdwp-063-348077-460359-16661-112031-224170-197606,1404,2.7777777777777777,0.005658838432282209,17.80088,17.894474,0.15966128,0.13506152,3.523524840672811,3.550018819173177,4.6416256072849436,4.644636300726338,70.86429599985422,1456.1806929996237,extra_dim,384
am1FVp-234-380077-145165-25579-145555-311495-324310,1208,5.380794701986755,0.004206848796457052,16.337563,16.259945,0.25944546,0.22284381,3.030098311106364,2.6224178949991863,4.554902173544611,4.49793885076377,71.86004600043816,1967.9279859992675,extra_dim,384
1zDUvp-298-108297-119460-56896-348770-68221-98443,1510,2.5827814569536423,0.0020352303981781006,16.920073,17.193111,0.18382955,0.15205638,4.776734034220378,4.776941235860189,4.639076955902292,4.644866409734309,43.55123499954061,2068.488222999804,extra_dim,384
cqZnBp-237-143976-377902-462328-483339-384274-414547,1322,8.245083207261725,0.005321722012013197,14.051398,13.394514,0.35150957,0.33995768,1.3681346337000528,1.4797964175542195,4.5068136767683225,4.483029091019197,146.19893199960643,3618.359624999357,extra_dim,384
N5kbFp-292-397909-407728-152140-117533-153980-62919,1693,21.204961606615473,0.0010815237183123827,10.957241,11.921744,0.8189505,0.8149884,1.4367575963338217,1.4785651922225953,4.575501577340262,4.3877175667806805,465.3962070005946,11715.415075001147,extra_dim,384
DmpOYi-525-91230-450251-209608-292323-92870-38506,1140,16.315789473684212,0.0021517532877624035,7.6053295,6.254246,0.9254989,0.62056947,1.998990035057068,2.1212614218393964,3.0294891350276165,3.5702782080389923,195.11785699978645,5151.3563329990575,extra_dim,384
BBcZPi-501-456735-480197-495997-497448-326140-134118,861,0.8130081300813009,0.003230630187317729,22.469233,23.110723,0.08959636,0.057855994,1.747713605562846,1.7886715491612752,4.72715927394375,4.728446604246381,7.941347999803838,170.83949399966514,extra_dim,384
BsVmke-591-419538-379538-386302-426805-469450-347380,1550,17.806451612903228,0.002498342888429761,8.007492,8.2043495,0.8158516,0.66172624,1.331777779261271,1.4264475186665853,4.243593574722404,4.272162205180906,421.0612520000723,8728.2080519999,extra_dim,384
nSu3Cp-366-41411-362672-285778-222370-421926-202035,1118,6.529516994633274,0.006295517086982727,21.87429,23.071865,0.31014553,0.20359392,4.17549467086792,4.046557553609213,4.698848214957777,4.696805490388458,120.20025099991472,2109.35260900078,extra_dim,384
tztd5w-640-23535-348077-410307-64116-151381-134118,1176,11.989795918367346,0.0032262594904750586,14.11648,13.93631,0.54708403,0.3622259,3.9610819180806476,3.7676911036173504,4.224666001992957,4.251032968478779,142.3602929990011,3722.5106509995385,extra_dim,384
qQ82Hw-614-91230-379354-379373-260428-324310-287427,949,5.163329820864067,0.0024592585396021605,16.649603,16.483562,0.2546934,0.21638827,1.928482985496521,1.8402471621831258,4.483807142657168,4.496602018001486,54.05771200094023,1174.2738649991225,extra_dim,384
f2JFMw-634-136860-113105-22031-310105-248646-32125,824,8.25242718446602,0.0029410782735794783,12.009267,11.6746435,0.4068531,0.3358855,2.4459080060323077,2.313140805562337,4.550409918048855,4.55969682988684,69.27474800068012,2014.1714500005037,extra_dim,384
ainjFp-098-145384-88756-289593-274542-488804-292564,2208,9.148550724637682,0.003448504488915205,13.610965,13.03522,0.40844598,0.32881913,2.565948406855265,2.7415877024332684,4.449419226547046,4.439417850023938,209.9339209999016,7298.345699999118,extra_dim,384
BcVzDs-560-352809-57514-418989-243067-209608-32726,1636,6.601466992665037,0.0019297391409054399,18.29029,17.296196,0.28369212,0.21354882,1.5205928564071656,1.5060068766276042,4.623787409251226,4.631984162852507,110.66865399880044,3236.2941009996575,extra_dim,384
TypO9p-362-82313-390793-365346-50416-310105-275395,1464,23.36065573770492,0.0034457372967153788,8.430775,8.779032,1.3999456,0.70259285,2.7042848269144693,3.108548720677694,4.500447989007269,4.3861431325866915,361.28551099864126,12820.446071998958,extra_dim,384
nQsrxi-500-35788-354893-151331-437270-461984-276516,861,11.033681765389082,0.004316622857004404,9.494241,9.599648,0.639504,0.46303144,1.5694830020268757,1.6920521895090739,4.4768707590552195,4.496095648403676,103.45749699990847,2907.4402770002052,extra_dim,384
ck2Uxp-081-495997-135873-82313-377039-373629-268363,1026,4.775828460038986,0.004637618083506823,16.5217,15.300322,0.21216936,0.23385304,2.147632884979248,2.2009385267893475,4.560413257794463,4.528596531130576,56.13653200089175,1403.32140099963,extra_dim,384
jgJdnp-100-135873-177809-247007-67455-332402-185152,1404,5.84045584045584,0.0029392531141638756,18.190075,18.412384,0.2274523,0.18385611,3.7403897126515706,3.7203203360239665,4.554637428279444,4.573825170060887,121.14978099998552,3108.3574010008306,extra_dim,384
m8mjCs-533-485468-283456-486330-442126-2757-12865,1636,22.677261613691932,0.0013069127453491092,9.894668,8.851874,0.9632445,0.70521307,1.316192587216695,1.3297070264816284,4.258071770500541,4.277040312667021,428.8968590008153,13927.594589000364,extra_dim,384
pRaNDw-627-181149-276516-426805-281965-56896-235375,1894,4.7518479408658925,0.002972227055579424,15.140661,15.132928,0.2883964,0.2202462,2.218217452367147,2.050254805882772,4.5610167167672175,4.56631793213045,190.3441180002119,4077.728594000291,extra_dim,384
U5aQJe-592-437270-129013-295308-406364-103913-497087,1550,4.451612903225807,0.001561999088153243,15.504406,15.923329,0.29627135,0.21547116,2.3417420705159504,2.3903927485148113,4.623839567824016,4.657206006718223,146.14782299940998,2670.8664660000068,extra_dim,384
3e1Tjp-199-462328-423751-38597-248646-74769-2009,1395,9.46236559139785,0.002225166419520974,15.685289,15.514828,0.44209158,0.35986423,1.3968299865722655,1.427201763788859,4.438031750989342,4.398678191326236,192.1219679989008,6054.099926999697,extra_dim,384
SSYQ1w-650-275802-13671-144360-112336-104867-157595,503,5.36779324055666,0.0031455422285944223,21.375572,21.042261,0.19350688,0.1705157,3.8483288288116455,3.7196116129557293,4.497161370604146,4.494411294015955,39.72283699840773,1234.144665999338,extra_dim,384
JCRPTw-618-129107-479691-343332-355104-157595-129013,1894,30.517423442449843,0.0062578716315329075,6.0528703,5.17346,1.3142141,0.95918465,2.1681265830993652,2.043685507774353,3.6667261169598673,3.7350585854410183,757.367072001216,16889.910848,extra_dim,384
BThtKf-463-324456-428876-160668-329895-295308-99711,1722,31.3588850174216,0.001240023411810398,5.454044,4.760686,1.4557916,1.1064267,1.1300350109736124,1.133064333597819,4.05967953138034,4.0837219225766805,1247.5499520005542,17938.00282399934,extra_dim,384
BNXFqp-404-184495-450557-10737-129636-497448-379538,712,3.089887640449438,0.0009845345048233867,12.981868,12.040987,0.2632945,0.20997101,1.8408647855122884,1.986435310045878,4.545884888045503,4.603773346237932,79.17068499955349,968.235962000108,extra_dim,384
7HBFIp-071-294604-416172-427818-181149-278609-175927,1141,7.887817703768624,0.003979463595896959,19.684944,19.805931,0.34102473,0.21604373,4.01044340133667,3.999113925298055,4.498987594080852,4.5087236701186635,122.36392100021476,2449.484548000328,extra_dim,384
fS0Vwp-324-274170-461984-129889-218396-366126-128329,1773,16.130851663846588,0.001755136763677001,12.260733,10.301186,0.6963442,0.51404035,3.505574417114258,3.5988563219706218,4.247899493683806,4.305843493993007,312.1329280002101,8708.86968800005,extra_dim,384
MJEnPs-553-484336-261033-237079-274170-257745-343308,1636,5.990220048899755,0.0014303416246548295,11.912632,11.799362,0.36765504,0.31564084,1.9625548601150513,2.063237190246582,4.608001828302791,4.621046982150501,115.72487199919124,3105.990602998645,extra_dim,384
noHubp-343-163645-17243-410906-219243-161307-221798,1638,6.654456654456655,0.0025536506436765194,14.424687,14.008621,0.40062547,0.27874807,3.1378347078959146,3.006259632110596,4.610402991744307,4.6200764639999345,193.53071700061264,3115.781329001038,extra_dim,384
4sBV1s-535-160927-255765-139119-167772-460359-377902,1636,11.98044009779951,0.0018671865109354258,12.355549,12.763954,0.5505187,0.38340124,2.661982711156209,2.7263463656107585,4.469279850772083,4.525737345524089,257.0084760009195,5678.052600000228,extra_dim,384
IZG94w-666-98443-418034-470600-161118-288253-129889,1707,7.147041593438781,0.004833240993320942,16.007267,15.161922,0.3187661,0.27650204,4.080823278427124,3.6584137598673503,4.434570987709457,4.407828542159098,194.05765600095037,3415.7403110002633,extra_dim,384
9hvMUf-482-498788-113105-17243-63022-21827-338584,1318,11.077389984825494,0.0011917749652639031,10.284235,10.001908,0.5783481,0.44708195,2.6974666436513264,2.544714085261027,4.570203030814886,4.561783267240913,159.37556799872254,4319.303804999436,extra_dim,384
TkK5fp-380-229618-476225-311495-339484-11995-7708,1573,6.039415130324221,0.003558315569534898,14.03993,13.732504,0.32712945,0.24111867,3.6967228094736737,3.691694211959839,4.57227872031451,4.584110512548804,95.72954899886099,2728.596345999904,extra_dim,384
9f3Qjw-657-129013-78427-348770-228203-60643-7188,839,7.866507747318235,0.0029710158705711365,14.998083,14.652321,0.38446465,0.27201918,2.330699427922567,2.446136490503947,4.46632739249634,4.480973103098815,66.60306800040416,1997.4710360002064,extra_dim,384
mZAhvp-320-51581-316080-475285-152880-108378-407790,2240,19.732142857142858,0.009975253604352474,15.229798,17.40454,0.75022906,0.60571533,2.486598745981852,2.5418778737386067,4.5671448650685615,4.362208974502208,553.2970789990941,15133.92684199971,extra_dim,384
aVIkMi-504-436373-35788-166684-274170-363774-493700,826,3.753026634382567,0.01687152311205864,15.599675,14.596378,0.24332763,0.213817,1.3435284932454428,1.3647057294845581,4.671085546370031,4.671520734137757,43.561806000070646,1309.680541000489,extra_dim,384
wD39yw-617-350336-91230-365075-384274-339484-27577,918,4.139433551198257,0.01175561361014843,14.280588,14.298098,0.23693685,0.2171198,2.515222692489624,2.4448441664377847,4.616346832051008,4.623117085359322,125.01547000101709,2396.6290449989174,extra_dim,384
WWYmkp-135-247007-450251-229950-249772-273892-186349,1032,18.7984496124031,0.02265731431543827,11.8798485,11.667181,0.75896955,0.54330975,3.157214879989624,3.2835288365681965,4.222686161415378,4.296768281293088,348.25452599943674,5674.507600000652,extra_dim,384
1Q0zzp-067-496080-227228-300626-311379-247007-1214,1044,3.4482758620689653,0.020670078694820404,32.0567,30.954275,0.10926037,0.10394448,4.209962368011475,4.228468386332194,4.719907672581707,4.718797444953959,36.627018000217504,1066.5172610006266,extra_dim,384
9Mkadp-302-273892-209608-109841-324591-494783-498752,1917,13.928012519561817,0.008960635401308537,12.927618,12.642621,0.5281485,0.42147446,1.562394920984904,1.710354495048523,4.471876084649707,4.482071977503138,347.75471600005403,8041.234365000491,extra_dim,384
ui9aDp-122-292323-379538-386883-287427-306759-88721,1070,4.579439252336448,0.009513289667665958,18.075352,18.046057,0.23802169,0.18463565,2.8162829081217446,3.012313477198283,4.646960570059535,4.649168103943551,68.40929700047127,1306.3549920007063,extra_dim,384
YLEXwp-335-240298-183720-447487-129636-202035-44660,1633,4.776484996938151,0.019239043816924095,17.292612,16.54666,0.22759986,0.21448404,2.5298279762268066,2.2516290664672853,4.677274668740365,4.656567631855272,79.3605340004433,2529.2432320002263,extra_dim,384
6TUCvp-352-108130-78807-55646-250174-386302-414547,1874,14.300960512273212,0.02210024558007717,13.810721,13.926381,0.6042906,0.450887,2.5689474741617837,2.925138314565023,4.311679095125597,4.335770742393267,304.71778999890375,7525.681613999041,extra_dim,384
DfzVIp-175-379354-103913-25062-384031-343308-295308,1232,6.737012987012987,0.007324743550270796,17.00224,16.906012,0.28480157,0.24394406,2.318397951126099,2.1878509521484375,4.556116942655842,4.485990643576533,124.64897999961977,2538.816626998596,extra_dim,384
YuwChp-152-8651-147603-379354-29563-62919-345238,1842,8.360477741585234,0.018081096932291985,22.311716,22.125706,0.352356,0.22743964,3.8672181447347005,4.0147737185160315,4.511852742783922,4.5241756561141955,156.6953689998627,4174.149762000525,extra_dim,384
QpHWMp-383-149498-238364-156368-402653-484336-426805,1642,21.74177831912302,0.02199472486972809,11.391867,13.000937,0.97711927,0.64421624,3.2055006504058836,3.3002644697825114,4.616701128659195,4.6092452548710785,382.28917500055104,12756.622830000197,extra_dim,384
RkoxIi-499-395609-17243-276516-68344-191485-476225,1053,19.183285849952515,0.013668406754732132,6.234441,5.4871426,1.2395847,0.7040886,1.5321927070617676,1.8710781812667847,4.285177463886946,4.276214441171137,211.97478099929867,7319.659512000726,extra_dim,384
avuTLe-585-474206-355130-317191-361413-333474-248785,1550,11.806451612903226,0.014499159529805183,10.17172,10.37592,0.55914146,0.534661,1.32987699508667,1.5090636094411214,4.4407383794233874,4.4899463080791415,239.3794910003635,6308.326574000603,extra_dim,384
RXuyap-339-457067-332402-329331-281965-472051-353502,1386,8.441558441558442,0.022795502096414566,18.713116,19.071032,0.31033322,0.3015168,1.5269805669784546,1.541050378481547,4.69709870637018,4.576646238301748,132.45942600042326,3760.74933900054,extra_dim,384
cfSfbp-363-68221-13671-186349-322947-197606-339484,1688,12.855450236966826,0.020284058526158333,20.254728,20.986637,0.43891993,0.36208317,3.3234450340271,3.4891579310099283,4.67028623129864,4.671442384860019,221.19610699883197,8066.658457000813,extra_dim,384
jM2z5p-212-362995-350336-202035-87506-239730-207508,960,3.125,0.008350489661097527,26.975647,26.719906,0.14311914,0.1001136,3.3790114720662436,3.5144052664438883,4.726730500818196,4.725862473081815,31.11659000023792,716.5678050005226,extra_dim,384
HxFzMp-357-24999-343332-90733-489807-316694-345238,1056,12.68939393939394,0.008049515075981617,17.747766,14.383625,0.46798515,0.43714058,2.7798766136169433,2.682899522781372,4.661589156227588,4.610856752284312,140.37519399971643,5453.416432999802,extra_dim,384
rllgnp-282-21827-2985-183720-67455-409746-330730,1398,18.812589413447782,0.014075466431677341,12.722325,12.301357,0.84023124,0.58400524,1.3575952847798665,1.3553094863891602,4.188458815208605,4.16830691018477,392.3391120006272,9578.211030999228,extra_dim,384
IJui6p-278-140209-424453-325632-318907-448869-125189,879,26.39362912400455,0.012646407820284367,6.966677,6.6797543,1.2126511,0.81829363,2.998787800470988,2.9131856759389243,4.162603069056365,3.8994999816906595,396.14427000014985,7898.2754120006575,extra_dim,384
riuiap-287-319764-286732-35325-55646-391852-1246,1806,5.038759689922481,0.016919877380132675,16.751049,17.017202,0.25018597,0.19842227,2.802331829071045,2.9276079018910726,4.644160980596128,4.654179928740185,162.69197700057703,3306.2573070001235,extra_dim,384
9OkIKp-409-379354-383479-166684-320846-480197-361413,1633,3.1230863441518677,0.018505295738577843,30.158268,30.428112,0.103620134,0.09006936,2.5502678712209064,2.761389668782552,4.6492464591085305,4.647610270431678,86.28096199936408,1817.2840239985817,extra_dim,384
vTx6Wp-073-38459-458554-472051-230200-332402-365346,1099,10.009099181073704,0.006727493368089199,14.093567,14.088041,0.41190657,0.3251457,1.7200018564860027,1.8921264012654622,4.441777697356089,4.429394753075607,114.78857200017956,3528.2772940008726,extra_dim,384
9aa0Fp-331-427818-479691-112336-420765-462193-379354,1488,11.491935483870968,0.015810392796993256,15.716459,16.468472,0.5547866,0.3430996,2.370676851272583,2.4831833998362223,4.663240753296232,4.672431430267298,181.59350099995208,5992.208835999918,extra_dim,384
Od9CNp-327-140209-326180-101992-35325-166792-451954,1953,10.39426523297491,0.014821072109043598,14.163424,13.19708,0.4444917,0.37432745,2.15643089612325,2.2332575639088947,4.633764020248773,4.647800916778805,535.3057150005043,6321.4772079991235,extra_dim,384
2TcsGp-297-152880-78575-467697-23535-316694-24999,2415,13.250517598343686,0.007391820661723614,14.115062,14.05555,0.5336552,0.35723528,3.0686704317728677,3.184801975886027,4.570017316424894,4.564691937408833,461.0490089999075,9644.798708999588,extra_dim,384
IJFPZp-340-90733-100179-99711-247588-402653-355130,1491,3.35345405767941,0.00944688729941845,12.729081,10.566414,0.29315615,0.25644037,1.7741686264673868,1.8132834752400717,4.6939990660684305,4.686216553049249,78.16538400038553,1557.3647100009111,extra_dim,384
sNYM9p-246-47619-361413-1214-155820-418901-176776,965,28.808290155440414,0.011091777123510838,6.297602,6.8816643,1.2125133,1.0486169,2.166938320795695,2.2384719689687094,4.455031514108,3.89572663498565,393.0080709997128,8392.001199999868,extra_dim,384
OI5Azp-257-60643-225888-294604-334833-14787-125459,1203,4.904405652535329,0.01875906065106392,15.577253,15.015326,0.42614853,0.2528392,1.5526212374369304,1.6006409327189128,4.569738472797347,4.574672468677634,65.17979899945203,1782.2608149999724,extra_dim,384
vhQX3p-288-256377-386883-276335-177955-380077-80661,2229,2.4226110363391657,0.0165446437895298,15.79154,15.600191,0.21122038,0.17531268,2.2261728127797444,2.176595624287923,4.682539963754505,4.681532886326999,88.78830100002233,1408.203068000148,extra_dim,384
d4LtRw-656-379354-74769-192385-202921-93885-62534,1673,9.145248057381949,0.009153828024864197,12.981283,12.741327,0.39508858,0.331351,3.4942118326822915,3.329765224456787,4.423083988821722,4.426984780165691,185.84327899952768,4608.890369001529,extra_dim,384
dc4C1p-319-469130-53129-287943-116061-476924-448907,1529,17.658600392413344,0.017503265291452408,18.255043,16.817661,0.86021024,0.46253607,2.443052371342977,2.5172073364257814,4.704180614732406,4.702576105289577,297.0886929997505,8302.00017900097,extra_dim,384
PSLbbp-359-11995-156368-348733-154883-123704-497426,1430,11.888111888111888,0.021002519875764847,11.015978,9.734277,0.6356832,0.52188087,2.3918405055999754,2.556186803181966,4.653171138368881,4.65482534533721,173.7319040003058,5262.350495000646,extra_dim,384
zVlcap-263-274542-472051-376372-248785-476225-35325,1292,4.102167182662539,0.021863481029868126,16.029757,15.796561,0.22133434,0.19356406,1.3216911872227988,1.2913395404815673,4.685130775115024,4.680289284505115,53.01112300003297,1533.6289879996912,extra_dim,384
rpdA0p-089-193291-347380-224170-426805-310105-489070,1279,8.913213448006255,0.00744014885276556,12.681746,12.024687,0.41842982,0.35230187,2.003999702135722,2.1047266642252604,4.440311212058118,4.441515580205912,134.0107670002908,3682.947962999606,extra_dim,384
O7tsRw-671-38597-125620-126584-128202-343308-240298,1734,7.035755478662054,0.009212201461195946,14.451853,14.407099,0.36298355,0.26235536,3.280012353261312,3.1508381684621174,4.476870595296736,4.494950615081097,135.70743600030255,4022.093952000432,extra_dim,384
mCLt3p-410-320846-476924-422977-274323-99711-177809,1085,1.4746543778801844,0.022891782224178314,25.884687,25.958729,0.07003677,0.061710913,2.2669142882029214,2.355413214365641,4.727931747570889,4.724037036934863,19.59994299977552,573.580801999924,extra_dim,384
jFujMp-258-2985-422977-276516-270302-316694-390385,1887,7.790143084260731,0.008067467249929905,18.188425,18.014982,0.33313844,0.23184478,3.6010655562082925,3.5884406566619873,4.593111311522071,4.561938832605887,196.8200049996085,6405.784730999585,extra_dim,384
uIq5Cp-346-271293-199372-348733-164849-450557-397909,1966,2.899287894201424,0.015138654969632626,16.704432,16.537796,0.20064652,0.16736801,2.61716472307841,2.758125909169515,4.693566840411738,4.699569293045481,67.89288700019824,1623.5121090012399,extra_dim,384
2HNvip-384-377039-229618-315211-103130-162269-274323,1838,4.243743199129488,0.014237921684980392,22.038582,22.00372,0.22007309,0.16059126,3.8412303288777667,3.8283281485239664,4.7082088044438875,4.698993708392498,88.31651099899318,4228.033374000006,extra_dim,384
hImnha-010-474206-125620-494783-410307-474929-314040,1033,9.390125847047434,0.04484827443957329,12.851205,12.72592,0.37216592,0.6945308,1.4979772885640463,1.6716799815495809,4.629511934199948,4.370084435070487,135.11126500088722,5170.887426000263,extra_dim,384
fiBRvp-155-14754-379538-407950-108056-495971-270302,1409,17.033356990773598,0.03848577290773392,8.985655,9.31192,0.7995226,0.61653095,1.8451597372690836,1.8703272978464762,4.152087670320157,3.876233699746607,381.36490499891806,9360.194881999632,extra_dim,384
QzAg3p-413-374393-31166-163645-409369-10737-129013,973,10.38026721479959,0.0511818453669548,23.8147,20.497105,0.34483933,0.28614947,2.1455255190531415,2.213031609853109,4.691837692720233,4.667480693415466,148.3315120003681,3669.5615270000417,extra_dim,384
JLBTXp-060-194617-60643-435517-420765-124439-152419,1024,10.44921875,0.024550464004278183,15.194579,14.544397,0.69416326,0.3242915,4.777001253763834,4.732824929555258,4.6199436555150495,4.63142550009377,246.32646000100067,3260.3598309997324,extra_dim,384
k4Lvzp-329-270302-101992-248785-163995-27791-469130,1701,7.642563198118754,0.051412247121334076,16.420963,16.329304,0.35448435,0.28290883,2.5269296964009604,2.602336072921753,4.703365820360722,4.677133682461996,131.52245700075582,3522.0874449987605,extra_dim,384
ZgJsyp-189-209061-292564-111916-92870-126584-280816,1939,5.002578648788035,0.0409746915102005,18.149546,17.979666,0.25858274,0.20727052,1.5532851378122965,1.5272544304529825,4.672510247747669,4.65701527186026,99.60478699940722,2664.241047001269,extra_dim,384
G50hup-092-363552-123056-229618-481410-299323-332402,1114,6.463195691202872,0.028861256316304207,22.688942,23.265741,0.27089384,0.18357207,4.149922529856364,4.287609926859537,4.617825019944385,4.628236395655181,73.90246599970851,2172.0372780000616,extra_dim,384
8b8sWp-275-88756-348733-183720-134118-226233-129107,1202,3.577371048252912,0.031784262508153915,20.514671,20.634432,0.17654054,0.15025145,3.608820374806722,3.5885568936665853,4.717722688311097,4.715590520475826,59.66752999847813,1305.0269129998924,extra_dim,384
vOT8yp-371-205293-131237-111916-212842-29563-288077,1254,6.220095693779904,0.025580398738384247,15.791714,16.604599,0.2919004,0.2922725,3.0334107716878256,2.998265298207601,4.668000389182469,4.59075389529282,85.10485199985851,3905.2107499992417,extra_dim,384
qmNVhp-128-78575-68344-44660-128101-103130-334242,1283,4.75448168355417,0.03182704374194145,23.37799,24.580269,0.22717553,0.14762968,2.3435956319173177,2.3404650688171387,4.623011232977973,4.600214293277339,78.35741400049301,3211.203236998699,extra_dim,384
8wAd8p-068-329159-165684-202035-119460-330730-447487,1209,11.41439205955335,0.0299910269677639,16.211647,16.403172,0.50240904,0.3173723,3.5283002217610675,3.539344310760498,4.4732361423414515,4.48346138041379,168.63040499993076,5364.399841000704,extra_dim,384
tXap2p-281-298969-9753-281965-457067-162269-329331,1012,6.8181818181818175,0.026187583804130554,15.671288,15.887976,0.31508026,0.24452399,2.785483233133952,2.916158898671468,4.682999559270181,4.6605383045416495,130.90206800006854,2923.232551000183,extra_dim,384
fdXdMp-313-165684-111916-348770-380077-145384-347380,1440,12.777777777777777,0.03389327600598335,16.669806,16.876001,0.5231452,0.40042803,3.268365669250488,2.9255864302317303,4.6597433610428105,4.599806896482331,357.2154329995101,6799.737290000849,extra_dim,384
Jpj5sp-423-369034-108056-487747-295308-1246-219243,1468,8.583106267029974,0.05191738158464432,19.458372,18.05733,0.40622804,0.27880397,3.5566662311553956,3.7707683722178142,4.688308254867344,4.6663384326840145,137.51161499931186,3841.8368809998356,extra_dim,384
maM4mp-267-195572-141428-108130-299323-8651-456735,1158,7.512953367875648,0.0453246608376503,26.54182,28.152735,0.2675136,0.17917274,3.2431833426157635,3.3736013094584147,4.723526198470225,4.712602751092293,135.42339600098785,2305.348933999994,extra_dim,384
Aal0cp-183-209061-91230-492922-2757-317191-461984,990,4.545454545454546,0.0922110378742218,17.542301,17.57407,0.2359374,0.19347598,2.091797947883606,2.148747142155965,4.632846717991177,4.6314732220459645,80.65667300070345,1015.2211770000577,extra_dim,384
m5rDOp-062-377273-156368-185152-188815-186260-486330,1445,11.003460207612457,0.02404632605612278,16.917856,15.344128,0.45945778,0.31545448,3.734553559621175,3.673238754272461,4.463696298633013,4.507429144099646,166.13966499971866,5501.5582559990435,extra_dim,384
IIhdup-184-282845-322947-195637-315211-10737-386302,986,6.896551724137931,0.07097651064395905,20.927485,20.93934,0.3327164,0.21020953,1.3804809331893921,1.4431097189585367,4.584845052868091,4.629436712576677,70.63957699938328,3046.1471710004844,extra_dim,384
eiJpip-223-216978-247588-305230-165168-65123-203381,1402,10.556348074179743,0.04873007535934448,16.25219,16.22833,0.44483078,0.34178552,1.4522881269454957,1.3708807071050009,4.492629906467242,4.4218681475457835,549.3519299998297,4603.278740998576,extra_dim,384
uYOkKp-107-143976-376902-185152-437215-90733-10048,968,4.338842975206612,0.029287779703736305,21.907738,22.36773,0.17945094,0.14341408,3.247136624654134,3.3323481400807697,4.615881588492685,4.596147319342731,83.92522299982375,1363.170053000431,extra_dim,384
DWrC0a-013-57191-1214-242009-327883-379538-476225,1033,12.100677637947726,0.0352642759680748,9.375164,9.634857,0.6152118,0.5483696,1.2687919775644938,1.3224105834960938,4.515544274858923,4.363962787379626,201.32503400054702,3586.2115639993135,extra_dim,384
6maFGp-305-129013-193291-68221-152880-38506-163335,2424,17.863036303630363,0.02638908289372921,18.325712,20.277946,0.66512746,0.48500648,3.629467471440633,3.772896099090576,4.660609556383911,4.659950399771955,491.38112899890984,11929.888888000278,extra_dim,384
fZg66p-070-68221-216978-377273-239730-53784-3467,994,29.577464788732392,0.03719060495495796,18.085981,19.178465,1.0095901,0.69212097,3.60170152982076,4.15765479405721,4.570965313838849,4.537700356099311,408.3823670007405,8082.434039999498,extra_dim,384
CF7Gnp-165-481033-25721-175927-209061-312468-108378,1919,17.509119332985932,0.03301472216844559,13.132675,13.318553,0.7062714,0.4758871,3.397813558578491,3.3860073566436766,4.310777823271156,4.289986404904464,345.1244369989581,10172.962783999537,extra_dim,384
tTMeWp-326-264357-280816-2985-25721-189658-311379,2359,8.902077151335313,0.04867259040474892,23.96969,24.94259,0.33685604,0.25896594,3.373761542638143,3.4434003829956055,4.693352484781272,4.701291372835692,206.6988719998335,5883.19286099977,extra_dim,384
kDEiGp-268-254920-474864-52991-170820-165168-328121,1029,24.101068999028183,0.09233691543340683,7.101733,6.572294,1.513814,0.8615406,2.1076988140741983,2.0368483304977416,4.574328713966587,4.515171156191938,350.55181499956234,7992.921269000362,extra_dim,384
rkSMcp-349-162269-339484-74769-12865-363552-41411,1411,14.386959603118354,0.02514478750526905,16.476345,16.568277,0.5296901,0.4595866,1.7015318393707275,1.6037659327189127,4.684044767392312,4.518069586079491,294.33696400155895,5768.646709000677,extra_dim,384
FZwvbp-205-349816-138959-261033-383479-409369-152140,1111,28.26282628262826,0.03914736211299896,12.940365,9.962758,1.024747,0.86879635,2.5973735014597574,2.3024516741434735,4.576689474138137,4.33588495156782,391.97272199999134,10997.020153999983,extra_dim,384
ie6iSp-097-407790-253414-334074-464643-167361-80351,1395,3.942652329749104,0.03198687732219696,28.04829,28.195415,0.1274481,0.10261908,2.566513506571452,2.466665776570638,4.625232555033925,4.630541183996388,59.91855100000976,1329.662833999464,extra_dim,384
Q1VJ4p-396-67099-191485-442126-324310-384031-392966,757,0.5284015852047557,0.04145583510398865,50.54637,49.069572,0.01626502,0.014891232,2.517417637507121,2.601999107996623,4.731642413674915,4.731220584059539,4.6267480011010775,84.0655030006019,extra_dim,384
BLAVyp-401-374393-353502-276516-464643-247007-280816,1578,17.743979721166035,0.0333615206182003,10.62393,10.7777605,0.75870943,0.53065103,1.3561126947402955,1.3019801457722981,4.581183864972988,4.5508616574159575,367.6403700010269,11005.618880999464,extra_dim,384
qx9MPf-447-243466-253414-78108-327883-41798-186349,1722,15.911730545876887,0.0489613376557827,8.085035,7.9720926,1.0838157,0.88367033,1.6227847576141357,2.0875648339589437,4.1890091984261595,4.184368876759151,291.2898739996308,9926.162604999263,extra_dim,384
4fsgkp-253-311495-209061-229618-287427-276516-38459,1013,6.811451135241856,0.02615589275956154,16.559807,16.72647,0.3280513,0.23219573,2.9343239625295,3.074038553237915,4.678558813442686,4.6721295767276905,109.67444400012027,1949.5950100008486,extra_dim,384
u3JmNp-105-377036-373629-177809-287789-419538-221798,1057,9.082308420056764,0.03273187577724457,12.559034,11.792402,0.6159571,0.34980237,2.427557897567749,3.0967609882354736,4.64681117472014,4.640751697519528,100.82837700065284,3312.078463999569,extra_dim,384
7gnoMp-243-13140-469001-90733-352371-418901-62534,1349,14.381022979985175,0.03019716590642929,11.929314,11.558661,0.779432,0.48588252,2.065924374262492,2.423369359970093,4.635938197965662,4.5903356446557995,314.8673269988649,8391.820668000946,extra_dim,384
WYTgYp-403-306759-7708-254913-153980-163947-460359,1450,4.206896551724138,0.0560128353536129,15.956257,15.14706,0.2674419,0.22744441,3.6947805563608807,3.3819476922353107,4.680387285558498,4.657637316670073,165.60839600060717,2655.0752889997966,extra_dim,384
zRlcSp-181-25062-53784-123056-333757-268363-211084,1709,6.1439438267992985,0.025759130716323853,17.029917,17.527596,0.30289558,0.24318077,2.3751135508219403,2.4672495206197103,4.648117842882934,4.519090138357448,180.35940099980508,4444.407582999702,extra_dim,384
TaYTvp-415-63022-179855-481410-392966-38597-437270,762,4.593175853018373,0.03335783630609512,20.753525,20.39891,0.26056278,0.17530143,2.705187114079793,2.5965157667795817,4.702175621517802,4.687888794208677,37.482797999473405,1938.5548940008448,extra_dim,384
9kbanp-261-50416-108056-469001-231167-334074-209061,1007,5.958291956305859,0.026795921847224236,13.315525,13.932327,0.36288857,0.26659632,2.0653069496154783,2.1307934284210206,4.65991525090485,4.636318809679815,61.65820999922289,2222.8599109985225,extra_dim,384
DLZvmp-426-78108-128329-469130-165684-261033-84004,868,7.71889400921659,0.026906199753284454,21.449015,22.033491,0.3001697,0.21907514,4.117377312978109,4.322153886159261,4.693626630179195,4.669077552527594,107.63000499900954,3301.7023170014,extra_dim,384
i0Ocoe-610-395609-211084-211212-108056-187519-202035,1390,9.784172661870503,3.9601487515028566e-05,11.220441,11.000093,0.5061209,0.44781938,1.9604092677434286,2.1207006692886354,4.595728841990507,4.603212433173357,223.2748280002852,5682.454375999441,extra_dim,512
PBDVAf-465-366971-117533-197606-160943-60681-25579,1722,3.426248548199768,2.0712036530312616e-06,17.79448,17.67504,0.2554282,0.16203403,2.405438264211019,2.492591206232707,4.692402785279716,4.697736022272467,111.60127299990563,3374.227893000352,extra_dim,512
sF1D5f-429-45816-14754-487747-347380-61770-187519,918,1.4161220043572984,6.66032019580598e-06,23.912354,26.63964,0.09380259,0.062624626,3.137987518310547,3.141749445597331,4.727992890663296,4.727429776012575,20.316812999226386,568.9975530003721,extra_dim,512
8lHaxa-001-437270-91230-96853-392966-377039-493700,1033,8.712487899322362,1.6546022379770875e-05,12.96118,13.30605,0.4599179,0.33389387,1.5883195718129477,1.589206616083781,4.636171654120515,4.550363714860659,212.95266000015545,3272.2448370004713,extra_dim,512
wH6bMa-009-144175-39168-315211-114587-333757-10048,1033,7.55082284607938,4.100139267393388e-05,13.4167,13.81053,0.5621045,0.33427462,1.537179700533549,1.504496709505717,4.484436624553886,4.52318868088412,123.79342999884102,2654.042849999314,extra_dim,512
l3Lvae-611-211084-218396-212842-198509-334833-311379,1390,4.244604316546763,4.941728548146784e-05,19.726484,20.462667,0.2008437,0.19348939,3.2881038983662925,3.3409098307291667,4.701790398671611,4.6982174253563205,74.50942499963276,2740.6033009992825,extra_dim,512
cmHjrf-493-348077-309854-224170-458554-202179-472051,1722,16.144018583042975,0.00013046321691945195,7.833438,7.308099,0.85259897,0.8124258,1.2271699905395508,1.2576028903325398,4.263786994385732,3.9840556046451496,328.59464200009825,8708.460783000191,extra_dim,512
9srcUf-448-162832-472051-219243-152140-401183-304828,1722,11.091753774680605,7.126033096938045e-07,9.56483,8.984763,0.65210015,0.69736606,1.4408985773722331,1.567913500467936,4.578320132409357,4.589628875488829,330.5863509995106,4871.6633029998775,extra_dim,512
pMchYa-011-461984-248646-131237-259340-281965-474206,1033,3.291384317521781,7.092276973708067e-06,16.860704,17.147955,0.21275389,0.19488923,1.4681912422180177,1.4657868226369222,4.68449959441036,4.64609095955224,36.54793799978506,1022.2324549995392,extra_dim,512
rqqrUf-476-372299-90733-207508-318838-254913-53278,1590,15.786163522012577,1.0736808690126054e-05,9.963268,9.869711,0.7855446,0.69778967,2.446601057052612,2.9763514041900634,4.601512529934713,4.494312165300565,271.61235099993064,7056.212235000203,extra_dim,512
KWj8Li-521-358526-235375-78807-67455-237079-21827,802,14.588528678304238,5.653791959048249e-05,8.443387,8.312389,0.9689463,0.5205568,1.9950936873753866,2.726685094833374,4.270371747875734,4.303476921951499,130.1908679997723,3196.0165010004857,extra_dim,512
LIJKja-026-447487-148409-188815-38506-78427-479691,1033,5.517909002904163,1.2104389497835655e-05,12.489849,12.486638,0.3702118,0.30774406,1.3694079081217447,1.4443141539891562,4.616148744594477,4.6015085543924465,64.53275900094013,1473.9451370005554,extra_dim,512
P4ZKje-597-228203-427818-407728-174918-211212-250174,1550,22.967741935483872,0.0001234940718859434,7.0576305,7.5601435,1.0970987,0.7977087,1.385975964864095,1.5060995101928711,4.281956759625466,4.322889195276235,389.2777019991627,14030.136986999423,extra_dim,512
zoFKbf-438-268009-220507-287943-286732-24538-454712,1653,12.583182093163945,5.697601750398462e-07,10.375818,8.698407,0.65401393,0.56199145,1.9828628222147624,2.144785777727763,4.5381079472566475,4.490076403518874,224.46792700065998,8087.634466999589,extra_dim,512
FPRIpe-578-474864-126584-425422-304828-148409-10737,1550,9.096774193548388,7.081195508362725e-05,10.678112,12.218989,0.47874066,0.45205536,2.6870290438334146,2.949481455485026,4.598208326581661,4.554726595843834,147.02183200097352,4470.8667830000195,extra_dim,512
Th8NDe-613-23535-495997-395609-270487-329331-383770,1390,14.100719424460431,8.22431466076523e-05,9.469195,9.830407,0.65737313,0.6563625,2.551540247599284,2.770517285664876,4.5260106232279895,4.543473740830325,219.46060700065573,9480.801739999151,extra_dim,512
KFAl8f-427-406364-361413-456735-410307-286869-348733,1722,18.641114982578397,5.997956031933427e-05,9.047956,9.012819,0.83216983,0.6374779,1.6237170219421386,1.6859581152598062,4.0278714717577175,4.103380597232041,362.6841509994847,12822.2229840012,extra_dim,512
rn9v1e-583-369034-383770-175927-399756-390385-383479,1550,11.67741935483871,1.7469614249421284e-05,11.827998,11.849121,0.5168363,0.4617324,2.87351868947347,2.88069372177124,4.589184131098882,4.520534399216795,213.8042399983533,8212.712845001079,extra_dim,512
SnJBwf-434-37928-376902-480197-51581-328121-350223,1378,5.732946298984035,1.790127271306119e-06,14.858731,14.902576,0.36343494,0.2692313,1.9880338509877522,2.0977711200714113,4.6682253956801425,4.671273625071201,128.14043799880892,4220.772534999924,extra_dim,512
amZyRf-444-7708-476924-468905-275802-405424-380077,1722,2.5551684088269457,3.279495786046027e-06,16.619057,16.490612,0.19286145,0.19104974,1.9967787981033325,2.0017961899439496,4.69540769558132,4.684945197962248,50.008574000457884,1141.3324759996613,extra_dim,512
a4WwUa-043-141142-113619-397909-469223-287427-421926,1033,26.427879961277835,3.878655479638837e-05,5.912452,6.0554624,1.2830873,0.94722015,1.181543493270874,1.2642667373021443,4.0545441969811415,4.139364878228456,316.96402600027795,12479.074705999665,extra_dim,512
mvvOnf-472-106-135410-148409-334242-45816-353502,954,4.5073375262054505,4.8512858484173194e-05,14.2594185,14.011919,0.314847,0.2692827,2.6220288276672363,2.736027638117472,4.616416429238843,4.632493691137073,51.62754299999506,1419.9187739995978,extra_dim,512
oRqMra-058-167772-480197-43889-36331-135873-265166,1033,2.904162633107454,6.2980648181110155e-06,22.59014,22.924517,0.1687246,0.10385165,3.0754182815551756,3.2120968818664553,4.721971256717067,4.719520537911086,54.42905199925008,2799.7153520009306,extra_dim,512
1rIrKa-023-409746-287789-276335-17243-340579-260428,1033,1.6456921587608906,1.7720502000884153e-05,18.833113,20.17987,0.13979512,0.1109049,1.6140183289845784,1.6310676018397012,4.7063221474454835,4.716300237159963,30.361389999598032,1121.1782320006023,extra_dim,512
xX6Wce-607-140209-262731-151331-7708-427818-497426,1390,3.741007194244604,2.83738954749424e-05,18.625505,18.432877,0.18993771,0.18640292,2.9819653987884522,3.084259303410848,4.708033856745195,4.70728223893223,150.9181000001263,2968.6235959998157,extra_dim,512
3hvoVa-051-2307-202921-218396-175927-14787-464643,1033,5.324298160696999,1.6514632079633884e-05,15.745399,16.303122,0.33046898,0.23663265,1.5595610936482747,1.6472302993138632,4.6631569874592715,4.666508481760958,66.99057800142327,1622.4520680007117,extra_dim,512
87hwjf-487-426805-60643-437215-160943-182650-407728,1181,5.080440304826419,1.0143882036572904e-06,12.799034,11.222285,0.34292135,0.39084068,1.4385394732157388,1.4555104732513429,4.660244595954061,4.618109800821222,115.85087200000999,2329.8831450010766,extra_dim,512
98pQ7f-492-161118-44660-2985-495997-227228-191485,1722,3.948896631823461,3.370679678482702e-06,18.992908,19.03125,0.19273482,0.20162739,3.2875991503397626,3.1075053373972574,4.686704806546579,4.626331932526516,82.20520299983036,2677.8014009996696,extra_dim,512
9a98Kf-464-298969-472051-292323-179462-78575-496080,1181,7.281964436917867,5.5254073231481016e-05,13.322126,13.86265,0.39678904,0.28913334,2.86298033396403,2.9200710455576577,4.305839543285387,4.407235246819377,143.56514300015988,3081.45242899991,extra_dim,512
WVKBPa-017-469001-13769-309009-430207-5054-14754,1033,3.581800580832527,4.264206836523954e-06,14.902063,14.995596,0.24610801,0.22449064,3.6100334803263348,3.674018208185832,4.689932120130526,4.665237021324195,40.38085599859187,1165.0656770016212,extra_dim,512
k2rvsa-021-181149-117176-94351-2985-340579-209061,1033,4.162633107454018,1.384729148412589e-05,18.20815,15.946287,0.3054267,0.19935392,1.8624611934026083,1.941028388341268,4.6910132765512635,4.672161195981023,48.532983999393764,1789.7674930009089,extra_dim,512
GptLba-028-467697-29563-495971-437270-5575-211212,1033,2.3233301064859635,2.764441342151258e-05,17.7533,18.11083,0.16727827,0.1535642,1.7649511575698853,1.8025158643722534,4.665877153045318,4.6703408771887,39.59035700063396,765.2473390007799,extra_dim,512
3EBeof-459-212842-454791-192385-495971-180085-113105,1033,16.747337850919653,3.53978066414129e-05,11.0998,11.2744465,0.65100557,0.6681991,1.788873831431071,2.029040233294169,4.500290032978826,4.484162968230346,271.1468710003828,6333.660491998671,extra_dim,512
8C0b9f-461-182650-228203-8651-240298-176776-186349,1704,3.814553990610329,5.752473225584254e-05,16.010662,16.014627,0.21140821,0.28943464,3.603679323196411,3.5242326577504475,4.699437857758298,4.59171238346524,107.11083500063978,2864.6924200002104,extra_dim,512
f5sCDf-435-355130-41798-395609-377902-35325-116061,1378,11.901306240928882,9.696379493107088e-06,13.065079,11.6568775,0.5271029,0.5433547,1.712580672899882,1.776643951733907,4.624672920506199,4.411743702185965,432.5719680000475,5086.087990999658,extra_dim,512
5LZsPp-295-239730-414547-129636-470600-495997-1214,1207,22.535211267605636,6.921367457835004e-05,9.405211,8.591598,0.960947,0.70991164,2.3342190901438395,2.414260260264079,3.985879431270517,4.087279516325152,356.68185199938307,8055.396486000973,extra_dim,512
rxhq2p-211-212526-349828-67455-407790-412326-143976,1183,7.185122569737954,2.8749458579113707e-05,14.938622,14.13622,0.6354358,0.2724826,2.203835201263428,2.55679136912028,4.513013331995696,4.532236612746913,94.58804899986717,2465.828700998827,extra_dim,512
7j8l2a-034-50416-4800-287427-123375-143976-264357,1033,3.0977734753146176,8.71249631018145e-06,15.672031,16.070602,0.23778029,0.2131917,2.3704196135203044,2.442537562052409,4.663841750258715,4.598924882224442,35.61138899931393,865.5298159992526,extra_dim,512
cedJli-522-192385-152140-262731-156368-123704-333757,719,5.285118219749652,5.254780626273714e-05,11.864904,10.116919,0.386327,0.31015906,1.9453151941299438,1.9934544245402017,3.857719519881967,4.082011407749885,56.51736199979496,1074.1323969996301,extra_dim,512
uHCIZa-015-146882-87506-304828-333757-5054-62919,1033,8.615682478218782,1.7520515029900707e-05,11.528325,11.904539,0.46849823,0.4254867,1.2685691595077515,1.3117752393086752,4.504568730053059,4.544675698718451,107.99460399903182,2786.371615999087,extra_dim,512
UKnMcp-124-361413-129636-57514-52991-68221-81956,1381,20.926864590876175,0.0001672373036853969,13.116583,12.86696,0.88913435,0.567462,2.415370512008667,2.8878188610076903,4.471579561468369,4.491835141714577,329.1113529994618,9165.613821998704,extra_dim,512
5ALjRp-161-333766-240226-4800-482510-113619-84055,1026,26.803118908382068,0.0008019127999432385,6.4809175,6.276383,1.3261746,0.9397502,1.196942408879598,1.2385132869084676,3.8395181038349526,3.8154780159655557,364.3286899987288,9036.971154999264,extra_dim,512
Paqf1p-119-254913-443221-90733-163645-32125-188815,1450,9.034482758620689,0.0004479943308979273,13.894579,14.193812,0.41371682,0.31739578,3.186917034784953,3.250208934148153,4.367091525988501,4.402702189779301,153.01699000156077,3167.023320998851,extra_dim,512
lDN6of-450-91840-427818-353502-327883-210172-489807,1722,25.02903600464576,0.000440589792560786,5.568332,3.5300984,1.4390026,0.9193928,1.3128464937210083,1.4460421085357666,3.605300227063668,3.8403746877486276,527.3426180010574,15464.703633999306,extra_dim,512
JRGxpf-495-78575-358526-483339-81956-229618-247007,1722,14.227642276422763,0.000252309167990461,8.248381,6.687292,0.77326804,0.7404702,1.1539105653762818,1.143350847562154,4.384968846728186,4.381127482654869,291.176953998729,7700.1463629985665,extra_dim,512
yc5Hmf-494-469130-474206-203381-91840-123056-149498,1722,13.472706155632984,0.00020981418492738158,8.229081,8.404661,0.73571235,0.5918974,2.7906078497568765,2.55765274365743,4.370732582374887,4.310799917023006,305.79364000004716,7168.067848000646,extra_dim,512
6UNJZa-025-136860-357104-38459-89725-366126-252054,1033,9.390125847047434,0.0008322022040374577,12.62052,12.656113,0.43678054,0.3757352,1.1948939005533854,1.2053555965423584,4.522181708288863,4.548523785300194,156.70948800106999,2299.6667550014536,extra_dim,512
CrjLKf-468-374393-49022-14754-240504-316080-236920,1722,6.562137049941928,0.00014622832532040775,14.098178,13.672554,0.35207653,0.36312428,1.256770102183024,1.2977269570032754,4.678179637329091,4.678806803351653,122.77049900148995,3492.249143999288,extra_dim,512
wkCjvp-408-175927-2985-407790-280816-275802-343332,1046,15.965583173996176,0.0001569680607644841,14.463109,13.941731,0.67123824,0.46198654,2.3482187589009604,2.621107800801595,4.527913488122634,4.568166520759279,187.44999800037476,5492.460317000223,extra_dim,512
bnEKPi-496-131237-487747-10048-112031-352809-171454,719,13.908205841446453,0.0004139196826145053,8.761061,7.0942917,0.79946476,0.5656449,1.6672027428944907,1.8323494434356689,3.1331462895737943,3.426305168087427,109.96154399981606,3717.489700000442,extra_dim,512
FW6BFp-225-129636-418989-280816-386883-462467-306759,1649,6.24620982413584,0.0004694216186180711,14.605383,14.516696,0.3135027,0.2680922,1.756758944193522,1.7647213061650595,4.481445189301416,4.516091700325379,120.85640099940065,3186.1409739994997,extra_dim,512
cZ9D6w-670-134118-41411-423587-125189-84055-98443,662,4.984894259818732,0.0007059596828185022,15.983348,15.847096,0.26735958,0.20878728,4.136379273732503,4.175730069478353,4.53033697412594,4.538520050160926,39.8329969993938,872.6959630002966,extra_dim,512
xlckps-555-489807-93885-138959-23535-14754-299323,1636,10.880195599022006,0.0007390778046101332,9.908277,9.782909,0.587148,0.45229587,1.4006778796513875,1.4470538377761841,4.454982084307674,4.474145745971308,403.69582699895545,7388.437104998957,extra_dim,512
xDMmqs-548-333766-165168-462328-336612-442126-284808,1636,9.7799511002445,0.0005077441455796361,10.593319,10.527438,0.5065319,0.39435735,1.290826431910197,1.3070841948191325,4.18889049042322,4.313289450581407,362.02533100004075,6432.027520000702,extra_dim,512
FSyUys-545-306052-88756-228203-369609-91230-448907,1240,3.467741935483871,0.000898472499102354,17.351097,16.522652,0.21961181,0.19151866,1.3853749752044677,1.37651846408844,4.636085608231836,4.640442922667418,50.2937130004284,3585.528763000184,extra_dim,512
FiS63i-513-129107-287427-185152-454791-121010-285778,918,29.956427015250547,0.0005593721871264279,4.2166557,2.5762043,1.5699358,1.1075456,1.6416295289993286,1.7547857364018757,2.2057746582996263,2.535418439106458,420.20097199929296,9088.288856999498,extra_dim,512
AHwsQs-538-108297-304214-140209-237079-426805-448869,1636,26.5281173594132,0.00042765779653564095,6.682683,6.030478,1.9415382,0.9303446,1.2158660093943279,1.2252371629079184,3.9863145178805572,4.040257646764095,633.3396019999782,14354.176537999592,extra_dim,512
cUyODs-564-324456-286869-479691-123056-485468-274323,1636,14.60880195599022,0.0006575641455128789,9.217541,9.032088,0.7536461,0.57132477,1.518713116645813,1.4241496642430624,4.453341480448566,4.466292055116963,269.7439219991793,7590.849287998935,extra_dim,512
WOhKts-537-450251-294604-27791-350223-235375-383770,1636,15.158924205378973,0.00046492001274600625,11.034849,11.28972,0.6888862,0.47493008,1.738678232828776,2.0062013785044353,4.398055909374755,4.441420992635939,271.5133909987344,8560.976659999142,extra_dim,512
Mtnx5i-515-495971-279778-348676-11995-306560-418034,744,3.225806451612903,0.00028512379503808916,15.361127,11.998131,0.22754665,0.23728973,1.6032145102818807,1.6714409589767456,4.655328963991163,4.685478394160917,28.242611000678153,818.6085910001566,extra_dim,512
fiDqFe-589-306052-37928-421728-166792-414547-458302,1550,7.548387096774194,0.00034323649015277624,15.980934,16.66847,0.39970303,0.25994447,2.8076051076253257,3.195088338851929,4.5973853273827325,4.630402123268281,150.97850999882212,3644.8368140008824,extra_dim,512
KIklei-503-156368-5054-151331-161307-380077-177809,898,12.138084632516703,0.000185836324817501,8.422401,6.8112226,0.75744563,0.5841678,1.5891354560852051,1.5997523387273154,3.123963193307201,3.5127679893761954,143.87981300023966,3531.287539999539,extra_dim,512
0Rve0i-524-469450-332402-376902-283921-64116-240504,1140,5.087719298245614,0.0009046242921613157,13.260021,12.407275,0.35736477,0.25714457,2.2150747776031494,2.274770228068034,3.9177883853904305,4.197877396522626,118.22336199838901,1485.293862000617,extra_dim,512
IJqofi-526-68304-236920-183720-152419-94351-316080,661,34.493192133131615,0.0003945751814171672,4.1024876,3.1249573,2.0051048,1.1975203,1.758383027712504,1.7920865933100383,2.2215106039365073,2.4032090892701374,248.44217899953946,8504.096159000255,extra_dim,512
vAlA7f-458-390385-16661-177809-112031-325632-365075,954,1.4675052410901468,0.00048059478285722435,29.781013,31.13693,0.05868767,0.050308794,4.728746541341146,4.721462980906169,4.707747742968821,4.705456525299679,16.801723999378737,612.9538690001937,extra_dim,512
oK9Hxs-550-7708-104867-460359-299323-420765-264795,1636,3.850855745721271,0.0009720592643134296,16.067383,15.89143,0.21900427,0.18698941,1.3232815186182658,1.3452990134557088,4.645979185393153,4.657250619189182,93.67866000138747,2922.410340999704,extra_dim,512
kxh9is-563-24999-276516-377039-462467-365075-67099,1636,6.418092909535453,0.0009378857794217765,16.733772,16.521862,0.31573176,0.22208126,2.0683178424835207,2.1429443359375,4.5641684056747565,4.581141301817555,207.86988199870393,4508.4177299995645,extra_dim,512
Q4PCSi-506-317415-237079-78108-78427-235375-285778,1152,8.072916666666668,0.0002790152211673558,11.663753,10.869936,0.4870956,0.37926158,2.2672523498535155,2.2813037236531577,3.730652686904605,3.991604385984113,133.16990599923884,4090.284256999439,extra_dim,512
zKb4se-576-475285-202921-407950-32125-236920-469001,1236,14.64401294498382,0.0002435800852254033,10.719171,10.296591,0.67624235,0.55637485,1.7140719652175904,1.8582629680633544,4.49054048428643,4.463588075228383,343.72169700145605,6306.000999000389,extra_dim,512
EZwkWp-195-116061-37928-384031-166684-14787-96948,1442,15.53398058252427,0.0007670152699574828,13.062511,11.901546,0.7291031,0.468254,2.0673550764719644,2.6362415154774985,4.213125556609465,4.244767874842504,258.9374150011281,7552.378389998921,extra_dim,512
rjyWTe-587-151723-247588-123704-129889-250174-123056,1550,12.129032258064516,0.000710091320797801,10.786638,11.035022,0.5896678,0.4918346,1.6434991677602133,1.9203965504964193,4.474747347423172,4.51785535465917,299.44483199869865,5600.785620999886,extra_dim,512
44Zbvs-567-179462-358526-13671-355104-116061-343332,1636,7.396088019559902,0.00030473197693936527,11.634826,10.66128,0.42205408,0.34489015,1.2038681189219156,1.2033343076705934,4.57324478946124,4.597844171200524,210.24596099960036,4056.5376579997974,extra_dim,512
ofs2Us-561-469223-161307-229618-187519-295308-129107,1636,15.831295843520781,0.0003641763178166002,10.268627,10.204004,0.76100016,0.5169263,2.204270871480306,2.597062079111735,4.131773656939968,4.2080421146359,310.91133799964155,8888.757782000539,extra_dim,512
jhRr0p-088-489070-351855-386883-172725-333766-16976,1661,16.375677302829622,0.0008774544112384319,9.772336,9.980477,0.8003176,0.5890904,1.9098264932632447,2.0460533618927004,4.135363706339646,4.118702535755367,317.6990459996887,10008.451182999124,extra_dim,512
ItvEYp-187-347380-151331-160943-343502-92870-286732,1222,5.973813420621931,0.0003424148017074913,15.555008,15.26855,0.28929985,0.2389338,1.9016855875651042,1.90213410059611,4.509245544580413,4.545198266360156,96.86975799922948,2799.599121000938,extra_dim,512
9ImS8p-321-63022-306759-480197-355130-205293-103130,1065,1.4084507042253522,0.0003738635568879545,28.604855,29.424078,0.070589244,0.056435376,3.8074044704437258,3.8273401896158856,4.717612550744368,4.7205201929057035,21.668293000402628,634.4303419991775,extra_dim,512
PiKSIp-112-109021-465867-125189-123174-211212-334242,1021,9.10871694417238,0.000980529235675931,10.423418,8.63058,0.53814745,0.4339254,1.8556238253911337,2.039656623204549,4.261274886189716,4.313930402481542,149.24658100062516,3190.6095419999474,extra_dim,512
5Lu6ui-514-135410-151381-124082-173176-644-324310,744,9.946236559139784,0.00026409313431940973,11.140094,8.752252,0.561075,0.43607643,1.452729598681132,1.4880167722702027,4.51563952840247,4.572659974965741,85.36511300007987,2491.2520329999097,extra_dim,512
69ZMRp-276-162832-2757-113105-349816-17243-289593,1207,16.23860811930406,0.0009542101179249585,12.0675745,11.965346,0.6934266,0.54047036,1.3998992045720418,1.3574722766876222,4.241708696465967,4.215733403523045,298.63262200160534,7756.209532999492,extra_dim,512
caQa9p-079-134118-41798-311327-343332-125459-231167,1139,6.409130816505707,0.0008238053997047246,22.672894,22.72739,0.2338366,0.18811089,4.167356713612874,4.145626862843831,4.461294384609387,4.468520363270603,112.97542200009048,2504.499067999859,extra_dim,512
zQSXvp-215-498788-407950-152419-25062-51581-3467,1400,17.57142857142857,0.0010821843752637506,10.172404,9.902485,0.82338876,0.57514673,1.6746535062789918,1.805382521947225,4.130184092405768,4.177975952192894,270.6842509996932,9433.078983000087,extra_dim,512
3Fszap-093-117533-332219-451954-336612-141428-265166,1116,6.451612903225806,0.002600878244265914,15.703249,15.847186,0.3004806,0.23284374,3.964209731419881,3.9337501366933187,4.4843879832178635,4.4999127626836115,81.77867400081595,2307.3951820006187,extra_dim,512
oJJGwp-325-47619-442126-2985-182650-124082-457067,1710,4.035087719298246,0.0017253782134503126,16.983274,17.134119,0.20989777,0.18033476,3.3278174877166746,3.24434331258138,4.6650635706683055,4.658738350347802,104.59380499924009,2851.7732839991368,extra_dim,512
0mk6rp-310-146145-90733-51581-27791-50416-437215,1608,1.7412935323383085,0.0014768074033781886,23.234814,23.48005,0.09959664,0.077803664,2.3025790055592856,2.3465559482574463,4.70715060345697,4.707840382769971,53.20234300052107,1113.1293140006164,extra_dim,512
lzFhsp-134-377273-280816-60681-369034-268009-11995,1625,3.076923076923077,0.0012218672782182693,20.542059,20.646786,0.17247541,0.12390485,4.630670897165934,4.715638605753581,4.660666935306137,4.6729985401362635,84.83230300043942,2119.2681240008824,extra_dim,512
5OQdwp-063-348077-460359-16661-112031-224170-197606,1404,2.7777777777777777,0.005658838432282209,17.444994,17.555323,0.1689172,0.14322068,3.5816670417785645,3.555913766225179,4.632455929557246,4.635372163409671,63.89803900128754,1618.5767389997636,extra_dim,512
am1FVp-234-380077-145165-25579-145555-311495-324310,1208,5.380794701986755,0.004206848796457052,15.868258,15.83647,0.27515656,0.23290004,3.1431780020395914,2.536014175415039,4.5382776527229325,4.479492284462902,77.38988399978552,2862.6457099999243,extra_dim,512
1zDUvp-298-108297-119460-56896-348770-68221-98443,1510,2.5827814569536423,0.0020352303981781006,16.552942,16.870193,0.19596975,0.1612614,4.755174318949382,4.7467049280802405,4.631592797455099,4.640074391103976,58.32196099981957,2003.830392000964,extra_dim,512
cqZnBp-237-143976-377902-462328-483339-384274-414547,1322,8.245083207261725,0.005321722012013197,13.528515,13.041087,0.37864408,0.36053967,1.3767361481984457,1.482823379834493,4.467338625594363,4.446357740584218,132.97571600014635,3387.5450280011137,extra_dim,512
N5kbFp-292-397909-407728-152140-117533-153980-62919,1693,21.204961606615473,0.0010815237183123827,11.034786,11.650133,0.8482616,0.8077354,1.540855836868286,1.5103328545888266,4.567153265130207,4.406390706993878,516.6764099994907,11328.497849999621,extra_dim,512
DmpOYi-525-91230-450251-209608-292323-92870-38506,1140,16.315789473684212,0.0021517532877624035,7.3532553,6.300931,0.98337096,0.65111774,1.9603240728378295,2.0890843947728475,2.9121345595923063,3.3615994493097396,311.0796679993655,5138.61382200048,extra_dim,512
BBcZPi-501-456735-480197-495997-497448-326140-134118,861,0.8130081300813009,0.003230630187317729,22.294123,22.833178,0.09346971,0.059953928,1.8003472805023193,1.8052308877309164,4.723392444862084,4.728114542073672,11.739387000488932,279.31005800019193,extra_dim,512
BsVmke-591-419538-379538-386302-426805-469450-347380,1550,17.806451612903228,0.002498342888429761,7.6840873,7.974687,0.8770508,0.68186134,1.3364225467046102,1.4248334407806396,4.190062635786995,4.267648169802868,326.9723530011106,8574.03546400019,extra_dim,512
nSu3Cp-366-41411-362672-285778-222370-421926-202035,1118,6.529516994633274,0.006295517086982727,21.519493,22.38187,0.32422686,0.21626301,4.182239786783854,4.054598379135132,4.696587408584541,4.689736083003367,78.65201400090882,2244.7690929984674,extra_dim,512
tztd5w-640-23535-348077-410307-64116-151381-134118,1176,11.989795918367346,0.0032262594904750586,13.72887,13.6315,0.5755912,0.38440678,3.959816646575928,3.8079493840535483,4.188641364083046,4.213375701421194,199.1312949994608,4214.189356000134,extra_dim,512
qQ82Hw-614-91230-379354-379373-260428-324310-287427,949,5.163329820864067,0.0024592585396021605,16.332682,16.163895,0.27317834,0.23160255,1.9781396389007568,1.7975193977355957,4.460507143569404,4.472545831622608,55.8557619988278,1116.7169329983153,extra_dim,512
f2JFMw-634-136860-113105-22031-310105-248646-32125,824,8.25242718446602,0.0029410782735794783,11.658081,11.3073845,0.43609408,0.3573525,2.62044259707133,2.3624205430348715,4.526294157601333,4.5398522962419365,77.14579499952379,2065.056610999818,extra_dim,512
ainjFp-098-145384-88756-289593-274542-488804-292564,2208,9.148550724637682,0.003448504488915205,13.26191,12.775502,0.4325169,0.34768403,2.6466075738271075,2.7470016797383625,4.417859045003386,4.4118554528984655,219.53999800098245,7805.7567559990275,extra_dim,512
BcVzDs-560-352809-57514-418989-243067-209608-32726,1636,6.601466992665037,0.0019297391409054399,17.866207,17.108072,0.30325505,0.22800486,1.5105570713678995,1.5070783933003744,4.60450510538835,4.613380112981462,123.1881700005033,3113.831837001271,extra_dim,512
TypO9p-362-82313-390793-365346-50416-310105-275395,1464,23.36065573770492,0.0034457372967153788,8.480674,8.714436,1.4161668,0.7107015,2.8714590231577555,3.1606629212697346,4.492981575557623,4.421399716168319,849.6749509995425,12677.058675999433,extra_dim,512
nQsrxi-500-35788-354893-151331-437270-461984-276516,861,11.033681765389082,0.004316622857004404,9.247925,9.32003,0.6793926,0.48697853,1.488732353846232,1.6638181765874227,4.438387065498551,4.475373204950847,243.39166899881093,3109.1893690008874,extra_dim,512
ck2Uxp-081-495997-135873-82313-377039-373629-268363,1026,4.775828460038986,0.004637618083506823,15.903397,15.495863,0.22794123,0.23096997,2.1821004867553713,2.2081719716389974,4.534072928924339,4.499772591704145,56.33490100080962,1325.9428450000996,extra_dim,512
jgJdnp-100-135873-177809-247007-67455-332402-185152,1404,5.84045584045584,0.0029392531141638756,17.61721,17.831196,0.24623306,0.20075083,3.733903503417969,3.6799431165059406,4.527999221935386,4.549943454417215,90.73940999951446,3395.0690049987315,extra_dim,512
m8mjCs-533-485468-283456-486330-442126-2757-12865,1636,22.677261613691932,0.0013069127453491092,9.608391,8.557348,1.0300416,0.7607729,1.2963539203008017,1.309566815694173,4.191440618671868,4.21351029410916,430.23627800175746,14057.302844001242,extra_dim,512
pRaNDw-627-181149-276516-426805-281965-56896-235375,1894,4.7518479408658925,0.002972227055579424,14.945528,14.91967,0.30184296,0.22950482,2.2100990295410154,2.0697556495666505,4.545436237901864,4.551152139148488,257.09892499980924,4022.127358999569,extra_dim,512
U5aQJe-592-437270-129013-295308-406364-103913-497087,1550,4.451612903225807,0.001561999088153243,15.279488,15.715198,0.3091909,0.22430265,2.3255112171173096,2.3313597361246745,4.612355611601825,4.657217361589475,116.5638710008352,2691.1243769991415,extra_dim,512
3e1Tjp-199-462328-423751-38597-248646-74769-2009,1395,9.46236559139785,0.002225166419520974,15.447817,15.295162,0.4656062,0.37974557,1.3829132318496704,1.4484346548716227,4.406443697077877,4.366598498238112,215.08956900106568,5470.908823001082,extra_dim,512
SSYQ1w-650-275802-13671-144360-112336-104867-157595,503,5.36779324055666,0.0031455422285944223,20.47758,20.176203,0.21315403,0.1890529,3.771182982126872,3.6444005966186523,4.462116395310605,4.458519398651644,31.57680000003893,952.0677769996837,extra_dim,512
JCRPTw-618-129107-479691-343332-355104-157595-129013,1894,30.517423442449843,0.0062578716315329075,5.7152267,4.966774,1.4107466,1.0183531,2.1994378566741943,2.089266816775004,3.5154538844924286,3.5679521872476276,1216.7630410003767,19894.57694599878,extra_dim,512
BThtKf-463-324456-428876-160668-329895-295308-99711,1722,31.3588850174216,0.001240023411810398,5.2053823,4.6241374,1.5384907,1.1721891,1.1277331193288167,1.1287851572036742,3.954623678369461,3.9676476278384514,740.8659160009847,18568.300070999612,extra_dim,512
BNXFqp-404-184495-450557-10737-129636-497448-379538,712,3.089887640449438,0.0009845345048233867,12.475821,11.702139,0.2853153,0.22330087,1.8469659407933554,1.9513522704442343,4.52097512865021,4.584841023547574,53.27237200071977,758.3841910000046,extra_dim,512
7HBFIp-071-294604-416172-427818-181149-278609-175927,1141,7.887817703768624,0.003979463595896959,19.29237,19.456505,0.3588799,0.23239797,4.054676326115926,4.018508577346802,4.482505775383421,4.4914923980291235,185.83555899931525,2619.1802989997086,extra_dim,512
fS0Vwp-324-274170-461984-129889-218396-366126-128329,1773,16.130851663846588,0.001755136763677001,12.45159,11.398592,0.7380271,0.5153128,3.556967337926229,3.6034711678822835,4.204293762466753,4.263121843351597,376.6941060002864,9232.466906998525,extra_dim,512
MJEnPs-553-484336-261033-237079-274170-257745-343308,1636,5.990220048899755,0.0014303416246548295,11.613055,11.681241,0.39189616,0.33063745,1.8749703407287597,1.9846590518951417,4.581579149369174,4.595735128721555,110.58686299838882,3022.9879779999465,extra_dim,512
noHubp-343-163645-17243-410906-219243-161307-221798,1638,6.654456654456655,0.0025536506436765194,14.159574,13.828935,0.42007133,0.2919241,3.172050968805949,3.052947696050008,4.59895175429925,4.606378946878497,145.16159199956746,2902.493556999616,extra_dim,512
4sBV1s-535-160927-255765-139119-167772-460359-377902,1636,11.98044009779951,0.0018671865109354258,11.980077,12.361904,0.58485603,0.40678534,2.696044079462687,2.682838805516561,4.430623252870117,4.496061138134479,243.54639000011957,7255.098587000248,extra_dim,512
IZG94w-666-98443-418034-470600-161118-288253-129889,1707,7.147041593438781,0.004833240993320942,15.5140295,14.673228,0.3421928,0.2941761,4.086460304260254,3.621232350667318,4.406071705850731,4.376173281312101,193.97653700070805,4525.2707740000915,extra_dim,512
9hvMUf-482-498788-113105-17243-63022-21827-338584,1318,11.077389984825494,0.0011917749652639031,9.966985,9.595021,0.6084391,0.46423128,2.6218907674153646,2.495448048909505,4.549708822725831,4.5443348009171745,216.68374900036724,5167.257302999133,extra_dim,512
TkK5fp-380-229618-476225-311495-339484-11995-7708,1573,6.039415130324221,0.003558315569534898,13.713877,13.56155,0.34864274,0.2538425,3.7632303555806477,3.6613906542460124,4.557167880736076,4.572098049592766,112.38591299843392,3627.0943279996573,extra_dim,512
9f3Qjw-657-129013-78427-348770-228203-60643-7188,839,7.866507747318235,0.0029710158705711365,14.658871,14.320654,0.4070823,0.2903016,2.3424681027730307,2.394072643915812,4.439418603809684,4.453888921764545,119.58367999977781,2340.945489999285,extra_dim,512
mZAhvp-320-51581-316080-475285-152880-108378-407790,2240,19.732142857142858,0.009975253604352474,15.294715,17.054865,0.78020316,0.62009317,2.5730663617451985,2.5320568879445395,4.5630792371621425,4.382500663710643,718.483214999651,13978.88403899924,extra_dim,512
aVIkMi-504-436373-35788-166684-274170-363774-493700,826,3.753026634382567,0.01687152311205864,14.902046,14.024845,0.2687853,0.23541708,1.329317315419515,1.3411999464035034,4.656948131435954,4.661926610807133,50.591463999808184,1119.946112999969,extra_dim,512
wD39yw-617-350336-91230-365075-384274-339484-27577,918,4.139433551198257,0.01175561361014843,13.701505,13.728532,0.2553699,0.2329957,2.506853771209717,2.4373476028442385,4.602052643825766,4.609054263546035,51.217053000073065,911.4479399995616,extra_dim,512
WWYmkp-135-247007-450251-229950-249772-273892-186349,1032,18.7984496124031,0.02265731431543827,11.33533,11.251621,0.8109522,0.5839558,3.1773693720499674,3.301155996322632,4.155838067201133,4.215274449722539,221.91760700115992,6427.339178999318,extra_dim,512
1Q0zzp-067-496080-227228-300626-311379-247007-1214,1044,3.4482758620689653,0.020670078694820404,31.23059,30.091307,0.11975521,0.11208322,4.192321491241455,4.230985069274903,4.718646146449857,4.715781112197051,39.28028699920105,807.3849949996657,extra_dim,512
9Mkadp-302-273892-209608-109841-324591-494783-498752,1917,13.928012519561817,0.008960635401308537,12.477508,12.18565,0.56068164,0.4450638,1.5528549830118814,1.6720008850097656,4.434404472796454,4.438047870581653,300.99071099903085,8311.257548999492,extra_dim,512
ui9aDp-122-292323-379538-386883-287427-306759-88721,1070,4.579439252336448,0.009513289667665958,17.628853,17.659956,0.2562262,0.19717528,2.769141419728597,2.9942252318064373,4.634655166463191,4.640015101736039,54.51110200010589,1369.776589999674,extra_dim,512
YLEXwp-335-240298-183720-447487-129636-202035-44660,1633,4.776484996938151,0.019239043816924095,16.927946,16.28073,0.24237144,0.2250071,2.4925849278767904,2.235320711135864,4.668586233798029,4.649939783321722,92.19976000167662,2887.6883609991637,extra_dim,512
6TUCvp-352-108130-78807-55646-250174-386302-414547,1874,14.300960512273212,0.02210024558007717,13.337087,13.312317,0.6516419,0.4876943,2.719537051518758,2.914861726760864,4.280237139864476,4.281614058936991,547.640290000345,9713.080539000657,extra_dim,512
DfzVIp-175-379354-103913-25062-384031-343308-295308,1232,6.737012987012987,0.007324743550270796,16.532204,16.425497,0.3036235,0.25516474,2.3525336901346843,2.1121803919474282,4.533646829843443,4.480673746139541,124.99102899892023,2644.3660609984363,extra_dim,512
YuwChp-152-8651-147603-379354-29563-62919-345238,1842,8.360477741585234,0.018081096932291985,21.73564,21.518486,0.37152943,0.24602668,3.8848880449930827,4.02606938680013,4.491666351204189,4.500442730752693,260.70222400085186,4501.1311319995,extra_dim,512
QpHWMp-383-149498-238364-156368-402653-484336-426805,1642,21.74177831912302,0.02199472486972809,11.341244,12.336744,1.0111192,0.67417717,3.1850571473439535,3.2834428787231444,4.6022072805005845,4.6114708409993135,407.4394859999302,12818.939637998483,extra_dim,512
RkoxIi-499-395609-17243-276516-68344-191485-476225,1053,19.183285849952515,0.013668406754732132,6.053881,5.3729715,1.2902066,0.73856646,1.5043792009353638,1.8866682608922323,4.249388363541339,4.256968848610356,226.41229600048973,7076.325684998665,extra_dim,512
avuTLe-585-474206-355130-317191-361413-333474-248785,1550,11.806451612903226,0.014499159529805183,9.881875,10.043264,0.599111,0.5500774,1.304515822728475,1.5449007670084636,4.407708380590748,4.470471756864727,246.08515899853955,6438.4065739996,extra_dim,512
RXuyap-339-457067-332402-329331-281965-472051-353502,1386,8.441558441558442,0.022795502096414566,18.07024,18.356401,0.33489236,0.31697145,1.5025829235712687,1.515806492169698,4.691072723813915,4.5841215336137555,183.53865000062797,4298.387978000392,extra_dim,512
cfSfbp-363-68221-13671-186349-322947-197606-339484,1688,12.855450236966826,0.020284058526158333,19.50291,20.159199,0.475464,0.37896144,3.3447807312011717,3.452644634246826,4.657853249927047,4.660608024784074,239.19909100004588,7874.794213001223,extra_dim,512
jM2z5p-212-362995-350336-202035-87506-239730-207508,960,3.125,0.008350489661097527,26.32715,26.065771,0.15239577,0.107655585,3.3342157204945884,3.4526851971944175,4.726082394434634,4.725063333917504,35.44530799990753,766.8317179995938,extra_dim,512
HxFzMp-357-24999-343332-90733-489807-316694-345238,1056,12.68939393939394,0.008049515075981617,17.129253,14.091005,0.5068045,0.4601709,2.8261971632639566,2.6354843298594157,4.647345565889469,4.601954307366184,181.11810099981085,5792.640846999348,extra_dim,512
rllgnp-282-21827-2985-183720-67455-409746-330730,1398,18.812589413447782,0.014075466431677341,12.318406,11.933626,0.88531905,0.62437326,1.3286096572875976,1.328497823079427,4.131018247414322,4.106967226025343,490.9720690011454,9254.3476489991,extra_dim,512
IJui6p-278-140209-424453-325632-318907-448869-125189,879,26.39362912400455,0.012646407820284367,6.6687,6.4535685,1.2953485,0.8490343,2.975559043884277,2.9331284046173094,4.123454760148509,3.9691365404336,291.5482049993443,7136.057685000196,extra_dim,512
riuiap-287-319764-286732-35325-55646-391852-1246,1806,5.038759689922481,0.016919877380132675,16.436327,16.686138,0.26445195,0.20833014,2.8638545831044513,2.9128054936726886,4.63568777671856,4.640925440789203,242.9797310014692,2782.952084999124,extra_dim,512
9OkIKp-409-379354-383479-166684-320846-480197-361413,1633,3.1230863441518677,0.018505295738577843,29.37608,29.503956,0.11262766,0.09860864,2.543634064992269,2.7175939718882245,4.638462723684541,4.635814607760058,60.12731000009808,1700.7350719995884,extra_dim,512
vTx6Wp-073-38459-458554-472051-230200-332402-365346,1099,10.009099181073704,0.006727493368089199,13.695284,13.676871,0.4409643,0.34661648,1.7663743098576863,1.9564135313034057,4.404624873032612,4.390018478204673,129.4129680009064,3783.8693270005024,extra_dim,512
9aa0Fp-331-427818-479691-112336-420765-462193-379354,1488,11.491935483870968,0.015810392796993256,15.350471,16.083689,0.5869238,0.36178386,2.3523250738779704,2.453202152252197,4.654897077277262,4.666800828521156,208.84195100006764,5720.550609999918,extra_dim,512
Od9CNp-327-140209-326180-101992-35325-166792-451954,1953,10.39426523297491,0.014821072109043598,13.746718,12.889594,0.4788877,0.3931395,2.120802052815755,2.167338514328003,4.618864744839482,4.635770545774573,260.4716939986247,6526.152895999985,extra_dim,512
2TcsGp-297-152880-78575-467697-23535-316694-24999,2415,13.250517598343686,0.007391820661723614,13.720107,13.716961,0.56234354,0.3692132,3.2145931084950763,3.2228288650512695,4.540869056596714,4.55172838511154,410.051986000326,10162.101919999259,extra_dim,512
IJFPZp-340-90733-100179-99711-247588-402653-355130,1491,3.35345405767941,0.00944688729941845,12.421655,10.30868,0.30795452,0.26857188,1.759155543645223,1.8034177780151368,4.6863878682441324,4.680454978655562,58.17457199918863,1395.4839620000712,extra_dim,512
sNYM9p-246-47619-361413-1214-155820-418901-176776,965,28.808290155440414,0.011091777123510838,6.119687,6.53498,1.2832134,1.0578617,2.1626368204752606,2.2533339500427245,4.425100659983597,4.005019217795272,379.4944349992875,10709.95862000018,extra_dim,512
OI5Azp-257-60643-225888-294604-334833-14787-125459,1203,4.904405652535329,0.01875906065106392,15.532674,15.006372,0.43885657,0.26271865,1.525516160329183,1.6010465383529664,4.561343904488204,4.5637682247668,66.48656900142669,1950.202629001069,extra_dim,512
vhQX3p-288-256377-386883-276335-177955-380077-80661,2229,2.4226110363391657,0.0165446437895298,15.580795,15.40908,0.21475835,0.18107755,2.21329026222229,2.126103321711222,4.67751944789632,4.675811798666773,105.8342359992821,1480.5818730001192,extra_dim,512
d4LtRw-656-379354-74769-192385-202921-93885-62534,1673,9.145248057381949,0.009153828024864197,12.653284,12.489664,0.41902375,0.34990656,3.5160319010416665,3.3105491002400718,4.379279317044375,4.383954514969855,168.18447500008915,4731.03911599901,extra_dim,512
dc4C1p-319-469130-53129-287943-116061-476924-448907,1529,17.658600392413344,0.017503265291452408,17.87648,16.386242,0.90179443,0.49342337,2.3845221678415935,2.5185609499613446,4.700895103426187,4.700131813615692,348.46215499965183,8902.931364000324,extra_dim,512
PSLbbp-359-11995-156368-348733-154883-123704-497426,1430,11.888111888111888,0.021002519875764847,10.837426,9.511667,0.671151,0.55206203,2.4354064305623373,2.5810617129007976,4.644555568885389,4.648149556637551,251.61510799989628,5504.035830999783,extra_dim,512
zVlcap-263-274542-472051-376372-248785-476225-35325,1292,4.102167182662539,0.021863481029868126,15.663586,15.459883,0.23684116,0.2051162,1.3482234636942545,1.272910753885905,4.678405410048916,4.67363294719278,59.573571001237724,1977.5145700004941,extra_dim,512
rpdA0p-089-193291-347380-224170-426805-310105-489070,1279,8.913213448006255,0.00744014885276556,12.4821,11.915389,0.43976417,0.37228104,2.0610613743464152,2.099892242749532,4.413023971438172,4.412607001441554,235.43219299972407,3534.204007999506,extra_dim,512
O7tsRw-671-38597-125620-126584-128202-343308-240298,1734,7.035755478662054,0.009212201461195946,14.040817,13.977614,0.38239944,0.2791591,3.3431321461995442,3.142100969950358,4.448479828029164,4.465929549547275,233.08461300075578,3931.314668001505,extra_dim,512
mCLt3p-410-320846-476924-422977-274323-99711-177809,1085,1.4746543778801844,0.022891782224178314,25.169878,25.234215,0.07633751,0.06730231,2.2788341840108237,2.3393314202626545,4.727114733747413,4.723166911272644,18.734774001131882,346.02469600031327,extra_dim,512
jFujMp-258-2985-422977-276516-270302-316694-390385,1887,7.790143084260731,0.008067467249929905,17.725653,17.59584,0.35384002,0.24881403,3.6130996545155845,3.5934790134429933,4.582056056389288,4.559257489887788,161.57613700124784,6427.217847000065,extra_dim,512
uIq5Cp-346-271293-199372-348733-164849-450557-397909,1966,2.899287894201424,0.015138654969632626,16.345943,16.16763,0.2137837,0.17628022,2.499113925298055,2.6880924383799236,4.690381326018297,4.696836144030058,61.43843900099455,2300.80485399958,extra_dim,512
2HNvip-384-377039-229618-315211-103130-162269-274323,1838,4.243743199129488,0.014237921684980392,21.767435,21.86259,0.23165958,0.16636115,3.84904309908549,3.8497515042622883,4.705729481867579,4.701773208277099,261.8883229988569,3534.3057489990315,extra_dim,512
hImnha-010-474206-125620-494783-410307-474929-314040,1033,9.390125847047434,0.04484827443957329,12.424818,12.350246,0.40200913,0.71362656,1.4928110520044962,1.6249952554702758,4.613037626474503,4.383395772964007,434.30230699959793,3589.983370000482,extra_dim,512
fiBRvp-155-14754-379538-407950-108056-495971-270302,1409,17.033356990773598,0.03848577290773392,8.86377,9.041513,0.8403919,0.6376967,1.8323293526967366,1.8345755815505982,4.126354292490803,3.9067382724851654,710.9689860008075,7582.218688001376,extra_dim,512
QzAg3p-413-374393-31166-163645-409369-10737-129013,973,10.38026721479959,0.0511818453669548,23.151787,19.845581,0.3719385,0.30971643,2.1478438059488933,2.1889113267262776,4.686312683877976,4.662926683395783,124.57861899929412,3451.3440760001686,extra_dim,512
JLBTXp-060-194617-60643-435517-420765-124439-152419,1024,10.44921875,0.024550464004278183,15.082131,14.734766,0.7060618,0.3336626,4.781265799204508,4.760562515258789,4.6152675058062185,4.62538434384288,213.48082900112786,2906.0472950004623,extra_dim,512
k4Lvzp-329-270302-101992-248785-163995-27791-469130,1701,7.642563198118754,0.051412247121334076,16.117828,16.051905,0.3718429,0.29089382,2.5394100666046144,2.55510892868042,4.699566084346759,4.678624764874223,143.0753229997208,4055.402578000212,extra_dim,512
ZgJsyp-189-209061-292564-111916-92870-126584-280816,1939,5.002578648788035,0.0409746915102005,17.440289,17.412224,0.27792946,0.22219022,1.5719654560089111,1.5324052254358926,4.6618164024164574,4.650956581336202,107.49644499992428,2933.716756000649,extra_dim,512
G50hup-092-363552-123056-229618-481410-299323-332402,1114,6.463195691202872,0.028861256316304207,21.944252,22.34095,0.29073957,0.20181037,4.130883884429932,4.2254820187886555,4.60428763123334,4.61683764621746,115.18383199836535,2844.0036159990996,extra_dim,512
8b8sWp-275-88756-348733-183720-134118-226233-129107,1202,3.577371048252912,0.031784262508153915,19.933428,20.052698,0.19169824,0.16122462,3.621456495920817,3.6276451587677,4.713664591632268,4.713380050117826,69.78238699957728,1358.3362139997917,extra_dim,512
vOT8yp-371-205293-131237-111916-212842-29563-288077,1254,6.220095693779904,0.025580398738384247,15.318073,16.065493,0.31480002,0.31222406,3.0942654450734457,2.975899887084961,4.657952572998253,4.590848167947215,89.52977100125281,3211.7874440009473,extra_dim,512
qmNVhp-128-78575-68344-44660-128101-103130-334242,1283,4.75448168355417,0.03182704374194145,22.717077,23.898499,0.24119173,0.15799145,2.3359557151794434,2.3510998407999675,4.614439929606863,4.601773761835578,72.91876599992975,2316.6457079987595,extra_dim,512
8wAd8p-068-329159-165684-202035-119460-330730-447487,1209,11.41439205955335,0.0299910269677639,15.803696,16.102043,0.5355756,0.33574072,3.5182248910268146,3.5493918736775716,4.449465467282724,4.458636755960523,156.6363990004902,5102.121743999305,extra_dim,512
tXap2p-281-298969-9753-281965-457067-162269-329331,1012,6.8181818181818175,0.026187583804130554,15.328255,15.509912,0.33605847,0.25862572,2.864455970128377,2.8384561856587727,4.675458696406913,4.654876237704168,176.3897420005378,2911.0006840001006,extra_dim,512
fdXdMp-313-165684-111916-348770-380077-145384-347380,1440,12.777777777777777,0.03389327600598335,16.195047,16.334745,0.5509703,0.42045808,3.2781577428181965,3.044189786911011,4.6494523308419415,4.6001439277234635,332.9672100007883,6867.84247200012,extra_dim,512
Jpj5sp-423-369034-108056-487747-295308-1246-219243,1468,8.583106267029974,0.05191738158464432,19.069397,17.873482,0.42654952,0.29633883,3.4470008532206218,3.7420905272165936,4.684034432428088,4.669991505205406,301.48041099892,4065.3748829990946,extra_dim,512
maM4mp-267-195572-141428-108130-299323-8651-456735,1158,7.512953367875648,0.0453246608376503,25.891382,27.328522,0.289583,0.19506943,3.22438702583313,3.3333544890085856,4.722851208207361,4.712606146331053,125.72600800012879,2604.274273999181,extra_dim,512
Aal0cp-183-209061-91230-492922-2757-317191-461984,990,4.545454545454546,0.0922110378742218,17.050344,17.074259,0.2522254,0.20715468,2.0813051144282024,2.107876777648926,4.620592574172832,4.621303380859073,53.00001199975668,1327.76312399983,extra_dim,512
m5rDOp-062-377273-156368-185152-188815-186260-486330,1445,11.003460207612457,0.02404632605612278,16.476673,14.955198,0.4873825,0.33989158,3.8248233000437417,3.7122843265533447,4.430044397410603,4.475626450953993,204.4067120004911,5525.786514001084,extra_dim,512
IIhdup-184-282845-322947-195637-315211-10737-386302,986,6.896551724137931,0.07097651064395905,20.190758,20.1929,0.35297957,0.2275523,1.3910403966903686,1.4387924750645955,4.569012340329418,4.613321845369252,124.29783799962024,2410.6340469988936,extra_dim,512
eiJpip-223-216978-247588-305230-165168-65123-203381,1402,10.556348074179743,0.04873007535934448,15.722431,15.714093,0.4767829,0.36495343,1.455826203028361,1.3496980746587117,4.46771892689191,4.414226501199176,223.48313699876599,5177.339417999974,extra_dim,512
uYOkKp-107-143976-376902-185152-437215-90733-10048,968,4.338842975206612,0.029287779703736305,21.317451,21.774754,0.19319785,0.15397525,3.31935445467631,3.3098180135091146,4.605712162899705,4.585270972119637,65.63107900001341,1756.3743219998287,extra_dim,512
DWrC0a-013-57191-1214-242009-327883-379538-476225,1033,12.100677637947726,0.0352642759680748,8.991498,9.297961,0.65762013,0.5693194,1.2670663038889567,1.3369547605514527,4.479875275159569,4.364918928468063,208.3777010011545,4319.27308000013,extra_dim,512
6maFGp-305-129013-193291-68221-152880-38506-163335,2424,17.863036303630363,0.02638908289372921,17.898994,19.384878,0.7119909,0.50967926,3.7099109013875324,3.799505678812663,4.653615220700147,4.660444132413547,905.9810719991219,14705.905674998576,extra_dim,512
fZg66p-070-68221-216978-377273-239730-53784-3467,994,29.577464788732392,0.03719060495495796,17.67479,18.385866,1.0862174,0.7442116,3.610388469696045,4.115689754486084,4.553519188004834,4.526821510742141,490.0298489992565,7560.956884999541,extra_dim,512
CF7Gnp-165-481033-25721-175927-209061-312468-108378,1919,17.509119332985932,0.03301472216844559,12.790538,12.910852,0.75000364,0.5052898,3.4263328393300374,3.396131499608358,4.281575559659255,4.277107838881574,519.1090799999074,10607.299293000324,extra_dim,512
tTMeWp-326-264357-280816-2985-25721-189658-311379,2359,8.902077151335313,0.04867259040474892,23.235943,23.453323,0.360777,0.28297627,3.380180279413859,3.3964914957682293,4.688696222929607,4.690078802407215,339.6712880003179,5884.552835001159,extra_dim,512
kDEiGp-268-254920-474864-52991-170820-165168-328121,1029,24.101068999028183,0.09233691543340683,6.855101,6.4615436,1.566538,0.91411424,2.137233336766561,1.9676830291748046,4.565142577569361,4.510381148675083,322.44108300074004,8040.475447000063,extra_dim,512
rkSMcp-349-162269-339484-74769-12865-363552-41411,1411,14.386959603118354,0.02514478750526905,15.827652,15.9117985,0.5630868,0.4778615,1.848754874865214,1.5960556268692017,4.67579367539555,4.5438318159700986,354.923732998941,6387.37342999957,extra_dim,512
FZwvbp-205-349816-138959-261033-383479-409369-152140,1111,28.26282628262826,0.03914736211299896,12.433662,10.321913,1.1062511,0.8846526,2.7236379941304523,2.2941208998362224,4.5476242180500694,4.354122669023319,473.5877149996668,11084.355335999135,extra_dim,512
ie6iSp-097-407790-253414-334074-464643-167361-80351,1395,3.942652329749104,0.03198687732219696,27.229946,27.399061,0.13894843,0.1119928,2.5786468823750814,2.481005064646403,4.612155024326313,4.616003968444392,69.0249870003754,1450.6711430003634,extra_dim,512
Q1VJ4p-396-67099-191485-442126-324310-384031-392966,757,0.5284015852047557,0.04145583510398865,50.099854,48.79956,0.017786039,0.016169576,2.5148036321004232,2.555117130279541,4.731610144600742,4.730979553751142,5.184698999073589,96.18769899861945,extra_dim,512
BLAVyp-401-374393-353502-276516-464643-247007-280816,1578,17.743979721166035,0.0333615206182003,10.339981,10.4704485,0.79813164,0.557879,1.378545633951823,1.3126121679941813,4.558542359581417,4.536778070769006,382.2253250000358,11281.92884100099,extra_dim,512
qx9MPf-447-243466-253414-78108-327883-41798-186349,1722,15.911730545876887,0.0489613376557827,7.983572,7.899908,1.0998546,0.9058544,1.668770392735799,2.12349321047465,4.16625683435389,4.161560516203276,328.9319819996308,11479.8615159998,extra_dim,512
4fsgkp-253-311495-209061-229618-287427-276516-38459,1013,6.811451135241856,0.02615589275956154,16.219193,16.409006,0.35027233,0.24655199,2.9441623369852703,3.0307679494222004,4.670926568584647,4.668685564859466,80.16598399990471,2459.6101209990593,extra_dim,512
u3JmNp-105-377036-373629-177809-287789-419538-221798,1057,9.082308420056764,0.03273187577724457,12.347026,11.755426,0.63729244,0.3638688,2.4153193632761636,3.0699058850606282,4.641673811717222,4.62871107500749,117.11816100068972,3517.1601130005,extra_dim,512
7gnoMp-243-13140-469001-90733-352371-418901-62534,1349,14.381022979985175,0.03019716590642929,11.704313,11.349276,0.8070589,0.49886882,2.1394509156545003,2.452339998881022,4.626476770087775,4.588826504978973,266.4221520008141,8757.288271999641,extra_dim,512
WYTgYp-403-306759-7708-254913-153980-163947-460359,1450,4.206896551724138,0.0560128353536129,15.586848,14.905795,0.28290072,0.23965506,3.6487740993499758,3.0838364283243815,4.675874588857133,4.657652007752568,72.40961599927687,2109.591876000195,extra_dim,512
zRlcSp-181-25062-53784-123056-333757-268363-211084,1709,6.1439438267992985,0.025759130716323853,16.627651,17.087034,0.3223938,0.2563437,2.3993778864542645,2.4423301060994467,4.63842179389493,4.5259111838609085,197.00286500119546,4668.231914998614,extra_dim,512
TaYTvp-415-63022-179855-481410-392966-38597-437270,762,4.593175853018373,0.03335783630609512,20.485249,20.051756,0.27460495,0.18556274,2.736025412877401,2.6731732209523518,4.697632030756966,4.684944566997813,83.35686300051748,1410.873435999747,extra_dim,512
9kbanp-261-50416-108056-469001-231167-334074-209061,1007,5.958291956305859,0.026795921847224236,13.055428,13.67692,0.38345304,0.27630076,2.073078234990438,2.120926554997762,4.652193517143392,4.633002540843894,100.74727699975483,2126.293560999329,extra_dim,512
DLZvmp-426-78108-128329-469130-165684-261033-84004,868,7.71889400921659,0.026906199753284454,20.719873,21.191422,0.32292932,0.2343411,4.0346914768219,4.280931154886882,4.689561129101519,4.664440382909166,112.42162300004566,4460.244623000108,extra_dim,512
i0Ocoe-610-395609-211084-211212-108056-187519-202035,1390,9.784172661870503,3.9601487515028566e-05,10.55645,10.611778,0.59882045,0.53703445,1.9653770128885906,2.0475027640660604,4.408829734998068,4.3481433892649,309.4077780006046,7016.623532999802,extra_dim,768
PBDVAf-465-366971-117533-197606-160943-60681-25579,1722,3.426248548199768,2.0712036530312616e-06,17.25168,17.257538,0.22842222,0.18236177,2.4301342487335207,2.5391042709350584,4.660782599935967,4.661349929797301,117.49176100056502,2990.065947000403,extra_dim,768
sF1D5f-429-45816-14754-487747-347380-61770-187519,918,1.4161220043572984,6.66032019580598e-06,23.448177,25.975903,0.09729036,0.07042014,3.0903345108032227,3.1455241203308106,4.727150495281915,4.726513344889816,23.629733001143904,1026.8487720004487,extra_dim,768
8lHaxa-001-437270-91230-96853-392966-377039-493700,1033,8.712487899322362,1.6546022379770875e-05,12.506176,12.857972,0.43019962,0.36184955,1.5436177094777426,1.5986224015553792,4.585067152802313,4.5076274657599695,275.0037589994463,3219.7914210009912,extra_dim,768
wH6bMa-009-144175-39168-315211-114587-333757-10048,1033,7.55082284607938,4.100139267393388e-05,13.106449,13.55528,0.4176565,0.34215164,1.5221835772196453,1.5510441621144613,4.4521797511135475,4.480466962649797,179.00257099972805,2616.9022699996276,extra_dim,768
l3Lvae-611-211084-218396-212842-198509-334833-311379,1390,4.244604316546763,4.941728548146784e-05,18.925917,19.643042,0.22764224,0.2192943,3.270469824473063,3.330654573440552,4.660016223907668,4.650371955485989,94.91865900054108,1998.2325330001913,extra_dim,768
cmHjrf-493-348077-309854-224170-458554-202179-472051,1722,16.144018583042975,0.00013046321691945195,7.2462296,6.786577,0.8822108,0.8752968,1.250481939315796,1.2550411383310953,4.1111221461332415,3.9118596943469752,352.97527400143736,9406.807387000299,extra_dim,768
9srcUf-448-162832-472051-219243-152140-401183-304828,1722,11.091753774680605,7.126033096938045e-07,9.085692,8.655679,0.6877702,0.77579015,1.4678539196650187,1.4913461923599243,4.524441779195614,4.5110390379829965,294.7882030002802,6184.617075999995,extra_dim,768
pMchYa-011-461984-248646-131237-259340-281965-474206,1033,3.291384317521781,7.092276973708067e-06,16.351833,16.639473,0.22046621,0.21315081,1.481372841199239,1.4794578472773234,4.658025856088213,4.6259154667558535,79.33329400111688,1054.4550940012414,extra_dim,768
rqqrUf-476-372299-90733-207508-318838-254913-53278,1590,15.786163522012577,1.0736808690126054e-05,9.570093,9.485963,0.7698615,0.74986434,2.36608723004659,2.8535736242930096,4.541234889096678,4.431890702044409,491.32709900004556,8037.11913799998,extra_dim,768
KWj8Li-521-358526-235375-78807-67455-237079-21827,802,14.588528678304238,5.653791959048249e-05,8.096224,8.019598,0.9502289,0.56555194,1.9595159928003947,2.6656809488932294,4.221340113149996,4.169608148547803,157.2187080000731,3529.152769000575,extra_dim,768
LIJKja-026-447487-148409-188815-38506-78427-479691,1033,5.517909002904163,1.2104389497835655e-05,11.970235,11.963968,0.38078448,0.33619693,1.3976074616114298,1.530119506518046,4.592639915814674,4.551862007237182,73.43955599935725,1732.2203400017315,extra_dim,768
P4ZKje-597-228203-427818-407728-174918-211212-250174,1550,22.967741935483872,0.0001234940718859434,6.4466786,6.8938503,1.1665245,0.95401496,1.3855247577031453,1.5143790245056152,4.081389812059176,4.030637485792215,445.9089629999653,14918.48363399913,extra_dim,768
zoFKbf-438-268009-220507-287943-286732-24538-454712,1653,12.583182093163945,5.697601750398462e-07,9.773535,8.179785,0.6875453,0.6438186,1.9246371905008952,2.1059767246246337,4.447452599249155,4.36393056205063,267.40997200067795,8702.284098000746,extra_dim,768
FPRIpe-578-474864-126584-425422-304828-148409-10737,1550,9.096774193548388,7.081195508362725e-05,10.131512,11.607512,0.53918296,0.5016734,2.6003448327382404,2.8357353687286375,4.551206083067278,4.487414012151402,174.44320200047514,4690.1567580007395,extra_dim,768
Th8NDe-613-23535-495997-395609-270487-329331-383770,1390,14.100719424460431,8.22431466076523e-05,8.760551,9.0250025,0.7563078,0.7473301,2.5380250136057536,2.7081067085266115,4.44097311982237,4.330403152353138,416.2432439989061,7735.7536559993605,extra_dim,768
KFAl8f-427-406364-361413-456735-410307-286869-348733,1722,18.641114982578397,5.997956031933427e-05,8.3649645,8.702588,0.87781304,0.7183113,1.6446690320968629,1.662715196609497,3.901845526319277,3.963062379637426,640.8764389998396,14282.284773000356,extra_dim,768
rn9v1e-583-369034-383770-175927-399756-390385-383479,1550,11.67741935483871,1.7469614249421284e-05,11.118793,11.177139,0.60248584,0.55667806,2.8684059619903564,2.847081756591797,4.323458952730211,4.287030823379867,302.3794809996616,9040.864136999517,extra_dim,768
SnJBwf-434-37928-376902-480197-51581-328121-350223,1378,5.732946298984035,1.790127271306119e-06,14.480444,14.44549,0.33807132,0.31449112,1.9769823869069418,2.025177001953125,4.592187042886814,4.57695330386854,109.37040400131082,2122.432881998975,extra_dim,768
amZyRf-444-7708-476924-468905-275802-405424-380077,1722,2.5551684088269457,3.279495786046027e-06,16.044315,15.885392,0.21989594,0.21395041,1.9949473778406779,1.982299534479777,4.673742786656019,4.661676330107738,59.85015999976895,1163.795657999799,extra_dim,768
a4WwUa-043-141142-113619-397909-469223-287427-421926,1033,26.427879961277835,3.878655479638837e-05,5.42577,5.5592556,1.2703892,1.0586269,1.184213383992513,1.2799881935119628,3.8859014527088385,3.846287748116967,356.7405729991151,12766.867630998604,extra_dim,768
mvvOnf-472-106-135410-148409-334242-45816-353502,954,4.5073375262054505,4.8512858484173194e-05,13.911519,13.672136,0.3010312,0.29734078,2.710277557373047,2.7487513224283853,4.570706136072648,4.554672428071555,53.79739199997857,1448.7499330007267,extra_dim,768
oRqMra-058-167772-480197-43889-36331-135873-265166,1033,2.904162633107454,6.2980648181110155e-06,21.953426,22.2544,0.15347578,0.12048506,3.0866097927093508,3.212431033452352,4.720503046365511,4.720606715719694,39.30977699928917,3896.683987999495,extra_dim,768
1rIrKa-023-409746-287789-276335-17243-340579-260428,1033,1.6456921587608906,1.7720502000884153e-05,18.169437,19.560417,0.15698622,0.122331046,1.6331903060277304,1.6184808492660523,4.6971024690045216,4.708631126625274,75.1938949997566,2354.566595999131,extra_dim,768
xX6Wce-607-140209-262731-151331-7708-427818-497426,1390,3.741007194244604,2.83738954749424e-05,17.98579,17.861095,0.22473247,0.21267927,2.9988758405049643,3.032704496383667,4.668254109940401,4.660798546517419,139.30026500020176,3556.3343499998155,extra_dim,768
3hvoVa-051-2307-202921-218396-175927-14787-464643,1033,5.324298160696999,1.6514632079633884e-05,15.250326,15.881895,0.29192448,0.26170516,1.5775060256322224,1.672200600306193,4.649452514087734,4.629190159309711,83.64251300008618,1571.4148619990738,extra_dim,768
87hwjf-487-426805-60643-437215-160943-182650-407728,1181,5.080440304826419,1.0143882036572904e-06,12.278126,10.785618,0.3775655,0.41926292,1.4100363334019979,1.4449017842610676,4.638891289230752,4.601462186764344,77.68308400045498,2593.6864069990406,extra_dim,768
98pQ7f-492-161118-44660-2985-495997-227228-191485,1722,3.948896631823461,3.370679678482702e-06,18.007063,18.058064,0.22748198,0.22418635,3.2888161182403564,3.072718079884847,4.636200338625596,4.59458109611423,93.11733899994579,3236.2237559991627,extra_dim,768
9a98Kf-464-298969-472051-292323-179462-78575-496080,1181,7.281964436917867,5.5254073231481016e-05,12.71112,13.207659,0.41023842,0.31802562,2.787779442469279,2.887899621327718,4.227148131666541,4.336995323109097,354.7631130004447,4318.808629999694,extra_dim,768
WVKBPa-017-469001-13769-309009-430207-5054-14754,1033,3.581800580832527,4.264206836523954e-06,14.230987,14.251414,0.27043286,0.25033483,3.6117149194081626,3.630213721593221,4.678310040617172,4.658231366372888,52.10230299962859,1736.9704289994843,extra_dim,768
k2rvsa-021-181149-117176-94351-2985-340579-209061,1033,4.162633107454018,1.384729148412589e-05,18.03343,16.706528,0.20099367,0.20183845,1.89225222269694,1.9670550982157389,4.6513974945265275,4.648669758748557,89.03458100030548,2449.890054000207,extra_dim,768
GptLba-028-467697-29563-495971-437270-5575-211212,1033,2.3233301064859635,2.764441342151258e-05,17.031984,17.351133,0.1900179,0.16904666,1.7420516967773438,1.7631666739781697,4.652293334464273,4.669090643727729,114.68552299993462,993.1123930000467,extra_dim,768
3EBeof-459-212842-454791-192385-495971-180085-113105,1033,16.747337850919653,3.53978066414129e-05,10.283412,10.344481,0.743305,0.75425047,1.6823470751444498,1.943975853919983,4.4206799093157585,4.405255671176078,276.4092689994868,6950.681184000132,extra_dim,768
8C0b9f-461-182650-228203-8651-240298-176776-186349,1704,3.814553990610329,5.752473225584254e-05,15.047702,15.077021,0.24646795,0.31883875,3.6062095324198404,3.493205992380778,4.683821201928955,4.5982966967915715,149.60289999908127,3061.8936629998643,extra_dim,768
f5sCDf-435-355130-41798-395609-377902-35325-116061,1378,11.901306240928882,9.696379493107088e-06,11.996441,10.815067,0.60477096,0.61178464,1.7879130999247232,1.8156522750854491,4.513959201841477,4.356604627811482,452.3831809983676,6344.08113399877,extra_dim,768
5LZsPp-295-239730-414547-129636-470600-495997-1214,1207,22.535211267605636,6.921367457835004e-05,8.191,8.070427,1.0783037,0.8859369,2.607599719365438,3.1844045797983807,3.670769278025952,3.7519692743238933,397.25710899983824,9681.749416000457,extra_dim,768
rxhq2p-211-212526-349828-67455-407790-412326-143976,1183,7.185122569737954,2.8749458579113707e-05,14.725481,14.245581,0.40942514,0.260507,2.258884620666504,2.604277722040812,4.492213756465959,4.504396456070191,117.6612910003314,3265.2934059988183,extra_dim,768
7j8l2a-034-50416-4800-287427-123375-143976-264357,1033,3.0977734753146176,8.71249631018145e-06,15.089798,15.442301,0.23727001,0.23137815,2.302456855773926,2.4440484364827473,4.65158445283488,4.600114096814891,43.1410360015434,1179.8026509986812,extra_dim,768
cedJli-522-192385-152140-262731-156368-123704-333757,719,5.285118219749652,5.254780626273714e-05,11.169509,9.548463,0.42828345,0.34274212,1.9058102130889893,1.9833910703659057,3.697328614317588,3.9354469980780555,59.80898999951023,1624.544746000538,extra_dim,768
uHCIZa-015-146882-87506-304828-333757-5054-62919,1033,8.615682478218782,1.7520515029900707e-05,10.990326,11.3944,0.50195974,0.46367785,1.2735005935033163,1.315798075993856,4.4557317595543635,4.483084824597414,125.6714289993397,3418.4578450003755,extra_dim,768
UKnMcp-124-361413-129636-57514-52991-68221-81956,1381,20.926864590876175,0.0001672373036853969,11.970665,11.150122,0.9154255,0.6995678,2.2463571548461916,2.516738748550415,4.482717341568011,4.4775828695937445,484.85556099876703,10540.656942999703,extra_dim,768
5ALjRp-161-333766-240226-4800-482510-113619-84055,1026,26.803118908382068,0.0008019127999432385,5.7728534,5.652437,1.2088267,1.0215453,1.1968785683314005,1.2619994004567465,3.687565908544335,3.6720039950165253,627.104164001139,10093.742130000464,extra_dim,768
Paqf1p-119-254913-443221-90733-163645-32125-188815,1450,9.034482758620689,0.0004479943308979273,13.004703,13.28286,0.41958156,0.35035253,3.1935850620269775,3.151752996444702,4.299954966597758,4.3229346180881,319.2068749995087,4338.287972999751,extra_dim,768
lDN6of-450-91840-427818-353502-327883-210172-489807,1722,25.02903600464576,0.000440589792560786,5.1965446,3.6836457,1.5032663,0.98100775,1.2947413921356201,1.4963631947835287,3.4286763537050855,3.533143273096273,1024.5363129997713,17490.34422600016,extra_dim,768
JRGxpf-495-78575-358526-483339-81956-229618-247007,1722,14.227642276422763,0.000252309167990461,7.6204324,6.5037923,0.8443287,0.83897996,1.1744664827982585,1.1477075258890788,4.27583589824217,4.233322322141492,452.3458910007321,8215.473867998298,extra_dim,768
yc5Hmf-494-469130-474206-203381-91840-123056-149498,1722,13.472706155632984,0.00020981418492738158,7.5501347,7.851939,0.79270434,0.6588232,2.705550209681193,2.5626091321309405,4.272982206541752,4.199431965606733,449.59705299879715,10303.282300001229,extra_dim,768
6UNJZa-025-136860-357104-38459-89725-366126-252054,1033,9.390125847047434,0.0008322022040374577,12.033724,12.1982975,0.48379925,0.42626014,1.1988625208536783,1.1993965307871501,4.3872759798514505,4.40884371098873,144.6153230008349,2953.470518999893,extra_dim,768
CrjLKf-468-374393-49022-14754-240504-316080-236920,1722,6.562137049941928,0.00014622832532040775,13.316993,12.931845,0.40345266,0.40896717,1.2578963359196982,1.27762660185496,4.650043888789617,4.617326111535425,164.9004459995922,3652.499978999913,extra_dim,768
wkCjvp-408-175927-2985-407790-280816-275802-343332,1046,15.965583173996176,0.0001569680607644841,13.413163,13.282162,0.7360666,0.55699223,2.055621139208476,2.4235449473063153,4.321423676355916,4.356493607884347,280.2251780012739,6213.203966000947,extra_dim,768
bnEKPi-496-131237-487747-10048-112031-352809-171454,719,13.908205841446453,0.0004139196826145053,8.217089,6.815728,0.8235507,0.60897684,1.7325197060902913,1.804878036181132,2.9536308901445953,3.1977698179307295,129.2713470011222,3711.175540000113,extra_dim,768
FW6BFp-225-129636-418989-280816-386883-462467-306759,1649,6.24620982413584,0.0004694216186180711,13.694076,13.665531,0.35654032,0.3095692,1.7104901154836019,1.74832231203715,4.41731127409292,4.440918249110699,200.745903999632,4728.695834999598,extra_dim,768
cZ9D6w-670-134118-41411-423587-125189-84055-98443,662,4.984894259818732,0.0007059596828185022,15.118789,15.0066805,0.25943187,0.23009442,4.141617965698242,4.149921989440918,4.520371636178606,4.522104610956418,145.36436200069147,1536.4396839995607,extra_dim,768
xlckps-555-489807-93885-138959-23535-14754-299323,1636,10.880195599022006,0.0007390778046101332,9.2862625,9.110373,0.6254564,0.5063053,1.3789779663085937,1.4483715534210204,4.398362081755618,4.415653586083582,341.40849800132855,8529.988883999977,extra_dim,768
xDMmqs-548-333766-165168-462328-336612-442126-284808,1636,9.7799511002445,0.0005077441455796361,10.005177,9.86743,0.5561103,0.4399986,1.3016435464223226,1.3007216533025105,4.060426006649533,4.196492083408494,222.37597700041078,7975.5994959996315,extra_dim,768
FSyUys-545-306052-88756-228203-369609-91230-448907,1240,3.467741935483871,0.000898472499102354,16.639063,15.710826,0.24187213,0.22131808,1.3862825393676759,1.4114718039830525,4.606803199198292,4.613615697045337,147.79386200098088,1588.3711679998669,extra_dim,768
FiS63i-513-129107-287427-185152-454791-121010-285778,918,29.956427015250547,0.0005593721871264279,3.7381773,2.6621337,1.7450929,1.2019922,1.595617397626241,1.7673271258672079,2.054230526309301,2.231893452240079,1004.4434800001909,9521.918017999269,extra_dim,768
AHwsQs-538-108297-304214-140209-237079-426805-448869,1636,26.5281173594132,0.00042765779653564095,6.334715,5.9452634,1.5001127,0.95323944,1.2086803356806437,1.2585638761520386,3.9083266432797954,3.9419874997011086,944.8096389987768,15270.453187000385,extra_dim,768
cUyODs-564-324456-286869-479691-123056-485468-274323,1636,14.60880195599022,0.0006575641455128789,8.588452,8.554838,0.7507102,0.63778126,1.5890220801035564,1.5124059359232584,4.369144980854141,4.377981455140219,450.93917200028955,7738.453293999555,extra_dim,768
WOhKts-537-450251-294604-27791-350223-235375-383770,1636,15.158924205378973,0.00046492001274600625,10.383797,10.717281,0.68181306,0.53211325,1.8514254411061606,2.063175368309021,4.293615526542796,4.293630838340571,414.79510299905087,9541.450520999206,extra_dim,768
Mtnx5i-515-495971-279778-348676-11995-306560-418034,744,3.225806451612903,0.00028512379503808916,14.764353,11.394271,0.25573727,0.26266393,1.6128716389338176,1.7093915462493896,4.637584104314195,4.678299594432787,45.791995000399766,626.2693840017164,extra_dim,768
fiDqFe-589-306052-37928-421728-166792-414547-458302,1550,7.548387096774194,0.00034323649015277624,15.293263,15.7336855,0.39295626,0.32586625,2.6847511927286782,3.1173148155212402,4.429755017168369,4.458566795683339,146.77535199916747,3495.8915489987703,extra_dim,768
KIklei-503-156368-5054-151331-161307-380077-177809,898,12.138084632516703,0.000185836324817501,7.876921,6.538472,0.7921397,0.6250703,1.5617178678512573,1.6394279638926188,2.9050199694432255,3.2953361614564805,135.0469349999912,3235.7451649986615,extra_dim,768
0Rve0i-524-469450-332402-376902-283921-64116-240504,1140,5.087719298245614,0.0009046242921613157,12.676319,12.064068,0.38832602,0.28073606,2.2105225880940753,2.2600509325663247,3.7813754674324223,4.058805411713867,114.07480299931194,1736.0976389991265,extra_dim,768
IJqofi-526-68304-236920-183720-152419-94351-316080,661,34.493192133131615,0.0003945751814171672,3.695951,2.9927971,1.7933888,1.2198623,1.7055066267649333,1.7357618808746338,2.060344314544427,2.12253887448576,362.52025100111496,8864.913642999454,extra_dim,768
vAlA7f-458-390385-16661-177809-112031-325632-365075,954,1.4675052410901468,0.00048059478285722435,28.091846,28.579254,0.069216095,0.064330146,4.722326596577962,4.677452596028646,4.7031698474235855,4.699948003680204,20.91017299972009,366.78326900073444,extra_dim,768
oK9Hxs-550-7708-104867-460359-299323-420765-264795,1636,3.850855745721271,0.0009720592643134296,15.351877,15.252607,0.24255009,0.20865662,1.3066205978393555,1.326058562596639,4.621050246342315,4.6317572559983065,89.20988099998794,2269.7683030000917,extra_dim,768
kxh9is-563-24999-276516-377039-462467-365075-67099,1636,6.418092909535453,0.0009378857794217765,16.063745,15.9946165,0.28435197,0.23851939,2.0998144070307414,2.142283296585083,4.510611630297248,4.507759901452989,134.15297599931364,3605.5428740000934,extra_dim,768
Q4PCSi-506-317415-237079-78108-78427-235375-285778,1152,8.072916666666668,0.0002790152211673558,11.019759,10.277426,0.5282604,0.4208258,2.2669606526692707,2.2616122563680015,3.5718034044847204,3.816514223306583,134.21333600126673,4951.083231000666,extra_dim,768
zKb4se-576-475285-202921-407950-32125-236920-469001,1236,14.64401294498382,0.0002435800852254033,10.109028,9.935885,0.73108673,0.6163607,1.7885005791982016,1.9004931688308715,4.428693666707949,4.379782011404078,262.76415299980727,6560.0800219999655,extra_dim,768
EZwkWp-195-116061-37928-384031-166684-14787-96948,1442,15.53398058252427,0.0007670152699574828,12.272653,11.155674,0.7020256,0.5398981,2.0225788434346517,2.4545272032419843,4.005937841707276,3.994782668139078,506.9027629997436,7776.579771998513,extra_dim,768
rjyWTe-587-151723-247588-123704-129889-250174-123056,1550,12.129032258064516,0.000710091320797801,9.902994,10.13615,0.6723115,0.57746506,1.7313341697057087,1.9554596662521362,4.367097662085495,4.377923827982963,246.50787900100113,6631.131486999948,extra_dim,768
44Zbvs-567-179462-358526-13671-355104-116061-343332,1636,7.396088019559902,0.00030473197693936527,11.065845,10.383265,0.46054903,0.3830665,1.211082132657369,1.1961441119511922,4.534992167150538,4.555133220193242,176.56340200119303,3941.87827299902,extra_dim,768
ofs2Us-561-469223-161307-229618-187519-295308-129107,1636,15.831295843520781,0.0003641763178166002,9.543487,9.364985,0.7766754,0.5810209,2.141019566853841,2.486995156606038,3.9627022254105952,4.005081644931268,333.25045100173156,9823.413598000116,extra_dim,768
jhRr0p-088-489070-351855-386883-172725-333766-16976,1661,16.375677302829622,0.0008774544112384319,8.987204,9.143977,0.7732547,0.65164465,1.9021459261576334,2.043429223696391,4.030503346218268,4.007133092606123,424.881409999216,11340.323087999423,extra_dim,768
ItvEYp-187-347380-151331-160943-343502-92870-286732,1222,5.973813420621931,0.0003424148017074913,14.557314,14.3116455,0.3166694,0.27613553,1.919129212697347,1.878691840171814,4.469054870739749,4.49590489592066,118.82493099983549,2663.6754739993194,extra_dim,768
9ImS8p-321-63022-306759-480197-355130-205293-103130,1065,1.4084507042253522,0.0003738635568879545,27.3451,28.073399,0.08153345,0.06673694,3.81514622370402,3.788167635599772,4.711682979509613,4.71434081839774,21.090983000249253,436.17739700130187,extra_dim,768
PiKSIp-112-109021-465867-125189-123174-211212-334242,1021,9.10871694417238,0.000980529235675931,9.812493,8.227286,0.59345585,0.5027551,1.7659302632013956,1.9806991418202717,4.149056302844988,4.179523005595003,259.4127649990696,4113.5918559994025,extra_dim,768
5Lu6ui-514-135410-151381-124082-173176-644-324310,744,9.946236559139784,0.00026409313431940973,10.53455,8.591502,0.58717275,0.47081807,1.4535919348398845,1.4968796968460083,4.4517898829969145,4.472807919746,187.68592800006445,2994.6379749999323,extra_dim,768
69ZMRp-276-162832-2757-113105-349816-17243-289593,1207,16.23860811930406,0.0009542101179249585,11.259518,11.174301,0.7119456,0.6029785,1.3640227317810059,1.3033212741216025,4.150984706343598,4.124616676528236,276.7817490002926,8273.030798000036,extra_dim,768
caQa9p-079-134118-41798-311327-343332-125459-231167,1139,6.409130816505707,0.0008238053997047246,21.24091,21.297184,0.25174212,0.21519648,4.162247276306152,4.116704654693604,4.4110702943501074,4.415929044693793,96.83953800049494,3033.361961999617,extra_dim,768
zQSXvp-215-498788-407950-152419-25062-51581-3467,1400,17.57142857142857,0.0010821843752637506,9.172761,9.116197,0.89301425,0.6691966,1.7625579675038656,1.8950501759847005,4.068838786621303,4.078501115737035,541.0801420002826,10726.672010001494,extra_dim,768
3Fszap-093-117533-332219-451954-336612-141428-265166,1116,6.451612903225806,0.002600878244265914,14.986243,15.086045,0.30444044,0.2604755,3.943528095881144,3.913109238942464,4.433044036452916,4.447753597315556,336.58165900124004,2434.5304489997943,extra_dim,768
oJJGwp-325-47619-442126-2985-182650-124082-457067,1710,4.035087719298246,0.0017253782134503126,16.397076,16.532354,0.22605358,0.20297426,3.2545722007751463,3.1217618942260743,4.648784244849611,4.640767772752867,99.74807700018573,2755.1161640003556,extra_dim,768
0mk6rp-310-146145-90733-51581-27791-50416-437215,1608,1.7412935323383085,0.0014768074033781886,22.04733,22.2804,0.11090282,0.09058994,2.3013307730356853,2.317791748046875,4.699760843564574,4.700798838803166,61.72473999868089,1085.7643319995987,extra_dim,768
lzFhsp-134-377273-280816-60681-369034-268009-11995,1625,3.076923076923077,0.0012218672782182693,19.67119,19.893553,0.18134113,0.14003856,4.634622097015381,4.712658087412517,4.613478808593909,4.630212767433898,109.68668399982562,1733.6100299999089,extra_dim,768
5OQdwp-063-348077-460359-16661-112031-224170-197606,1404,2.7777777777777777,0.005658838432282209,16.832458,16.987686,0.17551917,0.15919401,3.5400699774424234,3.545316775639852,4.609242903279454,4.610980841080222,95.06399899873941,1497.0567669988668,extra_dim,768
am1FVp-234-380077-145165-25579-145555-311495-324310,1208,5.380794701986755,0.004206848796457052,14.893097,14.896954,0.30181417,0.2653289,3.144604698816935,2.518200969696045,4.485713077454794,4.43330770370682,142.33098400109157,2759.2690819983545,extra_dim,768
1zDUvp-298-108297-119460-56896-348770-68221-98443,1510,2.5827814569536423,0.0020352303981781006,15.845427,16.111683,0.21510907,0.18386918,4.750429344177246,4.713053925832113,4.605648029884851,4.62183305156648,71.71247599944763,1701.5387709998322,extra_dim,768
cqZnBp-237-143976-377902-462328-483339-384274-414547,1322,8.245083207261725,0.005321722012013197,12.469227,12.172732,0.42921188,0.40984246,1.375516653060913,1.4663589636484782,4.399576698538593,4.377063963643089,186.92435800039675,3757.011704001343,extra_dim,768
N5kbFp-292-397909-407728-152140-117533-153980-62919,1693,21.204961606615473,0.0010815237183123827,9.5800085,10.05056,0.9971388,0.98535544,1.5803662618001302,1.5332132498423259,4.3660587933092145,4.267131407267823,818.5045110003557,12000.213210998481,extra_dim,768
DmpOYi-525-91230-450251-209608-292323-92870-38506,1140,16.315789473684212,0.0021517532877624035,6.849215,5.8126445,1.041182,0.70657355,1.8861579020818076,2.0954036553700766,2.7257688063209398,3.0719514049335546,275.5434390001028,5524.866531999578,extra_dim,768
BBcZPi-501-456735-480197-495997-497448-326140-134118,861,0.8130081300813009,0.003230630187317729,21.876415,22.455194,0.096414655,0.062029064,1.815535593032837,1.7821928103764852,4.721475293635656,4.726028808446584,10.911106001003645,176.3586410015705,extra_dim,768
BsVmke-591-419538-379538-386302-426805-469450-347380,1550,17.806451612903228,0.002498342888429761,7.089205,7.4783096,0.97104245,0.79899955,1.326539731025696,1.4703548749287922,3.9909211003616454,3.951814407832708,402.9696769994189,8377.637802001118,extra_dim,768
nSu3Cp-366-41411-362672-285778-222370-421926-202035,1118,6.529516994633274,0.006295517086982727,20.309164,20.42522,0.3413681,0.2745352,4.167014757792155,4.085546906789144,4.5636288346721585,4.580928361573944,136.30775500132586,1919.109517999459,extra_dim,768
tztd5w-640-23535-348077-410307-64116-151381-134118,1176,11.989795918367346,0.0032262594904750586,12.823618,12.705384,0.5188532,0.41653374,3.891074021657308,3.597918224334717,4.135221610995718,4.1583276460564,180.85462999988522,4408.12116899906,extra_dim,768
qQ82Hw-614-91230-379354-379373-260428-324310-287427,949,5.163329820864067,0.0024592585396021605,15.752884,15.586934,0.3010693,0.26098832,1.9486749569574993,1.8404636144638062,4.412396542284813,4.42099433119251,60.12972999997146,1165.2066759997979,extra_dim,768
f2JFMw-634-136860-113105-22031-310105-248646-32125,824,8.25242718446602,0.0029410782735794783,11.048946,10.717958,0.47627577,0.3998506,2.533030891418457,2.4318831602732343,4.4767385529292305,4.495483503487975,91.41402000022936,2166.8095770000946,extra_dim,768
ainjFp-098-145384-88756-289593-274542-488804-292564,2208,9.148550724637682,0.003448504488915205,12.43414,11.984695,0.4441282,0.38928795,2.6656024138132732,2.6394036928812663,4.3727085526018135,4.368457512364374,269.80359200024395,7715.166479998516,extra_dim,768
BcVzDs-560-352809-57514-418989-243067-209608-32726,1636,6.601466992665037,0.0019297391409054399,17.073614,16.639929,0.29279843,0.25288615,1.5103127717971803,1.5026698430379233,4.548962593347507,4.5502742827134135,131.12159599950246,3364.4349130008777,extra_dim,768
TypO9p-362-82313-390793-365346-50416-310105-275395,1464,23.36065573770492,0.0034457372967153788,7.78022,8.281845,1.1186627,0.86155367,2.824920988082886,2.936007006963094,4.313092091089079,4.350439403826733,425.50828000094043,13396.019361000072,extra_dim,768
nQsrxi-500-35788-354893-151331-437270-461984-276516,861,11.033681765389082,0.004316622857004404,8.792345,8.89027,0.745045,0.5428775,1.4793671766916912,1.6372954607009889,4.380566442575923,4.368654897744458,119.07912099923124,3154.3283319988404,extra_dim,768
ck2Uxp-081-495997-135873-82313-377039-373629-268363,1026,4.775828460038986,0.004637618083506823,14.836987,14.436382,0.26154968,0.2644302,2.1252203464508055,2.0985274791717528,4.4855808781086015,4.4573520220521505,64.09062900092977,1730.1097409999784,extra_dim,768
jgJdnp-100-135873-177809-247007-67455-332402-185152,1404,5.84045584045584,0.0029392531141638756,16.43448,16.616154,0.2697061,0.2352304,3.7943994045257567,3.5807159423828123,4.485576230762058,4.506485614038456,107.66008400059945,3530.418259000726,extra_dim,768
m8mjCs-533-485468-283456-486330-442126-2757-12865,1636,22.677261613691932,0.0013069127453491092,8.728291,7.8808646,1.0152218,0.8462401,1.2941916068394979,1.3352909406026205,4.0319675401320145,4.063883379093595,594.2514649996156,12938.332841000374,extra_dim,768
pRaNDw-627-181149-276516-426805-281965-56896-235375,1894,4.7518479408658925,0.002972227055579424,14.625755,14.6220665,0.27379605,0.23975074,2.1746715545654296,2.0561474641164144,4.523724495080441,4.528266410750844,111.1982229995192,3696.4028130005318,extra_dim,768
U5aQJe-592-437270-129013-295308-406364-103913-497087,1550,4.451612903225807,0.001561999088153243,14.818049,15.261345,0.3177044,0.24316196,2.2113269329071046,2.316953102747599,4.592352668420707,4.623464102755216,159.38717799872393,3072.8310190006596,extra_dim,768
3e1Tjp-199-462328-423751-38597-248646-74769-2009,1395,9.46236559139785,0.002225166419520974,14.853753,14.724724,0.44870785,0.4064218,1.393786374727885,1.4346101681391399,4.353030119753235,4.313789786367558,193.08628699945984,5383.4644879989355,extra_dim,768
SSYQ1w-650-275802-13671-144360-112336-104867-157595,503,5.36779324055666,0.0031455422285944223,18.930527,18.51679,0.25144747,0.22659522,3.6846201101938885,3.499846172332764,4.41031517111244,4.407471416446498,45.80528500082437,1163.2665870001802,extra_dim,768
JCRPTw-618-129107-479691-343332-355104-157595-129013,1894,30.517423442449843,0.0062578716315329075,5.1000175,4.5231676,1.454724,1.1427311,2.0579889535903932,1.9352489074071249,3.2907078288593676,3.3148746992092475,1075.6578970012924,21256.46087399946,extra_dim,768
BThtKf-463-324456-428876-160668-329895-295308-99711,1722,31.3588850174216,0.001240023411810398,4.7288733,4.369586,1.5473586,1.2890314,1.1396445035934448,1.1444386959075927,3.758332423770793,3.780150169666112,1882.2603999997227,17932.904957000574,extra_dim,768
BNXFqp-404-184495-450557-10737-129636-497448-379538,712,3.089887640449438,0.0009845345048233867,11.598348,11.344714,0.3195994,0.24721293,1.8057718674341838,1.9318658828735351,4.474933441224145,4.539771533849561,88.02231099980418,1573.0917920009233,extra_dim,768
7HBFIp-071-294604-416172-427818-181149-278609-175927,1141,7.887817703768624,0.003979463595896959,18.273783,18.667152,0.31825158,0.2510443,3.9925755659739175,3.938415749867757,4.4305601859279395,4.431497324908363,197.8045360010583,2867.7665859995614,extra_dim,768
fS0Vwp-324-274170-461984-129889-218396-366126-128329,1773,16.130851663846588,0.001755136763677001,10.624361,10.174292,0.80685,0.6265069,3.5945212046305337,3.631127913792928,3.923460592388041,3.973725856692135,390.58132100035436,9931.264021999596,extra_dim,768
MJEnPs-553-484336-261033-237079-274170-257745-343308,1636,5.990220048899755,0.0014303416246548295,11.072197,11.404205,0.42811581,0.3612987,1.7982320229212443,1.8905837138493855,4.533963616712944,4.548312531672719,130.64759699955175,2981.454978998954,extra_dim,768
noHubp-343-163645-17243-410906-219243-161307-221798,1638,6.654456654456655,0.0025536506436765194,13.623489,13.450136,0.37869373,0.31903416,3.1177807648976645,2.982712395985921,4.506168780079504,4.516404887698487,155.16727900103433,3711.608038000122,extra_dim,768
4sBV1s-535-160927-255765-139119-167772-460359-377902,1636,11.98044009779951,0.0018671865109354258,10.998854,11.273376,0.5926601,0.45615718,2.693770964940389,2.6688568433125814,4.300423187545728,4.36433377905195,272.57195000129286,6878.174225999828,extra_dim,768
IZG94w-666-98443-418034-470600-161118-288253-129889,1707,7.147041593438781,0.004833240993320942,14.357337,13.576566,0.3478627,0.3310497,3.9382909774780273,3.603580697377523,4.360173136025468,4.324618333376744,169.9108550001256,4033.898592000696,extra_dim,768
9hvMUf-482-498788-113105-17243-63022-21827-338584,1318,11.077389984825494,0.0011917749652639031,9.298294,8.729587,0.6332738,0.5307769,2.6464121341705322,2.5390883604685466,4.437935634764143,4.423539299264153,215.888228998665,4844.829095000023,extra_dim,768
TkK5fp-380-229618-476225-311495-339484-11995-7708,1573,6.039415130324221,0.003558315569534898,12.815338,13.050692,0.36831775,0.29180482,3.8191471894582114,3.60323052406311,4.5253383069512765,4.548390244164277,153.86030899935577,3414.291236000281,extra_dim,768
9f3Qjw-657-129013-78427-348770-228203-60643-7188,839,7.866507747318235,0.0029710158705711365,14.0735855,13.701402,0.40414298,0.32403722,2.397688293457031,2.4041140556335447,4.382857497808887,4.397562150045876,126.66673900093883,2168.4225160006463,extra_dim,768
mZAhvp-320-51581-316080-475285-152880-108378-407790,2240,19.732142857142858,0.009975253604352474,13.012106,14.766182,0.92569834,0.81319237,2.2811566829681396,2.2323565165201824,4.1248836129560695,4.046482357195652,778.4926530002849,15926.617207998788,extra_dim,768
aVIkMi-504-436373-35788-166684-274170-363774-493700,826,3.753026634382567,0.01687152311205864,13.877489,13.189262,0.31234968,0.27340478,1.3463865200678506,1.3303250948588052,4.634902454128394,4.639530956833048,63.40763900152524,1254.6202769990487,extra_dim,768
wD39yw-617-350336-91230-365075-384274-339484-27577,918,4.139433551198257,0.01175561361014843,12.800821,12.813379,0.28373444,0.26547694,2.4374169667561847,2.375720802942912,4.570948447353035,4.577432968220065,73.03722600045148,2181.0435419993155,extra_dim,768
WWYmkp-135-247007-450251-229950-249772-273892-186349,1032,18.7984496124031,0.02265731431543827,10.125112,10.199361,0.86465484,0.6574866,3.2170841058095294,3.2584710439046223,4.072800749299871,4.1234639662093295,867.1922640005505,6179.64962500082,extra_dim,768
1Q0zzp-067-496080-227228-300626-311379-247007-1214,1044,3.4482758620689653,0.020670078694820404,29.635199,28.352783,0.14141856,0.13342315,4.184422747294108,4.1524047215779625,4.714628062224046,4.710494284012308,46.21043499901134,870.168602999911,extra_dim,768
9Mkadp-302-273892-209608-109841-324591-494783-498752,1917,13.928012519561817,0.008960635401308537,11.571121,11.324424,0.60142946,0.50446683,1.5110050439834595,1.625409189860026,4.364393320105994,4.36543862295568,350.455254998451,8410.18317199996,extra_dim,768
ui9aDp-122-292323-379538-386883-287427-306759-88721,1070,4.579439252336448,0.009513289667665958,16.834944,16.924286,0.27612484,0.22103707,2.6412020524342856,2.8864412466684977,4.597888503761099,4.595360461744059,67.25816700054565,1355.6147229992348,extra_dim,768
YLEXwp-335-240298-183720-447487-129636-202035-44660,1633,4.776484996938151,0.019239043816924095,16.22739,15.6392765,0.2674367,0.25065872,2.427855602900187,2.2485655307769776,4.6439842843161925,4.627776553202127,103.18777599968598,2470.3304970007594,extra_dim,768
6TUCvp-352-108130-78807-55646-250174-386302-414547,1874,14.300960512273212,0.02210024558007717,11.719248,11.68893,0.7434461,0.5844094,2.4461848576863607,2.5536754608154295,4.171373478146494,4.1677562152218455,440.6032850001793,9406.783974000064,extra_dim,768
DfzVIp-175-379354-103913-25062-384031-343308-295308,1232,6.737012987012987,0.007324743550270796,15.461407,15.365568,0.3327578,0.29897678,2.4388691584269204,2.061895147959391,4.426580538159004,4.388054661288616,104.33071599982213,3319.06442699983,extra_dim,768
YuwChp-152-8651-147603-379354-29563-62919-345238,1842,8.360477741585234,0.018081096932291985,20.591156,20.324604,0.35684085,0.2709808,3.7352698961893718,3.8213865915934244,4.447574062052113,4.455246832123077,291.6772549997404,5143.804137000188,extra_dim,768
QpHWMp-383-149498-238364-156368-402653-484336-426805,1642,21.74177831912302,0.02199472486972809,9.42483,10.375423,1.1008859,0.90378475,3.017607577641805,3.1784621556599935,4.359657058772652,4.4197051569795285,694.1524920002848,13828.272867000123,extra_dim,768
RkoxIi-499-395609-17243-276516-68344-191485-476225,1053,19.183285849952515,0.013668406754732132,5.7163696,5.165044,1.2724304,0.7942044,1.4517227490743,1.988456122080485,4.175780194964085,4.124721552304195,494.02874800034624,7532.094230999064,extra_dim,768
avuTLe-585-474206-355130-317191-361413-333474-248785,1550,11.806451612903226,0.014499159529805183,9.32585,9.455865,0.66220564,0.61948705,1.3013869921366374,1.5236815293629964,4.3363764571062,4.365640599811734,247.12355799965735,5797.355522001453,extra_dim,768
RXuyap-339-457067-332402-329331-281965-472051-353502,1386,8.441558441558442,0.022795502096414566,16.48291,16.603853,0.39446488,0.37991238,1.4787002007166545,1.5237071196238199,4.616706349053431,4.551213851016807,161.87283599902003,4069.0857710014825,extra_dim,768
cfSfbp-363-68221-13671-186349-322947-197606-339484,1688,12.855450236966826,0.020284058526158333,17.598038,17.949074,0.5982776,0.5171177,2.6918922424316407,2.76426575978597,4.506701876938258,4.474137602404477,283.7696970000252,8869.476059999215,extra_dim,768
jM2z5p-212-362995-350336-202035-87506-239730-207508,960,3.125,0.008350489661097527,25.000385,24.795935,0.16281933,0.13035642,3.173016881942749,3.321547444661458,4.719696740203167,4.715137157265777,38.632946998404805,838.1160539993289,extra_dim,768
HxFzMp-357-24999-343332-90733-489807-316694-345238,1056,12.68939393939394,0.008049515075981617,15.309908,12.720863,0.6122381,0.596329,2.7149300734202066,2.4460787932078043,4.2452067061187915,4.288338641569508,173.8732619996881,6574.314425999546,extra_dim,768
rllgnp-282-21827-2985-183720-67455-409746-330730,1398,18.812589413447782,0.014075466431677341,11.387528,11.083679,0.9061664,0.6991999,1.3383925755818684,1.2867329120635986,4.0357472920197655,4.010086190375264,347.63661500073795,10522.13044599921,extra_dim,768
IJui6p-278-140209-424453-325632-318907-448869-125189,879,26.39362912400455,0.012646407820284367,5.974515,5.821307,1.3043952,0.97172326,2.9933982213338215,2.9770503679911298,3.771769741925789,3.7178075405493125,326.2130530001741,7575.552495998636,extra_dim,768
riuiap-287-319764-286732-35325-55646-391852-1246,1806,5.038759689922481,0.016919877380132675,15.704068,15.693492,0.26610962,0.22930773,2.9299716631571453,2.9892207781473794,4.61369797765946,4.618760721178637,122.51214899879415,2726.241522001146,extra_dim,768
9OkIKp-409-379354-383479-166684-320846-480197-361413,1633,3.1230863441518677,0.018505295738577843,27.655104,27.11756,0.13254048,0.11982081,2.4448633193969727,2.6514700571695964,4.622607240376228,4.619375369735909,67.47767799970461,1287.351666000177,extra_dim,768
vTx6Wp-073-38459-458554-472051-230200-332402-365346,1099,10.009099181073704,0.006727493368089199,12.842663,12.891386,0.46292725,0.39030936,1.7686103026072184,1.9134141524632773,4.343709770501468,4.322254085241396,143.8193729991326,4087.760544000048,extra_dim,768
9aa0Fp-331-427818-479691-112336-420765-462193-379354,1488,11.491935483870968,0.015810392796993256,14.64517,15.252045,0.579791,0.42189857,2.264043649037679,2.33216921488444,4.622428489990626,4.6101432994234255,372.04904700047337,5309.0519519992085,extra_dim,768
Od9CNp-327-140209-326180-101992-35325-166792-451954,1953,10.39426523297491,0.014821072109043598,12.921333,12.19822,0.5348045,0.45147204,2.045591044425964,2.1026922543843587,4.574258705718227,4.573336528818139,383.0339050000475,6456.727295000746,extra_dim,768
2TcsGp-297-152880-78575-467697-23535-316694-24999,2415,13.250517598343686,0.007391820661723614,12.457868,12.5424,0.555177,0.44640717,3.2107619444529214,3.140938425064087,4.438933043974966,4.4180647571306375,456.55489999990095,10666.766788001041,extra_dim,768
IJFPZp-340-90733-100179-99711-247588-402653-355130,1491,3.35345405767941,0.00944688729941845,11.668751,10.062628,0.32863364,0.3081246,1.7647609869639078,1.7999663591384887,4.620458707125713,4.616346983653413,97.94291800062638,1392.6566820009612,extra_dim,768
sNYM9p-246-47619-361413-1214-155820-418901-176776,965,28.808290155440414,0.011091777123510838,4.795201,5.226242,1.4966525,1.2897409,2.086597371101379,2.212513526280721,3.676339330826669,4.209955539701182,373.8782270011143,9664.105539000957,extra_dim,768
OI5Azp-257-60643-225888-294604-334833-14787-125459,1203,4.904405652535329,0.01875906065106392,15.234709,14.914685,0.3833022,0.27937692,1.5728710969289144,1.5918317397435506,4.544207904191135,4.544248657014674,111.73926300034509,1832.8966459994263,extra_dim,768
vhQX3p-288-256377-386883-276335-177955-380077-80661,2229,2.4226110363391657,0.0165446437895298,15.322115,15.24259,0.20449185,0.19406354,2.15462441444397,2.0988789876302083,4.667208433543907,4.665589587966632,108.67871399932483,1444.3825039998046,extra_dim,768
d4LtRw-656-379354-74769-192385-202921-93885-62534,1673,9.145248057381949,0.009153828024864197,11.966667,11.912024,0.44832206,0.39499572,3.48675848642985,3.2949014981587728,4.306414325257486,4.306350390038504,217.05480800119403,5059.596352999506,extra_dim,768
dc4C1p-319-469130-53129-287943-116061-476924-448907,1529,17.658600392413344,0.017503265291452408,17.107737,15.56396,0.8467322,0.53198785,2.279717381795247,2.3256143728892007,4.690505084684281,4.689820262781369,524.4027169992478,10527.78892400056,extra_dim,768
PSLbbp-359-11995-156368-348733-154883-123704-497426,1430,11.888111888111888,0.021002519875764847,10.071026,8.867791,0.71102506,0.62412393,2.4042981624603272,2.4735998630523683,4.596347095742654,4.585711327455822,224.74346599847195,6521.727853001721,extra_dim,768
zVlcap-263-274542-472051-376372-248785-476225-35325,1292,4.102167182662539,0.021863481029868126,14.967192,14.80542,0.2575129,0.22985232,1.3298951705296835,1.2727009614308675,4.6642786205969955,4.657445885110763,67.51140799860877,1318.362205000085,extra_dim,768
rpdA0p-089-193291-347380-224170-426805-310105-489070,1279,8.913213448006255,0.00744014885276556,12.155388,11.661978,0.4568069,0.4068562,1.9757871309916177,2.0222017129262286,4.3629494804064235,4.360225277744679,158.8378169999487,3589.1942380003456,extra_dim,768
O7tsRw-671-38597-125620-126584-128202-343308-240298,1734,7.035755478662054,0.009212201461195946,13.292158,13.180409,0.37403798,0.30644524,3.2752198537190753,3.062385257085164,4.417891472056762,4.428539535252153,151.74330999980157,4145.954405001248,extra_dim,768
mCLt3p-410-320846-476924-422977-274323-99711-177809,1085,1.4746543778801844,0.022891782224178314,23.903774,23.94903,0.09005463,0.07992215,2.239112695058187,2.286039447784424,4.725076718382791,4.721138787258258,25.213912000253913,399.52509899922006,extra_dim,768
jFujMp-258-2985-422977-276516-270302-316694-390385,1887,7.790143084260731,0.008067467249929905,16.381895,15.85061,0.37535384,0.31913903,3.530101283391317,3.506499973932902,4.460434484036839,4.427621667981144,266.58288199905655,6712.801510000645,extra_dim,768
uIq5Cp-346-271293-199372-348733-164849-450557-397909,1966,2.899287894201424,0.015138654969632626,15.725885,15.606005,0.23347609,0.19883038,2.57863032023112,2.7524388949076335,4.680228154098617,4.6675676714256005,106.9302650012105,2064.73546000052,extra_dim,768
2HNvip-384-377039-229618-315211-103130-162269-274323,1838,4.243743199129488,0.014237921684980392,20.968868,21.171103,0.23503768,0.19050343,3.8413004239400226,3.7854012807210284,4.669029628492268,4.662416945710985,171.49577399868576,4092.9456220001157,extra_dim,768
hImnha-010-474206-125620-494783-410307-474929-314040,1033,9.390125847047434,0.04484827443957329,11.487707,11.524962,0.46165502,0.7886551,1.5106063763300577,1.551990532875061,4.533420544744397,4.332161884857364,216.32418899935146,4370.61341199842,extra_dim,768
fiBRvp-155-14754-379538-407950-108056-495971-270302,1409,17.033356990773598,0.03848577290773392,7.7166057,7.9542203,0.9025232,0.72487015,1.8115181128184001,1.8325178702672322,3.988883764613274,3.7617202915046324,550.7259280002472,8208.192437001344,extra_dim,768
QzAg3p-413-374393-31166-163645-409369-10737-129013,973,10.38026721479959,0.0511818453669548,21.954996,18.819052,0.41689923,0.3538339,2.152643410364787,2.189526319503784,4.673078453694707,4.651779522272486,134.15442599944072,3941.3262919988483,extra_dim,768
JLBTXp-060-194617-60643-435517-420765-124439-152419,1024,10.44921875,0.024550464004278183,14.6076145,14.43523,0.52383184,0.39278558,4.46965274810791,4.48361775080363,4.381329573377249,4.404596317539605,211.0987509986444,2978.353459999198,extra_dim,768
k4Lvzp-329-270302-101992-248785-163995-27791-469130,1701,7.642563198118754,0.051412247121334076,15.589973,15.4155445,0.38569167,0.3412443,2.554296604792277,2.4955206394195555,4.646717894420357,4.633823808138407,170.00447399914265,3660.00586500013,extra_dim,768
ZgJsyp-189-209061-292564-111916-92870-126584-280816,1939,5.002578648788035,0.0409746915102005,16.054512,16.06054,0.3163514,0.25873008,1.5480487823486329,1.5281082073847452,4.639409881013886,4.632359305022318,137.31600500068453,2876.3520829998015,extra_dim,768
G50hup-092-363552-123056-229618-481410-299323-332402,1114,6.463195691202872,0.028861256316304207,20.445988,20.596926,0.30200967,0.23708045,4.151095549265544,4.276671568552653,4.579648602268242,4.59049867803009,118.60631099989405,2065.4675490004593,extra_dim,768
8b8sWp-275-88756-348733-183720-134118-226233-129107,1202,3.577371048252912,0.031784262508153915,18.779713,18.900648,0.2144289,0.18852288,3.64597380956014,3.6036783854166665,4.691166623874104,4.684219903007983,54.86521199964045,1235.7925930009515,extra_dim,768
vOT8yp-371-205293-131237-111916-212842-29563-288077,1254,6.220095693779904,0.025580398738384247,14.329329,14.977501,0.37447336,0.36829987,3.039670387903849,2.871488316853841,4.598150724727661,4.55675203258574,99.09493700070016,3416.9098239999585,extra_dim,768
qmNVhp-128-78575-68344-44660-128101-103130-334242,1283,4.75448168355417,0.03182704374194145,21.411505,22.424084,0.25311658,0.18279772,2.298988962173462,2.305630016326904,4.567784346803606,4.562084648198029,75.80602499911038,2393.947892000142,extra_dim,768
8wAd8p-068-329159-165684-202035-119460-330730-447487,1209,11.41439205955335,0.0299910269677639,14.682759,15.191853,0.5623538,0.397781,3.4709829489390054,3.518702681859334,4.298946971628764,4.275408090164747,350.34475500106055,5700.347962998421,extra_dim,768
tXap2p-281-298969-9753-281965-457067-162269-329331,1012,6.8181818181818175,0.026187583804130554,14.6880455,14.766101,0.36791515,0.2999383,2.7484045028686523,2.739495213826497,4.60148246105849,4.550610036479293,156.17562800071028,2207.806463000452,extra_dim,768
fdXdMp-313-165684-111916-348770-380077-145384-347380,1440,12.777777777777777,0.03389327600598335,15.262108,15.381281,0.6151583,0.5026264,2.9638694445292155,2.6136470794677735,4.512794767837558,4.47005143231149,240.08853099985572,5917.439821001608,extra_dim,768
Jpj5sp-423-369034-108056-487747-295308-1246-219243,1468,8.583106267029974,0.05191738158464432,17.82251,16.85679,0.46382388,0.34860182,3.22735652923584,3.593692398071289,4.595477193289405,4.585914402443257,164.36659600003622,3729.121632000897,extra_dim,768
maM4mp-267-195572-141428-108130-299323-8651-456735,1158,7.512953367875648,0.0453246608376503,24.942533,26.172333,0.31473666,0.23152496,3.214651838938395,3.3063621679941813,4.720730218267807,4.713079071339964,110.16216399912082,2648.8679770009185,extra_dim,768
Aal0cp-183-209061-91230-492922-2757-317191-461984,990,4.545454545454546,0.0922110378742218,15.837179,15.796834,0.2737822,0.24092849,2.042571504910787,1.9572922309239706,4.585634220377763,4.586025887291383,63.38855900139606,1181.1829199996282,extra_dim,768
m5rDOp-062-377273-156368-185152-188815-186260-486330,1445,11.003460207612457,0.02404632605612278,15.415577,14.473894,0.5052268,0.3814216,3.636422634124756,3.6637346585591635,4.363428507722624,4.388843656146893,209.646420998979,5350.937568000518,extra_dim,768
IIhdup-184-282845-322947-195637-315211-10737-386302,986,6.896551724137931,0.07097651064395905,18.759682,18.728685,0.3946699,0.25788385,1.3876757860183715,1.4062772035598754,4.539642305255324,4.564146228584992,91.48461000040697,2283.3544180011813,extra_dim,768
eiJpip-223-216978-247588-305230-165168-65123-203381,1402,10.556348074179743,0.04873007535934448,14.616734,14.606964,0.52588505,0.4195994,1.4688636302947997,1.3352805534998575,4.390331010724163,4.349478835711366,226.9466760008072,4929.195745999095,extra_dim,768
uYOkKp-107-143976-376902-185152-437215-90733-10048,968,4.338842975206612,0.029287779703736305,19.769634,20.131039,0.21348228,0.18250774,3.3012988249460857,3.36657075881958,4.564596310058225,4.538626188563623,72.48371599962411,1420.2038120001816,extra_dim,768
DWrC0a-013-57191-1214-242009-327883-379538-476225,1033,12.100677637947726,0.0352642759680748,8.25279,8.65389,0.7080805,0.626152,1.280982796351115,1.3225583553314209,4.379441456845333,4.307954344986628,158.58781799943245,4158.020459999534,extra_dim,768
6maFGp-305-129013-193291-68221-152880-38506-163335,2424,17.863036303630363,0.02638908289372921,15.537525,16.582315,0.8084538,0.6788271,3.1699923038482667,3.225138298670451,4.425237632471328,4.3983632326626605,939.0813310001249,14656.244971998603,extra_dim,768
fZg66p-070-68221-216978-377273-239730-53784-3467,994,29.577464788732392,0.03719060495495796,15.424323,15.664143,1.2409935,0.9375997,2.768597968419393,2.9884788354237872,4.188273179245012,4.1824173819499295,581.4749180008221,9037.083883999003,extra_dim,768
CF7Gnp-165-481033-25721-175927-209061-312468-108378,1919,17.509119332985932,0.03301472216844559,12.110546,12.272573,0.77360344,0.58409053,3.2388882637023926,3.2536729335784913,4.102856559702013,4.094278800406781,458.7044780000724,10802.642832999481,extra_dim,768
tTMeWp-326-264357-280816-2985-25721-189658-311379,2359,8.902077151335313,0.04867259040474892,21.206568,20.353996,0.4225243,0.36756954,3.373168357213338,3.3702616532643637,4.6409837104996985,4.651574792278131,385.43730299898016,6203.659885999514,extra_dim,768
kDEiGp-268-254920-474864-52991-170820-165168-328121,1029,24.101068999028183,0.09233691543340683,6.404469,6.348855,1.5218531,0.9854691,1.803252100944519,1.7888847668965657,4.4545077146781695,4.435949525965074,449.48673200087796,8031.805014999918,extra_dim,768
rkSMcp-349-162269-339484-74769-12865-363552-41411,1411,14.386959603118354,0.02514478750526905,14.086141,14.164972,0.652441,0.60232526,1.7625375032424926,1.5829202016194661,4.550497994992564,4.459030314485017,321.02558400038106,6063.613153000915,extra_dim,768
FZwvbp-205-349816-138959-261033-383479-409369-152140,1111,28.26282628262826,0.03914736211299896,10.454382,9.292736,1.3069316,1.0720882,1.9484274546305338,1.9752609809239705,4.027370678970154,3.937484927948236,440.94890499945905,10797.743163999257,extra_dim,768
ie6iSp-097-407790-253414-334074-464643-167361-80351,1395,3.942652329749104,0.03198687732219696,25.427301,25.53563,0.16351531,0.13574205,2.43827379544576,2.439734522501628,4.572899603277759,4.575460526914565,69.80712699987635,1460.1391989999684,extra_dim,768
Q1VJ4p-396-67099-191485-442126-324310-384031-392966,757,0.5284015852047557,0.04145583510398865,49.24561,48.254223,0.020796532,0.01904745,2.4966513474782306,2.5788992087046307,4.731556066726606,4.730885932586423,6.202648000908084,101.26444600064133,extra_dim,768
BLAVyp-401-374393-353502-276516-464643-247007-280816,1578,17.743979721166035,0.0333615206182003,9.623868,9.741068,0.8077224,0.6433727,1.3402115901311238,1.309940242767334,4.4531280725377975,4.404263353040973,454.80726000096183,9971.61291500015,extra_dim,768
qx9MPf-447-243466-253414-78108-327883-41798-186349,1722,15.911730545876887,0.0489613376557827,7.7774086,7.701142,0.95658845,0.89928216,1.6837613503138225,2.2051618099212646,4.11847798844288,4.113740391461434,434.0660969992314,11958.237941000334,extra_dim,768
4fsgkp-253-311495-209061-229618-287427-276516-38459,1013,6.811451135241856,0.02615589275956154,15.48069,15.628285,0.3804032,0.28792945,2.8755094528198244,2.9421321074167888,4.555529830895896,4.566924938835167,95.1620890009508,1847.724642000685,extra_dim,768
u3JmNp-105-377036-373629-177809-287789-419538-221798,1057,9.082308420056764,0.03273187577724457,11.781725,11.481948,0.60841626,0.40364572,2.7120290756225587,3.148925558725993,4.612314140462358,4.553549158980463,191.45448699964618,4066.224850999788,extra_dim,768
7gnoMp-243-13140-469001-90733-352371-418901-62534,1349,14.381022979985175,0.03019716590642929,11.020078,10.78803,0.7132109,0.5793143,2.205266078313192,2.3622716903686523,4.379839782299016,4.315426635596449,453.5481000002619,7431.241023001348,extra_dim,768
WYTgYp-403-306759-7708-254913-153980-163947-460359,1450,4.206896551724138,0.0560128353536129,14.714198,13.90306,0.32093462,0.27592117,2.9806854089101154,2.7739631017049153,4.62767093509118,4.627373803538702,113.50864300038666,2564.155265001318,extra_dim,768
zRlcSp-181-25062-53784-123056-333757-268363-211084,1709,6.1439438267992985,0.025759130716323853,15.753948,16.164537,0.34447882,0.29335916,2.3638815879821777,2.3914049943288167,4.548856486050962,4.467300259916705,141.0679730015545,4281.102590000955,extra_dim,768
TaYTvp-415-63022-179855-481410-392966-38597-437270,762,4.593175853018373,0.03335783630609512,19.522736,19.278496,0.29001495,0.2085511,2.7199130694071454,2.6569280942281086,4.657854240939179,4.643736146837857,75.5563250004343,1656.8316939992656,extra_dim,768
9kbanp-261-50416-108056-469001-231167-334074-209061,1007,5.958291956305859,0.026795921847224236,12.516456,13.086708,0.39948115,0.3089638,2.103910732269287,2.1225497245788576,4.545555560083137,4.5050382667124635,78.79142300043895,3880.187381999349,extra_dim,768
DLZvmp-426-78108-128329-469130-165684-261033-84004,868,7.71889400921659,0.026906199753284454,19.226677,19.309261,0.3509523,0.29616594,3.836517159144084,3.905258544286092,4.5294772129312255,4.50714343733977,89.22592099952453,4204.5308249998925,extra_dim,768
i0Ocoe-610-395609-211084-211212-108056-187519-202035,1390,9.784172661870503,3.9601487515028566e-05,10.016659,10.121073,0.6610992,0.57944256,1.8450794617335002,1.9110822598139445,4.303643764763608,4.399970107052224,290.83410400016874,7340.377022999746,extra_dim,1024
PBDVAf-465-366971-117533-197606-160943-60681-25579,1722,3.426248548199768,2.0712036530312616e-06,16.705368,16.726059,0.2486636,0.19894846,2.488370990753174,2.513062620162964,4.648735722827373,4.650423005730222,418.28020199864113,2996.506395000324,extra_dim,1024
sF1D5f-429-45816-14754-487747-347380-61770-187519,918,1.4161220043572984,6.66032019580598e-06,23.005585,25.38316,0.10538726,0.07762362,3.114202944437663,3.130928881963094,4.72624374548597,4.725825646996643,28.694179998637992,1014.9745979997533,extra_dim,1024
8lHaxa-001-437270-91230-96853-392966-377039-493700,1033,8.712487899322362,1.6546022379770875e-05,12.071392,12.414663,0.47579706,0.39277974,1.5251808563868205,1.5923480908075969,4.52425737806216,4.478583740888878,228.96117100026459,3116.112143999999,extra_dim,1024
wH6bMa-009-144175-39168-315211-114587-333757-10048,1033,7.55082284607938,4.100139267393388e-05,12.800152,13.258652,0.4454477,0.36132956,1.546521242459615,1.533686391512553,4.415260567734308,4.436722018554344,113.8014389998716,3000.273976000244,extra_dim,1024
l3Lvae-611-211084-218396-212842-198509-334833-311379,1390,4.244604316546763,4.941728548146784e-05,18.137144,18.80253,0.25669685,0.23932725,3.195800018310547,3.318657080332438,4.6387890604173565,4.645093613470757,95.7829569997557,2260.5025129996648,extra_dim,1024
cmHjrf-493-348077-309854-224170-458554-202179-472051,1722,16.144018583042975,0.00013046321691945195,6.7411633,6.3746495,0.97330445,0.9332228,1.24779216448466,1.278943689664205,3.9823183879542547,3.849356095090213,591.7045209989737,8162.672611999369,extra_dim,1024
9srcUf-448-162832-472051-219243-152140-401183-304828,1722,11.091753774680605,7.126033096938045e-07,8.646958,8.309059,0.7479723,0.8235388,1.409897255897522,1.5453432242075602,4.4853140211221545,4.503411185290007,364.39016399890534,5592.445754999062,extra_dim,1024
pMchYa-011-461984-248646-131237-259340-281965-474206,1033,3.291384317521781,7.092276973708067e-06,15.869165,16.131546,0.24332927,0.22973253,1.4910845200220744,1.4720274051030477,4.6370801145178175,4.6160276710337165,47.943958999894676,1398.1897350004147,extra_dim,1024
rqqrUf-476-372299-90733-207508-318838-254913-53278,1590,15.786163522012577,1.0736808690126054e-05,9.178838,9.130849,0.83942765,0.79195213,2.329260794321696,2.7889529863993325,4.4674399732001895,4.357102897593952,511.46939800128166,7209.577624000303,extra_dim,1024
KWj8Li-521-358526-235375-78807-67455-237079-21827,802,14.588528678304238,5.653791959048249e-05,7.749922,7.7076025,1.0169611,0.6235911,1.8740339756011963,2.582234541575114,4.159756217205554,4.030199371852098,220.1753200006351,3230.168785999922,extra_dim,1024
LIJKja-026-447487-148409-188815-38506-78427-479691,1033,5.517909002904163,1.2104389497835655e-05,11.53303,11.499451,0.4167565,0.36117682,1.3967880566914876,1.5418149471282958,4.571180112976996,4.510716846343826,104.3531939994864,1526.531198000157,extra_dim,1024
P4ZKje-597-228203-427818-407728-174918-211212-250174,1550,22.967741935483872,0.0001234940718859434,5.9077096,6.2682047,1.2768368,1.0333484,1.3580960512161255,1.5078730185826619,3.985823971753199,3.901616106579323,499.9332429997594,13952.08504599941,extra_dim,1024
zoFKbf-438-268009-220507-287943-286732-24538-454712,1653,12.583182093163945,5.697601750398462e-07,9.21204,7.7867484,0.75896937,0.6870552,1.9942328214645386,2.1234076420466104,4.355855820553836,4.252353821584663,284.7444410017488,8820.875588999115,extra_dim,1024
FPRIpe-578-474864-126584-425422-304828-148409-10737,1550,9.096774193548388,7.081195508362725e-05,9.636494,11.016265,0.60152066,0.5413585,2.5087393601735433,2.7989721934000653,4.507818117975254,4.423314626855688,209.1634049993445,4102.940352000587,extra_dim,1024
Th8NDe-613-23535-495997-395609-270487-329331-383770,1390,14.100719424460431,8.22431466076523e-05,8.184401,8.399313,0.8445973,0.7994407,2.496366262435913,2.7337490558624267,4.323768290808784,4.171596041762152,368.7508040002285,7364.404630001445,extra_dim,1024
KFAl8f-427-406364-361413-456735-410307-286869-348733,1722,18.641114982578397,5.997956031933427e-05,7.789021,8.130445,0.96312636,0.7876684,1.6107107639312743,1.6806077400843302,3.902377943223621,3.929784825263583,537.4173069994868,13163.928945998123,extra_dim,1024
rn9v1e-583-369034-383770-175927-399756-390385-383479,1550,11.67741935483871,1.7469614249421284e-05,10.408466,10.458522,0.67688894,0.6099605,2.7935054779052733,2.724781783421834,4.19204272476072,4.163153277844803,254.22091399741475,8643.451662999723,extra_dim,1024
SnJBwf-434-37928-376902-480197-51581-328121-350223,1378,5.732946298984035,1.790127271306119e-06,14.112213,14.032393,0.37102136,0.33635202,1.9921536763509116,2.024854373931885,4.5553356433687515,4.5336582157566765,173.48684100215905,3622.4140619997343,extra_dim,1024
amZyRf-444-7708-476924-468905-275802-405424-380077,1722,2.5551684088269457,3.279495786046027e-06,15.503287,15.3345,0.24314265,0.23190193,1.9887455463409425,2.0319092512130736,4.6375520075194085,4.633669200136762,96.5975660001277,1237.6153000004706,extra_dim,1024
a4WwUa-043-141142-113619-397909-469223-287427-421926,1033,26.427879961277835,3.878655479638837e-05,5.0009446,5.1040387,1.3859493,1.1391863,1.1873449722925822,1.2801395654678345,3.680817566477914,3.622061057814758,506.87575100164395,12182.88247199962,extra_dim,1024
mvvOnf-472-106-135410-148409-334242-45816-353502,954,4.5073375262054505,4.8512858484173194e-05,13.531069,13.206785,0.32738733,0.317389,2.7138400236765543,2.769990571339925,4.525856302624657,4.488713105416414,64.4426700018812,1483.6626889991749,extra_dim,1024
oRqMra-058-167772-480197-43889-36331-135873-265166,1033,2.904162633107454,6.2980648181110155e-06,21.242676,21.55609,0.16936319,0.13542886,3.1934937318166097,3.2123881181081138,4.718911327402389,4.718869893228778,42.32202099956339,1033.249533000344,extra_dim,1024
1rIrKa-023-409746-287789-276335-17243-340579-260428,1033,1.6456921587608906,1.7720502000884153e-05,17.569845,18.899706,0.17298877,0.13544999,1.5790600379308064,1.5805193265279134,4.689911606314013,4.700526041895193,52.29781699745217,1436.375789999147,extra_dim,1024
xX6Wce-607-140209-262731-151331-7708-427818-497426,1390,3.741007194244604,2.83738954749424e-05,17.291176,17.289875,0.2551874,0.23100829,2.9255746841430663,3.002098798751831,4.628615263212377,4.639352686910802,359.46862700075144,3587.030999999115,extra_dim,1024
3hvoVa-051-2307-202921-218396-175927-14787-464643,1033,5.324298160696999,1.6514632079633884e-05,14.75556,15.353599,0.32263088,0.28433606,1.5820241451263428,1.6947163899739583,4.592553239706339,4.575943521556196,85.43472100063809,1566.7695939991972,extra_dim,1024
87hwjf-487-426805-60643-437215-160943-182650-407728,1181,5.080440304826419,1.0143882036572904e-06,11.793043,10.397636,0.41591963,0.4425703,1.4561246792475382,1.4544799168904623,4.613274157013638,4.587220143355017,85.43062199896667,2261.8659709987696,extra_dim,1024
98pQ7f-492-161118-44660-2985-495997-227228-191485,1722,3.948896631823461,3.370679678482702e-06,17.034481,17.127281,0.25852847,0.24437861,3.2786518891652423,3.1431974093119304,4.608312045211449,4.581838975415563,146.76724399760133,2582.552866999322,extra_dim,1024
9a98Kf-464-298969-472051-292323-179462-78575-496080,1181,7.281964436917867,5.5254073231481016e-05,12.120375,12.565546,0.45055842,0.35173026,2.7608818213144937,2.8931687831878663,4.151145992664549,4.230991089964927,126.22248299885541,3626.3821389984514,extra_dim,1024
WVKBPa-017-469001-13769-309009-430207-5054-14754,1033,3.581800580832527,4.264206836523954e-06,13.674737,13.691771,0.30274603,0.270413,3.6376316865285236,3.64646692276001,4.656492889866951,4.656128294017364,58.48145300114993,1788.4236150021025,extra_dim,1024
k2rvsa-021-181149-117176-94351-2985-340579-209061,1033,4.162633107454018,1.384729148412589e-05,17.841072,17.219389,0.21948273,0.20261623,1.9393377701441448,2.00136825243632,4.643410247159556,4.63729856442672,92.42429900041316,1975.1346920020296,extra_dim,1024
GptLba-028-467697-29563-495971-437270-5575-211212,1033,2.3233301064859635,2.764441342151258e-05,16.420738,16.690233,0.21235566,0.18468569,1.7232540527979532,1.805595827102661,4.637495906835691,4.656556432698813,87.3718809998536,1067.9034200002206,extra_dim,1024
3EBeof-459-212842-454791-192385-495971-180085-113105,1033,16.747337850919653,3.53978066414129e-05,9.520472,9.54137,0.8305474,0.8215682,1.576186760266622,1.7715398788452148,4.3438025647465395,4.327193071851662,309.5195509995392,6518.941051999718,extra_dim,1024
8C0b9f-461-182650-228203-8651-240298-176776-186349,1704,3.814553990610329,5.752473225584254e-05,14.268003,14.295192,0.27957895,0.34572515,3.5991556008656818,3.495118506749471,4.669050203046236,4.602833099870409,133.44742999834125,2667.6093199967,extra_dim,1024
f5sCDf-435-355130-41798-395609-377902-35325-116061,1378,11.901306240928882,9.696379493107088e-06,11.176413,10.215246,0.6859483,0.6562763,1.7719062566757202,1.8256038745244345,4.459091858614007,4.2932006540974905,391.2132949990337,6102.665260001231,extra_dim,1024
5LZsPp-295-239730-414547-129636-470600-495997-1214,1207,22.535211267605636,6.921367457835004e-05,7.2501426,7.374445,1.1997147,0.99476606,2.4100965658823648,2.643912665049235,3.6618933210787383,3.8031581858556436,773.0483429986634,8970.695255000464,extra_dim,1024
rxhq2p-211-212526-349828-67455-407790-412326-143976,1183,7.185122569737954,2.8749458579113707e-05,14.488922,14.190554,0.42409316,0.27687976,2.273984940846761,2.536052099863688,4.470763313864806,4.469375251909964,204.21616800012998,3187.1462579983927,extra_dim,1024
7j8l2a-034-50416-4800-287427-123375-143976-264357,1033,3.0977734753146176,8.71249631018145e-06,14.571373,14.892945,0.26194867,0.24902697,2.2694281260172526,2.4265366554260255,4.634764084701761,4.577833566731216,74.07487599994056,993.9958839968313,extra_dim,1024
cedJli-522-192385-152140-262731-156368-123704-333757,719,5.285118219749652,5.254780626273714e-05,10.618076,9.011483,0.4713892,0.3747681,1.841533358891805,1.9665982007980347,3.5677210888932205,3.8074773224887575,58.681962997070514,1704.2777049973665,extra_dim,1024
uHCIZa-015-146882-87506-304828-333757-5054-62919,1033,8.615682478218782,1.7520515029900707e-05,10.4721985,10.857151,0.556864,0.49766144,1.2468628724416098,1.285961119333903,4.370774103735597,4.405585408437215,197.95713100029388,2718.9262809988577,extra_dim,1024
UKnMcp-124-361413-129636-57514-52991-68221-81956,1381,20.926864590876175,0.0001672373036853969,11.068202,8.943293,1.0020756,0.8073261,2.25163467725118,2.5730625947316486,4.440259811977132,4.401680833331629,398.67477100051474,10548.399799998151,extra_dim,1024
5ALjRp-161-333766-240226-4800-482510-113619-84055,1026,26.803118908382068,0.0008019127999432385,5.193043,5.095213,1.3150473,1.1155791,1.1856876929601035,1.2429312547047933,3.5627161979197166,3.5354792857319843,385.1236170012271,9948.59734900092,extra_dim,1024
Paqf1p-119-254913-443221-90733-163645-32125-188815,1450,9.034482758620689,0.0004479943308979273,12.156162,12.340122,0.46796718,0.39634955,3.0273847897847492,3.1132497628529867,4.215681563278318,4.239091570344598,188.98563600305351,4196.4016999991145,extra_dim,1024
lDN6of-450-91840-427818-353502-327883-210172-489807,1722,25.02903600464576,0.000440589792560786,4.853629,3.6726122,1.628869,1.0609448,1.2858268976211549,1.4881564299265544,3.27698818722909,3.385022192897237,823.886649999622,16783.995611996943,extra_dim,1024
JRGxpf-495-78575-358526-483339-81956-229618-247007,1722,14.227642276422763,0.000252309167990461,7.1273227,6.22083,0.92553234,0.89446527,1.1676623741785686,1.1421236991882324,4.217968367716594,4.150591870448412,593.5110040009022,8076.710504999937,extra_dim,1024
yc5Hmf-494-469130-474206-203381-91840-123056-149498,1722,13.472706155632984,0.00020981418492738158,7.011444,7.2583013,0.8710673,0.7094086,2.616632572809855,2.5265941937764484,4.20323563254855,4.13791108153395,434.65366599775734,8819.366045998322,extra_dim,1024
6UNJZa-025-136860-357104-38459-89725-366126-252054,1033,9.390125847047434,0.0008322022040374577,11.46194,11.649187,0.54016083,0.46624985,1.1938076655069987,1.1992669820785522,4.292748825744196,4.330930444639932,151.9043309999688,3160.3653139973176,extra_dim,1024
CrjLKf-468-374393-49022-14754-240504-316080-236920,1722,6.562137049941928,0.00014622832532040775,12.610017,12.4167,0.4534509,0.44086695,1.2616173346837363,1.2797417163848877,4.633031730034103,4.609048493586103,222.27198000109638,3656.275833000109,extra_dim,1024
wkCjvp-408-175927-2985-407790-280816-275802-343332,1046,15.965583173996176,0.0001569680607644841,12.43445,12.319372,0.824197,0.63219523,1.9053106943766276,2.2651087284088134,4.249945211336063,4.293489793305157,240.20656200082158,5664.49918500075,extra_dim,1024
bnEKPi-496-131237-487747-10048-112031-352809-171454,719,13.908205841446453,0.0004139196826145053,7.7298617,6.5438104,0.89829093,0.6724933,1.7373613516489665,1.786134990056356,2.806845125194441,2.9960398290060795,140.36949799992726,3533.969189000345,extra_dim,1024
FW6BFp-225-129636-418989-280816-386883-462467-306759,1649,6.24620982413584,0.0004694216186180711,12.917719,12.869883,0.40029776,0.35106468,1.6370891173680624,1.723801891009013,4.353402670878455,4.376099509231958,143.45693599898368,3841.2671020014386,extra_dim,1024
cZ9D6w-670-134118-41411-423587-125189-84055-98443,662,4.984894259818732,0.0007059596828185022,14.30735,14.253447,0.28447846,0.2581124,4.18204402923584,4.179910691579183,4.48811204234628,4.489124774326507,50.19441799959168,1230.3353790011897,extra_dim,1024
xlckps-555-489807-93885-138959-23535-14754-299323,1636,10.880195599022006,0.0007390778046101332,8.758708,8.553696,0.6894925,0.56334376,1.3834239482879638,1.4064232110977173,4.343573783682056,4.357866608605269,297.1769870018761,7601.5197670021735,extra_dim,1024
xDMmqs-548-333766-165168-462328-336612-442126-284808,1636,9.7799511002445,0.0005077441455796361,9.42071,9.323828,0.6149792,0.49009886,1.2655007123947144,1.3210904757181803,3.9349734543255575,4.080083305509994,276.5366769999673,7045.3176549999625,extra_dim,1024
FSyUys-545-306052-88756-228203-369609-91230-448907,1240,3.467741935483871,0.000898472499102354,15.975914,15.056854,0.2674216,0.24622102,1.3940570990244547,1.4178700844446819,4.5897299232386946,4.596406961610406,63.79849199947785,2098.159681998368,extra_dim,1024
FiS63i-513-129107-287427-185152-454791-121010-285778,918,29.956427015250547,0.0005593721871264279,3.3441987,2.681186,1.9308299,1.3237369,1.5555193821589153,1.8112735986709594,1.9762042988918387,2.0507030164513913,683.7619949983491,11257.849656001781,extra_dim,1024
AHwsQs-538-108297-304214-140209-237079-426805-448869,1636,26.5281173594132,0.00042765779653564095,6.0150504,5.737052,1.6262771,1.0421365,1.2183746973673502,1.2491074721018474,3.835293815876523,3.8683897974813966,1294.4956720020855,17281.361219000246,extra_dim,1024
cUyODs-564-324456-286869-479691-123056-485468-274323,1636,14.60880195599022,0.0006575641455128789,8.061707,8.088353,0.82769567,0.7063852,1.593035062154134,1.5496083736419677,4.304795428535697,4.299976818621227,810.8226770018518,8789.959056997759,extra_dim,1024
WOhKts-537-450251-294604-27791-350223-235375-383770,1636,15.158924205378973,0.00046492001274600625,9.78717,10.083378,0.75536853,0.60095495,1.8807335456212362,2.0868516127268473,4.156241317140082,4.1433994265836125,810.962659001234,10376.601822001248,extra_dim,1024
Mtnx5i-515-495971-279778-348676-11995-306560-418034,744,3.225806451612903,0.00028512379503808916,14.269062,10.9369955,0.28279147,0.2865596,1.5942041397094726,1.6605686744054158,4.622729532326245,4.642856878605434,34.01049499734654,677.7149879999342,extra_dim,1024
fiDqFe-589-306052-37928-421728-166792-414547-458302,1550,7.548387096774194,0.00034323649015277624,14.568945,14.857526,0.44002137,0.3644464,2.6198949019114175,3.0074081579844156,4.344273456748135,4.392199294638415,395.6586439999228,4438.286665001215,extra_dim,1024
KIklei-503-156368-5054-151331-161307-380077-177809,898,12.138084632516703,0.000185836324817501,7.4096017,6.15112,0.8632118,0.67788595,1.5402699947357177,1.6236315488815307,2.728328404701684,3.0731811563099765,186.79111700112117,3915.100848000293,extra_dim,1024
0Rve0i-524-469450-332402-376902-283921-64116-240504,1140,5.087719298245614,0.0009046242921613157,12.16058,11.7729,0.4242506,0.3078023,2.1894396940867105,2.2567891279856362,3.6586140452915177,3.9221317957177018,88.41049100010423,1959.785547998763,extra_dim,1024
IJqofi-526-68304-236920-183720-152419-94351-316080,661,34.493192133131615,0.0003945751814171672,3.3003953,2.677484,1.9284716,1.3323466,1.5571333169937134,1.6779503186543783,1.9139958170097815,1.9861388408854226,342.5235880022228,9351.712587002112,extra_dim,1024
vAlA7f-458-390385-16661-177809-112031-325632-365075,954,1.4675052410901468,0.00048059478285722435,26.623093,26.82312,0.08065879,0.07675437,4.686557610829671,4.665282154083252,4.695799569355622,4.691472142338104,22.65943000020343,431.28681799862534,extra_dim,1024
oK9Hxs-550-7708-104867-460359-299323-420765-264795,1636,3.850855745721271,0.0009720592643134296,14.705135,14.650783,0.27083865,0.23299439,1.304537582397461,1.322852611541748,4.5946303545403655,4.604949796735014,96.78004699890153,2371.4822260008077,extra_dim,1024
kxh9is-563-24999-276516-377039-462467-365075-67099,1636,6.418092909535453,0.0009378857794217765,15.378055,15.31448,0.31896332,0.27229023,2.151238489151001,2.122714813550313,4.44480789024737,4.446979842085229,254.25926700336277,5181.629637998412,extra_dim,1024
Q4PCSi-506-317415-237079-78108-78427-235375-285778,1152,8.072916666666668,0.0002790152211673558,10.449999,9.744261,0.57924414,0.4629562,2.2316219647725424,2.212902720769246,3.4245912356523576,3.6381844151903358,192.8207740020298,4821.151708998514,extra_dim,1024
zKb4se-576-475285-202921-407950-32125-236920-469001,1236,14.64401294498382,0.0002435800852254033,9.598978,9.544905,0.7984441,0.6591707,1.763026491800944,1.8799415270487467,4.358985438502916,4.288324234510057,425.25508100152365,6222.957759997371,extra_dim,1024
EZwkWp-195-116061-37928-384031-166684-14787-96948,1442,15.53398058252427,0.0007670152699574828,11.47048,10.370349,0.7835135,0.61756784,1.9608920812606812,2.365491835276286,3.895237746209184,3.884899392115899,360.28933100169525,8617.01701399943,extra_dim,1024
rjyWTe-587-151723-247588-123704-129889-250174-123056,1550,12.129032258064516,0.000710091320797801,9.222938,9.39488,0.74300593,0.62952703,1.7807781457901002,1.94676726659139,4.294421371769461,4.278854866451556,308.49512300119386,7559.238781999738,extra_dim,1024
44Zbvs-567-179462-358526-13671-355104-116061-343332,1636,7.396088019559902,0.00030473197693936527,10.539961,10.02941,0.50798553,0.42330837,1.2098564863204957,1.2030952850977579,4.492925538694038,4.5008089834559035,271.6598189981596,4120.871483999508,extra_dim,1024
ofs2Us-561-469223-161307-229618-187519-295308-129107,1636,15.831295843520781,0.0003641763178166002,8.964746,8.860279,0.8556177,0.6517176,2.0077590624491375,2.3834104855855305,3.822821331416493,3.8470388383581424,383.2903399998031,10914.417251999112,extra_dim,1024
jhRr0p-088-489070-351855-386883-172725-333766-16976,1661,16.375677302829622,0.0008774544112384319,8.3015995,8.399626,0.84788674,0.722769,1.8525211652119955,2.040372196833293,3.9264352068057744,3.8905758340493253,397.62380400134134,11310.1142480009,extra_dim,1024
ItvEYp-187-347380-151331-160943-343502-92870-286732,1222,5.973813420621931,0.0003424148017074913,13.697114,13.514262,0.3589038,0.31389993,1.8529003540674844,1.8356062014897665,4.411348314302156,4.4352702789231,113.12550999718951,2217.7200369987986,extra_dim,1024
9ImS8p-321-63022-306759-480197-355130-205293-103130,1065,1.4084507042253522,0.0003738635568879545,26.19621,26.831886,0.09374538,0.07770776,3.8153841972351072,3.813532002766927,4.7078822661698805,4.7103255257879155,36.926253997080494,443.21737400241545,extra_dim,1024
PiKSIp-112-109021-465867-125189-123174-211212-334242,1021,9.10871694417238,0.000980529235675931,9.200648,7.608742,0.6562166,0.56526583,1.764268430074056,1.9433993577957154,4.070939631676618,4.0922380716020434,432.67289899813477,4289.139813001384,extra_dim,1024
5Lu6ui-514-135410-151381-124082-173176-644-324310,744,9.946236559139784,0.00026409313431940973,9.963161,8.364963,0.6455289,0.5122182,1.4342164595921834,1.5072739680608114,4.39633080336024,4.378005442026545,124.5291660015937,2600.6179389987665,extra_dim,1024
69ZMRp-276-162832-2757-113105-349816-17243-289593,1207,16.23860811930406,0.0009542101179249585,10.464629,10.390537,0.7861953,0.675322,1.3407587687174478,1.282556414604187,4.065126172796004,4.035675015763756,342.55113899780554,8518.867306996981,extra_dim,1024
caQa9p-079-134118-41798-311327-343332-125459-231167,1139,6.409130816505707,0.0008238053997047246,19.950369,20.02537,0.28562126,0.24744236,4.135406970977783,4.102804025014241,4.351549101720504,4.354835735787075,105.35068399985903,3066.368184001476,extra_dim,1024
zQSXvp-215-498788-407950-152419-25062-51581-3467,1400,17.57142857142857,0.0010821843752637506,8.476367,8.404497,0.98624116,0.75742006,1.7442559639612834,1.842635154724121,4.016453067770216,4.012537398312628,358.4141310020641,10918.376032001106,extra_dim,1024
3Fszap-093-117533-332219-451954-336612-141428-265166,1116,6.451612903225806,0.002600878244265914,14.367775,14.413737,0.3398564,0.2954415,3.919244988759359,3.9073577880859376,4.383731457892088,4.392954015001654,139.45771900034742,3001.6480939993926,extra_dim,1024
oJJGwp-325-47619-442126-2985-182650-124082-457067,1710,4.035087719298246,0.0017253782134503126,15.847993,15.963366,0.25393182,0.22656678,3.1912246704101563,3.0669934272766115,4.625782348544105,4.6112306854860226,100.38317599901347,3004.303723999328,extra_dim,1024
0mk6rp-310-146145-90733-51581-27791-50416-437215,1608,1.7412935323383085,0.0014768074033781886,21.045654,21.2376,0.12504661,0.104123116,2.3059261004130045,2.283135986328125,4.693255367484689,4.693704552772854,40.636343001096975,1192.794992999552,extra_dim,1024
lzFhsp-134-377273-280816-60681-369034-268009-11995,1625,3.076923076923077,0.0012218672782182693,18.825287,19.02858,0.20352645,0.15956683,4.628480052947998,4.696706676483155,4.575995669577586,4.59711162066445,190.9333660005359,2283.0736830001115,extra_dim,1024
5OQdwp-063-348077-460359-16661-112031-224170-197606,1404,2.7777777777777777,0.005658838432282209,16.25601,16.379812,0.19501507,0.17939615,3.5470065116882323,3.5693997383117675,4.583990686819556,4.580731112451544,71.5088580000156,2078.474672998709,extra_dim,1024
am1FVp-234-380077-145165-25579-145555-311495-324310,1208,5.380794701986755,0.004206848796457052,13.997412,13.99723,0.33899367,0.2983889,2.8573431650797527,2.454603735605876,4.420370348824733,4.3715379705338755,89.66628099733498,4137.212084999192,extra_dim,1024
1zDUvp-298-108297-119460-56896-348770-68221-98443,1510,2.5827814569536423,0.0020352303981781006,15.23597,15.410963,0.23891848,0.20664077,4.754116789499919,4.72691593170166,4.57958855144622,4.601007769022946,57.00063500262331,1144.8670350000612,extra_dim,1024
cqZnBp-237-143976-377902-462328-483339-384274-414547,1322,8.245083207261725,0.005321722012013197,11.587907,11.353003,0.48027265,0.4577937,1.372974936167399,1.4436972697575887,4.334768560498955,4.315669485002772,225.926900999184,3851.0507240025618,extra_dim,1024
N5kbFp-292-397909-407728-152140-117533-153980-62919,1693,21.204961606615473,0.0010815237183123827,8.549749,8.855949,1.1092803,1.0710164,1.6092418034871419,1.5743814865748087,4.3014607453288995,4.20671365198194,634.3927109992364,12385.748669999884,extra_dim,1024
DmpOYi-525-91230-450251-209608-292323-92870-38506,1140,16.315789473684212,0.0021517532877624035,6.3951106,5.5801744,1.1357514,0.77256507,1.8585256656010947,2.1188734690348308,2.6108117310933068,2.8527612393089448,261.03408499693614,6052.270098000008,extra_dim,1024
BBcZPi-501-456735-480197-495997-497448-326140-134118,861,0.8130081300813009,0.003230630187317729,21.573578,22.243942,0.101480044,0.06454328,1.839113998413086,1.8252323389053344,4.720469643563105,4.724716959484708,11.335694001900265,174.0658339986112,extra_dim,1024
BsVmke-591-419538-379538-386302-426805-469450-347380,1550,17.806451612903228,0.002498342888429761,6.6127563,6.9556613,1.061396,0.8699262,1.3454246282577516,1.4932952880859376,3.929714642813779,3.8567909796005715,437.58194799738703,8661.299464001786,extra_dim,1024
nSu3Cp-366-41411-362672-285778-222370-421926-202035,1118,6.529516994633274,0.006295517086982727,18.913185,18.768143,0.38431063,0.3126354,4.113172721862793,4.056887308756511,4.5927673077939195,4.538319820391115,234.6286770007282,2261.7062850004004,extra_dim,1024
tztd5w-640-23535-348077-410307-64116-151381-134118,1176,11.989795918367346,0.0032262594904750586,12.016896,11.860367,0.56951684,0.46436414,3.648815218607585,3.444438107808431,4.073407036287881,4.087250864944328,199.12040200142656,3813.8965649995953,extra_dim,1024
qQ82Hw-614-91230-379354-379373-260428-324310-287427,949,5.163329820864067,0.0024592585396021605,15.233661,15.076504,0.33426,0.29157665,1.9432907740275065,1.8096002022425333,4.369022142577038,4.376401075364254,77.65510599710979,1195.0953139967169,extra_dim,1024
f2JFMw-634-136860-113105-22031-310105-248646-32125,824,8.25242718446602,0.0029410782735794783,10.502821,10.203385,0.52737397,0.44555116,2.344190820058187,2.3062549114227293,4.414612811716228,4.4357606121356765,94.75431900136755,2079.5986560005986,extra_dim,1024
ainjFp-098-145384-88756-289593-274542-488804-292564,2208,9.148550724637682,0.003448504488915205,11.663246,11.4119,0.4898944,0.4286754,2.640320825576782,2.6830663522084555,4.324436840867224,4.316732967066617,284.6782950000488,7266.994961999444,extra_dim,1024
BcVzDs-560-352809-57514-418989-243067-209608-32726,1636,6.601466992665037,0.0019297391409054399,16.319832,16.044853,0.32683557,0.2838894,1.4974846124649048,1.5561445554097493,4.505069659677041,4.502863023113008,165.68212699712603,3593.5774440004025,extra_dim,1024
TypO9p-362-82313-390793-365346-50416-310105-275395,1464,23.36065573770492,0.0034457372967153788,7.310634,7.7790923,1.2255491,0.9298455,2.7606139341990152,2.7803255240122478,4.262619847466867,4.312851091861374,625.2105960011249,12563.753866001207,extra_dim,1024
nQsrxi-500-35788-354893-151331-437270-461984-276516,861,11.033681765389082,0.004316622857004404,8.343487,8.394627,0.81445533,0.59780616,1.4272412220637003,1.5973405520121255,4.310687205833729,4.273437182875706,175.6042429988156,3334.6358179987874,extra_dim,1024
ck2Uxp-081-495997-135873-82313-377039-373629-268363,1026,4.775828460038986,0.004637618083506823,13.939472,13.615454,0.29552865,0.29591426,1.99561874071757,2.0571882088979083,4.4394888573522095,4.411828968940238,89.28346100219642,1787.3157249996439,extra_dim,1024
jgJdnp-100-135873-177809-247007-67455-332402-185152,1404,5.84045584045584,0.0029392531141638756,15.342432,15.559315,0.3064077,0.2709424,3.6639241695404055,3.537714195251465,4.434696437273114,4.453589687403152,139.74605900148163,2764.3368569988525,extra_dim,1024
m8mjCs-533-485468-283456-486330-442126-2757-12865,1636,22.677261613691932,0.0013069127453491092,8.048717,7.2842407,1.1204001,0.937156,1.291013209025065,1.333111548423767,3.9039152109967517,3.9262092320073316,601.6741070015996,12942.350735997024,extra_dim,1024
pRaNDw-627-181149-276516-426805-281965-56896-235375,1894,4.7518479408658925,0.002972227055579424,14.319542,14.318026,0.2972542,0.26137748,2.09838817914327,2.0925471941630045,4.494063507888466,4.496915320210421,147.20801599833067,3962.7666019987373,extra_dim,1024
U5aQJe-592-437270-129013-295308-406364-103913-497087,1550,4.451612903225807,0.001561999088153243,14.365278,14.771669,0.34588632,0.2638559,2.168796173731486,2.268126710255941,4.555208609645008,4.58531686931505,133.9685320017452,3016.1903479965986,extra_dim,1024
3e1Tjp-199-462328-423751-38597-248646-74769-2009,1395,9.46236559139785,0.002225166419520974,14.222002,14.10646,0.4877604,0.44341674,1.3946271896362306,1.442629051208496,4.303056870645215,4.264037280159376,361.89331200148445,5459.26378799777,extra_dim,1024
SSYQ1w-650-275802-13671-144360-112336-104867-157595,503,5.36779324055666,0.0031455422285944223,17.720482,17.250008,0.28667912,0.26278916,3.6361767133076985,3.4642340024312337,4.37187239094487,4.369284583892297,43.621471002552425,812.2920739988331,extra_dim,1024
JCRPTw-618-129107-479691-343332-355104-157595-129013,1894,30.517423442449843,0.0062578716315329075,4.570846,4.1212707,1.5932099,1.2630597,1.910563309987386,1.9187368472417197,3.145225496932786,3.1431274668641627,1108.297943999787,19923.9441360005,extra_dim,1024
BThtKf-463-324456-428876-160668-329895-295308-99711,1722,31.3588850174216,0.001240023411810398,4.3223677,4.070981,1.6942829,1.4092623,1.1383035024007162,1.1413569927215577,3.582701992376015,3.6141363634624213,1509.4538279990957,18171.510984000633,extra_dim,1024
BNXFqp-404-184495-450557-10737-129636-497448-379538,712,3.089887640449438,0.0009845345048233867,10.866556,10.993471,0.3555014,0.27052984,1.7598455985387167,1.9153492132822671,4.4318378990346945,4.488913408933125,43.53943000023719,670.5403859996295,extra_dim,1024
7HBFIp-071-294604-416172-427818-181149-278609-175927,1141,7.887817703768624,0.003979463595896959,17.282059,17.6921,0.35859218,0.28759,3.916066884994507,3.8490569909413654,4.353388629493458,4.361907049950494,125.76129399894853,2555.8254329989722,extra_dim,1024
fS0Vwp-324-274170-461984-129889-218396-366126-128329,1773,16.130851663846588,0.001755136763677001,9.477122,9.231174,0.8978544,0.7066311,3.5709579149882,3.589553149541219,3.857417280270549,3.8695592260244362,409.0843109988782,9324.658886998805,extra_dim,1024
MJEnPs-553-484336-261033-237079-274170-257745-343308,1636,5.990220048899755,0.0014303416246548295,10.583205,10.895973,0.46916327,0.3980383,1.72327405611674,1.8454158862431844,4.489082974636176,4.5070111708241845,174.53156400006264,2845.167836003384,extra_dim,1024
noHubp-343-163645-17243-410906-219243-161307-221798,1638,6.654456654456655,0.0025536506436765194,13.051142,12.955022,0.41743684,0.3528863,3.0475149154663086,2.8809279123942058,4.4688373660716145,4.478939424620649,153.82959300040966,3404.7005729989905,extra_dim,1024
4sBV1s-535-160927-255765-139119-167772-460359-377902,1636,11.98044009779951,0.0018671865109354258,10.228616,10.270842,0.6589599,0.5236029,2.631852722167969,2.5960800488789877,4.166336515359428,4.220741218378057,288.31753399936133,6722.965545999614,extra_dim,1024
IZG94w-666-98443-418034-470600-161118-288253-129889,1707,7.147041593438781,0.004833240993320942,13.3401165,12.704963,0.3931439,0.37039137,3.78165283203125,3.5265448093414307,4.297560721415898,4.265657269267442,170.4173060024914,4002.6703319999797,extra_dim,1024
9hvMUf-482-498788-113105-17243-63022-21827-338584,1318,11.077389984825494,0.0011917749652639031,8.715351,8.107055,0.69659764,0.57481766,2.5339680671691895,2.5151097138722736,4.399265978927078,4.344458888016153,212.3518279986456,4850.209565000114,extra_dim,1024
TkK5fp-380-229618-476225-311495-339484-11995-7708,1573,6.039415130324221,0.003558315569534898,11.954255,12.400917,0.41647434,0.33360508,3.7157792886098227,3.564979616800944,4.479640363436859,4.505802263824318,137.30908000070485,3622.408279999945,extra_dim,1024
9f3Qjw-657-129013-78427-348770-228203-60643-7188,839,7.866507747318235,0.0029710158705711365,13.552729,13.218556,0.4435358,0.35848543,2.364183855056763,2.46262100537618,4.323328917594903,4.336723711612359,93.95278800002416,2537.510892998398,extra_dim,1024
mZAhvp-320-51581-316080-475285-152880-108378-407790,2240,19.732142857142858,0.009975253604352474,11.464502,12.956386,1.0459472,0.9263544,2.0505422830581663,2.062762387593587,3.8994769411614696,3.8398146214226028,734.6055099988007,15655.288963000203,extra_dim,1024
aVIkMi-504-436373-35788-166684-274170-363774-493700,826,3.753026634382567,0.01687152311205864,13.1573,12.57317,0.34933066,0.3050595,1.338479995727539,1.3348065296808878,4.614833303673709,4.620430558329442,50.08825800177874,912.8075629996601,extra_dim,1024
wD39yw-617-350336-91230-365075-384274-339484-27577,918,4.139433551198257,0.01175561361014843,12.072921,12.064255,0.31859866,0.297797,2.3645235697428384,2.3184085210164387,4.542211492759779,4.543763207126041,56.77665599796455,1327.4484709982062,extra_dim,1024
WWYmkp-135-247007-450251-229950-249772-273892-186349,1032,18.7984496124031,0.02265731431543827,9.116066,9.222481,0.9684055,0.74672717,3.131747500101725,3.0255741278330484,4.005500604942439,4.042642217065211,264.9977349974506,6471.409776000655,extra_dim,1024
1Q0zzp-067-496080-227228-300626-311379-247007-1214,1044,3.4482758620689653,0.020670078694820404,28.147268,26.76159,0.1636213,0.15440853,4.12476110458374,4.131115945180257,4.710500592794352,4.705333797563012,50.83280799954082,882.4365159998706,extra_dim,1024
9Mkadp-302-273892-209608-109841-324591-494783-498752,1917,13.928012519561817,0.008960635401308537,10.721327,10.529928,0.6700931,0.5631635,1.4707866271336874,1.5976219733556112,4.293991155158289,4.302629544971266,374.1615170001751,8751.633699001104,extra_dim,1024
ui9aDp-122-292323-379538-386883-287427-306759-88721,1070,4.579439252336448,0.009513289667665958,16.034206,16.118666,0.31011325,0.24879062,2.561042483647664,2.885646947224935,4.562491538198437,4.5614773368167425,67.37999100005254,1350.2677920005226,extra_dim,1024
YLEXwp-335-240298-183720-447487-129636-202035-44660,1633,4.776484996938151,0.019239043816924095,15.569227,15.119739,0.29923007,0.2766085,2.33094957669576,2.1122865041097003,4.623352679951313,4.609299317379918,114.14648999925703,2083.0215150017466,extra_dim,1024
6TUCvp-352-108130-78807-55646-250174-386302-414547,1874,14.300960512273212,0.02210024558007717,10.559555,10.548279,0.8427518,0.6683876,2.365587822596232,2.309743611017863,4.108655739560204,4.08316553654783,537.517005999689,8745.736662996933,extra_dim,1024
DfzVIp-175-379354-103913-25062-384031-343308-295308,1232,6.737012987012987,0.007324743550270796,14.41872,14.282479,0.38159856,0.34163222,2.391435639063517,2.1320173025131224,4.359138612439947,4.325078117510208,114.62061000202084,2961.500903002161,extra_dim,1024
YuwChp-152-8651-147603-379354-29563-62919-345238,1842,8.360477741585234,0.018081096932291985,19.476469,19.179367,0.4009854,0.3098316,3.5459152380625407,3.615118885040283,4.408760853097932,4.419530108690933,222.37825300180702,5456.664671000908,extra_dim,1024
QpHWMp-383-149498-238364-156368-402653-484336-426805,1642,21.74177831912302,0.02199472486972809,8.016216,8.766985,1.2416948,1.0212511,3.0222040017445884,3.139747667312622,4.288973234693737,4.32072977120675,888.814783997077,13607.755954002641,extra_dim,1024
RkoxIi-499-395609-17243-276516-68344-191485-476225,1053,19.183285849952515,0.013668406754732132,5.4148912,4.98126,1.3583626,0.86496806,1.4430202802022298,1.984781567255656,4.113350803291157,4.007628320780109,301.63874899881193,7633.035049999307,extra_dim,1024
avuTLe-585-474206-355130-317191-361413-333474-248785,1550,11.806451612903226,0.014499159529805183,8.83947,8.850365,0.7304575,0.6665332,1.2873152256011964,1.458613427480062,4.252676822882785,4.214369528313861,335.92009499989217,6790.285805996973,extra_dim,1024
RXuyap-339-457067-332402-329331-281965-472051-353502,1386,8.441558441558442,0.022795502096414566,15.062633,14.999962,0.45333704,0.4374669,1.4535132010777791,1.4788188775380453,4.582225881188725,4.50751165393277,227.54627100221114,3774.897023002268,extra_dim,1024
cfSfbp-363-68221-13671-186349-322947-197606-339484,1688,12.855450236966826,0.020284058526158333,16.08629,16.312595,0.6838015,0.5829441,2.3795902093251544,2.5212156931559244,4.417083801970512,4.414627176282071,323.72998999926494,8545.06615700302,extra_dim,1024
jM2z5p-212-362995-350336-202035-87506-239730-207508,960,3.125,0.008350489661097527,23.762814,23.57973,0.18403095,0.14868483,2.991282860438029,3.187005615234375,4.702832171162087,4.690128127124634,50.04360900056781,785.279569998238,extra_dim,1024
HxFzMp-357-24999-343332-90733-489807-316694-345238,1056,12.68939393939394,0.008049515075981617,13.952743,11.79758,0.6979229,0.665369,2.4740633805592855,2.409479840596517,4.170505533173214,4.188216367897029,189.9070280014712,5377.904199001932,extra_dim,1024
rllgnp-282-21827-2985-183720-67455-409746-330730,1398,18.812589413447782,0.014075466431677341,10.641457,10.346336,0.9898844,0.77780867,1.3108343919118246,1.2764827807744343,3.953212317441879,3.923753620440804,757.0380119977926,9168.35776500011,extra_dim,1024
IJui6p-278-140209-424453-325632-318907-448869-125189,879,26.39362912400455,0.012646407820284367,5.4108076,5.2955484,1.4230615,1.0474721,2.9768544673919677,3.0587283452351888,3.6800004889480347,3.6847218844424243,492.068947001826,7456.98242599974,extra_dim,1024
riuiap-287-319764-286732-35325-55646-391852-1246,1806,5.038759689922481,0.016919877380132675,15.018242,14.965687,0.2991539,0.25736532,2.764194679260254,2.946074676513672,4.585069011289848,4.590900821128185,211.74014800271834,2986.737687999266,extra_dim,1024
9OkIKp-409-379354-383479-166684-320846-480197-361413,1633,3.1230863441518677,0.018505295738577843,26.244333,25.25059,0.15257078,0.14124225,2.3061827500661214,2.583856709798177,4.60210280041916,4.5998987958610424,179.9330719986756,1395.79536599922,extra_dim,1024
vTx6Wp-073-38459-458554-472051-230200-332402-365346,1099,10.009099181073704,0.006727493368089199,12.026472,12.055826,0.5157207,0.43957475,1.6679955879847208,1.8527043263117473,4.282043348529245,4.257416951854214,159.30743199714925,4011.231016000238,extra_dim,1024
9aa0Fp-331-427818-479691-112336-420765-462193-379354,1488,11.491935483870968,0.015810392796993256,13.967976,14.461612,0.6403815,0.47092783,2.174288860956828,2.305917994181315,4.5853186581418885,4.5616520248417585,393.44621899726917,5665.81484299968,extra_dim,1024
Od9CNp-327-140209-326180-101992-35325-166792-451954,1953,10.39426523297491,0.014821072109043598,12.204235,11.696319,0.59920007,0.49969044,1.9794322649637859,2.093554719289144,4.531181597616796,4.519256291434772,376.9827870019071,6900.096522997046,extra_dim,1024
2TcsGp-297-152880-78575-467697-23535-316694-24999,2415,13.250517598343686,0.007391820661723614,11.367999,11.401454,0.6293145,0.5077173,2.962743600209554,2.877195453643799,4.335246875717372,4.293155899923141,557.0359900011681,10956.075708003482,extra_dim,1024
IJFPZp-340-90733-100179-99711-247588-402653-355130,1491,3.35345405767941,0.00944688729941845,10.937343,9.658067,0.36786148,0.34177747,1.746889313062032,1.8300953308741252,4.594921355224832,4.584286207735488,96.10305900059757,1296.6392300004372,extra_dim,1024
sNYM9p-246-47619-361413-1214-155820-418901-176776,965,28.808290155440414,0.011091777123510838,3.948928,4.287465,1.6535296,1.3942223,2.0969948689142863,2.285593271255493,3.4695200855155903,4.123842743187374,732.2723239994957,9436.460324999643,extra_dim,1024
OI5Azp-257-60643-225888-294604-334833-14787-125459,1203,4.904405652535329,0.01875906065106392,14.983682,14.770279,0.40226707,0.29713678,1.589700444539388,1.5751864751180014,4.529771012153106,4.529757536398018,83.6057329979667,1732.329092999862,extra_dim,1024
vhQX3p-288-256377-386883-276335-177955-380077-80661,2229,2.4226110363391657,0.0165446437895298,14.999113,14.949521,0.22152914,0.20818095,2.1776296138763427,2.0318257013956704,4.656547324949566,4.655225493837658,77.13066699943738,1549.6122519980418,extra_dim,1024
d4LtRw-656-379354-74769-192385-202921-93885-62534,1673,9.145248057381949,0.009153828024864197,11.340827,11.297413,0.49723247,0.44046625,3.346090888977051,3.2432658354441326,4.226260632890478,4.22432284863939,220.58862500125542,5140.27628400072,extra_dim,1024
dc4C1p-319-469130-53129-287943-116061-476924-448907,1529,17.658600392413344,0.017503265291452408,16.447004,14.936714,0.9103458,0.58052605,2.222974157333374,2.321762466430664,4.681894190550837,4.682745239297688,510.0086399979773,9619.868121000763,extra_dim,1024
PSLbbp-359-11995-156368-348733-154883-123704-497426,1430,11.888111888111888,0.021002519875764847,9.48895,8.473946,0.78465486,0.6856485,2.4379800955454507,2.4869761149088543,4.494539274023626,4.493917443842372,324.56720000118366,5680.08586599899,extra_dim,1024
zVlcap-263-274542-472051-376372-248785-476225-35325,1292,4.102167182662539,0.021863481029868126,14.345393,14.2103615,0.28706905,0.25485596,1.2982216835021974,1.287148078282674,4.651461902063565,4.639512744802652,102.86496499975328,1685.7421540007635,extra_dim,1024
rpdA0p-089-193291-347380-224170-426805-310105-489070,1279,8.913213448006255,0.00744014885276556,11.820174,11.396873,0.5022755,0.44749954,1.889647610982259,1.9746511220932006,4.30330256364908,4.303103758623867,161.13262100043357,3938.869043999148,extra_dim,1024
O7tsRw-671-38597-125620-126584-128202-343308-240298,1734,7.035755478662054,0.009212201461195946,12.615526,12.553502,0.41457477,0.34336734,3.2310348669687907,2.9302231947580974,4.36847264740681,4.374510631363497,244.86206399888033,4299.44045999946,extra_dim,1024
mCLt3p-410-320846-476924-422977-274323-99711-177809,1085,1.4746543778801844,0.022891782224178314,22.827423,22.857658,0.1043705,0.09314552,2.24414963722229,2.276867914199829,4.722497967795094,4.718395143063207,29.512787001294782,620.2723329988657,extra_dim,1024
jFujMp-258-2985-422977-276516-270302-316694-390385,1887,7.790143084260731,0.008067467249929905,15.001337,14.196171,0.4341209,0.379668,3.433080530166626,3.4788870811462402,4.412191103074034,4.377089479031699,269.51910400021006,6645.936843000527,extra_dim,1024
uIq5Cp-346-271293-199372-348733-164849-450557-397909,1966,2.899287894201424,0.015138654969632626,15.207371,15.097794,0.25709227,0.21867879,2.5387041727701822,2.6867340405782065,4.659233291101855,4.645601960688949,124.43539699961548,2233.3753389975755,extra_dim,1024
2HNvip-384-377039-229618-315211-103130-162269-274323,1838,4.243743199129488,0.014237921684980392,20.038683,20.288612,0.262009,0.21239269,3.788363806406657,3.7270922025044757,4.6275644907728735,4.636953416986131,156.01377300117747,4040.4840629998944,extra_dim,1024
hImnha-010-474206-125620-494783-410307-474929-314040,1033,9.390125847047434,0.04484827443957329,10.694504,10.864107,0.5222011,0.8387664,1.453080153465271,1.568738540013631,4.460334360881986,4.29707753689248,381.20038700071746,5391.66398299858,extra_dim,1024
fiBRvp-155-14754-379538-407950-108056-495971-270302,1409,17.033356990773598,0.03848577290773392,6.9082794,7.0767336,0.99221325,0.7903703,1.812087885538737,1.7970871686935426,3.8888144099727473,3.739619890098895,544.7380760015221,8689.763490001496,extra_dim,1024
QzAg3p-413-374393-31166-163645-409369-10737-129013,973,10.38026721479959,0.0511818453669548,20.91576,18.038988,0.46747828,0.39775252,2.1523786703745524,2.220752557118734,4.658756548206748,4.639287409649002,358.1282859995554,3211.6322020010557,extra_dim,1024
JLBTXp-060-194617-60643-435517-420765-124439-152419,1024,10.44921875,0.024550464004278183,13.958707,13.805241,0.5737518,0.43721303,3.6276392618815105,3.7726695060729982,4.294506607612863,4.295809994238565,298.8168419979047,3017.1794559973932,extra_dim,1024
k4Lvzp-329-270302-101992-248785-163995-27791-469130,1701,7.642563198118754,0.051412247121334076,15.012625,14.830894,0.43295667,0.37932393,2.4736658255259196,2.475058937072754,4.612014236798781,4.601164670760676,183.4396510021179,4527.8137200002675,extra_dim,1024
ZgJsyp-189-209061-292564-111916-92870-126584-280816,1939,5.002578648788035,0.0409746915102005,14.942656,14.970121,0.35489178,0.29227743,1.530622124671936,1.4897543032964071,4.618861384228291,4.611952295189814,139.03836999816122,3077.765150999767,extra_dim,1024
G50hup-092-363552-123056-229618-481410-299323-332402,1114,6.463195691202872,0.028861256316304207,19.32484,19.29722,0.33919072,0.27345422,4.100906674067179,4.170014381408691,4.547598208892459,4.554659831219605,131.80960399768082,2754.551250000077,extra_dim,1024
8b8sWp-275-88756-348733-183720-134118-226233-129107,1202,3.577371048252912,0.031784262508153915,17.84398,17.981369,0.24342288,0.21246602,3.5893753210703534,3.565150578816732,4.673148488246321,4.664872602505853,82.19668499805266,1417.6694119996682,extra_dim,1024
vOT8yp-371-205293-131237-111916-212842-29563-288077,1254,6.220095693779904,0.025580398738384247,13.519439,14.044696,0.42310414,0.40840283,2.987968333562215,2.859778070449829,4.558695769114363,4.520428076073556,118.8128490030067,3377.551174002292,extra_dim,1024
qmNVhp-128-78575-68344-44660-128101-103130-334242,1283,4.75448168355417,0.03182704374194145,20.05333,20.822247,0.28429833,0.21049106,2.291586685180664,2.3729500770568848,4.541685581774614,4.540378493342808,124.20351699984167,2818.2803529998637,extra_dim,1024
8wAd8p-068-329159-165684-202035-119460-330730-447487,1209,11.41439205955335,0.0299910269677639,13.444443,14.02357,0.63590574,0.4591888,3.4515374024709065,3.4750573952992756,4.231936131028512,4.210259016610611,306.2093289991026,4588.205686999572,extra_dim,1024
tXap2p-281-298969-9753-281965-457067-162269-329331,1012,6.8181818181818175,0.026187583804130554,13.995761,14.070414,0.41173068,0.33712077,2.684214162826538,2.8790513356526692,4.528111385205149,4.565887943740345,173.8470749987755,2774.0203630019096,extra_dim,1024
fdXdMp-313-165684-111916-348770-380077-145384-347380,1440,12.777777777777777,0.03389327600598335,14.251704,14.342956,0.68691736,0.5657763,2.729734007517497,2.4307714621225993,4.473909129774897,4.445568823444192,504.73956399946474,6661.354193998704,extra_dim,1024
Jpj5sp-423-369034-108056-487747-295308-1246-219243,1468,8.583106267029974,0.05191738158464432,16.59536,15.74053,0.51493686,0.39270484,3.0251893361409503,3.3088998317718508,4.552430475265771,4.549364554507878,397.8449599999294,4538.190889998077,extra_dim,1024
maM4mp-267-195572-141428-108130-299323-8651-456735,1158,7.512953367875648,0.0453246608376503,24.250774,24.948198,0.3477881,0.25990722,3.2308436393737794,3.31335334777832,4.719307457452259,4.712150555406782,187.16254999890225,2405.4965719988104,extra_dim,1024
Aal0cp-183-209061-91230-492922-2757-317191-461984,990,4.545454545454546,0.0922110378742218,14.791595,14.734756,0.3069406,0.27187964,1.941368865966797,1.9171218077341716,4.562956668804107,4.561511710676234,70.79571999929613,1175.7016379997367,extra_dim,1024
m5rDOp-062-377273-156368-185152-188815-186260-486330,1445,11.003460207612457,0.02404632605612278,14.348413,13.930472,0.5669299,0.42961892,3.5191606362660726,3.560909716288249,4.291896437532778,4.3211976589393615,250.01402299676556,5786.225687999831,extra_dim,1024
IIhdup-184-282845-322947-195637-315211-10737-386302,986,6.896551724137931,0.07097651064395905,17.519434,17.465223,0.43753684,0.29539436,1.383933186531067,1.346714162826538,4.501397887150166,4.519217490872883,95.46428900284809,2833.3472090016585,extra_dim,1024
eiJpip-223-216978-247588-305230-165168-65123-203381,1402,10.556348074179743,0.04873007535934448,13.652658,13.64552,0.5893509,0.47324958,1.4325419187545776,1.3441107432047525,4.3132654228018,4.270702676842717,300.80929200266837,5043.47771799803,extra_dim,1024
uYOkKp-107-143976-376902-185152-437215-90733-10048,968,4.338842975206612,0.029287779703736305,18.554737,18.847158,0.24486192,0.21131738,3.056868823369344,3.2811575253804524,4.53950460263164,4.511392934698398,73.74184900254477,1345.469564999803,extra_dim,1024
DWrC0a-013-57191-1214-242009-327883-379538-476225,1033,12.100677637947726,0.0352642759680748,7.5827007,8.01255,0.7872238,0.68210506,1.2734369913736978,1.29986363252004,4.268431933244338,4.211736064692808,190.4254690016387,4442.516843999329,extra_dim,1024
6maFGp-305-129013-193291-68221-152880-38506-163335,2424,17.863036303630363,0.02638908289372921,13.645421,14.4576435,0.9255673,0.77490115,2.7919328530629475,2.7428221861521402,4.3207541297780665,4.318529768406943,705.6842589990993,16405.338533997565,extra_dim,1024
fZg66p-070-68221-216978-377273-239730-53784-3467,994,29.577464788732392,0.03719060495495796,13.60059,13.584832,1.4030577,1.0687343,2.2765097618103027,2.4682887395222983,4.047800511626137,4.015294388647427,433.25507499685045,9724.342387002253,extra_dim,1024
CF7Gnp-165-481033-25721-175927-209061-312468-108378,1919,17.509119332985932,0.03301472216844559,11.388484,11.51441,0.8658919,0.6586648,3.0311997095743815,3.074601888656616,3.9751224628606483,3.9571519326022337,649.3378129998746,11744.799187999888,extra_dim,1024
tTMeWp-326-264357-280816-2985-25721-189658-311379,2359,8.902077151335313,0.04867259040474892,19.442799,18.483305,0.4816122,0.41928306,3.30963552792867,3.2978286584218344,4.569774407971723,4.602034277951498,403.55102800094755,6392.977084997256,extra_dim,1024
kDEiGp-268-254920-474864-52991-170820-165168-328121,1029,24.101068999028183,0.09233691543340683,6.013811,6.06135,1.6259638,1.0602366,1.7810939391454061,1.7309112071990966,4.424994236177932,4.429594405799647,475.47694700188003,8010.048758002085,extra_dim,1024
rkSMcp-349-162269-339484-74769-12865-363552-41411,1411,14.386959603118354,0.02514478750526905,12.663212,12.724409,0.7432743,0.6868052,1.6983640432357787,1.5374961773554483,4.470375143067855,4.407982281396916,290.2801360032754,6145.821381996939,extra_dim,1024
FZwvbp-205-349816-138959-261033-383479-409369-152140,1111,28.26282628262826,0.03914736211299896,8.944208,8.170315,1.4641541,1.1815155,1.705596152941386,1.740288798014323,3.888554855030905,3.853644551882894,462.7228120007203,9885.164151997742,extra_dim,1024
ie6iSp-097-407790-253414-334074-464643-167361-80351,1395,3.942652329749104,0.03198687732219696,23.990019,24.005302,0.18733896,0.15860802,2.3898863951365152,2.371437740325928,4.542474529589801,4.544144841689045,77.70955699743354,1555.2022170013515,extra_dim,1024
Q1VJ4p-396-67099-191485-442126-324310-384031-392966,757,0.5284015852047557,0.04145583510398865,48.425564,47.678165,0.023760771,0.02153176,2.572408755620321,2.534944534301758,4.731500510766187,4.730656292168981,7.608515999891097,101.637245999882,extra_dim,1024
BLAVyp-401-374393-353502-276516-464643-247007-280816,1578,17.743979721166035,0.0333615206182003,8.989313,9.065379,0.8978521,0.7213313,1.357693878809611,1.2875866174697876,4.340357185009051,4.320105543106236,401.06066899897996,11049.051791000238,extra_dim,1024
qx9MPf-447-243466-253414-78108-327883-41798-186349,1722,15.911730545876887,0.0489613376557827,7.573848,7.49598,0.97845864,0.93006414,1.7701037406921387,2.202358690897624,4.074111237351909,4.069312572670428,421.1971509976138,10984.339237998938,extra_dim,1024
4fsgkp-253-311495-209061-229618-287427-276516-38459,1013,6.811451135241856,0.02615589275956154,14.75101,14.840011,0.4262031,0.32356405,2.8853440284729004,2.8532830238342286,4.511457713270756,4.509880808610258,99.57031800149707,2004.5117369991203,extra_dim,1024
u3JmNp-105-377036-373629-177809-287789-419538-221798,1057,9.082308420056764,0.03273187577724457,11.242514,11.196104,0.652934,0.44195175,2.6527666250864663,3.0701003710428876,4.596381525525933,4.613630161484189,134.8173520018463,4071.7129980002937,extra_dim,1024
7gnoMp-243-13140-469001-90733-352371-418901-62534,1349,14.381022979985175,0.03019716590642929,10.401035,10.170719,0.78116274,0.634473,2.12976066271464,2.362401040395101,4.289208161640024,4.248129135005106,422.8497000003699,8865.74553200262,extra_dim,1024
WYTgYp-403-306759-7708-254913-153980-163947-460359,1450,4.206896551724138,0.0560128353536129,14.051852,13.297905,0.35552433,0.30570957,2.763700739542643,2.7059481938680015,4.604800246116167,4.60904414897478,129.87536500077113,3073.3428919993457,extra_dim,1024
zRlcSp-181-25062-53784-123056-333757-268363-211084,1709,6.1439438267992985,0.025759130716323853,14.947887,15.26966,0.38653827,0.32846206,2.3746276060740152,2.3818393389383954,4.482841759584275,4.42619152737774,275.6973030009249,4698.329681999894,extra_dim,1024
TaYTvp-415-63022-179855-481410-392966-38597-437270,762,4.593175853018373,0.03335783630609512,18.615524,18.535816,0.3183149,0.22966002,2.689796511332194,2.666562573115031,4.64205704211259,4.637522798520558,89.22802300003241,1537.4032870022347,extra_dim,1024
9kbanp-261-50416-108056-469001-231167-334074-209061,1007,5.958291956305859,0.026795921847224236,11.986323,12.526578,0.43954316,0.33896556,2.089148473739624,2.143995730082194,4.502663128778406,4.535627043426778,131.27760399947874,3500.348674999259,extra_dim,1024
DLZvmp-426-78108-128329-469130-165684-261033-84004,868,7.71889400921659,0.026906199753284454,17.992075,17.938356,0.40224335,0.33901516,3.5049543062845867,3.496458419164022,4.451066675685731,4.4572417426630935,167.08844999811845,3568.266774997028,extra_dim,1024
