file,n_packets,loss_rate_pct,complexity_flatness,snr_lpc,snr_nn,mrstft_lpc,mrstft_nn,plcmos_lpc,plcmos_nn,visqol_lpc,visqol_nn,time_ms_lpc,time_ms_nn,param,value
i0Ocoe-610-395609-211084-211212-108056-187519-202035,1390,9.784172661870503,3.9601487515028566e-05,9.814938,9.506978,0.56512684,0.49860236,1.5902833541234334,1.7834199666976929,4.573622039509866,4.566972805297741,876.8857949999074,6232.782637999662,ar_order,32
PBDVAf-465-366971-117533-197606-160943-60681-25579,1722,3.426248548199768,2.0712036530312616e-06,15.831004,16.112099,0.29116526,0.1824102,2.3137004534403482,2.5054983297983804,4.69074360228076,4.6947094306093895,861.5971610006454,3049.976395000158,ar_order,32
sF1D5f-429-45816-14754-487747-347380-61770-187519,918,1.4161220043572984,6.66032019580598e-06,24.478703,25.054579,0.10089797,0.06516501,3.133348989486694,3.120182577768962,4.727505816020146,4.727466865152612,826.4649980001195,1870.5447269994693,ar_order,32
8lHaxa-001-437270-91230-96853-392966-377039-493700,1033,8.712487899322362,1.6546022379770875e-05,12.182014,12.762319,0.53914326,0.35805306,1.482974354426066,1.550374166170756,4.617522059145865,4.50678097789681,863.3827800003928,4239.213720000407,ar_order,32
wH6bMa-009-144175-39168-315211-114587-333757-10048,1033,7.55082284607938,4.100139267393388e-05,12.446699,13.0339985,0.7501859,0.36221817,1.3692671378453574,1.5185471057891846,4.484793036904864,4.515203991171557,866.5753190007308,3871.3541579991215,ar_order,32
l3Lvae-611-211084-218396-212842-198509-334833-311379,1390,4.244604316546763,4.941728548146784e-05,15.371294,16.502691,0.27468017,0.24876453,3.0577935218811034,3.1465806484222414,4.6868608737858715,4.685420065413055,863.5788309993586,3021.7261280004095,ar_order,32
cmHjrf-493-348077-309854-224170-458554-202179-472051,1722,16.144018583042975,0.00013046321691945195,7.4186573,7.263898,1.0130385,0.81312925,1.2008646965026855,1.2358869870503744,4.324994527414874,3.922516710439753,947.0898219997252,10743.234642999596,ar_order,32
9srcUf-448-162832-472051-219243-152140-401183-304828,1722,11.091753774680605,7.126033096938045e-07,9.664207,9.810628,0.664515,0.6717093,1.4055521011352539,1.5276078780492146,4.597450350440588,4.598597348817374,874.5176560005348,7689.088475999597,ar_order,32
pMchYa-011-461984-248646-131237-259340-281965-474206,1033,3.291384317521781,7.092276973708067e-06,15.029694,15.8745775,0.25916803,0.22350752,1.421559468905131,1.5013729810714722,4.676548311314685,4.6365575280963425,854.0642550005941,2405.2205620000677,ar_order,32
rqqrUf-476-372299-90733-207508-318838-254913-53278,1590,15.786163522012577,1.0736808690126054e-05,9.5059185,9.75248,0.97585064,0.73046714,1.841658115386963,2.3849515597025555,4.590304072025239,4.4327018331183,933.9142779999747,9992.6822919997,ar_order,32
KWj8Li-521-358526-235375-78807-67455-237079-21827,802,14.588528678304238,5.653791959048249e-05,8.487898,8.599943,1.0000784,0.48925063,1.9237877607345581,2.643616040547689,4.314549438970681,4.315766992102803,854.2768249999426,5983.803931999319,ar_order,32
LIJKja-026-447487-148409-188815-38506-78427-479691,1033,5.517909002904163,1.2104389497835655e-05,12.402973,12.666447,0.40741363,0.3100897,1.3037615378697713,1.405756902694702,4.621244631747188,4.58413391802195,852.1321160005755,3148.722569999336,ar_order,32
P4ZKje-597-228203-427818-407728-174918-211212-250174,1550,22.967741935483872,0.0001234940718859434,6.2423506,6.622072,1.2407609,0.8301604,1.3451634565989177,1.3909747044245402,4.302186798610702,4.266128818429069,976.9762080004512,12646.718156000134,ar_order,32
zoFKbf-438-268009-220507-287943-286732-24538-454712,1653,12.583182093163945,5.697601750398462e-07,9.068783,8.257372,0.7096264,0.5959204,1.9461122433344522,2.1075459082921344,4.53710655441,4.4358211407217905,921.8577339997864,8677.47973800033,ar_order,32
FPRIpe-578-474864-126584-425422-304828-148409-10737,1550,9.096774193548388,7.081195508362725e-05,10.112287,11.539907,0.5172415,0.46738115,2.3655706723531087,2.5561611652374268,4.596967580142316,4.512301224767278,879.7275329998229,6563.395967999895,ar_order,32
Th8NDe-613-23535-495997-395609-270487-329331-383770,1390,14.100719424460431,8.22431466076523e-05,8.231522,8.978836,0.74252623,0.70099473,1.9969226678212484,2.266554101308187,4.5261950426793085,4.4858488574670705,904.5426920001773,8379.235562999384,ar_order,32
KFAl8f-427-406364-361413-456735-410307-286869-348733,1722,18.641114982578397,5.997956031933427e-05,7.7109523,7.9177184,1.0118839,0.67528915,1.3622762044270833,1.5029071648915608,4.232478789456411,4.306605726369453,205.98083599998063,9738.532423999459,ar_order,32
rn9v1e-583-369034-383770-175927-399756-390385-383479,1550,11.67741935483871,1.7469614249421284e-05,8.822452,9.285803,0.68731433,0.61125296,1.9467278957366942,2.1489158471425376,4.534026106899327,4.3346965374356135,85.09343099922262,5419.321454000055,ar_order,32
SnJBwf-434-37928-376902-480197-51581-328121-350223,1378,5.732946298984035,1.790127271306119e-06,13.442153,13.420229,0.4414629,0.3058497,1.8354266087214153,2.033551565806071,4.656953464772179,4.65737533429312,51.251996000246436,1947.5907229998484,ar_order,32
amZyRf-444-7708-476924-468905-275802-405424-380077,1722,2.5551684088269457,3.279495786046027e-06,16.576567,16.271025,0.18706377,0.18998407,2.0011351188023885,1.993125851949056,4.69629200531029,4.684031846417439,23.30552900002658,1130.935839999438,ar_order,32
a4WwUa-043-141142-113619-397909-469223-287427-421926,1033,26.427879961277835,3.878655479638837e-05,5.514016,5.6677465,1.5662513,0.96916705,1.1357031265894573,1.1824568907419841,4.142938217333104,4.1114081921526155,182.19326800044655,8172.701909000352,ar_order,32
mvvOnf-472-106-135410-148409-334242-45816-353502,954,4.5073375262054505,4.8512858484173194e-05,13.225531,13.244523,0.45990872,0.31023398,2.3634135564168295,2.575136137008667,4.599463012119981,4.597971067964395,32.523765999940224,932.909209999707,ar_order,32
oRqMra-058-167772-480197-43889-36331-135873-265166,1033,2.904162633107454,6.2980648181110155e-06,20.452005,20.846586,0.22547428,0.12783547,2.920286989212036,3.0486342748006185,4.7202180220151355,4.721593558567148,19.123241000670532,1648.3580410003924,ar_order,32
1rIrKa-023-409746-287789-276335-17243-340579-260428,1033,1.6456921587608906,1.7720502000884153e-05,17.375784,18.31506,0.15688571,0.12591697,1.6459636688232422,1.6757225195566814,4.704889030052124,4.714253058175743,8.127127000079781,338.7353689995507,ar_order,32
xX6Wce-607-140209-262731-151331-7708-427818-497426,1390,3.741007194244604,2.83738954749424e-05,14.817261,15.221871,0.24538268,0.23678903,2.8637572129567466,2.876783529917399,4.691494102365276,4.692204661556224,22.772239000005357,1508.5036180007592,ar_order,32
3hvoVa-051-2307-202921-218396-175927-14787-464643,1033,5.324298160696999,1.6514632079633884e-05,13.61236,14.46775,0.48048493,0.2843437,1.4769933859507243,1.564369265238444,4.6540295947079,4.6404184217423445,35.005104999981995,1333.8183659998322,ar_order,32
87hwjf-487-426805-60643-437215-160943-182650-407728,1181,5.080440304826419,1.0143882036572904e-06,12.461164,11.057719,0.34300852,0.38589826,1.4333432992299397,1.4272239923477172,4.663771688359375,4.606038489665394,26.35673900022084,1975.717111999984,ar_order,32
98pQ7f-492-161118-44660-2985-495997-227228-191485,1722,3.948896631823461,3.370679678482702e-06,13.760919,14.482368,0.25114596,0.2643974,2.843532991409302,2.8830820242563884,4.675007935419083,4.560876288042075,41.91344100036076,2253.0568309994123,ar_order,32
9a98Kf-464-298969-472051-292323-179462-78575-496080,1181,7.281964436917867,5.5254073231481016e-05,11.495394,12.586792,0.49219894,0.32178283,2.4961175123850503,2.6346855481465656,4.316082367388491,4.399359925177507,37.270413000442204,2741.4719890002743,ar_order,32
WVKBPa-017-469001-13769-309009-430207-5054-14754,1033,3.581800580832527,4.264206836523954e-06,13.565072,14.045831,0.29207996,0.2519522,3.5321788787841797,3.5548563798268638,4.6838992444003695,4.630479978479017,25.561008999829937,1117.283986000075,ar_order,32
k2rvsa-021-181149-117176-94351-2985-340579-209061,1033,4.162633107454018,1.384729148412589e-05,15.520332,15.862599,0.49385294,0.21865773,1.665459688504537,1.9530438741048177,4.679120132149127,4.680323051440556,26.53627800009417,1182.690786999956,ar_order,32
GptLba-028-467697-29563-495971-437270-5575-211212,1033,2.3233301064859635,2.764441342151258e-05,16.096905,16.775635,0.18491869,0.17087744,1.68329709370931,1.7028485218683878,4.668736495152626,4.660616118075793,15.580253000734956,897.9525940003441,ar_order,32
3EBeof-459-212842-454791-192385-495971-180085-113105,1033,16.747337850919653,3.53978066414129e-05,7.648998,8.077475,0.9102104,0.84082985,1.3265570004781086,1.3837761720021566,4.464343302692896,4.483940420048963,103.73537400027999,4167.577582000376,ar_order,32
8C0b9f-461-182650-228203-8651-240298-176776-186349,1704,3.814553990610329,5.752473225584254e-05,13.92811,14.673521,0.2578634,0.3295044,3.4682846705118817,3.4685662746429444,4.674206195002393,4.546999664130828,56.28244600029575,1420.1878249996298,ar_order,32
f5sCDf-435-355130-41798-395609-377902-35325-116061,1378,11.901306240928882,9.696379493107088e-06,10.74794,9.836508,0.5471576,0.5914348,1.6108659029006958,1.6970713059107463,4.605204052582016,4.343623351873742,105.32558399972913,3851.5533910003796,ar_order,32
5LZsPp-295-239730-414547-129636-470600-495997-1214,1207,22.535211267605636,6.921367457835004e-05,5.5169077,4.897668,1.2035768,0.8417576,1.228983759880066,1.6041519482930502,3.940845579738511,3.9758499882511,111.88965100063797,6862.125456000285,ar_order,32
rxhq2p-211-212526-349828-67455-407790-412326-143976,1183,7.185122569737954,2.8749458579113707e-05,14.099705,13.91159,0.82146555,0.28182584,2.2410165786743166,2.54524188041687,4.5196671145968,4.534746912268777,37.07089300041844,2081.8540789996405,ar_order,32
7j8l2a-034-50416-4800-287427-123375-143976-264357,1033,3.0977734753146176,8.71249631018145e-06,13.818811,14.728683,0.29844812,0.24600641,2.2290409564971925,2.3724729379018146,4.6535578193712785,4.557744655771917,20.67546099988249,795.790090999617,ar_order,32
cedJli-522-192385-152140-262731-156368-123704-333757,719,5.285118219749652,5.254780626273714e-05,12.222702,10.5601425,0.36214015,0.2839627,1.895211402575175,1.933635417620341,4.029457585067223,4.212210721918197,17.352562000269245,895.1593589999902,ar_order,32
uHCIZa-015-146882-87506-304828-333757-5054-62919,1033,8.615682478218782,1.7520515029900707e-05,10.338556,11.119574,0.55105513,0.44988498,1.253674864768982,1.2684114456176758,4.511098246761118,4.514980326965457,39.767473000210884,2496.1194999996223,ar_order,32
UKnMcp-124-361413-129636-57514-52991-68221-81956,1381,20.926864590876175,0.0001672373036853969,9.8257,8.932243,1.0123698,0.5771025,2.1353049278259277,2.2841840585072837,4.465277849348774,4.496319997229653,176.12110400023084,7943.171075999999,ar_order,32
5ALjRp-161-333766-240226-4800-482510-113619-84055,1026,26.803118908382068,0.0008019127999432385,4.9664297,4.06587,1.7419924,1.1058058,1.193200421333313,1.2439453999201457,3.9551301165789554,3.9399346957789287,119.684727999811,7264.7007499999745,ar_order,32
Paqf1p-119-254913-443221-90733-163645-32125-188815,1450,9.034482758620689,0.0004479943308979273,10.214728,10.486483,0.6493724,0.43275452,2.203384526570638,2.229480775197347,4.37462416749475,4.423831475622421,93.05008899991662,3215.2654020001137,ar_order,32
lDN6of-450-91840-427818-353502-327883-210172-489807,1722,25.02903600464576,0.000440589792560786,5.8361883,3.9429572,1.5149684,0.8394125,1.3774679978688558,1.477715047200521,3.772612421375607,3.8601299820534143,439.9336090000361,12109.838374999526,ar_order,32
JRGxpf-495-78575-358526-483339-81956-229618-247007,1722,14.227642276422763,0.000252309167990461,7.55055,6.3695574,0.8140716,0.76139545,1.1691348075866699,1.1282648007074991,4.413627610794764,4.374456772471856,162.04266999920947,6477.3548699995445,ar_order,32
yc5Hmf-494-469130-474206-203381-91840-123056-149498,1722,13.472706155632984,0.00020981418492738158,7.3834543,8.030018,0.7893286,0.62306815,2.4160789012908936,2.4156292915344237,4.371787668630088,4.203748147135122,99.21750699959375,6966.024416999971,ar_order,32
6UNJZa-025-136860-357104-38459-89725-366126-252054,1033,9.390125847047434,0.0008322022040374577,10.288752,10.883273,0.5640027,0.45708594,1.1933285236358642,1.2009451389312744,4.4878858096156,4.449995288249006,40.51617200002511,2401.3495210001565,ar_order,32
CrjLKf-468-374393-49022-14754-240504-316080-236920,1722,6.562137049941928,0.00014622832532040775,12.352022,12.480881,0.3714188,0.38738284,1.259792184829712,1.2803239345550537,4.680880398855937,4.672901108182975,50.70762800005468,2875.0489690000904,ar_order,32
wkCjvp-408-175927-2985-407790-280816-275802-343332,1046,15.965583173996176,0.0001569680607644841,8.542715,8.594463,0.8204584,0.5811605,1.6621580680211385,1.7844616572062175,4.4474982921718365,4.466875137185741,180.56552199959697,5052.1870780003155,ar_order,32
bnEKPi-496-131237-487747-10048-112031-352809-171454,719,13.908205841446453,0.0004139196826145053,8.690771,7.538583,0.7968202,0.50802803,1.7339022397994994,1.8042375405629476,3.2932574135674315,3.5185047292460165,62.21138399996562,2233.5552169997754,ar_order,32
FW6BFp-225-129636-418989-280816-386883-462467-306759,1649,6.24620982413584,0.0004694216186180711,11.42048,11.721479,0.41798857,0.3272026,1.576655912399292,1.589066203435262,4.493391318779919,4.537188795467773,44.1061110004739,3533.6575519995677,ar_order,32
cZ9D6w-670-134118-41411-423587-125189-84055-98443,662,4.984894259818732,0.0007059596828185022,13.441414,13.364763,0.42505836,0.27447388,3.4900175094604493,3.677065292994181,4.556694612393832,4.569244192691112,14.751114000318921,666.7404930003613,ar_order,32
xlckps-555-489807-93885-138959-23535-14754-299323,1636,10.880195599022006,0.0007390778046101332,8.887396,8.925839,0.6752023,0.47064736,1.3764735380808513,1.3805664857228597,4.473912816576856,4.497163774605517,112.02659199989284,6260.33048499994,ar_order,32
xDMmqs-548-333766-165168-462328-336612-442126-284808,1636,9.7799511002445,0.0005077441455796361,9.665664,9.901582,0.5942697,0.4131472,1.2736620585123697,1.2692197879155478,4.197090377024217,4.304659819516038,239.1766880000432,4906.777646999217,ar_order,32
FSyUys-545-306052-88756-228203-369609-91230-448907,1240,3.467741935483871,0.000898472499102354,15.12071,14.845339,0.27979198,0.22024019,1.3896106719970702,1.369154946009318,4.6362536451189,4.6407144905652515,28.6646180002208,1348.0938530001367,ar_order,32
FiS63i-513-129107-287427-185152-454791-121010-285778,918,29.956427015250547,0.0005593721871264279,4.4598103,2.4761198,1.5100039,0.981574,1.6280092239379882,1.706093168258667,2.4471040009587566,2.8196102063492345,191.39159800033667,6537.464414999704,ar_order,32
AHwsQs-538-108297-304214-140209-237079-426805-448869,1636,26.5281173594132,0.00042765779653564095,6.6589475,5.941754,2.4310684,0.8782031,1.2015065511067708,1.235485037167867,4.047714142199316,4.1138272322146365,265.60786699974415,12595.109419999972,ar_order,32
cUyODs-564-324456-286869-479691-123056-485468-274323,1636,14.60880195599022,0.0006575641455128789,7.0225806,6.8003187,0.98577625,0.6657973,1.2422490119934082,1.2272762219111124,4.434475757471236,4.447726668734991,102.83858599996165,6575.896743000158,ar_order,32
WOhKts-537-450251-294604-27791-350223-235375-383770,1636,15.158924205378973,0.00046492001274600625,8.623782,8.998586,0.96436024,0.5567214,1.320733110109965,1.408033021291097,4.372239147001194,4.420111435393191,104.38389600039955,7092.092247999972,ar_order,32
Mtnx5i-515-495971-279778-348676-11995-306560-418034,744,3.225806451612903,0.00028512379503808916,15.312218,12.524272,0.22058876,0.22153582,1.6078121503194174,1.6394259929656982,4.667172651144571,4.691724246623155,11.066973999732,644.1075679995265,ar_order,32
fiDqFe-589-306052-37928-421728-166792-414547-458302,1550,7.548387096774194,0.00034323649015277624,11.050531,11.595101,0.54841065,0.37263966,2.0856409231821695,2.1962897300720217,4.544338522285196,4.518754317103894,172.06038699987403,3046.066034999967,ar_order,32
KIklei-503-156368-5054-151331-161307-380077-177809,898,12.138084632516703,0.000185836324817501,8.003028,6.9832172,0.7811344,0.53898793,1.5507630507151287,1.5730426470438639,3.2761516831486848,3.578424698334297,46.38629100008984,2827.6393319993076,ar_order,32
0Rve0i-524-469450-332402-376902-283921-64116-240504,1140,5.087719298245614,0.0009046242921613157,12.707102,12.537399,0.3632102,0.2470295,2.2367911020914715,2.243805249532064,4.007567389141944,4.226140493970726,25.351708999551192,1309.2996299992592,ar_order,32
IJqofi-526-68304-236920-183720-152419-94351-316080,661,34.493192133131615,0.0003945751814171672,4.288767,3.4610634,2.0381863,1.0823678,1.731257955233256,1.7479020833969117,2.3777689806117315,2.612137367209825,139.1868919999979,6861.432810000224,ar_order,32
vAlA7f-458-390385-16661-177809-112031-325632-365075,954,1.4675052410901468,0.00048059478285722435,18.485262,19.181293,0.15906958,0.13000147,4.456491216023763,4.432506815592448,4.70104718181249,4.701797149965394,8.920816999307135,527.8083789999073,ar_order,32
oK9Hxs-550-7708-104867-460359-299323-420765-264795,1636,3.850855745721271,0.0009720592643134296,13.7583275,14.021658,0.3021975,0.23984937,1.2779411713282267,1.290617251396179,4.640640583101353,4.651850126559455,79.75784600057523,2597.7142629999435,ar_order,32
kxh9is-563-24999-276516-377039-462467-365075-67099,1636,6.418092909535453,0.0009378857794217765,13.173203,13.304159,0.51489633,0.3102298,1.715587822596232,1.7157869259516398,4.524363166767987,4.537327633640877,94.3665200002215,2905.9218180000244,ar_order,32
Q4PCSi-506-317415-237079-78108-78427-235375-285778,1152,8.072916666666668,0.0002790152211673558,10.751291,10.693425,0.49847463,0.36300728,2.200345023473104,2.1415595531463625,3.7453285843772033,3.887503622675009,115.19102100010059,2556.2178339996535,ar_order,32
zKb4se-576-475285-202921-407950-32125-236920-469001,1236,14.64401294498382,0.0002435800852254033,9.62726,9.31229,0.8004983,0.595423,1.6984293699264525,1.7244304259618124,4.492070936071722,4.309340961011477,107.77584500010562,4722.747192000497,ar_order,32
EZwkWp-195-116061-37928-384031-166684-14787-96948,1442,15.53398058252427,0.0007670152699574828,7.930231,7.9156613,0.9503005,0.5687921,1.843194842338562,2.310049041112264,4.225761923981489,4.262944436383178,100.78250800052047,5394.248111000707,ar_order,32
rjyWTe-587-151723-247588-123704-129889-250174-123056,1550,12.129032258064516,0.000710091320797801,8.701417,9.140904,0.68810344,0.54710335,1.6939482768376668,1.7122846285502116,4.462947510453579,4.477646553544478,176.38292700030433,5168.993647000207,ar_order,32
44Zbvs-567-179462-358526-13671-355104-116061-343332,1636,7.396088019559902,0.00030473197693936527,10.684282,9.649675,0.48213795,0.34885362,1.199664624532064,1.1950153907140095,4.584860266533739,4.610183196174321,52.12139800005389,3091.8456819999847,ar_order,32
ofs2Us-561-469223-161307-229618-187519-295308-129107,1636,15.831295843520781,0.0003641763178166002,7.9995627,8.089282,0.98368174,0.5625115,1.726716430981954,2.0854619185129804,4.171696071948901,4.219278662315429,110.24610399999801,7059.504578000087,ar_order,32
jhRr0p-088-489070-351855-386883-172725-333766-16976,1661,16.375677302829622,0.0008774544112384319,7.276425,7.441063,1.145255,0.7055254,1.6654081344604492,1.713648748397827,4.185164560367246,4.188885586467543,114.22426299941435,6837.546308999663,ar_order,32
ItvEYp-187-347380-151331-160943-343502-92870-286732,1222,5.973813420621931,0.0003424148017074913,11.409226,11.625793,0.43589696,0.32852095,1.640247909228007,1.6914066632588705,4.514665717906429,4.554907845981371,69.68872000015836,1946.469427000011,ar_order,32
9ImS8p-321-63022-306759-480197-355130-205293-103130,1065,1.4084507042253522,0.0003738635568879545,21.15322,21.661432,0.111131944,0.09456158,3.605886475245158,3.598831065495809,4.7130310102492885,4.719240048248493,10.391316000095685,342.8318579999541,ar_order,32
PiKSIp-112-109021-465867-125189-123174-211212-334242,1021,9.10871694417238,0.000980529235675931,8.032251,6.888263,0.62471336,0.47163868,1.9245548486709594,2.063536866505941,4.24836554763402,4.301630716353575,40.24613299952762,2790.1472550001927,ar_order,32
5Lu6ui-514-135410-151381-124082-173176-644-324310,744,9.946236559139784,0.00026409313431940973,10.3514385,8.90895,0.603098,0.4067403,1.4187698761622112,1.448695969581604,4.536706184921851,4.582883760229292,32.49653600050806,2025.3874500003803,ar_order,32
69ZMRp-276-162832-2757-113105-349816-17243-289593,1207,16.23860811930406,0.0009542101179249585,11.124953,11.053886,0.8268371,0.54654247,1.5227874040603637,1.4182966470718383,4.308553798834207,4.293845349439434,133.20833600027981,5922.615718000088,ar_order,32
caQa9p-079-134118-41798-311327-343332-125459-231167,1139,6.409130816505707,0.0008238053997047246,14.28878,14.566436,0.37158227,0.2795746,3.449402443567912,3.497774616877238,4.475866839054664,4.495706684599634,33.583015999283816,1676.1241449994486,ar_order,32
zQSXvp-215-498788-407950-152419-25062-51581-3467,1400,17.57142857142857,0.0010821843752637506,8.245607,8.41098,0.9829194,0.5842336,1.5443251450856528,1.67206076780955,4.17711578479138,4.2330043049769435,104.59088800052996,8166.389087000425,ar_order,32
3Fszap-093-117533-332219-451954-336612-141428-265166,1116,6.451612903225806,0.002600878244265914,13.097516,13.576384,0.4676557,0.3149377,3.2738120555877686,3.2922932942708334,4.511083873725825,4.532690597782059,31.2489670004652,2252.384462000009,ar_order,32
oJJGwp-325-47619-442126-2985-182650-124082-457067,1710,4.035087719298246,0.0017253782134503126,14.153917,14.3178005,0.31471863,0.25425163,2.755561288197835,2.8055407206217446,4.656387493051864,4.650064494625432,29.69601800032251,2459.716078999918,ar_order,32
0mk6rp-310-146145-90733-51581-27791-50416-437215,1608,1.7412935323383085,0.0014768074033781886,19.10913,19.433434,0.15535758,0.12502763,2.12432804107666,2.1593006292978925,4.7064181978564985,4.708890087355165,15.54717300041375,773.1016159996216,ar_order,32
lzFhsp-134-377273-280816-60681-369034-268009-11995,1625,3.076923076923077,0.0012218672782182693,13.408657,14.228701,0.2880269,0.20842563,4.065914726257324,4.400147374471029,4.649386006327525,4.658917362610435,30.93452699977206,1494.3525440003214,ar_order,32
5OQdwp-063-348077-460359-16661-112031-224170-197606,1404,2.7777777777777777,0.005658838432282209,13.890718,13.825251,0.2930452,0.22934254,2.742851670583089,2.7664543628692626,4.627225738492135,4.633406699918779,25.49988000009762,1609.7305980001693,ar_order,32
am1FVp-234-380077-145165-25579-145555-311495-324310,1208,5.380794701986755,0.004206848796457052,13.163728,13.350851,0.34686217,0.2933871,2.2915123144785565,2.2357662359873456,4.524683418504894,4.460765592226022,48.437639999974635,2839.5585819998814,ar_order,32
1zDUvp-298-108297-119460-56896-348770-68221-98443,1510,2.5827814569536423,0.0020352303981781006,13.396417,13.8790045,0.26038897,0.2107657,4.467769145965576,4.56009152730306,4.623705886992314,4.6282296312820925,47.00737099938124,1614.3150970001443,ar_order,32
cqZnBp-237-143976-377902-462328-483339-384274-414547,1322,8.245083207261725,0.005321722012013197,9.677528,9.631806,0.5536805,0.4701879,1.390640918413798,1.441093667348226,4.490407397961547,4.468824328492904,153.14518800005317,3071.105715000158,ar_order,32
N5kbFp-292-397909-407728-152140-117533-153980-62919,1693,21.204961606615473,0.0010815237183123827,7.5031385,8.077557,1.0954088,1.1007718,1.208166511853536,1.3023404200871787,4.494835289308336,4.189402544914116,180.292037000072,8763.020702000176,ar_order,32
DmpOYi-525-91230-450251-209608-292323-92870-38506,1140,16.315789473684212,0.0021517532877624035,7.4874883,6.4597626,0.98768044,0.58968526,1.9266663710276286,2.09004168510437,3.117513776780983,3.577168833573863,105.35629799960589,4379.642629000045,ar_order,32
BBcZPi-501-456735-480197-495997-497448-326140-134118,861,0.8130081300813009,0.003230630187317729,22.665516,23.843151,0.0923878,0.055385884,1.7746129035949707,1.82153000831604,4.72778223281624,4.72739378643039,5.179038000278524,231.23307800051407,ar_order,32
BsVmke-591-419538-379538-386302-426805-469450-347380,1550,17.806451612903228,0.002498342888429761,7.1059327,6.879511,0.9930086,0.7030878,1.270572559038798,1.3293342192967732,4.2168958952518665,4.161496882117994,135.01124599952163,6492.022433999409,ar_order,32
nSu3Cp-366-41411-362672-285778-222370-421926-202035,1118,6.529516994633274,0.006295517086982727,12.27968,12.31082,0.48766422,0.35931787,3.5740754922231037,3.5675462086995444,4.665557788714317,4.654138831091967,32.083617000353115,1682.9067469998336,ar_order,32
tztd5w-640-23535-348077-410307-64116-151381-134118,1176,11.989795918367346,0.0032262594904750586,10.860743,10.801283,0.8237295,0.47153768,2.222362009684245,2.3816529273986817,4.241093985558629,4.276218957396399,61.6849549996914,2994.1507590001493,ar_order,32
qQ82Hw-614-91230-379354-379373-260428-324310-287427,949,5.163329820864067,0.0024592585396021605,16.613289,16.458754,0.27882132,0.22007112,1.8847443501154582,1.808294407526652,4.502706298801325,4.516762030301304,21.693321999919135,1038.5758559996248,ar_order,32
f2JFMw-634-136860-113105-22031-310105-248646-32125,824,8.25242718446602,0.0029410782735794783,11.286644,11.237581,0.49900588,0.3797858,1.8256465593973796,1.879385757446289,4.536916987153204,4.558435878669061,29.383988000518002,1652.1540619996813,ar_order,32
ainjFp-098-145384-88756-289593-274542-488804-292564,2208,9.148550724637682,0.003448504488915205,9.799575,9.451586,0.67449373,0.47673783,1.642787512143453,1.7483723878860473,4.425971851244803,4.437571646768927,90.24645399949804,6493.267752000065,ar_order,32
BcVzDs-560-352809-57514-418989-243067-209608-32726,1636,6.601466992665037,0.0019297391409054399,13.369752,13.426866,0.47414958,0.30126423,1.458237918217977,1.4919876257578533,4.606914252493424,4.615958274220426,68.24702300036734,2629.5865579995734,ar_order,32
TypO9p-362-82313-390793-365346-50416-310105-275395,1464,23.36065573770492,0.0034457372967153788,6.55432,6.9513865,1.9642669,0.88552403,2.0588748455047607,2.4643046220143634,4.428484596478482,4.3618254894162485,208.8404169999194,10712.520082000083,ar_order,32
nQsrxi-500-35788-354893-151331-437270-461984-276516,861,11.033681765389082,0.004316622857004404,9.520192,9.756028,0.6431941,0.44347253,1.548894961675008,1.6837979316711427,4.510077349777671,4.5004707714291605,41.638192999926105,2229.6821670006466,ar_order,32
ck2Uxp-081-495997-135873-82313-377039-373629-268363,1026,4.775828460038986,0.004637618083506823,11.811127,11.488306,0.37202752,0.34834686,1.8243877172470093,1.8262938896814982,4.52503138783841,4.495836265930253,31.903467000120145,1186.733550000099,ar_order,32
jgJdnp-100-135873-177809-247007-67455-332402-185152,1404,5.84045584045584,0.0029392531141638756,12.02648,12.590585,0.41378388,0.31480932,2.7476470629374186,2.7269611835479735,4.531406755316494,4.559902109305119,49.57838900008937,2820.716616000027,ar_order,32
m8mjCs-533-485468-283456-486330-442126-2757-12865,1636,22.677261613691932,0.0013069127453491092,7.261543,6.888178,1.3039359,0.7906268,1.2384644587834677,1.2528438727060953,4.217949800672695,4.239307003914951,173.332131999814,11593.191314999785,ar_order,32
pRaNDw-627-181149-276516-426805-281965-56896-235375,1894,4.7518479408658925,0.002972227055579424,14.141771,14.149104,0.37395918,0.25732785,2.1410855531692503,2.0351853291193645,4.563379250753047,4.567871971551721,39.9436740008241,3631.8189370003893,ar_order,32
U5aQJe-592-437270-129013-295308-406364-103913-497087,1550,4.451612903225807,0.001561999088153243,13.72292,14.493715,0.3705772,0.24894552,2.304883050918579,2.2942556222279866,4.602606818502004,4.604348213466555,110.32684700057871,3183.826897000472,ar_order,32
3e1Tjp-199-462328-423751-38597-248646-74769-2009,1395,9.46236559139785,0.002225166419520974,16.109207,16.099174,0.4567964,0.33693692,1.3892507632573445,1.4260712385177612,4.448692895504097,4.4080652626138885,76.58568999977433,3935.913100000107,ar_order,32
SSYQ1w-650-275802-13671-144360-112336-104867-157595,503,5.36779324055666,0.0031455422285944223,17.805523,17.788803,0.24778809,0.19445471,3.2773499488830566,3.1958452542622884,4.530108520907772,4.524409837421229,12.045937000038975,1100.004619000174,ar_order,32
JCRPTw-618-129107-479691-343332-355104-157595-129013,1894,30.517423442449843,0.0062578716315329075,5.159369,4.678846,1.637064,1.0014181,1.577714745203654,1.652781613667806,3.7321274274997744,3.783970170659329,463.12588799992227,15985.81250999996,ar_order,32
BThtKf-463-324456-428876-160668-329895-295308-99711,1722,31.3588850174216,0.001240023411810398,4.810834,4.4427834,2.050972,1.1307446,1.133955144882202,1.1223708629608153,4.093977750167059,4.1233450732000065,519.451745999504,14842.459138999402,ar_order,32
BNXFqp-404-184495-450557-10737-129636-497448-379538,712,3.089887640449438,0.0009845345048233867,12.936492,12.336062,0.28486398,0.20163779,1.875994658470154,1.9383691390355429,4.559742293039351,4.606861084417671,10.463274999892747,443.7027269996179,ar_order,32
7HBFIp-071-294604-416172-427818-181149-278609-175927,1141,7.887817703768624,0.003979463595896959,11.88341,12.209072,0.5768387,0.3581291,3.310635534922282,3.4787817637125653,4.454050740277254,4.461627333685721,39.184244999887596,2105.0985709998713,ar_order,32
fS0Vwp-324-274170-461984-129889-218396-366126-128329,1773,16.130851663846588,0.001755136763677001,8.916939,8.9143715,0.82655495,0.5523322,3.3134936650594073,3.41719913482666,4.1351001734293575,4.2334019120087465,134.34600700020383,7130.275432000417,ar_order,32
MJEnPs-553-484336-261033-237079-274170-257745-343308,1636,5.990220048899755,0.0014303416246548295,11.14601,11.334991,0.4413314,0.3291706,1.8670499881108602,1.8896402279535929,4.612995465176916,4.627438416237102,44.38072300035856,2643.4753530002126,ar_order,32
noHubp-343-163645-17243-410906-219243-161307-221798,1638,6.654456654456655,0.0025536506436765194,10.673656,10.690564,0.6091547,0.37259606,2.631814463933309,2.612002801895142,4.551764527376843,4.585549833597381,47.28201200032345,2635.336663000089,ar_order,32
4sBV1s-535-160927-255765-139119-167772-460359-377902,1636,11.98044009779951,0.0018671865109354258,8.1981735,8.809572,0.8464985,0.52272016,2.197627147038778,2.2540162563323975,4.386962196464984,4.424146719204407,86.08935699976428,5176.371057999859,ar_order,32
IZG94w-666-98443-418034-470600-161118-288253-129889,1707,7.147041593438781,0.004833240993320942,13.418635,12.264314,0.4310483,0.3463106,3.28721399307251,3.1965365250905355,4.4458081497335264,4.4090883316566085,53.15029000030336,2900.5170540003746,ar_order,32
9hvMUf-482-498788-113105-17243-63022-21827-338584,1318,11.077389984825494,0.0011917749652639031,9.520705,9.676284,0.6580687,0.48312417,2.505497201283773,2.5079450607299805,4.519877527784288,4.511072194581118,62.91850600064208,4362.2342259996,ar_order,32
TkK5fp-380-229618-476225-311495-339484-11995-7708,1573,6.039415130324221,0.003558315569534898,8.777573,9.269974,0.5694757,0.40889314,3.121754042307536,3.1879590193430585,4.49232261220925,4.509000855405314,42.08812299930287,2090.029465999578,ar_order,32
9f3Qjw-657-129013-78427-348770-228203-60643-7188,839,7.866507747318235,0.0029710158705711365,14.437716,14.030147,0.46856126,0.29437467,2.153149636586507,2.160419956843058,4.484938785240768,4.5059339727218495,41.15759399974195,1798.8105200001883,ar_order,32
mZAhvp-320-51581-316080-475285-152880-108378-407790,2240,19.732142857142858,0.009975253604352474,9.601983,10.333024,0.9867622,0.8591704,1.6129669904708863,1.7002604564030965,4.4829203391160615,4.133418329115408,388.2748020005238,11959.677388999808,ar_order,32
aVIkMi-504-436373-35788-166684-274170-363774-493700,826,3.753026634382567,0.01687152311205864,15.455103,14.462736,0.24567495,0.20145555,1.3518417119979858,1.353351847330729,4.685969662321288,4.6775896725744035,40.451953999763646,1975.3154049994919,ar_order,32
wD39yw-617-350336-91230-365075-384274-339484-27577,918,4.139433551198257,0.01175561361014843,13.934448,14.107504,0.25144246,0.21981871,2.4364479700724284,2.4078503449757895,4.624158532393289,4.631700879018546,53.30095000044821,1540.990612999849,ar_order,32
WWYmkp-135-247007-450251-229950-249772-273892-186349,1032,18.7984496124031,0.02265731431543827,6.6207676,6.900454,1.1814755,0.7435104,2.0975053389867147,2.149828227361043,4.167433243916631,4.254115277079773,131.53338999927655,4501.093234999644,ar_order,32
1Q0zzp-067-496080-227228-300626-311379-247007-1214,1044,3.4482758620689653,0.020670078694820404,14.84083,15.072111,0.24505472,0.23567007,3.199269183476766,3.2230441411336264,4.6870954095728115,4.6900247879765065,23.362480999821855,825.4062770001838,ar_order,32
9Mkadp-302-273892-209608-109841-324591-494783-498752,1917,13.928012519561817,0.008960635401308537,9.427783,9.841012,0.8141265,0.5903788,1.5145745515823363,1.5647138436635335,4.452008762488518,4.476456067948507,113.35173699990264,6781.80895999958,ar_order,32
ui9aDp-122-292323-379538-386883-287427-306759-88721,1070,4.579439252336448,0.009513289667665958,14.050354,15.102406,0.30854464,0.21851705,2.6029813925425214,2.8472891807556153,4.637429918667928,4.641817391630092,22.014952000063204,1715.70285100006,ar_order,32
YLEXwp-335-240298-183720-447487-129636-202035-44660,1633,4.776484996938151,0.019239043816924095,13.798115,13.458399,0.340292,0.294824,1.9458259741465251,1.8276352246602376,4.668347848514562,4.6479900045865135,78.08641099927627,2114.573613000175,ar_order,32
6TUCvp-352-108130-78807-55646-250174-386302-414547,1874,14.300960512273212,0.02210024558007717,8.401336,8.600924,0.8259976,0.59274334,1.362637742360433,1.4738031546274821,4.239880831670412,4.212999653227065,117.68107599982613,7464.09108699936,ar_order,32
DfzVIp-175-379354-103913-25062-384031-343308-295308,1232,6.737012987012987,0.007324743550270796,12.229063,12.34028,0.4261589,0.36470827,1.7393492301305136,1.7785991430282593,4.433245497658808,4.339378705066907,86.48348699989583,1989.781352999671,ar_order,32
YuwChp-152-8651-147603-379354-29563-62919-345238,1842,8.360477741585234,0.018081096932291985,12.567006,13.167391,0.539227,0.3559343,2.6764084180196126,2.7830990314483643,4.497302232124217,4.5207247260899335,67.93469399963215,3625.302441999338,ar_order,32
QpHWMp-383-149498-238364-156368-402653-484336-426805,1642,21.74177831912302,0.02199472486972809,5.912443,6.538851,1.2262553,0.9216573,2.282435433069865,2.4247815450032553,4.484059385063846,4.440904600792534,148.93750499959424,10253.500166999402,ar_order,32
RkoxIi-499-395609-17243-276516-68344-191485-476225,1053,19.183285849952515,0.013668406754732132,6.1963415,5.4745016,1.2956281,0.6802531,1.5219277699788412,1.730504298210144,4.327880229335896,4.278409847362397,84.79270899988478,6092.2674610001195,ar_order,32
avuTLe-585-474206-355130-317191-361413-333474-248785,1550,11.806451612903226,0.014499159529805183,9.05666,9.310989,0.6626688,0.56259006,1.2830990393956503,1.3779888232549031,4.4190328787599995,4.453507908535053,109.01691900016885,5509.308998000051,ar_order,32
RXuyap-339-457067-332402-329331-281965-472051-353502,1386,8.441558441558442,0.022795502096414566,11.782013,12.280907,0.48429072,0.46114287,1.476322309176127,1.4853015263875327,4.650107828918117,4.519457122507133,49.80364099992585,3211.046721999992,ar_order,32
cfSfbp-363-68221-13671-186349-322947-197606-339484,1688,12.855450236966826,0.020284058526158333,11.448632,11.832963,0.60038507,0.57523835,2.192383559544881,2.053369911511739,4.6134739576634916,4.591866352369278,92.68634599993675,7015.696354999818,ar_order,32
jM2z5p-212-362995-350336-202035-87506-239730-207508,960,3.125,0.008350489661097527,18.52673,18.67269,0.22348209,0.16438909,2.30405330657959,2.4604392051696777,4.715051650096637,4.715768906456427,13.672915000825014,628.9870950004115,ar_order,32
HxFzMp-357-24999-343332-90733-489807-316694-345238,1056,12.68939393939394,0.008049515075981617,9.931347,9.848725,0.6710856,0.6366736,2.147494331995646,2.03564084370931,4.543975465870429,4.40444763886034,60.800067999480234,4823.906399000407,ar_order,32
rllgnp-282-21827-2985-183720-67455-409746-330730,1398,18.812589413447782,0.014075466431677341,10.134441,9.889158,1.1131829,0.6527516,1.2927677154541015,1.3805432875951131,4.222321059704666,4.210611389997168,138.56206800028303,8682.464873999379,ar_order,32
IJui6p-278-140209-424453-325632-318907-448869-125189,879,26.39362912400455,0.012646407820284367,5.6856337,5.7456737,1.4083794,0.90053844,2.6253947893778484,2.641610288619995,4.134441920708197,3.748751258208755,145.16272600030788,6311.533856000096,ar_order,32
riuiap-287-319764-286732-35325-55646-391852-1246,1806,5.038759689922481,0.016919877380132675,13.053907,13.208237,0.41215166,0.30209708,2.603944412867228,2.459984636306763,4.62566966257692,4.632141651879799,56.138148000172805,2224.121782000111,ar_order,32
9OkIKp-409-379354-383479-166684-320846-480197-361413,1633,3.1230863441518677,0.018505295738577843,20.315285,21.08168,0.17844097,0.1481903,1.9500473181406657,2.153920793533325,4.64934755776966,4.648861431890588,22.648512000159826,1229.9967070002822,ar_order,32
vTx6Wp-073-38459-458554-472051-230200-332402-365346,1099,10.009099181073704,0.006727493368089199,10.446772,10.775596,0.62161225,0.44640753,1.5311405738194783,1.5998948176701864,4.449340781469156,4.436622424778047,49.126051999337506,2370.284779999565,ar_order,32
9aa0Fp-331-427818-479691-112336-420765-462193-379354,1488,11.491935483870968,0.015810392796993256,13.275841,13.484878,0.6564285,0.38490796,2.1299773693084716,2.2950629234313964,4.6536771621596165,4.660404706232509,77.10333100021671,4766.898287000004,ar_order,32
Od9CNp-327-140209-326180-101992-35325-166792-451954,1953,10.39426523297491,0.014821072109043598,11.404366,10.713175,0.5264258,0.42772317,2.098564354578654,2.1886886914571124,4.606605727008191,4.622985988866142,135.90016000034666,4729.752531000486,ar_order,32
2TcsGp-297-152880-78575-467697-23535-316694-24999,2415,13.250517598343686,0.007391820661723614,8.285476,8.482532,0.9581582,0.62872964,1.3854409297307333,1.4112135251363118,4.422693563433645,4.256386633020372,132.1945620002225,8444.580270999722,ar_order,32
IJFPZp-340-90733-100179-99711-247588-402653-355130,1491,3.35345405767941,0.00944688729941845,11.405695,9.434311,0.35593656,0.29079583,1.764141313234965,1.7755127191543578,4.667872118584781,4.67527838633303,22.813892000158376,1211.618948999785,ar_order,32
sNYM9p-246-47619-361413-1214-155820-418901-176776,965,28.808290155440414,0.011091777123510838,4.661403,5.51321,1.3739144,1.1853377,2.0761324326197306,2.124616098403931,4.434173592739567,3.6272686323292476,120.43194600028073,8251.803895000194,ar_order,32
OI5Azp-257-60643-225888-294604-334833-14787-125459,1203,4.904405652535329,0.01875906065106392,15.078715,14.569347,0.56069136,0.2654866,1.4794514099756877,1.5975061893463134,4.5698401411849385,4.579694234108656,25.807179999901564,1197.687455999585,ar_order,32
vhQX3p-288-256377-386883-276335-177955-380077-80661,2229,2.4226110363391657,0.0165446437895298,15.096708,15.054685,0.28958777,0.2152824,2.086490782101949,2.0517767747243245,4.677918934597961,4.676692735547905,24.497991000316688,1078.5033499996644,ar_order,32
d4LtRw-656-379354-74769-192385-202921-93885-62534,1673,9.145248057381949,0.009153828024864197,10.789104,10.862626,0.53000206,0.40975785,2.5220585505167645,2.6079925378163655,4.4356132642803585,4.449359316772046,68.18402600038098,4579.320058999656,ar_order,32
dc4C1p-319-469130-53129-287943-116061-476924-448907,1529,17.658600392413344,0.017503265291452408,13.122143,12.633892,1.0145993,0.526357,2.327587588628133,2.346411863962809,4.696427783255877,4.694197470608661,173.8055860005261,8608.010728999943,ar_order,32
PSLbbp-359-11995-156368-348733-154883-123704-497426,1430,11.888111888111888,0.021002519875764847,9.386999,8.519919,0.716095,0.53457576,1.834222920735677,2.0212875922520954,4.639015059419592,4.63868910434104,147.14810800069245,3800.6779659999665,ar_order,32
zVlcap-263-274542-472051-376372-248785-476225-35325,1292,4.102167182662539,0.021863481029868126,13.370954,13.405534,0.33466884,0.272005,1.2606810808181763,1.241551399230957,4.658960892117322,4.66328137943471,62.553548000323644,1444.8613900003693,ar_order,32
rpdA0p-089-193291-347380-224170-426805-310105-489070,1279,8.913213448006255,0.00744014885276556,11.49246,10.719453,0.5807094,0.45185864,1.7144699573516846,1.8374383767445883,4.42760347894554,4.441172315787265,103.09443200003443,3086.823650999577,ar_order,32
O7tsRw-671-38597-125620-126584-128202-343308-240298,1734,7.035755478662054,0.009212201461195946,12.688022,12.962061,0.50493985,0.32879925,2.6313121477762857,2.5778905391693114,4.486702908410799,4.50834744449506,91.5154470003472,3092.106991000037,ar_order,32
mCLt3p-410-320846-476924-422977-274323-99711-177809,1085,1.4746543778801844,0.022891782224178314,19.656422,19.761711,0.13297544,0.12151004,2.2204699675242106,2.2645001888275145,4.7225740664532,4.72052289427943,8.250957000200287,330.76775099925726,ar_order,32
jFujMp-258-2985-422977-276516-270302-316694-390385,1887,7.790143084260731,0.008067467249929905,9.122687,9.152153,0.6289743,0.45766696,2.813575267791748,3.09928781191508,4.388589960080994,4.362830844083132,97.3137749997477,4895.775255000444,ar_order,32
uIq5Cp-346-271293-199372-348733-164849-450557-397909,1966,2.899287894201424,0.015138654969632626,15.844544,15.658656,0.23308033,0.18001418,2.5902799447377522,2.721987311045329,4.691989444893909,4.698580455729328,25.967059999857156,1863.0812139999762,ar_order,32
2HNvip-384-377039-229618-315211-103130-162269-274323,1838,4.243743199129488,0.014237921684980392,13.146314,13.878907,0.37464324,0.2747644,3.3638861338297525,3.4192363739013674,4.671202289798016,4.65870880779132,108.4686710000824,2958.230736000587,ar_order,32
hImnha-010-474206-125620-494783-410307-474929-314040,1033,9.390125847047434,0.04484827443957329,10.592207,10.997914,0.45203376,0.75588876,1.4970600048700968,1.5972700436909995,4.600555736141441,4.312840439217746,60.63946799986297,3217.5995300003706,ar_order,32
fiBRvp-155-14754-379538-407950-108056-495971-270302,1409,17.033356990773598,0.03848577290773392,7.345663,7.5001245,0.8626127,0.69453907,1.766387144724528,1.789436968167623,4.176010035154298,3.8814409104860768,159.03493399946456,6644.304066000586,ar_order,32
QzAg3p-413-374393-31166-163645-409369-10737-129013,973,10.38026721479959,0.0511818453669548,15.278406,15.115892,0.4802328,0.37198082,1.705745792388916,1.7681387980779013,4.6776199492188875,4.649948831042722,90.68948699950852,3222.517943000639,ar_order,32
JLBTXp-060-194617-60643-435517-420765-124439-152419,1024,10.44921875,0.024550464004278183,10.173221,10.167546,1.0607909,0.47366866,3.0913913091023764,3.323168325424194,4.540237773308773,4.537477890597804,48.177462999774434,2452.3081770003046,ar_order,32
k4Lvzp-329-270302-101992-248785-163995-27791-469130,1701,7.642563198118754,0.051412247121334076,14.922096,14.887129,0.44440055,0.33624008,2.2284875392913817,2.32375594774882,4.677527786481592,4.649700654507127,59.15254899991851,3108.419810000669,ar_order,32
ZgJsyp-189-209061-292564-111916-92870-126584-280816,1939,5.002578648788035,0.0409746915102005,15.744751,15.233798,0.29107007,0.23251307,1.5709011554718018,1.529583175977071,4.679866107919305,4.661149315313183,41.48373500083835,2228.049788000135,ar_order,32
G50hup-092-363552-123056-229618-481410-299323-332402,1114,6.463195691202872,0.028861256316304207,15.528513,15.935715,0.3745072,0.26255164,3.3108567714691164,3.461029609044393,4.615805278652834,4.635095134713735,31.547788999887416,1953.631836000568,ar_order,32
8b8sWp-275-88756-348733-183720-134118-226233-129107,1202,3.577371048252912,0.031784262508153915,14.289899,14.565619,0.2788274,0.24000986,3.29807079633077,3.371083958943685,4.696588003441029,4.684376330893422,19.891443000233267,1064.8134279999795,ar_order,32
vOT8yp-371-205293-131237-111916-212842-29563-288077,1254,6.220095693779904,0.025580398738384247,11.677337,12.480234,0.3832908,0.37258852,2.7927825609842936,2.737359571456909,4.624649728223865,4.546924299197106,33.29459900032816,3028.361884000333,ar_order,32
qmNVhp-128-78575-68344-44660-128101-103130-334242,1283,4.75448168355417,0.03182704374194145,14.461923,15.8317,0.32423928,0.2301668,2.026183573404948,2.0268954833348594,4.609514763043176,4.577215513126595,78.28349299961701,1893.845300999601,ar_order,32
8wAd8p-068-329159-165684-202035-119460-330730-447487,1209,11.41439205955335,0.0299910269677639,10.942687,11.398916,0.64969474,0.42817935,2.7679481347401937,3.00708015759786,4.449182803670082,4.4480036598575925,111.39446000015596,3284.4329010004003,ar_order,32
tXap2p-281-298969-9753-281965-457067-162269-329331,1012,6.8181818181818175,0.026187583804130554,13.140219,13.835627,0.37935567,0.29212892,2.3532297134399416,2.4735398928324384,4.662815581491363,4.628154085818049,45.75468399980309,1761.8961779999154,ar_order,32
fdXdMp-313-165684-111916-348770-380077-145384-347380,1440,12.777777777777777,0.03389327600598335,11.671244,11.927585,0.6650231,0.540236,2.02979568640391,2.0288389921188354,4.611383662823581,4.536772535427386,118.62846900021395,4768.321452000237,ar_order,32
Jpj5sp-423-369034-108056-487747-295308-1246-219243,1468,8.583106267029974,0.05191738158464432,10.964607,11.274377,0.5838458,0.41988683,2.4055622577667237,2.576344680786133,4.628883417243266,4.607424673420313,52.66432200005511,3097.833549000825,ar_order,32
maM4mp-267-195572-141428-108130-299323-8651-456735,1158,7.512953367875648,0.0453246608376503,21.224636,22.188053,0.31187323,0.21045215,3.109191306432088,2.9922623952229817,4.717766979852922,4.714176192050626,40.173956000217004,1988.8255030000437,ar_order,32
Aal0cp-183-209061-91230-492922-2757-317191-461984,990,4.545454545454546,0.0922110378742218,15.955857,16.083307,0.25321135,0.20300835,2.0480836629867554,2.0290557940800986,4.639590052079599,4.63646568691035,27.83374999944499,993.1342970003243,ar_order,32
m5rDOp-062-377273-156368-185152-188815-186260-486330,1445,11.003460207612457,0.02404632605612278,9.080342,9.643074,0.7355425,0.4856086,2.9117024898529054,3.1403605302174884,4.395045608147722,4.437396351529529,100.84754499985138,4522.16668499932,ar_order,32
IIhdup-184-282845-322947-195637-315211-10737-386302,986,6.896551724137931,0.07097651064395905,12.51707,12.958579,0.47106624,0.3337871,1.482717267672221,1.430414605140686,4.513033842330277,4.527965681395562,47.030534999976226,1782.3202959998525,ar_order,32
eiJpip-223-216978-247588-305230-165168-65123-203381,1402,10.556348074179743,0.04873007535934448,10.945168,11.090913,0.60147995,0.45920882,1.314102292060852,1.2759673357009889,4.422730829431907,4.306916596704019,92.63074699993012,3514.409625000553,ar_order,32
uYOkKp-107-143976-376902-185152-437215-90733-10048,968,4.338842975206612,0.029287779703736305,12.975933,13.352532,0.32981515,0.2745652,2.4286219914754232,2.5357664744059245,4.587327727723801,4.576549791618013,19.632503000138968,1316.7501580001044,ar_order,32
DWrC0a-013-57191-1214-242009-327883-379538-476225,1033,12.100677637947726,0.0352642759680748,7.197626,7.837174,0.7706352,0.6163061,1.2251746575037639,1.2672957976659138,4.480948122798143,4.2746940451829145,54.33695200008515,3351.814081000157,ar_order,32
6maFGp-305-129013-193291-68221-152880-38506-163335,2424,17.863036303630363,0.02638908289372921,7.304385,7.9978585,1.098641,0.84014195,2.072705864906311,2.2370818456014,4.566090579806555,4.344284801166041,184.91916699986177,11898.096803999579,ar_order,32
fZg66p-070-68221-216978-377273-239730-53784-3467,994,29.577464788732392,0.03719060495495796,5.433574,6.2507915,1.4116522,1.0623997,1.3858006795247395,1.4852841377258301,4.371532926756803,4.171711702157738,124.87374800002726,6945.480777000739,ar_order,32
CF7Gnp-165-481033-25721-175927-209061-312468-108378,1919,17.509119332985932,0.03301472216844559,8.288979,8.688671,1.0286611,0.65863854,1.792384187380473,1.9378453413645427,4.183552060919757,4.0783498871391854,148.14253899930918,9139.119000999926,ar_order,32
tTMeWp-326-264357-280816-2985-25721-189658-311379,2359,8.902077151335313,0.04867259040474892,11.4960575,12.022612,0.5456525,0.45090544,2.6419304847717284,2.8017091115315753,4.63948373309245,4.632234996447742,89.94900900052016,5114.429781000581,ar_order,32
kDEiGp-268-254920-474864-52991-170820-165168-328121,1029,24.101068999028183,0.09233691543340683,5.464008,5.504731,1.797973,0.95860976,1.1755057573318481,1.2792765776316324,4.516654962643348,4.465574771749462,103.3926039999642,6262.714294000034,ar_order,32
rkSMcp-349-162269-339484-74769-12865-363552-41411,1411,14.386959603118354,0.02514478750526905,11.212204,11.57817,0.70855165,0.65940744,1.4395680665969848,1.4537541230519613,4.639807864663294,4.3736337492601125,122.73668800025916,4551.6851259999385,ar_order,32
FZwvbp-205-349816-138959-261033-383479-409369-152140,1111,28.26282628262826,0.03914736211299896,5.797613,6.0457344,1.3889693,1.0768617,1.3509002526601155,1.3014286359151204,4.4045703592537375,3.9807593201247915,133.7103149999166,9427.983073000178,ar_order,32
ie6iSp-097-407790-253414-334074-464643-167361-80351,1395,3.942652329749104,0.03198687732219696,20.573448,21.274645,0.18780267,0.15107016,2.276859982808431,2.25226149559021,4.6328652905118695,4.637457025684605,24.112322000291897,1102.7142850007294,ar_order,32
Q1VJ4p-396-67099-191485-442126-324310-384031-392966,757,0.5284015852047557,0.04145583510398865,44.02794,43.776318,0.019479426,0.015719777,2.5280145168304444,2.587441062927246,4.731205694495888,4.731243471667148,2.36136900002748,78.0759429999307,ar_order,32
BLAVyp-401-374393-353502-276516-464643-247007-280816,1578,17.743979721166035,0.0333615206182003,6.8908625,7.0351057,1.1894852,0.7793309,1.2832377672195434,1.2866840442021688,4.444355625031695,4.396152863401239,116.61012100012158,9368.17727000016,ar_order,32
qx9MPf-447-243466-253414-78108-327883-41798-186349,1722,15.911730545876887,0.0489613376557827,7.7795196,7.692008,2.15983,1.016525,1.527251156171163,1.7275302728017172,4.146242413652412,4.140535266634949,182.15140899974358,8297.922702000506,ar_order,32
4fsgkp-253-311495-209061-229618-287427-276516-38459,1013,6.811451135241856,0.02615589275956154,13.0965805,13.380962,0.40990308,0.29916832,2.282815965016683,2.3560589949289956,4.653285516258619,4.636837271133853,38.45664799973747,1638.8530759995774,ar_order,32
u3JmNp-105-377036-373629-177809-287789-419538-221798,1057,9.082308420056764,0.03273187577724457,11.115179,11.358914,0.71300274,0.37798294,2.280998182296753,2.896465762456258,4.646083409452297,4.616444879826864,41.06200600017473,3485.3584269994826,ar_order,32
7gnoMp-243-13140-469001-90733-352371-418901-62534,1349,14.381022979985175,0.03019716590642929,8.789131,8.9040985,1.076458,0.6036988,1.5030758301417033,1.9119577010472615,4.572259466720787,4.499127647614024,114.58655100068427,7388.345126999411,ar_order,32
WYTgYp-403-306759-7708-254913-153980-163947-460359,1450,4.206896551724138,0.0560128353536129,11.852994,11.432805,0.3674644,0.3064284,2.127313725153605,2.0957565307617188,4.646653815039905,4.634743160254914,75.73455500005366,2060.054816999582,ar_order,32
zRlcSp-181-25062-53784-123056-333757-268363-211084,1709,6.1439438267992985,0.025759130716323853,12.989587,13.451661,0.36249766,0.3046274,2.265610138575236,2.3313018480936685,4.6367247615450555,4.479831680224091,46.696145000169054,3191.89212099991,ar_order,32
TaYTvp-415-63022-179855-481410-392966-38597-437270,762,4.593175853018373,0.03335783630609512,14.365016,14.531699,0.37192833,0.2591332,2.5687399387359617,2.493488152821859,4.677667642896665,4.6515506901772765,15.669754000555258,1270.0217339997835,ar_order,32
9kbanp-261-50416-108056-469001-231167-334074-209061,1007,5.958291956305859,0.026795921847224236,12.0780735,12.863647,0.42127696,0.2969743,2.0886815865834554,2.102975098292033,4.649147463471818,4.604786303855257,40.83229600018967,1921.6473930000575,ar_order,32
DLZvmp-426-78108-128329-469130-165684-261033-84004,868,7.71889400921659,0.026906199753284454,10.889772,11.507389,0.53230476,0.41509482,2.092435105641683,2.2752899646759035,4.630362420527881,4.529107415163523,42.33039600057964,2046.032250999815,ar_order,32
i0Ocoe-610-395609-211084-211212-108056-187519-202035,1390,9.784172661870503,3.9601487515028566e-05,10.008472,9.77161,0.5160837,0.48354396,1.695076012611389,1.8485514163970946,4.5919315768012705,4.5819583611307735,94.88274900013494,3863.852272999793,ar_order,64
PBDVAf-465-366971-117533-197606-160943-60681-25579,1722,3.426248548199768,2.0712036530312616e-06,16.070597,16.102858,0.28456417,0.17974424,2.362692133585612,2.493838310241699,4.6908767086149545,4.694995345913429,45.20733499975904,1640.8176469994942,ar_order,64
sF1D5f-429-45816-14754-487747-347380-61770-187519,918,1.4161220043572984,6.66032019580598e-06,24.600098,25.264366,0.098787524,0.06423473,3.1573105494181317,3.133640193939209,4.727638386624813,4.7276003591211735,7.1747780002624495,255.06070500068745,ar_order,64
8lHaxa-001-437270-91230-96853-392966-377039-493700,1033,8.712487899322362,1.6546022379770875e-05,12.734214,13.186827,0.47607028,0.3335512,1.5247276941935222,1.543881607055664,4.645050052219346,4.532919309445486,58.649280999816256,2248.3229600002232,ar_order,64
wH6bMa-009-144175-39168-315211-114587-333757-10048,1033,7.55082284607938,4.100139267393388e-05,12.670506,13.240695,0.70451576,0.35627958,1.4807072162628174,1.4914085706075033,4.4883708129766084,4.519925800664655,54.38147199947707,1846.9094529991708,ar_order,64
l3Lvae-611-211084-218396-212842-198509-334833-311379,1390,4.244604316546763,4.941728548146784e-05,15.604778,16.791536,0.2413879,0.23343974,3.155997053782145,3.2318307876586916,4.691770674193846,4.686011321974412,32.65175999968051,1593.7962369998786,ar_order,64
cmHjrf-493-348077-309854-224170-458554-202179-472051,1722,16.144018583042975,0.00013046321691945195,7.4344754,7.265844,0.9461468,0.80582076,1.2044261852900187,1.2209683736165364,4.334247617505321,3.9331851550667207,300.24043199955486,6574.59998900049,ar_order,64
9srcUf-448-162832-472051-219243-152140-401183-304828,1722,11.091753774680605,7.126033096938045e-07,9.677375,9.848813,0.6626206,0.67047197,1.4096707900365193,1.5012461026509603,4.5971170618066495,4.597103224536545,133.12167599997338,4232.218352000018,ar_order,64
pMchYa-011-461984-248646-131237-259340-281965-474206,1033,3.291384317521781,7.092276973708067e-06,15.9724655,16.853725,0.23713511,0.20611747,1.4561049302419027,1.482153042157491,4.682053252567793,4.641525355279656,24.04294200005097,741.4944869997271,ar_order,64
rqqrUf-476-372299-90733-207508-318838-254913-53278,1590,15.786163522012577,1.0736808690126054e-05,9.553872,9.799669,0.94164443,0.7272088,1.9450690507888795,2.3914329210917153,4.591849002717188,4.43335866584657,164.83090600013384,5779.139152000425,ar_order,64
KWj8Li-521-358526-235375-78807-67455-237079-21827,802,14.588528678304238,5.653791959048249e-05,8.5533085,8.643525,0.99321574,0.484833,1.968725856145223,2.681939458847046,4.313101217093935,4.320827225859535,87.43302099992434,2617.286458000308,ar_order,64
LIJKja-026-447487-148409-188815-38506-78427-479691,1033,5.517909002904163,1.2104389497835655e-05,12.410933,12.690273,0.3948642,0.30866286,1.2994083086649577,1.37324009736379,4.6225990826512575,4.582354146131425,28.45836100004817,1129.7336519992314,ar_order,64
P4ZKje-597-228203-427818-407728-174918-211212-250174,1550,22.967741935483872,0.0001234940718859434,6.089344,6.530812,1.162001,0.8249319,1.3497483650843303,1.3824298858642579,4.317981015176941,4.286542481326613,178.19945199971698,9276.986377999492,ar_order,64
zoFKbf-438-268009-220507-287943-286732-24538-454712,1653,12.583182093163945,5.697601750398462e-07,9.363764,8.457529,0.6683739,0.58633465,1.9801631371180217,2.122860542933146,4.548004585256044,4.45402275828247,103.91544699996302,6072.693053999501,ar_order,64
FPRIpe-578-474864-126584-425422-304828-148409-10737,1550,9.096774193548388,7.081195508362725e-05,10.497088,12.010679,0.487916,0.45527506,2.4161757628122964,2.6094455242156984,4.602991130018564,4.51767456031035,67.53034799930901,3286.221304000719,ar_order,64
Th8NDe-613-23535-495997-395609-270487-329331-383770,1390,14.100719424460431,8.22431466076523e-05,8.661437,9.454611,0.67350984,0.6733443,2.0714238484700522,2.2895272095998127,4.549841686222486,4.511709144754177,99.6594569996887,6142.9945850004515,ar_order,64
KFAl8f-427-406364-361413-456735-410307-286869-348733,1722,18.641114982578397,5.997956031933427e-05,8.002471,8.15965,0.9507254,0.6577944,1.377243208885193,1.4810905853907268,4.238401426864225,4.310299977747933,154.12193900010607,10370.606522000344,ar_order,64
rn9v1e-583-369034-383770-175927-399756-390385-383479,1550,11.67741935483871,1.7469614249421284e-05,9.721466,10.053093,0.6046918,0.56493926,2.1492664337158205,2.3167856375376386,4.557671414381973,4.393725204509246,88.3138709996274,6884.890211999846,ar_order,64
SnJBwf-434-37928-376902-480197-51581-328121-350223,1378,5.732946298984035,1.790127271306119e-06,13.818447,13.8247595,0.40796375,0.29959422,1.836540150642395,2.041457263628642,4.6588554313257875,4.659410844346174,57.67890100014483,2836.802594999426,ar_order,64
amZyRf-444-7708-476924-468905-275802-405424-380077,1722,2.5551684088269457,3.279495786046027e-06,16.875433,16.638645,0.17890398,0.1836906,2.01787744363149,2.007773264249166,4.698362538233362,4.686806558779583,31.23434000008274,1319.776324000486,ar_order,64
a4WwUa-043-141142-113619-397909-469223-287427-421926,1033,26.427879961277835,3.878655479638837e-05,5.548864,5.7114363,1.493178,0.9662182,1.1280564228693644,1.1826533873875935,4.1510920989440745,4.115285243952584,155.54161999989446,9423.231194000437,ar_order,64
mvvOnf-472-106-135410-148409-334242-45816-353502,954,4.5073375262054505,4.8512858484173194e-05,13.216005,13.282764,0.4408674,0.30807278,2.422792927424113,2.583396641413371,4.601566812452549,4.59664593378428,31.363459999738552,1988.6675090001518,ar_order,64
oRqMra-058-167772-480197-43889-36331-135873-265166,1033,2.904162633107454,6.2980648181110155e-06,21.125896,21.970795,0.20119113,0.11793847,2.8917779127756753,3.039509073893229,4.720823873464154,4.722139600905923,25.861940999675426,1279.9352480005837,ar_order,64
1rIrKa-023-409746-287789-276335-17243-340579-260428,1033,1.6456921587608906,1.7720502000884153e-05,17.578808,18.497107,0.1507901,0.122378565,1.6821075518925985,1.6671435991923014,4.705720723511024,4.714890817587865,15.13097499992,565.3396879997672,ar_order,64
xX6Wce-607-140209-262731-151331-7708-427818-497426,1390,3.741007194244604,2.83738954749424e-05,15.471886,15.827036,0.22607493,0.22165866,2.878852876027425,2.900240596135457,4.697606263454757,4.697616477829358,71.11808699937683,1769.4469050002226,ar_order,64
3hvoVa-051-2307-202921-218396-175927-14787-464643,1033,5.324298160696999,1.6514632079633884e-05,13.94722,14.781801,0.44854403,0.27733922,1.5288720925649006,1.5947906573613484,4.656166423199081,4.640599652253703,27.691190999576065,1391.3268189999144,ar_order,64
87hwjf-487-426805-60643-437215-160943-182650-407728,1181,5.080440304826419,1.0143882036572904e-06,12.813001,11.364952,0.34790918,0.38446125,1.4726092974344889,1.453662625948588,4.662599408804731,4.6040960502334825,38.76103799939301,1539.5557729998472,ar_order,64
98pQ7f-492-161118-44660-2985-495997-227228-191485,1722,3.948896631823461,3.370679678482702e-06,15.717926,16.533304,0.21246268,0.22826488,2.971525128682454,2.9756765524546305,4.686402008746057,4.576950273005817,43.484585999976844,1701.9593220002207,ar_order,64
9a98Kf-464-298969-472051-292323-179462-78575-496080,1181,7.281964436917867,5.5254073231481016e-05,11.639318,12.6727,0.45321476,0.31403252,2.5757218837738036,2.714283561706543,4.32895315391129,4.4112929150735,40.85722700074257,2783.1163639993974,ar_order,64
WVKBPa-017-469001-13769-309009-430207-5054-14754,1033,3.581800580832527,4.264206836523954e-06,13.9315815,14.452908,0.26552725,0.2429157,3.5226085503896076,3.571791426340739,4.68847376335445,4.640798605972997,18.248033999952895,861.7152480001096,ar_order,64
k2rvsa-021-181149-117176-94351-2985-340579-209061,1033,4.162633107454018,1.384729148412589e-05,15.680244,16.021183,0.42624664,0.21175687,1.7904913266499838,1.9618933995564778,4.680536901212715,4.680048156781034,21.74934399954509,1476.4029250000021,ar_order,64
GptLba-028-467697-29563-495971-437270-5575-211212,1033,2.3233301064859635,2.764441342151258e-05,16.37545,17.04347,0.1714923,0.16039708,1.725343108177185,1.7254562377929688,4.673024195345796,4.663735628093624,18.646274999809975,827.48871900003,ar_order,64
3EBeof-459-212842-454791-192385-495971-180085-113105,1033,16.747337850919653,3.53978066414129e-05,8.503105,9.038149,0.78489715,0.7825059,1.4686630328496297,1.5173741976420085,4.490674526664908,4.5033736002086595,129.35305900009553,4773.321305000536,ar_order,64
8C0b9f-461-182650-228203-8651-240298-176776-186349,1704,3.814553990610329,5.752473225584254e-05,14.549826,15.254156,0.24461092,0.316254,3.4969150543212892,3.4718554178873697,4.678278553661979,4.550106927872932,84.28307299982407,1883.3688590002566,ar_order,64
f5sCDf-435-355130-41798-395609-377902-35325-116061,1378,11.901306240928882,9.696379493107088e-06,12.255947,11.282303,0.49681106,0.5500347,1.5894522587458293,1.7234466393788657,4.627234009709746,4.377509167516507,143.10548499997822,4374.387832999673,ar_order,64
5LZsPp-295-239730-414547-129636-470600-495997-1214,1207,22.535211267605636,6.921367457835004e-05,5.854094,5.327616,1.1167512,0.81872606,1.2857762575149536,1.6723746458689372,3.972579374747247,3.9911651966697943,136.5563769995788,6565.115487000185,ar_order,64
rxhq2p-211-212526-349828-67455-407790-412326-143976,1183,7.185122569737954,2.8749458579113707e-05,14.181472,13.903658,0.7880227,0.27602908,2.2601436614990233,2.5658125400543215,4.520780397931533,4.536638623404197,41.098507000242535,2301.6128009994645,ar_order,64
7j8l2a-034-50416-4800-287427-123375-143976-264357,1033,3.0977734753146176,8.71249631018145e-06,14.219827,15.171428,0.2774944,0.2379344,2.29166898727417,2.390207815170288,4.656385713006181,4.556805237200383,16.16908500000136,840.9684959997321,ar_order,64
cedJli-522-192385-152140-262731-156368-123704-333757,719,5.285118219749652,5.254780626273714e-05,12.466999,10.717057,0.35934255,0.27782202,1.9442911227544148,1.9652168989181518,4.024026141652854,4.210226122779949,18.993623999449483,981.4918519996354,ar_order,64
uHCIZa-015-146882-87506-304828-333757-5054-62919,1033,8.615682478218782,1.7520515029900707e-05,10.474598,11.260965,0.5246393,0.44570413,1.279244875907898,1.2826128721237182,4.515059159749229,4.518622878259579,42.855386000155704,2471.205060000102,ar_order,64
UKnMcp-124-361413-129636-57514-52991-68221-81956,1381,20.926864590876175,0.0001672373036853969,9.975697,8.980284,0.9810567,0.5733911,2.1803386847178143,2.3696256001790363,4.4676575233642986,4.499566682560427,229.1676089998873,7222.596663000331,ar_order,64
5ALjRp-161-333766-240226-4800-482510-113619-84055,1026,26.803118908382068,0.0008019127999432385,5.897047,5.5995474,1.3414993,0.9157122,1.2192824284235637,1.2466787099838257,3.9783167863489943,3.9514649146891796,134.78963800025667,7587.555691999114,ar_order,64
Paqf1p-119-254913-443221-90733-163645-32125-188815,1450,9.034482758620689,0.0004479943308979273,10.423594,10.686825,0.5988182,0.4229182,2.3061714331309,2.2726843198140463,4.381308211786539,4.4295171596159575,197.7070389993969,3099.6072309999363,ar_order,64
lDN6of-450-91840-427818-353502-327883-210172-489807,1722,25.02903600464576,0.000440589792560786,5.8612247,3.9942813,1.4912782,0.8382528,1.3722570657730102,1.4867794036865234,3.7696173846921397,3.857350650963499,452.5037090006663,12359.091870000157,ar_order,64
JRGxpf-495-78575-358526-483339-81956-229618-247007,1722,14.227642276422763,0.000252309167990461,7.9583335,6.581392,0.7722481,0.7468712,1.175972549120585,1.1326615730921428,4.427724928480588,4.383497088308353,216.164323999692,6108.37428800005,ar_order,64
yc5Hmf-494-469130-474206-203381-91840-123056-149498,1722,13.472706155632984,0.00020981418492738158,7.5062695,8.124088,0.7719073,0.61916137,2.4810877323150633,2.4213467597961427,4.37666935392867,4.212256135856218,113.76187400037452,6432.488691999424,ar_order,64
6UNJZa-025-136860-357104-38459-89725-366126-252054,1033,9.390125847047434,0.0008322022040374577,10.512234,11.107359,0.51858276,0.43997326,1.2125170628229778,1.211518120765686,4.504328405081729,4.470016604037401,48.41002499961178,2104.2168799995125,ar_order,64
CrjLKf-468-374393-49022-14754-240504-316080-236920,1722,6.562137049941928,0.00014622832532040775,12.41878,12.592603,0.37044993,0.3866512,1.2677229722340901,1.2858641306559244,4.680604203413256,4.672109222341492,54.17691399998148,2947.940070999721,ar_order,64
wkCjvp-408-175927-2985-407790-280816-275802-343332,1046,15.965583173996176,0.0001569680607644841,8.928718,8.936247,0.77267987,0.5588012,1.7170279184977213,1.8733675718307494,4.4675929807853825,4.4884289396741295,82.7693339997495,4895.240986000317,ar_order,64
bnEKPi-496-131237-487747-10048-112031-352809-171454,719,13.908205841446453,0.0004139196826145053,8.810979,7.571415,0.7902427,0.50800675,1.721742868423462,1.816704813639323,3.285704245884056,3.5100962786281498,94.5326799992472,3067.1342490004463,ar_order,64
FW6BFp-225-129636-418989-280816-386883-462467-306759,1649,6.24620982413584,0.0004694216186180711,12.784797,12.885108,0.36347333,0.292798,1.631783127784729,1.6233128627141318,4.513555702217612,4.558169123686796,71.46448900039104,2983.4061850006037,ar_order,64
cZ9D6w-670-134118-41411-423587-125189-84055-98443,662,4.984894259818732,0.0007059596828185022,13.601474,13.5209,0.39769828,0.27084282,3.5045660495758058,3.722480328877767,4.557233519653009,4.569220027274061,17.044355000507494,1143.381349000265,ar_order,64
xlckps-555-489807-93885-138959-23535-14754-299323,1636,10.880195599022006,0.0007390778046101332,9.2449,9.297742,0.6381048,0.4557961,1.4077139933904013,1.4157538572947184,4.481654883414042,4.502066855307896,172.62196699994092,5939.739970999653,ar_order,64
xDMmqs-548-333766-165168-462328-336612-442126-284808,1636,9.7799511002445,0.0005077441455796361,9.83786,9.980473,0.55997604,0.40356264,1.2676425059636434,1.274137790997823,4.226073273578784,4.327395885985179,86.62422399993375,5218.468122000559,ar_order,64
FSyUys-545-306052-88756-228203-369609-91230-448907,1240,3.467741935483871,0.000898472499102354,17.031158,16.5574,0.22686155,0.188451,1.390103816986084,1.3776224772135417,4.6418916650240725,4.648881234758244,66.66508899979817,2049.9700860000303,ar_order,64
FiS63i-513-129107-287427-185152-454791-121010-285778,918,29.956427015250547,0.0005593721871264279,4.569179,2.6524415,1.49611,0.97420025,1.7259807189305623,1.7415682077407837,2.439520086495205,2.7752431236336825,215.6355840006654,7244.377033000092,ar_order,64
AHwsQs-538-108297-304214-140209-237079-426805-448869,1636,26.5281173594132,0.00042765779653564095,6.861081,6.085781,2.2466068,0.8671555,1.2184486548105875,1.2345220883687338,4.053979393714887,4.113287122315192,297.4616399997103,12068.453075999969,ar_order,64
cUyODs-564-324456-286869-479691-123056-485468-274323,1636,14.60880195599022,0.0006575641455128789,8.1376,7.800335,0.8368104,0.6133637,1.3188714186350505,1.2859116633733114,4.462397501096102,4.469362432137447,113.81468499985203,5871.6133710004215,ar_order,64
WOhKts-537-450251-294604-27791-350223-235375-383770,1636,15.158924205378973,0.00046492001274600625,9.394622,9.827849,0.86342543,0.5301825,1.362431573867798,1.4289027214050294,4.391165584497095,4.437164902047447,120.94341299962252,7544.623593999859,ar_order,64
Mtnx5i-515-495971-279778-348676-11995-306560-418034,744,3.225806451612903,0.00028512379503808916,15.733782,12.6845875,0.21066016,0.21650036,1.618318223953247,1.683347757657369,4.670662854810245,4.694097621166874,15.866386000197963,618.5769430003347,ar_order,64
fiDqFe-589-306052-37928-421728-166792-414547-458302,1550,7.548387096774194,0.00034323649015277624,12.39838,12.811122,0.4484385,0.32085872,2.328961483637492,2.506384817759196,4.572673358394143,4.579234833001942,80.13375500013353,2895.4808099997535,ar_order,64
KIklei-503-156368-5054-151331-161307-380077-177809,898,12.138084632516703,0.000185836324817501,8.107674,6.9039207,0.7753977,0.5427006,1.5694085995356242,1.57373894850413,3.2714439364259507,3.5914078935679434,88.74128299976292,2381.9868650007265,ar_order,64
0Rve0i-524-469450-332402-376902-283921-64116-240504,1140,5.087719298245614,0.0009046242921613157,12.929648,12.800841,0.35920587,0.24270184,2.2307668209075926,2.245027208328247,4.001459075613012,4.21575401544903,30.638320999969437,1138.346337999792,ar_order,64
IJqofi-526-68304-236920-183720-152419-94351-316080,661,34.493192133131615,0.0003945751814171672,4.3063154,3.4896352,2.0647423,1.0809188,1.70403311252594,1.7270994742711385,2.37851429334373,2.6011067903843084,151.50191399970936,7283.334364999973,ar_order,64
vAlA7f-458-390385-16661-177809-112031-325632-365075,954,1.4675052410901468,0.00048059478285722435,20.031424,20.720617,0.1323745,0.109183334,4.561510149637858,4.565000851949056,4.7024328691152615,4.703189012289576,7.829137999578961,556.9894729997031,ar_order,64
oK9Hxs-550-7708-104867-460359-299323-420765-264795,1636,3.850855745721271,0.0009720592643134296,13.8063345,14.1016865,0.28367963,0.23535337,1.2942163308461507,1.2836159865061443,4.643602660516633,4.654127893587408,80.68910499969206,2666.7004259998066,ar_order,64
kxh9is-563-24999-276516-377039-462467-365075-67099,1636,6.418092909535453,0.0009378857794217765,13.886194,14.036647,0.44900283,0.29108462,1.7717297871907551,1.757454268137614,4.536975620317508,4.550163205521916,209.72038800027804,3211.9071449997136,ar_order,64
Q4PCSi-506-317415-237079-78108-78427-235375-285778,1152,8.072916666666668,0.0002790152211673558,10.894513,10.9020815,0.48763385,0.35754398,2.1947726885477703,2.1982134024302167,3.7589055659874857,3.9008077525381704,137.94870900073875,2739.757715000451,ar_order,64
zKb4se-576-475285-202921-407950-32125-236920-469001,1236,14.64401294498382,0.0002435800852254033,9.744673,9.425341,0.7687529,0.5912754,1.7109643618265789,1.77371453444163,4.495081844795413,4.301049453137492,166.7399010002555,4848.974386000009,ar_order,64
EZwkWp-195-116061-37928-384031-166684-14787-96948,1442,15.53398058252427,0.0007670152699574828,8.422266,8.283824,0.8816282,0.54797566,1.933281453450521,2.358994785944621,4.236468495429335,4.27211035731608,112.75798600036069,6328.178898999795,ar_order,64
rjyWTe-587-151723-247588-123704-129889-250174-123056,1550,12.129032258064516,0.000710091320797801,9.058,9.583362,0.6396417,0.5278308,1.6945235172907511,1.760539722442627,4.482705766965296,4.491367193795191,135.34268999956112,5254.909625000437,ar_order,64
44Zbvs-567-179462-358526-13671-355104-116061-343332,1636,7.396088019559902,0.00030473197693936527,11.092006,10.001104,0.4493989,0.33978093,1.2094132582346597,1.199136702219645,4.589269138809177,4.615322473937035,86.6261740002301,3545.4332469998917,ar_order,64
ofs2Us-561-469223-161307-229618-187519-295308-129107,1636,15.831295843520781,0.0003641763178166002,8.306696,8.262545,0.8671858,0.5358291,1.831736477216085,2.1263153473536174,4.20121723867229,4.250246310364745,124.9825429995326,7415.565806999439,ar_order,64
jhRr0p-088-489070-351855-386883-172725-333766-16976,1661,16.375677302829622,0.0008774544112384319,8.082859,7.986379,0.9206002,0.6371196,1.6579533338546752,1.8036615133285523,4.224529379181025,4.215077746564589,170.3689599999052,8129.736322000099,ar_order,64
ItvEYp-187-347380-151331-160943-343502-92870-286732,1222,5.973813420621931,0.0003424148017074913,13.020414,13.147992,0.36047912,0.279303,1.7788182655970255,1.795542852083842,4.536322041453007,4.5757974960653325,52.32275500020478,1733.337178999136,ar_order,64
9ImS8p-321-63022-306759-480197-355130-205293-103130,1065,1.4084507042253522,0.0003738635568879545,21.251299,21.816936,0.10603696,0.091481246,3.6431588172912597,3.6525221824645997,4.71473595383492,4.720559156264716,8.225067999774183,310.9771979998186,ar_order,64
PiKSIp-112-109021-465867-125189-123174-211212-334242,1021,9.10871694417238,0.000980529235675931,8.2581415,7.1299386,0.6088252,0.4669734,1.9479109128316243,2.04716899394989,4.253143490317614,4.314314582866251,67.79087999984768,2691.070933999981,ar_order,64
5Lu6ui-514-135410-151381-124082-173176-644-324310,744,9.946236559139784,0.00026409313431940973,10.683702,8.981272,0.5752463,0.40019748,1.4510621229807537,1.4457466363906861,4.541832926087384,4.583203839529242,39.05535800004145,1935.3019749996747,ar_order,64
69ZMRp-276-162832-2757-113105-349816-17243-289593,1207,16.23860811930406,0.0009542101179249585,12.110855,12.046126,0.684738,0.48915982,1.4216158548990885,1.334119693438212,4.321299825725008,4.3023526293186,97.21147199979896,6117.14268599917,ar_order,64
caQa9p-079-134118-41798-311327-343332-125459-231167,1139,6.409130816505707,0.0008238053997047246,18.096634,18.40335,0.2991722,0.22085512,3.5473615964253744,3.6571579615275067,4.497688628416304,4.517310616364507,37.139958999432565,2319.6289340003204,ar_order,64
zQSXvp-215-498788-407950-152419-25062-51581-3467,1400,17.57142857142857,0.0010821843752637506,8.964978,9.116491,0.87604684,0.5494609,1.6044572750727335,1.719261074066162,4.1890861718505,4.2485321952142,146.66439699976763,8496.786197999427,ar_order,64
3Fszap-093-117533-332219-451954-336612-141428-265166,1116,6.451612903225806,0.002600878244265914,13.860237,14.32062,0.4095079,0.29087144,3.4328654925028483,3.4851659456888835,4.517715075159879,4.540990531852376,47.51459599992813,2213.490157999331,ar_order,64
oJJGwp-325-47619-442126-2985-182650-124082-457067,1710,4.035087719298246,0.0017253782134503126,14.828544,15.027513,0.2806094,0.23737748,2.9786759853363036,3.0060970147450763,4.662187374043635,4.655464644112052,34.994089999599964,2177.5207110003976,ar_order,64
0mk6rp-310-146145-90733-51581-27791-50416-437215,1608,1.7412935323383085,0.0014768074033781886,21.149427,21.364819,0.12024639,0.09640292,2.3244825998942056,2.326935799916585,4.711112445541741,4.71287595361661,14.756985000531131,591.6426789999605,ar_order,64
lzFhsp-134-377273-280816-60681-369034-268009-11995,1625,3.076923076923077,0.0012218672782182693,13.747159,14.609233,0.27712008,0.20278905,4.130859295527141,4.481783294677735,4.649489220995306,4.658461698254589,56.08271399978548,1533.2655279999017,ar_order,64
5OQdwp-063-348077-460359-16661-112031-224170-197606,1404,2.7777777777777777,0.005658838432282209,15.737666,15.68684,0.23084731,0.18566735,2.9340433915456137,2.905919090906779,4.638194395907292,4.642411277695977,65.50951999997778,1144.1679199997452,ar_order,64
am1FVp-234-380077-145165-25579-145555-311495-324310,1208,5.380794701986755,0.004206848796457052,15.211092,15.32519,0.271341,0.22913073,2.83650541305542,2.467908334732056,4.5771204396532825,4.510678529896325,48.79669500041928,2419.5066530000986,ar_order,64
1zDUvp-298-108297-119460-56896-348770-68221-98443,1510,2.5827814569536423,0.0020352303981781006,13.490356,13.944292,0.24819513,0.20462944,4.567236010233561,4.623808352152507,4.627779390951337,4.632283682713129,22.63841300009517,1059.937054999864,ar_order,64
cqZnBp-237-143976-377902-462328-483339-384274-414547,1322,8.245083207261725,0.005321722012013197,12.758299,12.31551,0.38884863,0.36025366,1.3578476428985595,1.4234571933746338,4.528361501390787,4.501759735667805,72.01580899982218,3141.870802000085,ar_order,64
N5kbFp-292-397909-407728-152140-117533-153980-62919,1693,21.204961606615473,0.0010815237183123827,10.842613,11.48815,0.7635395,0.80622953,1.4202095905939738,1.466993498802185,4.612462254266298,4.395784722205627,179.34201899970503,9552.627260000008,ar_order,64
DmpOYi-525-91230-450251-209608-292323-92870-38506,1140,16.315789473684212,0.0021517532877624035,7.561225,6.4845757,0.9794248,0.5885299,1.9663515965143838,2.1132641394933063,3.1039362125556096,3.573406011297755,91.78045400039991,3839.1101080005683,ar_order,64
BBcZPi-501-456735-480197-495997-497448-326140-134118,861,0.8130081300813009,0.003230630187317729,22.703115,23.720074,0.092098296,0.054573316,1.8206756194432576,1.814716092745463,4.727759482843238,4.727217899909466,5.3001790001872,225.77483599980042,ar_order,64
BsVmke-591-419538-379538-386302-426805-469450-347380,1550,17.806451612903228,0.002498342888429761,7.19042,7.0128965,0.9285226,0.695364,1.2727982600529988,1.330847191810608,4.230598715767762,4.178712045576884,141.86358999995718,6667.520003999925,ar_order,64
nSu3Cp-366-41411-362672-285778-222370-421926-202035,1118,6.529516994633274,0.006295517086982727,13.036619,13.056022,0.4538457,0.3355337,3.659897470474243,3.6300617853800454,4.671052842195342,4.660644747146343,35.271519999696466,1478.259251000054,ar_order,64
tztd5w-640-23535-348077-410307-64116-151381-134118,1176,11.989795918367346,0.0032262594904750586,11.10609,10.949394,0.7517826,0.45501152,2.3232791900634764,2.4763315518697104,4.24575260870187,4.278450473618929,67.80704100037838,3570.1557219999813,ar_order,64
qQ82Hw-614-91230-379354-379373-260428-324310-287427,949,5.163329820864067,0.0024592585396021605,16.732521,16.592453,0.26674378,0.21661802,1.8246771812438964,1.814707334836324,4.502681770240633,4.517411667412445,24.346031999812112,1389.5486470000833,ar_order,64
f2JFMw-634-136860-113105-22031-310105-248646-32125,824,8.25242718446602,0.0029410782735794783,11.837106,11.743321,0.4492117,0.35051665,2.0276820341746014,2.0728227059046427,4.551341211706813,4.569434651335975,54.06056500032719,1731.7447309997078,ar_order,64
ainjFp-098-145384-88756-289593-274542-488804-292564,2208,9.148550724637682,0.003448504488915205,10.356675,9.963606,0.5811578,0.44367662,1.7428646485010784,1.8197884877522787,4.439271443737072,4.447820324514231,186.49435800034553,5996.933655999783,ar_order,64
BcVzDs-560-352809-57514-418989-243067-209608-32726,1636,6.601466992665037,0.0019297391409054399,14.552397,14.629316,0.42015657,0.27362904,1.4833569208780923,1.5033215681711833,4.614158744979639,4.624546317354881,91.24946399970213,2496.5070660000492,ar_order,64
TypO9p-362-82313-390793-365346-50416-310105-275395,1464,23.36065573770492,0.0034457372967153788,7.3717875,7.4831915,1.4943881,0.8265249,2.4248995939890543,2.756767177581787,4.46467891786128,4.378924072967227,243.43010099983076,10637.499958999797,ar_order,64
nQsrxi-500-35788-354893-151331-437270-461984-276516,861,11.033681765389082,0.004316622857004404,9.595703,9.937821,0.6396074,0.4395074,1.5676926374435425,1.7277934233347574,4.505008067499654,4.506892622705687,49.151965000419295,2156.4706119997936,ar_order,64
ck2Uxp-081-495997-135873-82313-377039-373629-268363,1026,4.775828460038986,0.004637618083506823,14.96585,14.33812,0.2505066,0.25424573,1.984290115038554,2.053067096074422,4.573258143336035,4.538930216046518,30.850081000608043,1211.5081199999622,ar_order,64
jgJdnp-100-135873-177809-247007-67455-332402-185152,1404,5.84045584045584,0.0029392531141638756,13.538359,13.974916,0.35833392,0.2780633,2.9467358112335207,2.9966763178507487,4.547627280979532,4.578359176108994,39.81720799947652,2996.8818999996074,ar_order,64
m8mjCs-533-485468-283456-486330-442126-2757-12865,1636,22.677261613691932,0.0013069127453491092,7.973037,7.5164843,1.2017415,0.7636528,1.2542412281036377,1.244465128580729,4.231479962079117,4.2533915305500765,175.46320000019477,11460.988568000175,ar_order,64
pRaNDw-627-181149-276516-426805-281965-56896-235375,1894,4.7518479408658925,0.002972227055579424,13.706613,13.754878,0.30469635,0.21800388,2.255773321787516,2.037139876683553,4.57175246109982,4.575652347971349,45.92567700001382,3715.606449999541,ar_order,64
U5aQJe-592-437270-129013-295308-406364-103913-497087,1550,4.451612903225807,0.001561999088153243,14.146807,14.896544,0.34870878,0.24017446,2.3513717969258625,2.358906936645508,4.608343103955227,4.611331829992957,70.70263999958115,2816.014023000207,ar_order,64
3e1Tjp-199-462328-423751-38597-248646-74769-2009,1395,9.46236559139785,0.002225166419520974,16.14586,16.037233,0.4491968,0.33853194,1.4065851291020712,1.4377614339192708,4.453709509731079,4.414944073785113,102.64511199966364,3938.041076000445,ar_order,64
SSYQ1w-650-275802-13671-144360-112336-104867-157595,503,5.36779324055666,0.0031455422285944223,18.385166,18.413946,0.23607963,0.18922003,3.282684071858724,3.1836993376413982,4.530776857612442,4.524784695813527,29.355732000112766,1012.9262370001015,ar_order,64
JCRPTw-618-129107-479691-343332-355104-157595-129013,1894,30.517423442449843,0.0062578716315329075,5.688017,5.010997,1.5391096,0.9782925,1.695420241355896,1.7274077892303468,3.7400702733361664,3.781465388713352,352.56315199967503,16799.56333500013,ar_order,64
BThtKf-463-324456-428876-160668-329895-295308-99711,1722,31.3588850174216,0.001240023411810398,4.8753653,4.4520354,1.939156,1.1262575,1.1377896547317505,1.1279740492502848,4.096986306006862,4.126035036471918,462.7797820003252,15402.07734499927,ar_order,64
BNXFqp-404-184495-450557-10737-129636-497448-379538,712,3.089887640449438,0.0009845345048233867,12.931068,12.368513,0.2784364,0.19963622,1.8987498839696249,1.9258402824401855,4.561105868298463,4.608452422050362,16.975585000182036,500.936362000175,ar_order,64
7HBFIp-071-294604-416172-427818-181149-278609-175927,1141,7.887817703768624,0.003979463595896959,12.015629,12.395922,0.5497312,0.35141683,3.357959588368734,3.534104108810425,4.459787855201663,4.46562361514333,69.34821100003319,1998.9581290001297,ar_order,64
fS0Vwp-324-274170-461984-129889-218396-366126-128329,1773,16.130851663846588,0.001755136763677001,12.970892,11.464073,0.700772,0.47409776,3.449417479832967,3.519803222020467,4.289394374580052,4.3565423597150765,141.94903099996736,7639.924147999409,ar_order,64
MJEnPs-553-484336-261033-237079-274170-257745-343308,1636,5.990220048899755,0.0014303416246548295,11.389623,11.614489,0.41808605,0.32140625,1.9307496547698975,1.9774032354354858,4.616159702102005,4.629749314778571,68.22131100034312,2251.710061000267,ar_order,64
noHubp-343-163645-17243-410906-219243-161307-221798,1638,6.654456654456655,0.0025536506436765194,11.579678,11.510562,0.5429385,0.34433734,2.652847909927368,2.7000954786936444,4.565470188107937,4.582564544531824,52.99103600009403,2903.7458439997863,ar_order,64
4sBV1s-535-160927-255765-139119-167772-460359-377902,1636,11.98044009779951,0.0018671865109354258,8.8071785,9.418335,0.7689577,0.4952899,2.2582287152608234,2.336973524093628,4.401233170254775,4.436150081372268,98.18206299951271,4544.95464699994,ar_order,64
IZG94w-666-98443-418034-470600-161118-288253-129889,1707,7.147041593438781,0.004833240993320942,14.951205,14.325867,0.3610374,0.2903227,3.5828086853027346,3.3094648361206054,4.456288647178498,4.423370933450739,60.49351399997249,3260.733688000073,ar_order,64
9hvMUf-482-498788-113105-17243-63022-21827-338584,1318,11.077389984825494,0.0011917749652639031,9.869957,10.090376,0.6068397,0.46173903,2.585118818283081,2.526498858133952,4.540219377935187,4.533129351477132,69.24866200006363,3934.5673550005813,ar_order,64
TkK5fp-380-229618-476225-311495-339484-11995-7708,1573,6.039415130324221,0.003558315569534898,9.279328,9.873642,0.5048011,0.37280175,3.21442289352417,3.250513950983683,4.50919617283038,4.527656707194851,67.19499100017856,2909.9191390005217,ar_order,64
9f3Qjw-657-129013-78427-348770-228203-60643-7188,839,7.866507747318235,0.0029710158705711365,15.580057,15.043311,0.42950845,0.27885467,2.2178816000620523,2.1977279663085936,4.488359060001587,4.507289222550569,53.609864999998535,1904.3155019999176,ar_order,64
mZAhvp-320-51581-316080-475285-152880-108378-407790,2240,19.732142857142858,0.009975253604352474,16.890749,17.269543,0.7195918,0.63079333,2.0766836484273274,2.189313220977783,4.588556798407855,4.337678556568239,416.0034769993217,11882.477232999918,ar_order,64
aVIkMi-504-436373-35788-166684-274170-363774-493700,826,3.753026634382567,0.01687152311205864,15.742601,14.845856,0.24020918,0.20102847,1.3510781129201253,1.350865395863851,4.687199831227593,4.676896544043207,29.69578200008982,1190.380797999751,ar_order,64
wD39yw-617-350336-91230-365075-384274-339484-27577,918,4.139433551198257,0.01175561361014843,13.2110195,13.3265505,0.23641574,0.21023102,2.416529321670532,2.4177104949951174,4.629964415196869,4.635126377574285,60.5496830003176,1276.6434450004454,ar_order,64
WWYmkp-135-247007-450251-229950-249772-273892-186349,1032,18.7984496124031,0.02265731431543827,6.9926887,7.287328,1.0858232,0.7214076,2.1364137331644693,2.2079150517781576,4.186148323564209,4.26837079023864,92.83422499993321,4844.35036800005,ar_order,64
1Q0zzp-067-496080-227228-300626-311379-247007-1214,1044,3.4482758620689653,0.020670078694820404,15.35898,15.590714,0.23238397,0.22408609,3.3152534484863283,3.335333998998006,4.690142364972232,4.6938378057648045,17.803695000111475,933.7081499998021,ar_order,64
9Mkadp-302-273892-209608-109841-324591-494783-498752,1917,13.928012519561817,0.008960635401308537,11.602565,11.412428,0.587347,0.45446888,1.539120602607727,1.623548404375712,4.491368379444606,4.5060176462578285,187.30039000001852,6903.9663390003625,ar_order,64
ui9aDp-122-292323-379538-386883-287427-306759-88721,1070,4.579439252336448,0.009513289667665958,14.196205,15.163732,0.29702917,0.21309756,2.656926647822062,2.816825278600057,4.642578319211765,4.644706572003314,36.078299999644514,1077.062931999535,ar_order,64
YLEXwp-335-240298-183720-447487-129636-202035-44660,1633,4.776484996938151,0.019239043816924095,15.432831,14.977731,0.25566295,0.23466857,2.204119062423706,2.0749226729075114,4.68056262677014,4.656486794987443,39.761029000146664,1950.5260790001557,ar_order,64
6TUCvp-352-108130-78807-55646-250174-386302-414547,1874,14.300960512273212,0.02210024558007717,9.109157,9.279559,0.76912165,0.56547064,1.3848239501317343,1.5522205511728921,4.265227788134261,4.2375861148185585,130.2209759996913,7894.137595999382,ar_order,64
DfzVIp-175-379354-103913-25062-384031-343308-295308,1232,6.737012987012987,0.007324743550270796,16.01392,16.057,0.28624704,0.2435447,2.1943558057149253,2.087839380900065,4.588464610171096,4.512302263455074,40.57584900056099,2317.289162000634,ar_order,64
YuwChp-152-8651-147603-379354-29563-62919-345238,1842,8.360477741585234,0.018081096932291985,12.98397,13.568524,0.4858311,0.3372158,2.8525325934092205,3.077092711130778,4.5029572858509646,4.527074242413723,75.33045899981516,3809.024557000157,ar_order,64
QpHWMp-383-149498-238364-156368-402653-484336-426805,1642,21.74177831912302,0.02199472486972809,6.0300236,6.4912276,1.206344,0.92122144,2.301073122024536,2.5018436272939044,4.4907078961865015,4.445295250725767,170.1643550004519,10556.439330000103,ar_order,64
RkoxIi-499-395609-17243-276516-68344-191485-476225,1053,19.183285849952515,0.013668406754732132,6.2843666,5.5459995,1.2988564,0.6777663,1.5267231782277426,1.7426952679951986,4.318785290856824,4.273105777325182,100.16274400004477,5025.720569000441,ar_order,64
avuTLe-585-474206-355130-317191-361413-333474-248785,1550,11.806451612903226,0.014499159529805183,9.1123,9.316493,0.6295014,0.5555335,1.2900729656219483,1.4229319095611572,4.4292963039750735,4.471320264968826,117.76206900049146,5376.249308999832,ar_order,64
RXuyap-339-457067-332402-329331-281965-472051-353502,1386,8.441558441558442,0.022795502096414566,19.017015,19.113142,0.30919486,0.30800924,1.5451897223790487,1.537482531865438,4.705232522413224,4.565591246538101,84.1110170003958,3695.6671930001903,ar_order,64
cfSfbp-363-68221-13671-186349-322947-197606-339484,1688,12.855450236966826,0.020284058526158333,12.578845,12.771297,0.5669976,0.5499665,2.217526992162069,2.0689480781555174,4.6211253101744765,4.608845107707004,109.45936099960818,6998.2394689996,ar_order,64
jM2z5p-212-362995-350336-202035-87506-239730-207508,960,3.125,0.008350489661097527,21.142582,21.296919,0.1795428,0.13440315,2.691720946629842,2.9014155705769857,4.720317022823059,4.720339292285182,15.455095999641344,859.5762719996856,ar_order,64
HxFzMp-357-24999-343332-90733-489807-316694-345238,1056,12.68939393939394,0.008049515075981617,11.53748,11.381512,0.5984626,0.5728362,2.2545886834462485,2.174308490753174,4.573966435791893,4.439828765813395,212.6053439997122,4164.519307999399,ar_order,64
rllgnp-282-21827-2985-183720-67455-409746-330730,1398,18.812589413447782,0.014075466431677341,11.605141,11.292993,0.90172815,0.57967734,1.386875605583191,1.4073559125264485,4.228700163574931,4.211196911962236,136.15597399984836,7755.557657000281,ar_order,64
IJui6p-278-140209-424453-325632-318907-448869-125189,879,26.39362912400455,0.012646407820284367,5.865111,5.9424686,1.4089481,0.89818424,2.5854854265848797,2.7369948863983153,4.134655958853751,3.752153529373424,260.4806509998525,6574.582869000551,ar_order,64
riuiap-287-319764-286732-35325-55646-391852-1246,1806,5.038759689922481,0.016919877380132675,14.38346,14.629414,0.30220327,0.23897684,2.4540635267893474,2.581375312805176,4.642495278445685,4.646242442575814,43.29476900056761,2482.1777850002036,ar_order,64
9OkIKp-409-379354-383479-166684-320846-480197-361413,1633,3.1230863441518677,0.018505295738577843,21.879951,22.308714,0.16040249,0.13701531,2.0884034872055053,2.2634570916493733,4.650674478709751,4.650296886268881,39.81586000008974,1414.6018920000643,ar_order,64
vTx6Wp-073-38459-458554-472051-230200-332402-365346,1099,10.009099181073704,0.006727493368089199,11.745678,12.099253,0.51257646,0.3758552,1.6156460046768188,1.7111495415369669,4.46052079833487,4.448749650943219,80.9452590001456,3105.020104000687,ar_order,64
9aa0Fp-331-427818-479691-112336-420765-462193-379354,1488,11.491935483870968,0.015810392796993256,13.355974,13.586492,0.65089935,0.3822818,2.171407206853231,2.2954851468404134,4.655283890049892,4.66074772146945,80.84911900004954,4808.926505000272,ar_order,64
Od9CNp-327-140209-326180-101992-35325-166792-451954,1953,10.39426523297491,0.014821072109043598,11.938818,11.136139,0.5017117,0.41364658,2.0973645051320395,2.2116379578908285,4.615012608950355,4.629882343220739,150.84174100047676,5570.1363520001905,ar_order,64
2TcsGp-297-152880-78575-467697-23535-316694-24999,2415,13.250517598343686,0.007391820661723614,9.54508,9.725353,0.86177784,0.5639612,1.3356807231903076,1.49227823416392,4.481679799161059,4.340292711993077,393.7904679996791,8497.106327999973,ar_order,64
IJFPZp-340-90733-100179-99711-247588-402653-355130,1491,3.35345405767941,0.00944688729941845,11.676237,9.997211,0.34340253,0.29137152,1.7677836497624715,1.7726171731948852,4.6719193949702715,4.674406022421523,24.568294000346214,1200.9853809995548,ar_order,64
sNYM9p-246-47619-361413-1214-155820-418901-176776,965,28.808290155440414,0.011091777123510838,6.7847567,6.8033385,1.176742,1.0242143,2.090004499753316,2.1190295298894246,4.537707717191486,3.968599457279544,134.72672500029148,7319.911481999952,ar_order,64
OI5Azp-257-60643-225888-294604-334833-14787-125459,1203,4.904405652535329,0.01875906065106392,15.191856,14.614215,0.481985,0.25692257,1.510457491874695,1.6268385489781698,4.574266323672792,4.582147695767478,31.028653000248596,1252.7078490002168,ar_order,64
vhQX3p-288-256377-386883-276335-177955-380077-80661,2229,2.4226110363391657,0.0165446437895298,15.164775,14.954711,0.19362086,0.16247371,2.217606465021769,2.17457545598348,4.689652422383986,4.688442614801601,41.6254290003053,1726.590407999538,ar_order,64
d4LtRw-656-379354-74769-192385-202921-93885-62534,1673,9.145248057381949,0.009153828024864197,11.787653,11.901613,0.45691177,0.35642934,2.77726198832194,2.921041202545166,4.449805580743785,4.465431138770219,106.27853200003301,3742.9945470003076,ar_order,64
dc4C1p-319-469130-53129-287943-116061-476924-448907,1529,17.658600392413344,0.017503265291452408,14.695725,13.926069,0.96633816,0.49074054,2.2832494417826337,2.331212854385376,4.6996015989812445,4.697396345970255,128.6432569995668,8656.855471000199,ar_order,64
PSLbbp-359-11995-156368-348733-154883-123704-497426,1430,11.888111888111888,0.021002519875764847,9.821865,9.0016,0.68895894,0.52042645,1.8622529983520508,2.0953492244084675,4.643781414603105,4.6417770846224204,89.52203799981362,5178.3252360000915,ar_order,64
zVlcap-263-274542-472051-376372-248785-476225-35325,1292,4.102167182662539,0.021863481029868126,14.127268,14.098595,0.30824032,0.2553273,1.281003745396932,1.248184339205424,4.662928280197597,4.666600958467553,36.354761000438884,1319.543314000839,ar_order,64
rpdA0p-089-193291-347380-224170-426805-310105-489070,1279,8.913213448006255,0.00744014885276556,11.603881,11.673937,0.45372137,0.36932492,1.7813921769460042,1.9058806419372558,4.459139794399004,4.461252594743193,80.50944900060131,2929.4505859998026,ar_order,64
O7tsRw-671-38597-125620-126584-128202-343308-240298,1734,7.035755478662054,0.009212201461195946,13.176373,13.301864,0.451434,0.29566905,2.8186005115509034,2.746851936976115,4.4928674874595345,4.51405433847996,61.92773400016449,3563.033507,ar_order,64
mCLt3p-410-320846-476924-422977-274323-99711-177809,1085,1.4746543778801844,0.022891782224178314,21.176327,21.280636,0.11292296,0.10307205,2.250494368871053,2.3227694829305015,4.725964944043559,4.7246013221255,8.939936999922793,381.67407299988554,ar_order,64
jFujMp-258-2985-422977-276516-270302-316694-390385,1887,7.790143084260731,0.008067467249929905,9.731559,9.519523,0.5803157,0.43327045,2.904047695795695,3.177784713109334,4.419369138551971,4.379143021137669,70.57507199988322,5264.223769000637,ar_order,64
uIq5Cp-346-271293-199372-348733-164849-450557-397909,1966,2.899287894201424,0.015138654969632626,16.129112,16.010872,0.22323418,0.17531121,2.6775361855824786,2.7205176035563152,4.693171844046539,4.698106099162106,28.92190300008224,2498.7155689996143,ar_order,64
2HNvip-384-377039-229618-315211-103130-162269-274323,1838,4.243743199129488,0.014237921684980392,13.518263,14.2074795,0.36717787,0.26839048,3.3917714754740396,3.460599915186564,4.672855033602351,4.663566934913153,56.142886000088765,2913.192428000002,ar_order,64
hImnha-010-474206-125620-494783-410307-474929-314040,1033,9.390125847047434,0.04484827443957329,11.86184,12.061556,0.3752017,0.7019494,1.4742996454238892,1.629864803949992,4.6409747470998495,4.366575975730051,135.51454600019497,3622.9019910006173,ar_order,64
fiBRvp-155-14754-379538-407950-108056-495971-270302,1409,17.033356990773598,0.03848577290773392,8.223173,7.8891425,0.7787207,0.6208663,1.847103238105774,1.8350625356038412,4.235319846595988,3.969748977523448,179.3371149997256,6737.233566000214,ar_order,64
QzAg3p-413-374393-31166-163645-409369-10737-129013,973,10.38026721479959,0.0511818453669548,23.10482,21.181507,0.3817462,0.29364786,1.9295827547709148,1.9886409282684325,4.682027668637486,4.655481719997269,80.554850000226,2356.2782540002445,ar_order,64
JLBTXp-060-194617-60643-435517-420765-124439-152419,1024,10.44921875,0.024550464004278183,10.707965,10.5197735,0.86254716,0.4515572,3.35400276184082,3.858789332707723,4.552004196690788,4.547873159671998,93.59596600006626,2300.8938479997596,ar_order,64
k4Lvzp-329-270302-101992-248785-163995-27791-469130,1701,7.642563198118754,0.051412247121334076,15.280858,13.659353,0.32317773,0.26108924,2.7165782928466795,2.8439987023671467,4.709486548707874,4.663366661388174,63.04793399976916,3085.963664000701,ar_order,64
ZgJsyp-189-209061-292564-111916-92870-126584-280816,1939,5.002578648788035,0.0409746915102005,17.81393,17.679688,0.26721695,0.20617835,1.5875099341074626,1.5604075511296591,4.680505788419319,4.662229033218968,48.31773800015071,2639.7835560001113,ar_order,64
G50hup-092-363552-123056-229618-481410-299323-332402,1114,6.463195691202872,0.028861256316304207,16.531275,16.936663,0.34668317,0.24307789,3.570881207784017,3.8688828627268474,4.619583746319585,4.637814228479493,50.338017999820295,1906.202946999656,ar_order,64
8b8sWp-275-88756-348733-183720-134118-226233-129107,1202,3.577371048252912,0.031784262508153915,14.392176,14.651848,0.27639982,0.23832245,3.30419929822286,3.380717325210571,4.696990817206315,4.683672264546088,22.627143999670807,1376.5493600003538,ar_order,64
vOT8yp-371-205293-131237-111916-212842-29563-288077,1254,6.220095693779904,0.025580398738384247,12.877798,13.833476,0.35719213,0.34932646,2.7992912928263345,2.8172531763712567,4.628358627046556,4.548251967598686,59.37261400049465,2203.2837980004842,ar_order,64
qmNVhp-128-78575-68344-44660-128101-103130-334242,1283,4.75448168355417,0.03182704374194145,15.729244,17.29629,0.2846934,0.19874443,2.2119620005289713,2.2083523432413736,4.625765095426088,4.585521118568323,43.29767899980652,1768.8854139996693,ar_order,64
8wAd8p-068-329159-165684-202035-119460-330730-447487,1209,11.41439205955335,0.0299910269677639,10.074965,10.63467,0.6691062,0.4531465,2.840744988123576,3.022315994898478,4.442624699640777,4.430338189836289,67.36605300011433,3333.898233999207,ar_order,64
tXap2p-281-298969-9753-281965-457067-162269-329331,1012,6.8181818181818175,0.026187583804130554,13.549791,14.206448,0.37223983,0.2868633,2.365078814824422,2.475823465983073,4.664125413016929,4.631226081748703,34.24308200010273,1751.1471600000732,ar_order,64
fdXdMp-313-165684-111916-348770-380077-145384-347380,1440,12.777777777777777,0.03389327600598335,16.20518,16.254662,0.51161677,0.38736865,3.0303823153177896,2.883970785140991,4.675843036928883,4.597575916012551,132.48354799998197,4809.751425999821,ar_order,64
Jpj5sp-423-369034-108056-487747-295308-1246-219243,1468,8.583106267029974,0.05191738158464432,14.92499,14.698624,0.47775474,0.33431032,2.984521230061849,3.254346418380737,4.662402088669429,4.642253463025418,83.5990089999541,3088.9100250005868,ar_order,64
maM4mp-267-195572-141428-108130-299323-8651-456735,1158,7.512953367875648,0.0453246608376503,24.29761,25.639296,0.28323555,0.18708976,3.275556453069051,3.209566863377889,4.720385281527128,4.708862513447138,42.91630999978224,2090.1918889994704,ar_order,64
Aal0cp-183-209061-91230-492922-2757-317191-461984,990,4.545454545454546,0.0922110378742218,16.855288,16.8451,0.23719849,0.18820304,2.0954066276550294,2.0215638955434163,4.645923218825116,4.641370717488142,23.779013999956078,1062.6127099994847,ar_order,64
m5rDOp-062-377273-156368-185152-188815-186260-486330,1445,11.003460207612457,0.02404632605612278,9.494149,9.982156,0.69087225,0.47061774,3.166076405843099,3.326023006439209,4.408968992141673,4.454330336242535,89.68372800063662,4372.404509000262,ar_order,64
IIhdup-184-282845-322947-195637-315211-10737-386302,986,6.896551724137931,0.07097651064395905,17.548754,17.488245,0.3473915,0.22309484,1.5976644277572631,1.5167199532190958,4.598989177863263,4.634520530079875,46.75700899952062,1998.0148530003135,ar_order,64
eiJpip-223-216978-247588-305230-165168-65123-203381,1402,10.556348074179743,0.04873007535934448,13.2136,13.433656,0.51382947,0.39220977,1.3365368763605754,1.334715485572815,4.496150999910311,4.381514525409237,106.6597239996554,4106.452394000371,ar_order,64
uYOkKp-107-143976-376902-185152-437215-90733-10048,968,4.338842975206612,0.029287779703736305,16.978735,17.395094,0.22555207,0.1866049,2.8257238070170083,3.063804038365682,4.617914362861493,4.601777569250348,31.473801999709394,1319.3967090001024,ar_order,64
DWrC0a-013-57191-1214-242009-327883-379538-476225,1033,12.100677637947726,0.0352642759680748,8.022777,8.771664,0.7087934,0.5867035,1.2291977167129517,1.2688582102457682,4.503484709957043,4.285571853175035,86.70660899952054,3452.2167429995534,ar_order,64
6maFGp-305-129013-193291-68221-152880-38506-163335,2424,17.863036303630363,0.02638908289372921,12.289013,13.250203,0.7702613,0.6274925,2.53045342763265,2.7994576613108317,4.628691263998499,4.516612808174315,296.9043779994536,12214.375257000029,ar_order,64
fZg66p-070-68221-216978-377273-239730-53784-3467,994,29.577464788732392,0.03719060495495796,7.172805,7.8844223,1.2934184,0.9807722,1.478868063290914,1.5300650993982952,4.415752523929135,4.314991592291004,139.73617600004218,7789.535053000691,ar_order,64
CF7Gnp-165-481033-25721-175927-209061-312468-108378,1919,17.509119332985932,0.03301472216844559,9.876614,9.952678,0.8373642,0.5801168,2.280837647120158,2.5102216879526775,4.249826988159603,4.2076490907053214,160.1719319996846,8816.474919999564,ar_order,64
tTMeWp-326-264357-280816-2985-25721-189658-311379,2359,8.902077151335313,0.04867259040474892,12.207327,12.756161,0.5217649,0.43307638,2.6462843894958494,2.8236393133799234,4.648340152002422,4.645450216176538,98.35896700042213,5271.283883000251,ar_order,64
kDEiGp-268-254920-474864-52991-170820-165168-328121,1029,24.101068999028183,0.09233691543340683,5.452201,5.4158554,1.7884885,0.96093184,1.183853530883789,1.2767930189768473,4.517121019371976,4.466379401313139,120.68287100009911,6297.318038999947,ar_order,64
rkSMcp-349-162269-339484-74769-12865-363552-41411,1411,14.386959603118354,0.02514478750526905,14.9552765,15.207533,0.5727119,0.5188373,1.7572082201639811,1.721240266164144,4.684770776818835,4.458648218664514,183.75248600023042,4988.015262000772,ar_order,64
FZwvbp-205-349816-138959-261033-383479-409369-152140,1111,28.26282628262826,0.03914736211299896,6.183419,6.392005,1.3243444,1.0521326,1.3846908966700235,1.3556539376576742,4.420690908616092,4.0041346788515435,152.8717739993226,10168.240105999757,ar_order,64
ie6iSp-097-407790-253414-334074-464643-167361-80351,1395,3.942652329749104,0.03198687732219696,25.913668,25.972452,0.13998099,0.11190062,2.567733907699585,2.4809054056803386,4.637028120950036,4.642675725315138,27.220293000027596,1214.7009390000676,ar_order,64
Q1VJ4p-396-67099-191485-442126-324310-384031-392966,757,0.5284015852047557,0.04145583510398865,44.041943,43.86689,0.018981406,0.015839478,2.5501493295033772,2.5779540220896404,4.731215339390909,4.731240306583492,2.678410000044096,79.49085099971853,ar_order,64
BLAVyp-401-374393-353502-276516-464643-247007-280816,1578,17.743979721166035,0.0333615206182003,7.0268583,7.192419,1.0877537,0.76266617,1.3064718008041383,1.3043933550516764,4.501682698800471,4.396798565104766,136.5056579998054,8390.440455999851,ar_order,64
qx9MPf-447-243466-253414-78108-327883-41798-186349,1722,15.911730545876887,0.0489613376557827,7.799426,7.7057223,1.9977411,1.0057248,1.660790451367696,1.7175901095072428,4.150379788217362,4.14604030500821,135.17496699932963,7305.412634000277,ar_order,64
4fsgkp-253-311495-209061-229618-287427-276516-38459,1013,6.811451135241856,0.02615589275956154,13.44467,13.738276,0.4059926,0.2949772,2.3356481552124024,2.3675126870473227,4.653820135516298,4.6327566216871725,35.196302000258584,2101.1940689995754,ar_order,64
u3JmNp-105-377036-373629-177809-287789-419538-221798,1057,9.082308420056764,0.03273187577724457,11.237045,11.47143,0.70810837,0.37474847,2.2573400497436524,2.904216194152832,4.641728571278005,4.62045861660501,47.50696900009643,3047.2684950000257,ar_order,64
7gnoMp-243-13140-469001-90733-352371-418901-62534,1349,14.381022979985175,0.03019716590642929,10.400094,10.26966,0.9281392,0.5421206,1.5940520207087199,2.057742961247762,4.607542732928666,4.516531820984187,135.08781699965766,7126.384996000525,ar_order,64
WYTgYp-403-306759-7708-254913-153980-163947-460359,1450,4.206896551724138,0.0560128353536129,14.268895,13.392695,0.29850796,0.2511312,2.278126573562622,2.2838832060496013,4.672358070998355,4.650838252829823,91.23973799978558,1719.5697119996112,ar_order,64
zRlcSp-181-25062-53784-123056-333757-268363-211084,1709,6.1439438267992985,0.025759130716323853,14.541055,14.98983,0.3272992,0.27001667,2.3187172094980877,2.37461093266805,4.649213170156545,4.48852589640478,74.0041930002917,3140.0874780001686,ar_order,64
TaYTvp-415-63022-179855-481410-392966-38597-437270,762,4.593175853018373,0.03335783630609512,16.423742,16.307962,0.32831874,0.22343485,2.6356913566589357,2.657149155934652,4.68410410303513,4.6567475219911785,18.04130499931489,1602.17835200001,ar_order,64
9kbanp-261-50416-108056-469001-231167-334074-209061,1007,5.958291956305859,0.026795921847224236,12.387369,13.201571,0.41668555,0.2951499,2.0332140843073527,2.1485758701960247,4.649337461882878,4.6159459987377325,41.630410999459855,1847.3649280003883,ar_order,64
DLZvmp-426-78108-128329-469130-165684-261033-84004,868,7.71889400921659,0.026906199753284454,11.054555,11.690011,0.52252394,0.41102266,2.1072091102600097,2.3050249576568604,4.631687907488804,4.531276606138249,55.853896000371606,2269.4324900003267,ar_order,64
i0Ocoe-610-395609-211084-211212-108056-187519-202035,1390,9.784172661870503,3.9601487515028566e-05,11.257805,10.913024,0.46232414,0.4387493,1.8831975698471068,1.9562020858128866,4.614674420463705,4.602805302841494,112.33331399944291,3494.8913460002586,ar_order,128
PBDVAf-465-366971-117533-197606-160943-60681-25579,1722,3.426248548199768,2.0712036530312616e-06,17.206516,17.190035,0.25988564,0.16650692,2.424688625335693,2.551332139968872,4.696689377115373,4.701031478051729,36.13959199992678,1480.1083249994917,ar_order,128
sF1D5f-429-45816-14754-487747-347380-61770-187519,918,1.4161220043572984,6.66032019580598e-06,24.17252,26.24182,0.08831566,0.061138183,3.142388375600179,3.1646677970886232,4.728168278659327,4.727864863777783,8.914097999877413,396.8412280000848,ar_order,128
8lHaxa-001-437270-91230-96853-392966-377039-493700,1033,8.712487899322362,1.6546022379770875e-05,13.024649,13.442614,0.43283153,0.31893742,1.5989302078882852,1.5317987600962322,4.651524076716917,4.5387406361448015,82.46060099918395,2377.7234070003033,ar_order,128
wH6bMa-009-144175-39168-315211-114587-333757-10048,1033,7.55082284607938,4.100139267393388e-05,13.114159,13.655579,0.59524685,0.34572116,1.514388124148051,1.4761744578679403,4.498972115702927,4.524287734748318,46.87866899985238,1992.3688469998524,ar_order,128
l3Lvae-611-211084-218396-212842-198509-334833-311379,1390,4.244604316546763,4.941728548146784e-05,18.550795,19.707981,0.19739312,0.19803171,3.248688586552938,3.2989166259765623,4.7025385124615475,4.695670891534067,100.62162700069166,1429.734919999646,ar_order,128
cmHjrf-493-348077-309854-224170-458554-202179-472051,1722,16.144018583042975,0.00013046321691945195,7.861594,7.5733466,0.82580304,0.7807877,1.2162392457326254,1.2286182006200155,4.359964978625966,3.952194913479141,165.6195019995721,6547.620929000004,ar_order,128
9srcUf-448-162832-472051-219243-152140-401183-304828,1722,11.091753774680605,7.126033096938045e-07,9.774467,9.857155,0.64068645,0.6697952,1.3953096389770507,1.5494145234425862,4.5986076452045195,4.600928253110582,115.2100330000394,4496.017698000287,ar_order,128
pMchYa-011-461984-248646-131237-259340-281965-474206,1033,3.291384317521781,7.092276973708067e-06,16.81409,17.274553,0.20639567,0.1904643,1.459808357556661,1.4930395046869913,4.69099695903793,4.645709882341285,21.329814999262453,696.2778799997977,ar_order,128
rqqrUf-476-372299-90733-207508-318838-254913-53278,1590,15.786163522012577,1.0736808690126054e-05,9.748798,9.925736,0.776351,0.7016456,2.408255116144816,2.8144346396128337,4.602906985166771,4.45781224046653,176.93875999975717,5972.252463000586,ar_order,128
KWj8Li-521-358526-235375-78807-67455-237079-21827,802,14.588528678304238,5.653791959048249e-05,8.547792,8.6181135,0.9657909,0.48624048,1.957071057955424,2.6927770296732585,4.315813131789903,4.317396940721527,129.80196899934526,2623.385679000421,ar_order,128
LIJKja-026-447487-148409-188815-38506-78427-479691,1033,5.517909002904163,1.2104389497835655e-05,12.506179,12.824798,0.36722386,0.30501196,1.3299216985702516,1.4000081300735474,4.626621073220204,4.58351555989198,42.797999999493186,1163.6329729999488,ar_order,128
P4ZKje-597-228203-427818-407728-174918-211212-250174,1550,22.967741935483872,0.0001234940718859434,6.4912806,6.970867,1.0988446,0.8133705,1.3493648608525595,1.431206210454305,4.322043919149116,4.284644548915394,223.55984800014994,11262.100365000151,ar_order,128
zoFKbf-438-268009-220507-287943-286732-24538-454712,1653,12.583182093163945,5.697601750398462e-07,9.745151,8.825187,0.6177599,0.57444143,2.0444117387135825,2.1583990255991616,4.558809349726391,4.466843460724874,125.45300199963094,5175.453437999749,ar_order,128
FPRIpe-578-474864-126584-425422-304828-148409-10737,1550,9.096774193548388,7.081195508362725e-05,10.652439,12.133648,0.45630014,0.44396195,2.5166660149892173,2.6951009750366213,4.614269275119199,4.527238862509769,87.66263999950752,3326.0728799996286,ar_order,128
Th8NDe-613-23535-495997-395609-270487-329331-383770,1390,14.100719424460431,8.22431466076523e-05,8.998455,9.912367,0.6252945,0.6576266,2.201784038543701,2.485665496190389,4.561474064996636,4.52195783585415,134.06367900006444,5937.769257999207,ar_order,128
KFAl8f-427-406364-361413-456735-410307-286869-348733,1722,18.641114982578397,5.997956031933427e-05,8.288887,8.376075,0.8692487,0.64082557,1.4283859729766846,1.5010064284006754,4.2455875725477625,4.3105530200003495,192.0219960002214,10125.572290000491,ar_order,128
rn9v1e-583-369034-383770-175927-399756-390385-383479,1550,11.67741935483871,1.7469614249421284e-05,11.177592,11.394071,0.49153575,0.47491845,2.444553772608439,2.588361692428589,4.600514413333367,4.481455816735505,109.81894500037015,7057.06710800041,ar_order,128
SnJBwf-434-37928-376902-480197-51581-328121-350223,1378,5.732946298984035,1.790127271306119e-06,14.283418,14.237196,0.39233613,0.29239085,1.8916841189066569,2.0798139333724976,4.661045487293327,4.66202462528947,74.85480299965275,2442.1946149996074,ar_order,128
amZyRf-444-7708-476924-468905-275802-405424-380077,1722,2.5551684088269457,3.279495786046027e-06,16.93665,16.970694,0.17042853,0.17766131,2.057090441385905,2.0097948869069415,4.702675511386588,4.690780195643171,28.276544000618742,981.40538700045,ar_order,128
a4WwUa-043-141142-113619-397909-469223-287427-421926,1033,26.427879961277835,3.878655479638837e-05,5.742882,5.883922,1.2770625,0.94327956,1.154067826271057,1.2097925742467244,4.166708108652456,4.159256950830788,170.7364920002874,8859.655591999399,ar_order,128
mvvOnf-472-106-135410-148409-334242-45816-353502,954,4.5073375262054505,4.8512858484173194e-05,13.553045,13.467209,0.33762178,0.28327286,2.6119707107543944,2.7577258745829263,4.616977045199659,4.616580344450469,38.92659099983575,2392.4788069998613,ar_order,128
oRqMra-058-167772-480197-43889-36331-135873-265166,1033,2.904162633107454,6.2980648181110155e-06,22.277452,22.588959,0.1606908,0.10663631,2.939241139094035,3.0792706489562987,4.721821977722094,4.720839760893169,49.6095280004738,2299.576110000089,ar_order,128
1rIrKa-023-409746-287789-276335-17243-340579-260428,1033,1.6456921587608906,1.7720502000884153e-05,18.067486,19.46214,0.13787603,0.11446985,1.619978872934977,1.6432435353597006,4.708604817423801,4.71788395543733,32.463763000123436,1143.7015619994781,ar_order,128
xX6Wce-607-140209-262731-151331-7708-427818-497426,1390,3.741007194244604,2.83738954749424e-05,17.573627,18.048836,0.18821459,0.1889958,2.9540377140045164,3.0002291043599447,4.709056488508532,4.710427790641159,96.70861799986596,2802.613977999499,ar_order,128
3hvoVa-051-2307-202921-218396-175927-14787-464643,1033,5.324298160696999,1.6514632079633884e-05,14.703518,15.281803,0.36780787,0.25866985,1.5021542072296143,1.5619058847427367,4.663684400366042,4.653736829344807,64.32285500068247,1281.3395350003702,ar_order,128
87hwjf-487-426805-60643-437215-160943-182650-407728,1181,5.080440304826419,1.0143882036572904e-06,12.832189,11.408544,0.34772834,0.3845439,1.420272739728292,1.4437000354131062,4.66235927981676,4.604018873458226,40.963911000289954,1233.0584769997586,ar_order,128
98pQ7f-492-161118-44660-2985-495997-227228-191485,1722,3.948896631823461,3.370679678482702e-06,17.78411,18.702007,0.18863396,0.20276475,3.093785127003988,3.032402928670247,4.692072548313019,4.587200262514223,44.44192000028124,1659.856600999774,ar_order,128
9a98Kf-464-298969-472051-292323-179462-78575-496080,1181,7.281964436917867,5.5254073231481016e-05,12.163333,13.059843,0.40997627,0.29679695,2.6756628513336183,2.778898525238037,4.348880456275355,4.433950263045611,52.05569800000376,2180.824006999501,ar_order,128
WVKBPa-017-469001-13769-309009-430207-5054-14754,1033,3.581800580832527,4.264206836523954e-06,14.540701,14.91428,0.24703197,0.23309606,3.5539609750111896,3.6203460534413656,4.692212881533873,4.64300338177288,31.744773000355053,861.4578889992117,ar_order,128
k2rvsa-021-181149-117176-94351-2985-340579-209061,1033,4.162633107454018,1.384729148412589e-05,17.123995,17.17506,0.3648804,0.19409513,1.8418083349863688,1.966802962621053,4.683908276751706,4.686167790858966,35.486652000145114,1136.9149289994311,ar_order,128
GptLba-028-467697-29563-495971-437270-5575-211212,1033,2.3233301064859635,2.764441342151258e-05,17.666286,18.251823,0.15359153,0.1454374,1.6995261907577515,1.7220590829849243,4.679524158132775,4.669491272736745,21.76128500013874,535.3132220006955,ar_order,128
3EBeof-459-212842-454791-192385-495971-180085-113105,1033,16.747337850919653,3.53978066414129e-05,9.765388,10.133554,0.6872287,0.7111185,1.6562234958012898,1.8636683464050292,4.525735936334462,4.5262910580049125,104.31486600009521,5850.349463999919,ar_order,128
8C0b9f-461-182650-228203-8651-240298-176776-186349,1704,3.814553990610329,5.752473225584254e-05,15.951124,16.239857,0.20616353,0.28624097,3.5233541170756024,3.4904799938201903,4.695771611867793,4.568106479959632,122.35570200027723,1705.8564740000293,ar_order,128
f5sCDf-435-355130-41798-395609-377902-35325-116061,1378,11.901306240928882,9.696379493107088e-06,13.9855175,12.402011,0.45496416,0.5174545,1.6620936711629233,1.7987910906473796,4.645329044454179,4.391930267248117,212.23053300036554,4378.2091600005515,ar_order,128
5LZsPp-295-239730-414547-129636-470600-495997-1214,1207,22.535211267605636,6.921367457835004e-05,8.949662,7.833008,0.9113548,0.7076327,1.7850082874298097,2.212624931335449,4.121507496907828,4.179035146781381,246.20407599923055,6860.687721000431,ar_order,128
rxhq2p-211-212526-349828-67455-407790-412326-143976,1183,7.185122569737954,2.8749458579113707e-05,14.707788,14.494093,0.7100734,0.2648505,2.169825236002604,2.5742170810699463,4.523119443797129,4.540845568040431,96.79614900051092,2441.2536640002145,ar_order,128
7j8l2a-034-50416-4800-287427-123375-143976-264357,1033,3.0977734753146176,8.71249631018145e-06,15.021533,15.909896,0.24788237,0.22096868,2.3473920186360675,2.4163667519887286,4.665427386758517,4.565034990296683,21.087365999846952,656.6948850004337,ar_order,128
cedJli-522-192385-152140-262731-156368-123704-333757,719,5.285118219749652,5.254780626273714e-05,12.6094475,10.809788,0.34800795,0.27746862,1.9182358741760255,1.975959316889445,4.031867194769543,4.21689522707277,23.461124999812455,884.8074659999838,ar_order,128
uHCIZa-015-146882-87506-304828-333757-5054-62919,1033,8.615682478218782,1.7520515029900707e-05,10.82403,11.5457115,0.48082462,0.43320596,1.2784133911132813,1.2852389176686605,4.5220788479384115,4.530013332929067,102.7095380004539,2366.699343999244,ar_order,128
UKnMcp-124-361413-129636-57514-52991-68221-81956,1381,20.926864590876175,0.0001672373036853969,10.062077,8.933872,0.8867841,0.56486017,2.16945751508077,2.438057851791382,4.480056262959607,4.511210843169179,225.2187709991631,7232.118401000662,ar_order,128
5ALjRp-161-333766-240226-4800-482510-113619-84055,1026,26.803118908382068,0.0008019127999432385,6.975934,6.5522585,1.2550056,0.8716243,1.211504864692688,1.2274539073308308,4.00814005174149,3.9704889764396176,172.90005199993175,6896.650024999872,ar_order,128
Paqf1p-119-254913-443221-90733-163645-32125-188815,1450,9.034482758620689,0.0004479943308979273,13.550341,13.662655,0.41919053,0.30678216,2.6205737908681233,2.7102840264638264,4.430577836887722,4.473842121629327,81.47179200022947,2732.3472660000334,ar_order,128
lDN6of-450-91840-427818-353502-327883-210172-489807,1722,25.02903600464576,0.000440589792560786,5.849415,3.8965092,1.4201331,0.83911735,1.3393563747406005,1.489931297302246,3.779786124794412,3.887369170377597,349.1371239997534,12030.561018000299,ar_order,128
JRGxpf-495-78575-358526-483339-81956-229618-247007,1722,14.227642276422763,0.000252309167990461,8.83933,7.128462,0.7169569,0.7234235,1.1715637922286988,1.1380969206492106,4.448041714229118,4.400063255949356,205.4381950001698,6440.537698999833,ar_order,128
yc5Hmf-494-469130-474206-203381-91840-123056-149498,1722,13.472706155632984,0.00020981418492738158,7.8346157,8.496818,0.719673,0.60492456,2.5513375282287596,2.468696355819702,4.386681085849329,4.236113243069625,202.85879499988368,5890.848717000154,ar_order,128
6UNJZa-025-136860-357104-38459-89725-366126-252054,1033,9.390125847047434,0.0008322022040374577,12.373114,12.483913,0.41811776,0.37780067,1.1963951428731283,1.2012383937835693,4.554754179429272,4.53878023879634,62.421015999461815,2304.0437299996483,ar_order,128
CrjLKf-468-374393-49022-14754-240504-316080-236920,1722,6.562137049941928,0.00014622832532040775,13.169118,13.34742,0.35212708,0.37083468,1.2776811758677165,1.2773268620173137,4.684149500043744,4.6783700948443245,68.13238500035368,2804.82842299989,ar_order,128
wkCjvp-408-175927-2985-407790-280816-275802-343332,1046,15.965583173996176,0.0001569680607644841,10.644318,10.576069,0.69332457,0.5062404,1.9175607601801554,2.0695635080337524,4.504001574371695,4.541934104062565,101.86435800005711,4356.893589999345,ar_order,128
bnEKPi-496-131237-487747-10048-112031-352809-171454,719,13.908205841446453,0.0004139196826145053,8.8684225,7.562878,0.78155357,0.50772923,1.7112559954325357,1.8423056681950887,3.278378995589569,3.5204704416780057,77.50434399986261,2744.9529699997584,ar_order,128
FW6BFp-225-129636-418989-280816-386883-462467-306759,1649,6.24620982413584,0.0004694216186180711,14.816594,14.753994,0.29027995,0.24858029,1.7298265059789022,1.7523816188176473,4.541376729843092,4.57782271681902,64.73136600016005,3078.6939079998774,ar_order,128
cZ9D6w-670-134118-41411-423587-125189-84055-98443,662,4.984894259818732,0.0007059596828185022,14.158056,13.952927,0.35334894,0.25665095,3.6797874132792154,3.8543031851450604,4.558966444306417,4.569953872230641,20.7128060001196,842.4558380002054,ar_order,128
xlckps-555-489807-93885-138959-23535-14754-299323,1636,10.880195599022006,0.0007390778046101332,9.623077,9.553354,0.5730755,0.43483105,1.4014334599177043,1.4430463314056396,4.495746437994301,4.513029672562939,130.6887809996624,5380.423028999758,ar_order,128
xDMmqs-548-333766-165168-462328-336612-442126-284808,1636,9.7799511002445,0.0005077441455796361,10.36731,10.4596405,0.5002739,0.3787217,1.271878973642985,1.288648255666097,4.260780901801572,4.366161297911203,143.3239190000677,4863.031943999886,ar_order,128
FSyUys-545-306052-88756-228203-369609-91230-448907,1240,3.467741935483871,0.000898472499102354,18.432318,17.10272,0.19447486,0.1727392,1.3979459921518962,1.379854679107666,4.649237090049894,4.6556294401779486,71.8709940001645,2061.723200000415,ar_order,128
FiS63i-513-129107-287427-185152-454791-121010-285778,918,29.956427015250547,0.0005593721871264279,4.5672827,2.557421,1.4542974,0.97855693,1.6947894811630249,1.8023460785547891,2.4471876544206075,2.8131984757557507,187.21809999988182,7286.295529000199,ar_order,128
AHwsQs-538-108297-304214-140209-237079-426805-448869,1636,26.5281173594132,0.00042765779653564095,6.8606377,6.2356234,2.0732622,0.85820127,1.2101818561553954,1.2306389967600504,4.061016051277719,4.124238080090705,266.41831300003105,10635.228375000224,ar_order,128
cUyODs-564-324456-286869-479691-123056-485468-274323,1636,14.60880195599022,0.0006575641455128789,10.161913,9.762516,0.6757908,0.5181251,1.4846030235290528,1.377604643503825,4.505027231571497,4.506484938369698,154.99257600004057,5895.0372549998065,ar_order,128
WOhKts-537-450251-294604-27791-350223-235375-383770,1636,15.158924205378973,0.00046492001274600625,10.856674,10.847242,0.72753024,0.4782749,1.364673391977946,1.5302810192108154,4.4357776501745,4.477641362332088,153.6477070003457,6886.24211700062,ar_order,128
Mtnx5i-515-495971-279778-348676-11995-306560-418034,744,3.225806451612903,0.00028512379503808916,15.773953,12.768302,0.20573318,0.21549587,1.6053536097208658,1.687637464205424,4.672487010228661,4.69549338194191,21.952556000542245,656.1309099997743,ar_order,128
fiDqFe-589-306052-37928-421728-166792-414547-458302,1550,7.548387096774194,0.00034323649015277624,14.882871,15.288,0.38563347,0.2671801,2.487968095143636,2.8746893723805744,4.616660712346149,4.644014533550284,100.2844600006938,2809.446437000588,ar_order,128
KIklei-503-156368-5054-151331-161307-380077-177809,898,12.138084632516703,0.000185836324817501,8.1828,6.779652,0.7454918,0.5437012,1.5360710144042968,1.5770666599273682,3.273472118611754,3.616071392749619,86.27729100044235,2502.6176020001003,ar_order,128
0Rve0i-524-469450-332402-376902-283921-64116-240504,1140,5.087719298245614,0.0009046242921613157,13.001854,12.688651,0.3516017,0.24345069,2.212371810277303,2.2680207888285318,4.007096216898131,4.234158360268431,35.71022200048901,1115.1614760001394,ar_order,128
IJqofi-526-68304-236920-183720-152419-94351-316080,661,34.493192133131615,0.0003945751814171672,4.404781,3.4448147,2.00488,1.0799838,1.6453349033991496,1.85092404683431,2.3771901601070438,2.6266189011346834,138.0938909996985,7411.294773999543,ar_order,128
vAlA7f-458-390385-16661-177809-112031-325632-365075,954,1.4675052410901468,0.00048059478285722435,27.285557,27.911272,0.0773845,0.0662133,4.700540320078532,4.67680762608846,4.707409721692343,4.705613423021778,9.159578999970108,319.22464200033573,ar_order,128
oK9Hxs-550-7708-104867-460359-299323-420765-264795,1636,3.850855745721271,0.0009720592643134296,15.496154,15.512153,0.23294288,0.19837444,1.3394193410873414,1.363410234451294,4.656022812059797,4.665500879765904,91.04226100043888,2973.879866999596,ar_order,128
kxh9is-563-24999-276516-377039-462467-365075-67099,1636,6.418092909535453,0.0009378857794217765,15.262508,15.111645,0.3440118,0.23452692,1.7929233233133952,1.8566011428833007,4.570122219209161,4.585459182541345,102.22368799986725,2678.3330220005155,ar_order,128
Q4PCSi-506-317415-237079-78108-78427-235375-285778,1152,8.072916666666668,0.0002790152211673558,11.313792,11.248879,0.4669801,0.3475262,2.190515232086182,2.226051187515259,3.800298358464322,3.9481941505768785,79.48384400060604,2173.9188880001166,ar_order,128
zKb4se-576-475285-202921-407950-32125-236920-469001,1236,14.64401294498382,0.0002435800852254033,10.098476,9.717276,0.66340196,0.577491,1.7559462149937948,1.7727489312489828,4.5097746502314395,4.305523519815412,109.55561699938698,4417.459684000278,ar_order,128
EZwkWp-195-116061-37928-384031-166684-14787-96948,1442,15.53398058252427,0.0007670152699574828,10.039691,9.977457,0.7849739,0.4923831,1.9442212263743082,2.38375670115153,4.2546456083726065,4.286187844958864,175.6411330006813,6571.083505999923,ar_order,128
rjyWTe-587-151723-247588-123704-129889-250174-123056,1550,12.129032258064516,0.000710091320797801,10.014013,10.342113,0.5630047,0.4977471,1.6340689102808634,1.8192859093348186,4.507205333342188,4.522419595469318,203.83285699972475,5637.111897000068,ar_order,128
44Zbvs-567-179462-358526-13671-355104-116061-343332,1636,7.396088019559902,0.00030473197693936527,11.266634,10.195017,0.41581246,0.33423388,1.2024306774139404,1.1850030422210693,4.595380802048487,4.616148645395229,194.9327499996798,3349.7520580003766,ar_order,128
ofs2Us-561-469223-161307-229618-187519-295308-129107,1636,15.831295843520781,0.0003641763178166002,9.006289,8.906983,0.80030173,0.518164,1.8854085048039755,2.2590189297993977,4.214720013838406,4.26249439052367,164.0226959998472,6978.163089999725,ar_order,128
jhRr0p-088-489070-351855-386883-172725-333766-16976,1661,16.375677302829622,0.0008774544112384319,10.072594,9.981129,0.7632584,0.5518474,1.832424275080363,1.9440511067708333,4.245533728698523,4.225208649370871,181.11430200042378,7548.210003999884,ar_order,128
ItvEYp-187-347380-151331-160943-343502-92870-286732,1222,5.973813420621931,0.0003424148017074913,15.502177,15.336287,0.27415514,0.22099064,1.8853381474812825,1.9080680847167968,4.563054270438564,4.599568077534538,45.50337099954049,1799.1180879998865,ar_order,128
9ImS8p-321-63022-306759-480197-355130-205293-103130,1065,1.4084507042253522,0.0003738635568879545,24.635307,25.807478,0.080951475,0.06716368,3.7585224310557046,3.7950751463572185,4.719150512419507,4.724126655852262,13.834846000463585,354.7509869995338,ar_order,128
PiKSIp-112-109021-465867-125189-123174-211212-334242,1021,9.10871694417238,0.000980529235675931,8.429506,7.461045,0.5764106,0.45252904,1.903656045595805,2.0599128007888794,4.269071975049452,4.342285828638996,120.1252150003711,2780.3676610001276,ar_order,128
5Lu6ui-514-135410-151381-124082-173176-644-324310,744,9.946236559139784,0.00026409313431940973,10.949188,9.242157,0.5465377,0.39115262,1.435471240679423,1.4577869097391765,4.5485103549460835,4.588499658674538,118.33450599988282,1978.236234999713,ar_order,128
69ZMRp-276-162832-2757-113105-349816-17243-289593,1207,16.23860811930406,0.0009542101179249585,12.681856,12.5847645,0.64728326,0.47792843,1.4028120279312133,1.3849754333496094,4.330464010347302,4.313076539769029,167.60835599961865,6385.990633000802,ar_order,128
caQa9p-079-134118-41798-311327-343332-125459-231167,1139,6.409130816505707,0.0008238053997047246,20.178974,20.342892,0.25792384,0.19948089,3.775481128692627,3.858277114232381,4.50738434382239,4.521721824389278,63.06161699922086,2077.8180860006614,ar_order,128
zQSXvp-215-498788-407950-152419-25062-51581-3467,1400,17.57142857142857,0.0010821843752637506,10.856291,10.038578,0.7412091,0.51278734,1.6525168975194295,1.7186582406361899,4.207853315422717,4.265582431965323,151.95436799967865,7446.3024120004775,ar_order,128
3Fszap-093-117533-332219-451954-336612-141428-265166,1116,6.451612903225806,0.002600878244265914,15.553385,15.575897,0.28585246,0.2150144,3.9151663462320965,3.923314619064331,4.530296142459924,4.547076776347669,44.108031000178016,2044.0994350001347,ar_order,128
oJJGwp-325-47619-442126-2985-182650-124082-457067,1710,4.035087719298246,0.0017253782134503126,17.334162,17.375454,0.20074427,0.17765696,3.2361863613128663,3.1606166203816732,4.677262265440279,4.668236152365807,43.58721099924878,1824.7412390001045,ar_order,128
0mk6rp-310-146145-90733-51581-27791-50416-437215,1608,1.7412935323383085,0.0014768074033781886,23.846039,24.000338,0.09410456,0.07330897,2.301838175455729,2.357456620534261,4.714149358896793,4.714970864247605,48.59173000022565,921.8059429995265,ar_order,128
lzFhsp-134-377273-280816-60681-369034-268009-11995,1625,3.076923076923077,0.0012218672782182693,14.744375,15.408311,0.2382893,0.17989254,4.272268486022949,4.573838837941488,4.656919121838478,4.666586164299136,100.30456000004051,2026.3566300000093,ar_order,128
5OQdwp-063-348077-460359-16661-112031-224170-197606,1404,2.7777777777777777,0.005658838432282209,16.91299,16.885847,0.16773129,0.13661216,3.352093156178792,3.3749191761016846,4.647568200153545,4.651267061856323,39.08093199970608,1664.7908130007636,ar_order,128
am1FVp-234-380077-145165-25579-145555-311495-324310,1208,5.380794701986755,0.004206848796457052,16.142958,16.087744,0.25219297,0.21738367,2.8624078750610353,2.4481944402058917,4.574989603257797,4.510407690154173,96.74522000022989,2254.8298550000254,ar_order,128
1zDUvp-298-108297-119460-56896-348770-68221-98443,1510,2.5827814569536423,0.0020352303981781006,14.896213,15.445575,0.21855588,0.18043657,4.635381094614664,4.697905317942301,4.6339902582189305,4.638132860167553,31.31035400019755,1595.621569999821,ar_order,128
cqZnBp-237-143976-377902-462328-483339-384274-414547,1322,8.245083207261725,0.005321722012013197,14.0892105,13.40496,0.34492317,0.3310976,1.3664400100708007,1.4271032492319742,4.536919238610113,4.512746531034051,90.30501200049912,3111.5944969997145,ar_order,128
N5kbFp-292-397909-407728-152140-117533-153980-62919,1693,21.204961606615473,0.0010815237183123827,11.912935,12.667457,0.754503,0.78391594,1.4397811094919841,1.466013256708781,4.602396883896266,4.3919327876488214,215.61778699924616,9693.645532999653,ar_order,128
DmpOYi-525-91230-450251-209608-292323-92870-38506,1140,16.315789473684212,0.0021517532877624035,7.5717664,6.423213,0.95497423,0.59130853,1.9202744245529175,2.0948882897694907,3.1063952146095497,3.594100742196254,113.50848700021743,4188.787617999878,ar_order,128
BBcZPi-501-456735-480197-495997-497448-326140-134118,861,0.8130081300813009,0.003230630187317729,22.73673,23.636072,0.091178976,0.05488415,1.782146724065145,1.8240636189778645,4.727820638553144,4.727378022182839,5.029509000451071,142.9361210002753,ar_order,128
BsVmke-591-419538-379538-386302-426805-469450-347380,1550,17.806451612903228,0.002498342888429761,7.3656344,7.1958857,0.8666027,0.692843,1.2524117231369019,1.3483367681503295,4.242582264415131,4.180929143470645,167.6313759999175,6544.073843999286,ar_order,128
nSu3Cp-366-41411-362672-285778-222370-421926-202035,1118,6.529516994633274,0.006295517086982727,17.068289,17.57366,0.36591837,0.2599753,3.886228322982788,3.789324951171875,4.6928522072906835,4.674477143112204,44.799970999520156,1656.839659999605,ar_order,128
tztd5w-640-23535-348077-410307-64116-151381-134118,1176,11.989795918367346,0.0032262594904750586,13.814829,13.641034,0.5533702,0.34153834,3.656342283884684,3.615568161010742,4.264123783456693,4.297373203972024,86.77702200020576,3452.0053579999512,ar_order,128
qQ82Hw-614-91230-379354-379373-260428-324310-287427,949,5.163329820864067,0.0024592585396021605,16.678625,16.505651,0.2519401,0.2081859,1.9261736710866293,1.859201184908549,4.50605337221946,4.520622754733872,29.898105000029318,1109.5976300002803,ar_order,128
f2JFMw-634-136860-113105-22031-310105-248646-32125,824,8.25242718446602,0.0029410782735794783,10.783792,10.610184,0.41384026,0.33571056,2.1485286315282184,2.140824238459269,4.572602946898886,4.5808932083558735,56.35876799988182,1698.4110439998403,ar_order,128
ainjFp-098-145384-88756-289593-274542-488804-292564,2208,9.148550724637682,0.003448504488915205,12.321591,12.114567,0.44574985,0.35079837,2.0911239703496296,2.189049402872721,4.469424908382319,4.462017724576659,121.08754600012617,6328.143796000404,ar_order,128
BcVzDs-560-352809-57514-418989-243067-209608-32726,1636,6.601466992665037,0.0019297391409054399,15.962592,15.957107,0.35210904,0.23889212,1.5127247412999472,1.5015508731206257,4.6265515490606095,4.63559358023414,63.777608000236796,2703.20093600003,ar_order,128
TypO9p-362-82313-390793-365346-50416-310105-275395,1464,23.36065573770492,0.0034457372967153788,8.834123,8.339826,1.349186,0.6940837,2.9405088901519774,3.175543196996053,4.504455572078948,4.352428142934156,204.1315090000353,10634.145182000793,ar_order,128
nQsrxi-500-35788-354893-151331-437270-461984-276516,861,11.033681765389082,0.004316622857004404,9.594257,9.8476925,0.6265815,0.4422634,1.5873341004053751,1.6837831338246663,4.504913471334397,4.502018175060634,58.908799000164436,2463.2142840000597,ar_order,128
ck2Uxp-081-495997-135873-82313-377039-373629-268363,1026,4.775828460038986,0.004637618083506823,16.254995,15.355759,0.21127053,0.22607636,2.0580057938893637,2.1394269625345865,4.581076011220944,4.545513791253508,38.942041999689536,1119.1611790000024,ar_order,128
jgJdnp-100-135873-177809-247007-67455-332402-185152,1404,5.84045584045584,0.0029392531141638756,17.067026,17.587048,0.2604762,0.20062959,3.4070533911387124,3.4367823282877605,4.570074324950267,4.590076594743966,52.10680999971373,1823.32137100002,ar_order,128
m8mjCs-533-485468-283456-486330-442126-2757-12865,1636,22.677261613691932,0.0013069127453491092,9.072035,8.4630575,1.0315986,0.71628207,1.2379387935002646,1.260094658533732,4.273414427520538,4.290410302071495,223.8596460001645,11082.666324000456,ar_order,128
pRaNDw-627-181149-276516-426805-281965-56896-235375,1894,4.7518479408658925,0.002972227055579424,14.486525,14.5758705,0.28744534,0.212716,2.1797489325205484,2.029132302602132,4.575319946666114,4.5792553776185265,57.05556999964756,3597.4203040004795,ar_order,128
U5aQJe-592-437270-129013-295308-406364-103913-497087,1550,4.451612903225807,0.001561999088153243,14.568544,15.332182,0.32162026,0.23014228,2.3599494139353436,2.357267236709595,4.616631264466352,4.6240228552201685,45.50956100047188,2024.2559349999283,ar_order,128
3e1Tjp-199-462328-423751-38597-248646-74769-2009,1395,9.46236559139785,0.002225166419520974,16.11405,15.931235,0.43660328,0.33968195,1.3811700503031412,1.4480058987935385,4.461680812026594,4.422520566122647,113.32565800057637,4009.441271000469,ar_order,128
SSYQ1w-650-275802-13671-144360-112336-104867-157595,503,5.36779324055666,0.0031455422285944223,20.390965,20.354343,0.20346856,0.16672178,3.569432004292806,3.5760453859965007,4.531667098662122,4.526768671314475,22.509635999995226,763.9784709999731,ar_order,128
JCRPTw-618-129107-479691-343332-355104-157595-129013,1894,30.517423442449843,0.0062578716315329075,5.908124,5.244408,1.3818946,0.9352259,1.765068499247233,1.807013177871704,3.784835735525654,3.846408835790419,424.7133680000843,16292.281605000426,ar_order,128
BThtKf-463-324456-428876-160668-329895-295308-99711,1722,31.3588850174216,0.001240023411810398,5.2038503,4.7023497,1.5985216,1.0854195,1.1314509630203247,1.1378844896952311,4.119080278945391,4.146743707287194,528.2592470002783,14930.066703000193,ar_order,128
BNXFqp-404-184495-450557-10737-129636-497448-379538,712,3.089887640449438,0.0009845345048233867,12.94999,12.219011,0.2610807,0.19748981,1.922237761815389,2.014870111147563,4.5666010981162115,4.6123228279420765,21.464886000103434,553.2871729992621,ar_order,128
7HBFIp-071-294604-416172-427818-181149-278609-175927,1141,7.887817703768624,0.003979463595896959,15.808267,16.012785,0.42757758,0.28070003,3.6673404057820638,3.7342582543691,4.494487740730827,4.506466589711312,55.00544999995327,2052.4820419996104,ar_order,128
fS0Vwp-324-274170-461984-129889-218396-366126-128329,1773,16.130851663846588,0.001755136763677001,13.270418,11.813222,0.66825753,0.47015855,3.455706310272217,3.5053184986114503,4.2973463032062735,4.362426467323018,173.37463700005173,7318.210886000088,ar_order,128
MJEnPs-553-484336-261033-237079-274170-257745-343308,1636,5.990220048899755,0.0014303416246548295,11.631599,11.700436,0.38189414,0.31068516,1.923265020052592,2.0449381987253825,4.6229256872214135,4.634886094858897,64.26221699985035,2390.2638889994705,ar_order,128
noHubp-343-163645-17243-410906-219243-161307-221798,1638,6.654456654456655,0.0025536506436765194,12.869043,12.75689,0.46805432,0.3144705,2.7183134078979494,2.7542967160542804,4.588420549620679,4.61091979533093,98.22137099945394,2779.536396000367,ar_order,128
4sBV1s-535-160927-255765-139119-167772-460359-377902,1636,11.98044009779951,0.0018671865109354258,12.207103,12.158499,0.5687863,0.39577445,2.503559366861979,2.507610257466634,4.499675383943808,4.543031805888064,121.4162469996154,4729.423174999283,ar_order,128
IZG94w-666-98443-418034-470600-161118-288253-129889,1707,7.147041593438781,0.004833240993320942,16.406662,15.672731,0.30849543,0.25778762,4.051561498641968,3.5986454168955486,4.461626298250788,4.428373596474517,74.53378500031249,3412.0608290004384,ar_order,128
9hvMUf-482-498788-113105-17243-63022-21827-338584,1318,11.077389984825494,0.0011917749652639031,10.486528,10.292852,0.55284554,0.43030193,2.5460663795471192,2.52873264948527,4.57725191207354,4.567525740771976,202.22029100023065,3769.093621999673,ar_order,128
TkK5fp-380-229618-476225-311495-339484-11995-7708,1573,6.039415130324221,0.003558315569534898,12.82568,12.673178,0.38595042,0.29134884,3.3895703315734864,3.4022409915924072,4.569608043527856,4.577672199349555,86.18944299996656,2110.0435389998893,ar_order,128
9f3Qjw-657-129013-78427-348770-228203-60643-7188,839,7.866507747318235,0.0029710158705711365,15.882763,15.489921,0.39793822,0.2699341,2.217358287175496,2.286447811126709,4.491351802680158,4.508788990610198,40.293721000125515,1995.5669010005295,ar_order,128
mZAhvp-320-51581-316080-475285-152880-108378-407790,2240,19.732142857142858,0.009975253604352474,17.015282,18.973831,0.69517785,0.5833226,2.5255661646525067,2.825019852320353,4.58714778522395,4.33575647630085,376.2296790000619,12639.54174400078,ar_order,128
aVIkMi-504-436373-35788-166684-274170-363774-493700,826,3.753026634382567,0.01687152311205864,15.590904,14.67514,0.2367804,0.19975388,1.3238460381825765,1.3477709611256918,4.686647579270797,4.676689546329591,26.5927840000586,2045.2034630006892,ar_order,128
wD39yw-617-350336-91230-365075-384274-339484-27577,918,4.139433551198257,0.01175561361014843,13.785517,13.875395,0.23073094,0.20829602,2.401405843098958,2.4361519972483316,4.629628458749725,4.634403553328056,65.76907799990295,1967.9017870003008,ar_order,128
WWYmkp-135-247007-450251-229950-249772-273892-186349,1032,18.7984496124031,0.02265731431543827,11.44989,11.372657,0.78846437,0.53774816,2.6055436293284098,2.7223563035329184,4.280891426262663,4.358761795961151,174.21538700000383,5307.563232000575,ar_order,128
1Q0zzp-067-496080-227228-300626-311379-247007-1214,1044,3.4482758620689653,0.020670078694820404,25.161728,25.360735,0.13101327,0.12633687,3.9077369530995685,3.87841313680013,4.7168309130981,4.716245139222863,22.28256499984127,722.2447249996549,ar_order,128
9Mkadp-302-273892-209608-109841-324591-494783-498752,1917,13.928012519561817,0.008960635401308537,12.805923,12.540736,0.51382035,0.40239945,1.5763196229934693,1.716097116470337,4.501993669483916,4.5119714068067385,233.2928460000403,7034.26814300019,ar_order,128
ui9aDp-122-292323-379538-386883-287427-306759-88721,1070,4.579439252336448,0.009513289667665958,14.641022,15.454731,0.27942303,0.20508032,2.709850486119588,2.8496742725372313,4.646405897183871,4.650330504959532,47.42198100029782,1582.539472999997,ar_order,128
YLEXwp-335-240298-183720-447487-129636-202035-44660,1633,4.776484996938151,0.019239043816924095,16.838686,16.242659,0.22265941,0.20735776,2.4598992188771565,2.2162367502848306,4.6846155900660555,4.6647672927916775,89.06456400018214,2165.900395999415,ar_order,128
6TUCvp-352-108130-78807-55646-250174-386302-414547,1874,14.300960512273212,0.02210024558007717,13.689861,13.85559,0.5893943,0.4378612,1.9948449770609538,2.1118563175201417,4.340946488875431,4.342395464964324,303.25270399953297,6881.939203000002,ar_order,128
DfzVIp-175-379354-103913-25062-384031-343308-295308,1232,6.737012987012987,0.007324743550270796,17.39655,17.339363,0.26839283,0.22552489,2.1995835463205973,2.060083532333374,4.587539736809297,4.506437276025148,50.76767100035795,2175.088484999833,ar_order,128
YuwChp-152-8651-147603-379354-29563-62919-345238,1842,8.360477741585234,0.018081096932291985,18.600323,19.247206,0.38224974,0.24886717,3.3429919242858888,3.4917086283365886,4.526780236553993,4.5431675595368155,134.2080750000605,3640.9229139999297,ar_order,128
QpHWMp-383-149498-238364-156368-402653-484336-426805,1642,21.74177831912302,0.02199472486972809,9.411308,9.926686,0.99517506,0.7562077,2.761949904759725,2.9272114117940267,4.57608619362255,4.528285484204399,252.84917299995868,9803.848532000302,ar_order,128
RkoxIi-499-395609-17243-276516-68344-191485-476225,1053,19.183285849952515,0.013668406754732132,6.321927,5.5622387,1.259532,0.6781895,1.543879262606303,1.7069607893625895,4.32010730373222,4.278813465930237,136.23871499930829,5230.613506000736,ar_order,128
avuTLe-585-474206-355130-317191-361413-333474-248785,1550,11.806451612903226,0.014499159529805183,9.326466,9.50457,0.5753701,0.54232895,1.3020911931991577,1.4469811201095581,4.450796390570964,4.4961761801883675,110.09798999930354,5614.710345999811,ar_order,128
RXuyap-339-457067-332402-329331-281965-472051-353502,1386,8.441558441558442,0.022795502096414566,19.432156,19.647219,0.29065928,0.28494608,1.5604170163472493,1.551546613375346,4.703642084134646,4.572005221453056,70.88303700038523,2804.293871000482,ar_order,128
cfSfbp-363-68221-13671-186349-322947-197606-339484,1688,12.855450236966826,0.020284058526158333,17.525764,18.015324,0.45023456,0.4029704,2.7047298749287925,2.8383334636688233,4.660338581034233,4.659362567413734,131.41568600076425,6777.045146000091,ar_order,128
jM2z5p-212-362995-350336-202035-87506-239730-207508,960,3.125,0.008350489661097527,26.917053,26.87978,0.14055194,0.09722976,3.117652591069539,3.3452582518259684,4.7269676367561,4.7258411095815465,19.0351159999409,784.9459740000384,ar_order,128
HxFzMp-357-24999-343332-90733-489807-316694-345238,1056,12.68939393939394,0.008049515075981617,17.287468,15.592808,0.4560854,0.42409357,2.3475811958312987,2.4084429423014324,4.66866583406199,4.619038661872966,103.91426099977252,4495.906744999957,ar_order,128
rllgnp-282-21827-2985-183720-67455-409746-330730,1398,18.812589413447782,0.014075466431677341,12.903633,12.442432,0.83668774,0.5502789,1.3773248195648193,1.3991021076838175,4.234816552382201,4.216316949690869,255.5370430000039,8016.91634799954,ar_order,128
IJui6p-278-140209-424453-325632-318907-448869-125189,879,26.39362912400455,0.012646407820284367,6.212718,6.081181,1.2753066,0.8543048,2.6191640377044676,2.6678359667460123,4.178223801362223,3.809297808721939,143.24946400029148,6470.82281800067,ar_order,128
riuiap-287-319764-286732-35325-55646-391852-1246,1806,5.038759689922481,0.016919877380132675,16.628582,16.883566,0.24018498,0.18902321,2.6955989837646483,2.806556781133016,4.644616948248549,4.662935680382296,56.28907000027539,2207.574578999811,ar_order,128
9OkIKp-409-379354-383479-166684-320846-480197-361413,1633,3.1230863441518677,0.018505295738577843,27.236223,27.691252,0.11481124,0.09684753,2.334393612543742,2.602330223719279,4.656203087489395,4.655198707093222,31.275963999178202,1248.3023840004535,ar_order,128
vTx6Wp-073-38459-458554-472051-230200-332402-365346,1099,10.009099181073704,0.006727493368089199,13.099915,13.609835,0.45194718,0.34277907,1.6877920071283976,1.7684562921524047,4.470352597095035,4.454375401275372,91.82326400059537,3427.992339999946,ar_order,128
9aa0Fp-331-427818-479691-112336-420765-462193-379354,1488,11.491935483870968,0.015810392796993256,14.712122,15.515527,0.56459516,0.34664062,2.352478535970052,2.325775416692098,4.664850916487177,4.669104510226742,147.2238530004688,4892.515796000225,ar_order,128
Od9CNp-327-140209-326180-101992-35325-166792-451954,1953,10.39426523297491,0.014821072109043598,13.11369,12.270752,0.45205346,0.3814684,2.1698654015858967,2.242221387227376,4.633515293690909,4.647724018983641,174.8232879999705,5271.804254000017,ar_order,128
2TcsGp-297-152880-78575-467697-23535-316694-24999,2415,13.250517598343686,0.007391820661723614,14.067988,13.599228,0.51122296,0.35135832,3.2651023228963214,3.2002769788106282,4.589516788052501,4.570256541502039,301.3560760000473,8090.719324999554,ar_order,128
IJFPZp-340-90733-100179-99711-247588-402653-355130,1491,3.35345405767941,0.00944688729941845,11.582308,10.04387,0.3106301,0.25676778,1.7894902229309082,1.771776596705119,4.685263500355695,4.689284635566409,31.00811500007694,1120.042318000742,ar_order,128
sNYM9p-246-47619-361413-1214-155820-418901-176776,965,28.808290155440414,0.011091777123510838,7.6707788,7.6886654,1.0834435,0.9841027,2.163335164388021,2.1505247592926025,4.546935725720978,3.9625871758694524,250.18870599978982,7148.591627999849,ar_order,128
OI5Azp-257-60643-225888-294604-334833-14787-125459,1203,4.904405652535329,0.01875906065106392,16.160969,15.356169,0.40350315,0.24422078,1.5481590509414673,1.6047101577123006,4.577947746677697,4.582912780003829,36.941334000403,1179.903430000195,ar_order,128
vhQX3p-288-256377-386883-276335-177955-380077-80661,2229,2.4226110363391657,0.0165446437895298,15.721446,15.457155,0.1969281,0.16169836,2.206315517425537,2.204297971725464,4.687679205750886,4.6867203587562205,34.143533000133175,1408.5078480002267,ar_order,128
d4LtRw-656-379354-74769-192385-202921-93885-62534,1673,9.145248057381949,0.009153828024864197,13.156309,12.897573,0.38453045,0.31416973,3.427013953526815,3.319769605000814,4.461939353186311,4.46812552528637,164.1356000000087,4061.817130000236,ar_order,128
dc4C1p-319-469130-53129-287943-116061-476924-448907,1529,17.658600392413344,0.017503265291452408,16.31296,15.216763,0.8873865,0.4591762,2.436270078023275,2.4748188495635985,4.704208580706905,4.702225219705037,221.1323910005376,8338.74311299951,ar_order,128
PSLbbp-359-11995-156368-348733-154883-123704-497426,1430,11.888111888111888,0.021002519875764847,10.2545395,9.833096,0.6113115,0.48503104,2.1069088697433473,2.237046464284261,4.66052790967907,4.653177567546027,143.82728500004305,5002.3816369994165,ar_order,128
zVlcap-263-274542-472051-376372-248785-476225-35325,1292,4.102167182662539,0.021863481029868126,16.356304,16.064583,0.20954627,0.18023294,1.3169172048568725,1.2901703437169394,4.688987142177065,4.684965566221679,34.42734300006123,1142.0486880006138,ar_order,128
rpdA0p-089-193291-347380-224170-426805-310105-489070,1279,8.913213448006255,0.00744014885276556,12.345097,11.854715,0.40675655,0.34118092,2.0018149852752685,2.046868681907654,4.468444187452781,4.470757109763028,67.6586479994512,3510.8911499992246,ar_order,128
O7tsRw-671-38597-125620-126584-128202-343308-240298,1734,7.035755478662054,0.009212201461195946,13.680677,13.520082,0.36007527,0.25497583,3.207793951034546,3.103230921427409,4.504321032244993,4.518884819846735,74.29802700062282,3683.9171999999962,ar_order,128
mCLt3p-410-320846-476924-422977-274323-99711-177809,1085,1.4746543778801844,0.022891782224178314,25.657084,25.745281,0.0655775,0.056771666,2.2844696998596192,2.348436641693115,4.728022026115173,4.726487169197139,13.908347000324284,481.40646499996365,ar_order,128
jFujMp-258-2985-422977-276516-270302-316694-390385,1887,7.790143084260731,0.008067467249929905,13.749876,13.939259,0.4176619,0.31809047,3.236693286895752,3.3416436036427815,4.548409220871621,4.50573135986891,91.83778399983566,5112.863792000098,ar_order,128
uIq5Cp-346-271293-199372-348733-164849-450557-397909,1966,2.899287894201424,0.015138654969632626,16.547714,16.728695,0.20687427,0.16424789,2.684324630101522,2.723400942484538,4.696057412678482,4.700762646621618,52.50495000018418,2353.829876000418,ar_order,128
2HNvip-384-377039-229618-315211-103130-162269-274323,1838,4.243743199129488,0.014237921684980392,14.560114,15.322788,0.32223415,0.24754028,3.4531094710032146,3.483389441172282,4.677073546063897,4.667314740077627,48.83740100012801,2707.7396750000844,ar_order,128
hImnha-010-474206-125620-494783-410307-474929-314040,1033,9.390125847047434,0.04484827443957329,12.915678,13.060041,0.349957,0.67886263,1.4833296219507852,1.648356040318807,4.6476876919573495,4.37579389687076,86.7994339996585,3237.0302439994703,ar_order,128
fiBRvp-155-14754-379538-407950-108056-495971-270302,1409,17.033356990773598,0.03848577290773392,9.69634,9.699686,0.73997307,0.57145745,1.7947464148203531,1.8594589948654174,4.221573105189569,3.9564482831140193,276.37390200015943,6639.820635999968,ar_order,128
QzAg3p-413-374393-31166-163645-409369-10737-129013,973,10.38026721479959,0.0511818453669548,24.864384,21.709686,0.33953154,0.27648228,2.0490459203720093,2.1619319279988605,4.686698723379735,4.661008707045919,94.54367400030605,2597.7512289991864,ar_order,128
JLBTXp-060-194617-60643-435517-420765-124439-152419,1024,10.44921875,0.024550464004278183,16.083797,15.687523,0.63986754,0.3015242,4.772597726186117,4.720667934417724,4.637533391622142,4.632811027777857,118.2473190001474,2396.349556000132,ar_order,128
k4Lvzp-329-270302-101992-248785-163995-27791-469130,1701,7.642563198118754,0.051412247121334076,16.610138,16.240347,0.33765635,0.2673495,2.73259170850118,2.7255363623301188,4.707817152134894,4.6705233137850195,109.25888099973236,2918.616225000733,ar_order,128
ZgJsyp-189-209061-292564-111916-92870-126584-280816,1939,5.002578648788035,0.0409746915102005,18.769085,18.565495,0.24812007,0.19233517,1.5703051964441934,1.560478393236796,4.681599877243971,4.664237286452998,61.90520000018296,2389.2122280003605,ar_order,128
G50hup-092-363552-123056-229618-481410-299323-332402,1114,6.463195691202872,0.028861256316304207,21.80794,21.896759,0.27575937,0.18765451,4.1002223014831545,4.189992237091064,4.626618722948894,4.640166618553785,43.908242000725295,2154.279329000019,ar_order,128
8b8sWp-275-88756-348733-183720-134118-226233-129107,1202,3.577371048252912,0.031784262508153915,16.51048,16.816349,0.22429253,0.19853246,3.3726704279581705,3.449781608581543,4.705133318359499,4.694672270609923,27.18492499934655,1415.9702770002696,ar_order,128
vOT8yp-371-205293-131237-111916-212842-29563-288077,1254,6.220095693779904,0.025580398738384247,14.766522,15.770254,0.30847725,0.31165984,2.8433570226033527,2.8593366305033365,4.647602524560772,4.565124114290525,59.102669999447244,2166.051049000089,ar_order,128
qmNVhp-128-78575-68344-44660-128101-103130-334242,1283,4.75448168355417,0.03182704374194145,20.305862,22.23944,0.24539252,0.15739538,2.2675395647684735,2.298582363128662,4.625049806536664,4.592155682704885,114.87553900042258,1745.9152020001056,ar_order,128
8wAd8p-068-329159-165684-202035-119460-330730-447487,1209,11.41439205955335,0.0299910269677639,14.502,14.797689,0.535868,0.34602043,3.1212109406789144,3.247169574101766,4.492535434808267,4.487935783731067,154.40668300016114,3653.8499970001794,ar_order,128
tXap2p-281-298969-9753-281965-457067-162269-329331,1012,6.8181818181818175,0.026187583804130554,14.470286,14.959115,0.334082,0.26056603,2.499731461207072,2.5535875956217446,4.673221596231758,4.653867917763268,44.66344200045569,1907.854736000445,ar_order,128
fdXdMp-313-165684-111916-348770-380077-145384-347380,1440,12.777777777777777,0.03389327600598335,16.967232,17.097427,0.5022343,0.37998557,3.20893128712972,2.9724718729654946,4.673432612153377,4.60120130634476,113.06439100007992,4841.669968000133,ar_order,128
Jpj5sp-423-369034-108056-487747-295308-1246-219243,1468,8.583106267029974,0.05191738158464432,18.400114,17.347132,0.41661823,0.28508,3.3293014685312907,3.505216916402181,4.688040244198332,4.656977208813254,77.13921699996718,3112.5605220004218,ar_order,128
maM4mp-267-195572-141428-108130-299323-8651-456735,1158,7.512953367875648,0.0453246608376503,26.055271,27.533567,0.25713655,0.1714377,3.2600284099578856,3.3510278542836507,4.723401538608275,4.710783023925211,51.63880099917151,2054.8279810000167,ar_order,128
Aal0cp-183-209061-91230-492922-2757-317191-461984,990,4.545454545454546,0.0922110378742218,17.828861,17.802912,0.22308981,0.17939878,2.096394991874695,2.0674063682556154,4.6459573681347095,4.642112805286291,37.579762999484956,973.5421149998729,ar_order,128
m5rDOp-062-377273-156368-185152-188815-186260-486330,1445,11.003460207612457,0.02404632605612278,13.298471,13.51831,0.53771293,0.3578398,3.470589272181193,3.4915077686309814,4.460496586900383,4.51895366472511,98.40648299996246,4560.166061000018,ar_order,128
IIhdup-184-282845-322947-195637-315211-10737-386302,986,6.896551724137931,0.07097651064395905,19.440935,19.406973,0.32771558,0.20390518,1.3679189046223958,1.4829882860183716,4.5989250964537085,4.635580924369649,41.24632200000633,1674.0438970000469,ar_order,128
eiJpip-223-216978-247588-305230-165168-65123-203381,1402,10.556348074179743,0.04873007535934448,14.71518,14.791442,0.45513964,0.34942484,1.4177347580591837,1.3281121810277303,4.513364806950307,4.44000914497531,91.3242739998168,4286.697687999549,ar_order,128
uYOkKp-107-143976-376902-185152-437215-90733-10048,968,4.338842975206612,0.029287779703736305,20.29385,20.651972,0.1868213,0.14984344,3.1198039372762043,3.245715681711833,4.625758742266225,4.605545089753531,36.62188399994193,1222.8790629997093,ar_order,128
DWrC0a-013-57191-1214-242009-327883-379538-476225,1033,12.100677637947726,0.0352642759680748,9.241854,9.609731,0.6211472,0.54890126,1.2473869721094768,1.296744704246521,4.536742049834758,4.330561720660224,90.53393399972265,3739.3439819998093,ar_order,128
6maFGp-305-129013-193291-68221-152880-38506-163335,2424,17.863036303630363,0.02638908289372921,18.259909,18.96629,0.64101326,0.49137545,3.3597237269083657,3.4860675811767576,4.6666997217171104,4.655454995812449,579.4502329999887,11721.045395000147,ar_order,128
fZg66p-070-68221-216978-377273-239730-53784-3467,994,29.577464788732392,0.03719060495495796,15.468111,16.272951,1.010009,0.70352453,2.3976379076639813,2.8398526509602866,4.577333260278225,4.538652093660003,175.0165809999089,7389.194461000443,ar_order,128
CF7Gnp-165-481033-25721-175927-209061-312468-108378,1919,17.509119332985932,0.03301472216844559,12.116303,12.132467,0.697131,0.47082964,3.106603813171387,3.151934274037679,4.339008708132331,4.306153390520281,199.39549700029602,8728.240770999946,ar_order,128
tTMeWp-326-264357-280816-2985-25721-189658-311379,2359,8.902077151335313,0.04867259040474892,14.924589,15.272858,0.43098068,0.36870232,2.7754342397054037,2.8738863468170166,4.662558547351769,4.663394372909977,126.80800799989811,5192.857273999834,ar_order,128
kDEiGp-268-254920-474864-52991-170820-165168-328121,1029,24.101068999028183,0.09233691543340683,7.1233053,6.8478465,1.5621653,0.86360073,1.3124933242797852,1.4388844092686972,4.552363006796712,4.489485798287161,149.6413040003972,6308.116831000007,ar_order,128
rkSMcp-349-162269-339484-74769-12865-363552-41411,1411,14.386959603118354,0.02514478750526905,17.133144,16.99077,0.50354135,0.44689882,1.799064326286316,1.6787326018015543,4.691005938223249,4.500422436123058,121.77557999984856,4695.524101000046,ar_order,128
FZwvbp-205-349816-138959-261033-383479-409369-152140,1111,28.26282628262826,0.03914736211299896,12.924634,11.775944,0.9876688,0.79917556,2.0146393537521363,1.8973909854888915,4.583900229783423,4.317187672694285,189.67237800006842,8534.374200999991,ar_order,128
ie6iSp-097-407790-253414-334074-464643-167361-80351,1395,3.942652329749104,0.03198687732219696,28.467615,28.619827,0.122546636,0.09682856,2.5574864864349367,2.4737361590067546,4.638217796114352,4.64302453855455,34.51124399998662,1145.3715090001424,ar_order,128
Q1VJ4p-396-67099-191485-442126-324310-384031-392966,757,0.5284015852047557,0.04145583510398865,53.372704,52.86351,0.014963093,0.012643096,2.565628719329834,2.596497090657552,4.731718565620422,4.731423175840526,3.640128999904846,87.51044499967975,ar_order,128
BLAVyp-401-374393-353502-276516-464643-247007-280816,1578,17.743979721166035,0.0333615206182003,10.893363,10.903574,0.704339,0.48602232,1.4258944829305014,1.3260565519332885,4.5979478325978524,4.560533948023438,167.07431200029532,8250.096531000054,ar_order,128
qx9MPf-447-243466-253414-78108-327883-41798-186349,1722,15.911730545876887,0.0489613376557827,7.943614,7.8784714,1.3721749,0.9437091,1.5026369492212932,1.98910919825236,4.187712698135035,4.184617460191736,165.39311300039117,7955.15579000039,ar_order,128
4fsgkp-253-311495-209061-229618-287427-276516-38459,1013,6.811451135241856,0.02615589275956154,14.361196,14.718479,0.36288872,0.26312098,2.4806420962015787,2.4888241926829022,4.672721707085469,4.652883200612565,59.43801100056589,2009.4845980001992,ar_order,128
u3JmNp-105-377036-373629-177809-287789-419538-221798,1057,9.082308420056764,0.03273187577724457,11.356432,11.59178,0.69889927,0.37113622,2.3560947736104327,2.911107889811198,4.64868141107786,4.618843451647572,84.56476600076712,2912.544069999967,ar_order,128
7gnoMp-243-13140-469001-90733-352371-418901-62534,1349,14.381022979985175,0.03019716590642929,11.895532,11.353492,0.76045465,0.48078826,1.9026665210723877,2.2425561904907227,4.646646972370207,4.58389907401601,120.99646000024222,6612.418077000257,ar_order,128
WYTgYp-403-306759-7708-254913-153980-163947-460359,1450,4.206896551724138,0.0560128353536129,16.514204,15.05129,0.25422195,0.2098568,3.614609225591024,3.1736297289530437,4.686545453186948,4.6630937362314295,37.43804500027181,1751.6502909993505,ar_order,128
zRlcSp-181-25062-53784-123056-333757-268363-211084,1709,6.1439438267992985,0.025759130716323853,16.571747,17.08362,0.30003506,0.24276614,2.329486020406087,2.4266345659891764,4.654904543128873,4.504469735959353,86.02680600051826,3741.172058000302,ar_order,128
TaYTvp-415-63022-179855-481410-392966-38597-437270,762,4.593175853018373,0.03335783630609512,21.357279,21.11066,0.26268768,0.1623898,2.6289566357930503,2.7067747275034586,4.7031015287345,4.668155963990057,30.725915000402892,1221.0699899997053,ar_order,128
9kbanp-261-50416-108056-469001-231167-334074-209061,1007,5.958291956305859,0.026795921847224236,12.27665,13.062714,0.3932828,0.28756204,2.0290233294169107,2.1094504992167153,4.654797569131438,4.619037486254041,38.069423999331775,1917.118307000237,ar_order,128
DLZvmp-426-78108-128329-469130-165684-261033-84004,868,7.71889400921659,0.026906199753284454,15.842038,15.986294,0.3590096,0.2919438,3.0312942028045655,3.4920023918151855,4.680379001866906,4.638023448772045,55.602761000045575,2880.4317929998433,ar_order,128
i0Ocoe-610-395609-211084-211212-108056-187519-202035,1390,9.784172661870503,3.9601487515028566e-05,11.907344,11.506477,0.43712696,0.4263111,1.931580917040507,2.1045658349990846,4.6291864938996365,4.611991805815419,139.83791699956782,3232.5460990005013,ar_order,256
PBDVAf-465-366971-117533-197606-160943-60681-25579,1722,3.426248548199768,2.0712036530312616e-06,18.292229,17.949697,0.23202527,0.15374897,2.4171383221944174,2.557640234629313,4.698361241065896,4.70246388823932,55.06422100006603,1442.9498459994647,ar_order,256
sF1D5f-429-45816-14754-487747-347380-61770-187519,918,1.4161220043572984,6.66032019580598e-06,24.44318,27.139404,0.08221987,0.05961765,3.150809081395467,3.147723325093587,4.728472634123676,4.727926043033548,12.755868000567716,378.09209900024143,ar_order,256
8lHaxa-001-437270-91230-96853-392966-377039-493700,1033,8.712487899322362,1.6546022379770875e-05,13.514023,13.834819,0.41080666,0.31140885,1.731315541267395,1.618928321202596,4.661065424482914,4.54736508825705,90.35214599953179,2197.100526000213,ar_order,256
wH6bMa-009-144175-39168-315211-114587-333757-10048,1033,7.55082284607938,4.100139267393388e-05,13.704149,14.038825,0.5338286,0.3194684,1.5403667291005452,1.4935059626897176,4.516186893973068,4.544955673939514,70.80668900016462,2095.173562999662,ar_order,256
l3Lvae-611-211084-218396-212842-198509-334833-311379,1390,4.244604316546763,4.941728548146784e-05,20.58277,21.33342,0.17252485,0.17898971,3.29915033976237,3.3321216901143393,4.708537053697316,4.699682956651573,54.517930999281816,1756.5378190001866,ar_order,256
cmHjrf-493-348077-309854-224170-458554-202179-472051,1722,16.144018583042975,0.00013046321691945195,8.468179,7.930484,0.7531821,0.75627357,1.2233643293380738,1.2404248078664144,4.378886082997925,3.9838897013835393,274.1889760000049,6261.401572000068,ar_order,256
9srcUf-448-162832-472051-219243-152140-401183-304828,1722,11.091753774680605,7.126033096938045e-07,10.050098,9.4741955,0.5897657,0.687761,1.4439818700154623,1.553500811258952,4.605813496727177,4.600920297337031,230.253384000207,4702.872000000752,ar_order,256
pMchYa-011-461984-248646-131237-259340-281965-474206,1033,3.291384317521781,7.092276973708067e-06,17.46952,17.738592,0.19023593,0.18159561,1.4957314729690552,1.4863616863886515,4.69528000716387,4.646551354141968,31.88125500037131,827.9645180000443,ar_order,256
rqqrUf-476-372299-90733-207508-318838-254913-53278,1590,15.786163522012577,1.0736808690126054e-05,10.380422,10.339594,0.7055066,0.67190933,2.66684513092041,2.905749702453613,4.621659384218426,4.490664323794805,296.76566299986007,6010.296347999429,ar_order,256
KWj8Li-521-358526-235375-78807-67455-237079-21827,802,14.588528678304238,5.653791959048249e-05,8.791109,8.64161,0.8903491,0.48309866,2.0330342451731362,2.7594712416330975,4.32337988474391,4.3240538652887865,104.89812400010123,2650.378248999914,ar_order,256
LIJKja-026-447487-148409-188815-38506-78427-479691,1033,5.517909002904163,1.2104389497835655e-05,13.067018,13.003927,0.32413125,0.29003415,1.3490979035695394,1.4167564868927003,4.643619127708566,4.5922522439280575,52.730051999787975,1143.4444679998705,ar_order,256
P4ZKje-597-228203-427818-407728-174918-211212-250174,1550,22.967741935483872,0.0001234940718859434,7.6027403,7.915809,0.9570301,0.7662607,1.386290192604065,1.5187984069188436,4.3770460823645125,4.363959460989576,319.92640899989055,11027.496340999278,ar_order,256
zoFKbf-438-268009-220507-287943-286732-24538-454712,1653,12.583182093163945,5.697601750398462e-07,10.96135,9.285379,0.56906974,0.5502569,2.0710013628005983,2.190736444791158,4.578145653170761,4.49075386372288,197.92884799971944,6325.101023999196,ar_order,256
FPRIpe-578-474864-126584-425422-304828-148409-10737,1550,9.096774193548388,7.081195508362725e-05,11.283905,12.784343,0.4145743,0.42431355,2.792697556813558,3.008737897872925,4.630203251015263,4.539280149354386,130.27574799980357,3578.8777750003646,ar_order,256
Th8NDe-613-23535-495997-395609-270487-329331-383770,1390,14.100719424460431,8.22431466076523e-05,10.121912,10.596058,0.56476474,0.6291112,2.5841796239217123,2.7580753167470298,4.5746080787653485,4.561927692581594,224.2434139998295,6048.1970380005805,ar_order,256
KFAl8f-427-406364-361413-456735-410307-286869-348733,1722,18.641114982578397,5.997956031933427e-05,9.777552,9.621012,0.71915466,0.58659714,1.6499238888422647,1.717897907892863,4.269815742530234,4.322062186872255,369.6046519999072,10330.201015000057,ar_order,256
rn9v1e-583-369034-383770-175927-399756-390385-383479,1550,11.67741935483871,1.7469614249421284e-05,12.664385,12.704966,0.44971466,0.43475953,2.7164541244506837,2.83939798672994,4.6123870592569265,4.504386372730302,219.30421499928343,6503.47099999999,ar_order,256
SnJBwf-434-37928-376902-480197-51581-328121-350223,1378,5.732946298984035,1.790127271306119e-06,15.261512,15.352707,0.33178067,0.2627561,1.9469530661900838,2.0771239757537843,4.675294923154339,4.677107554302416,75.27264800046396,2447.3429449999458,ar_order,256
amZyRf-444-7708-476924-468905-275802-405424-380077,1722,2.5551684088269457,3.279495786046027e-06,17.278297,17.139217,0.16742802,0.17637473,2.0270148595174153,1.991030748685201,4.703186460007823,4.692168397690395,40.176874000280804,929.4711339998685,ar_order,256
a4WwUa-043-141142-113619-397909-469223-287427-421926,1033,26.427879961277835,3.878655479638837e-05,6.3942757,6.5495844,1.1326894,0.8960251,1.1836750586827596,1.2694114208221436,4.199082649837883,4.221355945941991,254.37784099995042,9078.346887999942,ar_order,256
mvvOnf-472-106-135410-148409-334242-45816-353502,954,4.5073375262054505,4.8512858484173194e-05,14.58519,14.302701,0.2906843,0.26131383,2.7148784001668296,2.843151060740153,4.634779976769649,4.643266685757791,41.06568299994251,1832.3289320005642,ar_order,256
oRqMra-058-167772-480197-43889-36331-135873-265166,1033,2.904162633107454,6.2980648181110155e-06,23.074532,23.449768,0.15264845,0.09841854,3.1659636656443277,3.2325437863667807,4.723307442353821,4.7197860532049605,55.47650100015744,1481.8612980006947,ar_order,256
1rIrKa-023-409746-287789-276335-17243-340579-260428,1033,1.6456921587608906,1.7720502000884153e-05,19.557907,20.898998,0.122223146,0.10064451,1.6424805482228597,1.6595602750778198,4.714325185576337,4.722278675384973,29.635455000061484,595.4830870005026,ar_order,256
xX6Wce-607-140209-262731-151331-7708-427818-497426,1390,3.741007194244604,2.83738954749424e-05,19.298883,19.122536,0.16479601,0.17550175,2.998116413752238,3.030776866277059,4.714322061292057,4.709642771860491,154.8669650001102,2550.298661999477,ar_order,256
3hvoVa-051-2307-202921-218396-175927-14787-464643,1033,5.324298160696999,1.6514632079633884e-05,16.275755,16.730091,0.29833236,0.22396843,1.5818540334701539,1.6330939690272013,4.674568006718877,4.6587224243337,66.71628999993118,1371.032758000183,ar_order,256
87hwjf-487-426805-60643-437215-160943-182650-407728,1181,5.080440304826419,1.0143882036572904e-06,13.389599,11.699849,0.3098049,0.377391,1.4655190229415893,1.448684843381246,4.673146936042259,4.618496798115058,81.90368699979445,1738.296951999473,ar_order,256
98pQ7f-492-161118-44660-2985-495997-227228-191485,1722,3.948896631823461,3.370679678482702e-06,20.071096,20.118437,0.16291912,0.18673559,3.2397696018218993,3.1383124669392903,4.697423498439321,4.5873264240641145,62.61406100020395,2073.414020999735,ar_order,256
9a98Kf-464-298969-472051-292323-179462-78575-496080,1181,7.281964436917867,5.5254073231481016e-05,13.93914,14.516305,0.34884915,0.26279876,3.0033342202504474,2.973332150777181,4.394738498587774,4.476071221093341,79.68769699982658,2684.021118000601,ar_order,256
WVKBPa-017-469001-13769-309009-430207-5054-14754,1033,3.581800580832527,4.264206836523954e-06,15.483041,15.652893,0.2134435,0.20789349,3.6207046190897625,3.6632370154062905,4.698459316092803,4.660961099442831,34.58294499978365,1273.7821439995969,ar_order,256
k2rvsa-021-181149-117176-94351-2985-340579-209061,1033,4.162633107454018,1.384729148412589e-05,18.363033,15.669632,0.29445732,0.20242357,1.9145094633102417,1.9553958972295125,4.692156501417513,4.669325074476648,51.12659299993538,1290.608732999317,ar_order,256
GptLba-028-467697-29563-495971-437270-5575-211212,1033,2.3233301064859635,2.764441342151258e-05,18.574326,19.004377,0.14246632,0.13780543,1.7075613975524901,1.7629180510838827,4.682381147035716,4.672557491504134,23.520556000221404,517.3155909997149,ar_order,256
3EBeof-459-212842-454791-192385-495971-180085-113105,1033,16.747337850919653,3.53978066414129e-05,11.816238,11.85109,0.57783335,0.62866825,1.834866499900818,2.0289806365966796,4.57050321355983,4.553043608883129,213.53255699978035,4952.116405999732,ar_order,256
8C0b9f-461-182650-228203-8651-240298-176776-186349,1704,3.814553990610329,5.752473225584254e-05,17.11779,17.094372,0.18090956,0.26348332,3.5742392539978027,3.5230649948120116,4.706733064559325,4.575702758175846,84.81984700028988,2405.93790299954,ar_order,256
f5sCDf-435-355130-41798-395609-377902-35325-116061,1378,11.901306240928882,9.696379493107088e-06,13.926263,12.401004,0.4498067,0.5137144,1.7755477507909139,1.8178962469100952,4.647536277957104,4.401540100025408,288.2132149998142,4476.915141000063,ar_order,256
5LZsPp-295-239730-414547-129636-470600-495997-1214,1207,22.535211267605636,6.921367457835004e-05,10.3529215,8.944015,0.80547744,0.6547356,2.1419677257537844,2.3127215067545572,4.168477656072029,4.208589409290518,244.14906299989525,6930.239444000108,ar_order,256
rxhq2p-211-212526-349828-67455-407790-412326-143976,1183,7.185122569737954,2.8749458579113707e-05,15.115114,13.896218,0.6089769,0.25634813,2.251863543192546,2.6504956245422364,4.527796504258921,4.550971800862445,104.92265399989265,2082.619634999901,ar_order,256
7j8l2a-034-50416-4800-287427-123375-143976-264357,1033,3.0977734753146176,8.71249631018145e-06,16.214333,16.72458,0.21541964,0.20039463,2.4383718490600588,2.464321724573771,4.676880143427939,4.580313630129975,37.72531400045409,790.7720200000767,ar_order,256
cedJli-522-192385-152140-262731-156368-123704-333757,719,5.285118219749652,5.254780626273714e-05,12.684486,10.624619,0.3332808,0.27618825,1.8931551535924276,1.9539632320404052,4.052273164039493,4.250666032749094,47.32003199933388,820.8609660005095,ar_order,256
uHCIZa-015-146882-87506-304828-333757-5054-62919,1033,8.615682478218782,1.7520515029900707e-05,12.046033,12.37726,0.41140974,0.40033492,1.2746503909428915,1.3113982995351157,4.554054969277013,4.564797115101294,92.29519499967864,2691.332422999949,ar_order,256
UKnMcp-124-361413-129636-57514-52991-68221-81956,1381,20.926864590876175,0.0001672373036853969,14.314185,13.606613,0.7412799,0.46973923,2.427979278564453,2.8462247053782144,4.519267604145307,4.530295156406657,464.7485890000098,7541.9191720002345,ar_order,256
5ALjRp-161-333766-240226-4800-482510-113619-84055,1026,26.803118908382068,0.0008019127999432385,6.9499655,6.610924,1.2259761,0.8757279,1.2261261463165283,1.2461896101633707,4.017106231966155,3.9848220876877245,497.8390149999541,7038.666178000312,ar_order,256
Paqf1p-119-254913-443221-90733-163645-32125-188815,1450,9.034482758620689,0.0004479943308979273,14.789424,15.037684,0.36605716,0.27885532,3.159454170862834,3.247279580434163,4.440754023827129,4.477034234796977,208.595057999446,2962.9057649999595,ar_order,256
lDN6of-450-91840-427818-353502-327883-210172-489807,1722,25.02903600464576,0.000440589792560786,5.9864626,3.913298,1.2766613,0.83859557,1.3209664265314738,1.5224220434824625,3.7936136306042565,3.8962442747051,520.905182000206,13473.224503999518,ar_order,256
JRGxpf-495-78575-358526-483339-81956-229618-247007,1722,14.227642276422763,0.000252309167990461,8.763717,7.099844,0.6817231,0.7122242,1.1646405140558878,1.1292363087336221,4.448596813739559,4.40614434007506,223.0883560005168,5951.973182000074,ar_order,256
yc5Hmf-494-469130-474206-203381-91840-123056-149498,1722,13.472706155632984,0.00020981418492738158,8.840975,8.884424,0.6341179,0.5711744,2.7824736913045247,2.5927961985270183,4.434270845011378,4.334405174013284,225.44134600047983,6140.603263999765,ar_order,256
6UNJZa-025-136860-357104-38459-89725-366126-252054,1033,9.390125847047434,0.0008322022040374577,13.347084,13.276137,0.37908256,0.35311484,1.2219154755274455,1.2071334759394328,4.574725119227933,4.5610921329369605,89.38918799958628,2063.78691000009,ar_order,256
CrjLKf-468-374393-49022-14754-240504-316080-236920,1722,6.562137049941928,0.00014622832532040775,14.9909315,14.85,0.30527106,0.3388847,1.2754363298416138,1.2794859170913697,4.693973066586739,4.687987960768645,106.5561550003622,3101.253345999794,ar_order,256
wkCjvp-408-175927-2985-407790-280816-275802-343332,1046,15.965583173996176,0.0001569680607644841,15.410692,14.607603,0.5742803,0.39834055,2.578361972173055,2.720708688100179,4.5698171789669235,4.6080505730386205,148.9757669996834,5722.01597899948,ar_order,256
bnEKPi-496-131237-487747-10048-112031-352809-171454,719,13.908205841446453,0.0004139196826145053,9.351799,7.624419,0.6974972,0.5074877,1.7224138339360555,1.9103783130645753,3.32932198587826,3.6449187185953478,173.7332439997772,2661.061593999875,ar_order,256
FW6BFp-225-129636-418989-280816-386883-462467-306759,1649,6.24620982413584,0.0004694216186180711,15.455903,15.303181,0.2690209,0.2347792,1.7535496791203817,1.789741579691569,4.545637903652095,4.582049306774203,96.2718760001735,3038.805017999948,ar_order,256
cZ9D6w-670-134118-41411-423587-125189-84055-98443,662,4.984894259818732,0.0007059596828185022,16.923103,16.81932,0.23956712,0.18399669,4.082776387532552,4.183210849761963,4.565159776398584,4.575219713226562,30.542176999915682,686.959558000126,ar_order,256
xlckps-555-489807-93885-138959-23535-14754-299323,1636,10.880195599022006,0.0007390778046101332,10.552179,10.486887,0.5091874,0.39849386,1.4077427466710408,1.4807058652242024,4.5139647204006765,4.529961529713548,159.51110600053653,6568.299112000204,ar_order,256
xDMmqs-548-333766-165168-462328-336612-442126-284808,1636,9.7799511002445,0.0005077441455796361,11.326151,11.295893,0.4388605,0.3457829,1.3094160159428914,1.324294956525167,4.310589516012319,4.416518986611433,153.67812699969363,6184.648088999893,ar_order,256
FSyUys-545-306052-88756-228203-369609-91230-448907,1240,3.467741935483871,0.000898472499102354,18.03628,17.28383,0.19444485,0.17106406,1.4114247560501099,1.3859167098999023,4.65138058749276,4.656824589604651,59.09384099959425,1525.7000550000157,ar_order,256
FiS63i-513-129107-287427-185152-454791-121010-285778,918,29.956427015250547,0.0005593721871264279,4.7305865,2.5290275,1.3581157,0.97593355,1.7810523589452107,1.7727201620737711,2.46720635699203,2.88532086462965,244.19544400006998,6329.385340000044,ar_order,256
AHwsQs-538-108297-304214-140209-237079-426805-448869,1636,26.5281173594132,0.00042765779653564095,7.0734544,6.179865,1.7951878,0.82676536,1.2179006576538085,1.2383366823196411,4.087223939759448,4.141327270104017,394.28931299971737,12095.078724000814,ar_order,256
cUyODs-564-324456-286869-479691-123056-485468-274323,1636,14.60880195599022,0.0006575641455128789,9.635189,9.115992,0.67387277,0.5210673,1.5242417891820272,1.3864588737487793,4.506474657259334,4.515678646156712,221.57836700080225,6469.305591000193,ar_order,256
WOhKts-537-450251-294604-27791-350223-235375-383770,1636,15.158924205378973,0.00046492001274600625,11.399077,11.64638,0.6075179,0.42253208,1.76556396484375,1.9900009711583455,4.467779693548219,4.504030689077951,225.2932969995527,7138.650965000124,ar_order,256
Mtnx5i-515-495971-279778-348676-11995-306560-418034,744,3.225806451612903,0.00028512379503808916,16.138166,12.832371,0.19509162,0.21267712,1.5746454318364462,1.709072462717692,4.675993059686387,4.697716444969676,22.90919600000052,514.2987660001381,ar_order,256
fiDqFe-589-306052-37928-421728-166792-414547-458302,1550,7.548387096774194,0.00034323649015277624,16.535046,17.339556,0.3623108,0.24188805,2.9306609948476154,3.234049081802368,4.623426928060382,4.646375180282985,154.54746799969143,2528.528972999993,ar_order,256
KIklei-503-156368-5054-151331-161307-380077-177809,898,12.138084632516703,0.000185836324817501,9.001482,7.023446,0.6696749,0.5306671,1.632179578145345,1.6108691851298014,3.3651542765217606,3.767242475490984,100.54071600006864,2491.325968999263,ar_order,256
0Rve0i-524-469450-332402-376902-283921-64116-240504,1140,5.087719298245614,0.0009046242921613157,14.01273,12.991198,0.31087664,0.23086858,2.3015674273173015,2.300828218460083,4.072175718013794,4.314131986620452,54.477952000524965,1362.0248330007598,ar_order,256
IJqofi-526-68304-236920-183720-152419-94351-316080,661,34.493192133131615,0.0003945751814171672,4.569845,3.3970406,1.8121281,1.0695494,1.7647537390391033,1.8858204046885172,2.4090557475799357,2.748151499957583,208.19404000030772,6728.8628849992165,ar_order,256
vAlA7f-458-390385-16661-177809-112031-325632-365075,954,1.4675052410901468,0.00048059478285722435,30.980232,32.804676,0.051642865,0.04293557,4.730695724487305,4.709594472249349,4.714123752455206,4.7132288934139055,14.818287000707642,278.33947999988595,ar_order,256
oK9Hxs-550-7708-104867-460359-299323-420765-264795,1636,3.850855745721271,0.0009720592643134296,16.872387,16.630625,0.1911519,0.16783237,1.3360037803649902,1.3663108507792154,4.670218056173112,4.679218684097202,77.62583899966558,2504.197108999506,ar_order,256
kxh9is-563-24999-276516-377039-462467-365075-67099,1636,6.418092909535453,0.0009378857794217765,17.2533,16.990448,0.28705376,0.19620128,2.024390689531962,2.168156369527181,4.5940566626262855,4.610560231158655,282.5774100001581,3142.020539000441,ar_order,256
Q4PCSi-506-317415-237079-78108-78427-235375-285778,1152,8.072916666666668,0.0002790152211673558,12.436503,11.597152,0.41960216,0.3282714,2.2706122080485027,2.3038751125335692,3.9075250444380445,4.146640678827789,178.20427500009828,3022.55571600017,ar_order,256
zKb4se-576-475285-202921-407950-32125-236920-469001,1236,14.64401294498382,0.0002435800852254033,11.229408,10.676147,0.5861117,0.53385955,1.7925405422846477,1.95118993918101,4.540039273641103,4.355838666219051,223.90718599945103,5017.876682999486,ar_order,256
EZwkWp-195-116061-37928-384031-166684-14787-96948,1442,15.53398058252427,0.0007670152699574828,13.746051,12.772292,0.6386502,0.40494856,2.2731343428293864,2.6941521962483725,4.294907719329252,4.322897319286112,268.9280719996532,5864.216298999963,ar_order,256
rjyWTe-587-151723-247588-123704-129889-250174-123056,1550,12.129032258064516,0.000710091320797801,11.527925,11.959505,0.50580955,0.4573649,1.701669422785441,1.963369329770406,4.528133352692714,4.541661941980158,238.38599600003363,5034.497088000535,ar_order,256
44Zbvs-567-179462-358526-13671-355104-116061-343332,1636,7.396088019559902,0.00030473197693936527,12.260805,10.956314,0.3649374,0.3118179,1.2061893701553346,1.186123045285543,4.606975602375535,4.6261880446597825,109.7205349997239,3121.767278000334,ar_order,256
ofs2Us-561-469223-161307-229618-187519-295308-129107,1636,15.831295843520781,0.0003641763178166002,10.91452,10.881302,0.66391516,0.45178092,2.453830115000407,2.822503169377645,4.264121328261757,4.312080576826081,273.6416109992206,7060.680904000037,ar_order,256
jhRr0p-088-489070-351855-386883-172725-333766-16976,1661,16.375677302829622,0.0008774544112384319,10.391342,10.233531,0.72221404,0.5421824,1.8848985274632772,1.9994754393895466,4.2508720379451255,4.225733606770066,319.0907239995795,7520.770289999746,ar_order,256
ItvEYp-187-347380-151331-160943-343502-92870-286732,1222,5.973813420621931,0.0003424148017074913,16.52684,16.169693,0.24753869,0.20702183,1.9266472419102987,1.947807780901591,4.567618367152915,4.605425906293022,83.59367800039763,2054.5496699996875,ar_order,256
9ImS8p-321-63022-306759-480197-355130-205293-103130,1065,1.4084507042253522,0.0003738635568879545,29.762657,30.658648,0.059304263,0.048066746,3.8176236311594645,3.8543994108835857,4.721585658306283,4.723207225598651,14.570487000128196,474.8191629996654,ar_order,256
PiKSIp-112-109021-465867-125189-123174-211212-334242,1021,9.10871694417238,0.000980529235675931,11.044145,9.054494,0.47311696,0.3913177,1.9710124810536702,2.055208373069763,4.349204212824049,4.409757938769705,83.83747799962293,2898.470611999983,ar_order,256
5Lu6ui-514-135410-151381-124082-173176-644-324310,744,9.946236559139784,0.00026409313431940973,11.677298,9.31729,0.49618462,0.38973355,1.4513227303822835,1.4613629817962646,4.557233617900009,4.599594607435267,133.41743099954328,2259.7269810003127,ar_order,256
69ZMRp-276-162832-2757-113105-349816-17243-289593,1207,16.23860811930406,0.0009542101179249585,12.844868,12.753292,0.6160981,0.4764482,1.4058062235514324,1.3479905287424723,4.337845159613797,4.31968042864753,267.977202000111,5052.705331999277,ar_order,256
caQa9p-079-134118-41798-311327-343332-125459-231167,1139,6.409130816505707,0.0008238053997047246,23.977436,24.046114,0.1992983,0.15795374,4.201610374450683,4.279847494761149,4.518975361772958,4.533000059136767,91.40448800008016,2003.9517490004073,ar_order,256
zQSXvp-215-498788-407950-152419-25062-51581-3467,1400,17.57142857142857,0.0010821843752637506,10.767999,10.502003,0.7027159,0.49071768,1.733594504992167,1.851185417175293,4.209286558269356,4.267313527135576,297.56243799965887,7568.97269899946,ar_order,256
3Fszap-093-117533-332219-451954-336612-141428-265166,1116,6.451612903225806,0.002600878244265914,16.356413,16.499332,0.2696019,0.20660305,3.8957065105438233,3.89774808883667,4.531971305254588,4.548933146643501,87.29336800024612,2016.5800680006214,ar_order,256
oJJGwp-325-47619-442126-2985-182650-124082-457067,1710,4.035087719298246,0.0017253782134503126,17.59703,17.78321,0.18619756,0.16513796,3.2746201515197755,3.2563803990681968,4.67865554210258,4.668287653695562,86.71168799992302,2467.6009670001804,ar_order,256
0mk6rp-310-146145-90733-51581-27791-50416-437215,1608,1.7412935323383085,0.0014768074033781886,24.851276,25.074913,0.08778381,0.06824218,2.285591395696004,2.311064624786377,4.714472534783974,4.7153364563253,36.988684999414545,1039.318254999671,ar_order,256
lzFhsp-134-377273-280816-60681-369034-268009-11995,1625,3.076923076923077,0.0012218672782182693,21.386003,21.339828,0.14946134,0.11119973,4.658712069193522,4.730782190958659,4.680702758507109,4.680532822641351,61.267070999747375,2021.228279000752,ar_order,256
5OQdwp-063-348077-460359-16661-112031-224170-197606,1404,2.7777777777777777,0.005658838432282209,18.171207,18.242085,0.15097433,0.12740456,3.484197998046875,3.5026503721872966,4.650978070669977,4.653541169717873,51.07263199988665,1456.6884689993458,ar_order,256
am1FVp-234-380077-145165-25579-145555-311495-324310,1208,5.380794701986755,0.004206848796457052,16.795582,16.768423,0.24400614,0.21329774,2.9161864280700684,2.503502893447876,4.571467807226218,4.504664629705523,178.563825999845,2109.0361879996635,ar_order,256
1zDUvp-298-108297-119460-56896-348770-68221-98443,1510,2.5827814569536423,0.0020352303981781006,17.279211,17.465837,0.17125471,0.143833,4.750258255004883,4.791935475667318,4.6460981506740175,4.648746843905105,80.79946899943025,1255.518836000192,ar_order,256
cqZnBp-237-143976-377902-462328-483339-384274-414547,1322,8.245083207261725,0.005321722012013197,14.591123,13.793365,0.32640523,0.3217282,1.3815441846847534,1.4468587319056192,4.541340553762163,4.51504273243085,100.83794599995599,2880.570825000177,ar_order,256
N5kbFp-292-397909-407728-152140-117533-153980-62919,1693,21.204961606615473,0.0010815237183123827,10.95488,12.338562,0.78519225,0.8067129,1.4017364740371705,1.456175152460734,4.585987843316087,4.384481817909197,381.50556800064805,9655.396879000364,ar_order,256
DmpOYi-525-91230-450251-209608-292323-92870-38506,1140,16.315789473684212,0.0021517532877624035,7.8609586,6.341077,0.8739638,0.5909579,2.0146084388097125,2.136355264981588,3.1575257523391604,3.71913617984167,225.44099899914727,4392.171340999994,ar_order,256
BBcZPi-501-456735-480197-495997-497448-326140-134118,861,0.8130081300813009,0.003230630187317729,22.529408,23.32577,0.086167015,0.05669556,1.7482229868570964,1.8453534444173176,4.727937949965208,4.727342178432231,10.048097999970196,226.34450900022784,ar_order,256
BsVmke-591-419538-379538-386302-426805-469450-347380,1550,17.806451612903228,0.002498342888429761,8.3178005,8.571269,0.7575899,0.64352757,1.3296929995218914,1.4783278067906698,4.293634745115209,4.26511737890209,367.50753999967856,6989.55468099939,ar_order,256
nSu3Cp-366-41411-362672-285778-222370-421926-202035,1118,6.529516994633274,0.006295517086982727,22.23679,23.319628,0.2927592,0.19661169,4.1588600158691404,4.068425941467285,4.702551863030627,4.696822787285454,68.80762099990534,1524.4972519994917,ar_order,256
tztd5w-640-23535-348077-410307-64116-151381-134118,1176,11.989795918367346,0.0032262594904750586,14.494774,14.294838,0.52131385,0.34220752,3.809954023361206,3.655983066558838,4.263831606458991,4.296985442297358,132.49435299985635,3383.9372489992456,ar_order,256
qQ82Hw-614-91230-379354-379373-260428-324310-287427,949,5.163329820864067,0.0024592585396021605,16.994312,16.831581,0.23718922,0.2023211,1.9633519490559896,1.90613751411438,4.5074341748646525,4.522171473460048,60.81691200051864,1047.5955479996628,ar_order,256
f2JFMw-634-136860-113105-22031-310105-248646-32125,824,8.25242718446602,0.0029410782735794783,12.369956,12.055126,0.37944162,0.31595883,2.236574236551921,2.234135373433431,4.569367084958123,4.5810936336856996,62.421791000815574,2067.736420000074,ar_order,256
ainjFp-098-145384-88756-289593-274542-488804-292564,2208,9.148550724637682,0.003448504488915205,13.9352045,13.205403,0.38635978,0.31550542,2.531090990702311,2.6436845302581786,4.477079496641974,4.4661928399682465,183.04176400033612,6136.837383999591,ar_order,256
BcVzDs-560-352809-57514-418989-243067-209608-32726,1636,6.601466992665037,0.0019297391409054399,18.722704,17.524988,0.2648174,0.20026608,1.533650795618693,1.5115313291549684,4.639849114607198,4.647510423994888,97.79449699999532,2978.284806999909,ar_order,256
TypO9p-362-82313-390793-365346-50416-310105-275395,1464,23.36065573770492,0.0034457372967153788,8.4803505,8.914343,1.376854,0.7061091,2.5118854363759358,3.003391981124878,4.507611429069785,4.3418598825574755,357.6028419993236,10663.849782000398,ar_order,256
nQsrxi-500-35788-354893-151331-437270-461984-276516,861,11.033681765389082,0.004316622857004404,9.73999,9.918844,0.60019547,0.44219184,1.5459538459777833,1.7042621453603108,4.506864953459806,4.507220530818904,113.64111500006402,2695.844746000148,ar_order,256
ck2Uxp-081-495997-135873-82313-377039-373629-268363,1026,4.775828460038986,0.004637618083506823,17.287716,16.14433,0.19786166,0.2187901,2.1372966368993125,2.1880181153615315,4.582494232408744,4.547375232380851,46.5437530001509,1146.0972840004615,ar_order,256
jgJdnp-100-135873-177809-247007-67455-332402-185152,1404,5.84045584045584,0.0029392531141638756,18.82115,19.055683,0.2109559,0.17007804,3.7671512603759765,3.756934960683187,4.5786715235954,4.595634651513954,84.11257799980376,2427.889313000378,ar_order,256
m8mjCs-533-485468-283456-486330-442126-2757-12865,1636,22.677261613691932,0.0013069127453491092,10.0709,9.209033,0.90685636,0.6528963,1.2899704058965047,1.345720148086548,4.295280322542591,4.325778993088614,338.03966399955243,11231.032057000448,ar_order,256
pRaNDw-627-181149-276516-426805-281965-56896-235375,1894,4.7518479408658925,0.002972227055579424,15.34299,15.311672,0.27660015,0.2105519,2.132484706242879,1.9614720980326334,4.575411555581343,4.580866944617662,81.53794900044886,3041.4792510000552,ar_order,256
U5aQJe-592-437270-129013-295308-406364-103913-497087,1550,4.451612903225807,0.001561999088153243,15.732475,16.18437,0.28273863,0.20664018,2.3863614400227866,2.425753100713094,4.63537280765633,4.658442412806005,156.39367999938258,2258.979755999462,ar_order,256
3e1Tjp-199-462328-423751-38597-248646-74769-2009,1395,9.46236559139785,0.002225166419520974,15.918909,15.739246,0.42252603,0.3421321,1.368253723780314,1.4704238017400106,4.469403609411133,4.429583139596737,185.62143400049536,4122.547298999962,ar_order,256
SSYQ1w-650-275802-13671-144360-112336-104867-157595,503,5.36779324055666,0.0031455422285944223,22.237835,21.847095,0.17581213,0.15388228,3.8347821712493895,3.7891271114349365,4.533800082277537,4.528853869430942,27.05450700068468,779.2889150005067,ar_order,256
JCRPTw-618-129107-479691-343332-355104-157595-129013,1894,30.517423442449843,0.0062578716315329075,6.4210663,5.524382,1.2287956,0.9052768,2.1023483276367188,1.9955631812413535,3.8061444167118093,3.868580105902713,1108.1785020005555,16043.823322999742,ar_order,256
BThtKf-463-324456-428876-160668-329895-295308-99711,1722,31.3588850174216,0.001240023411810398,5.7187214,5.064086,1.375259,1.0441233,1.1228392759958903,1.1193681875864665,4.149522496262443,4.173445400770892,674.0913199992065,14726.746499,ar_order,256
BNXFqp-404-184495-450557-10737-129636-497448-379538,712,3.089887640449438,0.0009845345048233867,13.581995,12.355682,0.24012963,0.19878791,1.8734923283259073,1.9888379335403443,4.574388641466837,4.616504126694016,24.426177000350435,582.7934809994986,ar_order,256
7HBFIp-071-294604-416172-427818-181149-278609-175927,1141,7.887817703768624,0.003979463595896959,20.005281,20.123325,0.32380962,0.20152797,3.9748013655344647,3.9202818711598715,4.515760458275329,4.525809905674611,108.48019500008377,1969.819199000085,ar_order,256
fS0Vwp-324-274170-461984-129889-218396-366126-128329,1773,16.130851663846588,0.001755136763677001,11.998836,10.442932,0.6642462,0.48870453,3.4748836040496824,3.550262435277303,4.2681898630728385,4.342338298753867,270.4670630000692,7062.265483999909,ar_order,256
MJEnPs-553-484336-261033-237079-274170-257745-343308,1636,5.990220048899755,0.0014303416246548295,12.24741,12.179718,0.34404075,0.2973957,1.964161761601766,2.07525315284729,4.63119500947932,4.64254640875621,90.98063700002967,2409.154652000325,ar_order,256
noHubp-343-163645-17243-410906-219243-161307-221798,1638,6.654456654456655,0.0025536506436765194,14.688835,14.259373,0.38418862,0.2657461,3.0862680594126384,3.0805352846781413,4.619084880887273,4.627541208632487,149.3500899996434,2503.8896910000403,ar_order,256
4sBV1s-535-160927-255765-139119-167772-460359-377902,1636,11.98044009779951,0.0018671865109354258,12.770957,13.153841,0.517112,0.3612802,2.663750743865967,2.670969184239705,4.504837764030437,4.5497108129643316,261.4315949995216,4962.183020999873,ar_order,256
IZG94w-666-98443-418034-470600-161118-288253-129889,1707,7.147041593438781,0.004833240993320942,16.535086,15.685112,0.2998632,0.26103488,4.032061640421549,3.5802491029103596,4.462996329985026,4.428285530284048,114.34762599947135,2902.798280000752,ar_order,256
9hvMUf-482-498788-113105-17243-63022-21827-338584,1318,11.077389984825494,0.0011917749652639031,10.696992,10.519642,0.5489431,0.4294515,2.5937835375467935,2.5120487372080484,4.588629226790901,4.575298272274826,134.0368129995113,3779.683766000744,ar_order,256
TkK5fp-380-229618-476225-311495-339484-11995-7708,1573,6.039415130324221,0.003558315569534898,14.330802,14.00137,0.31004557,0.23038848,3.575421158472697,3.6302295684814454,4.587695295361481,4.596388831265211,86.78637899993191,2471.294238000155,ar_order,256
9f3Qjw-657-129013-78427-348770-228203-60643-7188,839,7.866507747318235,0.0029710158705711365,15.370718,15.05476,0.36217824,0.25569353,2.2890158812204997,2.409816296895345,4.495918205278191,4.511287582723488,60.70197200006078,1494.2810250004186,ar_order,256
mZAhvp-320-51581-316080-475285-152880-108378-407790,2240,19.732142857142858,0.009975253604352474,14.920484,17.453455,0.7211574,0.60025764,2.3618869304656984,2.7510292212168377,4.5738686616848705,4.33485809076599,405.94607799994264,11774.905587999456,ar_order,256
aVIkMi-504-436373-35788-166684-274170-363774-493700,826,3.753026634382567,0.01687152311205864,16.251772,15.227685,0.2192704,0.1935881,1.3122660716374714,1.3510003089904785,4.6888104966444635,4.677484058223427,63.15488099971844,1558.0603079997672,ar_order,256
wD39yw-617-350336-91230-365075-384274-339484-27577,918,4.139433551198257,0.01175561361014843,14.944084,14.949965,0.21975833,0.20222396,2.4425527572631838,2.426890246073405,4.629156450927945,4.634146276166452,64.98330199974589,2207.481123999969,ar_order,256
WWYmkp-135-247007-450251-229950-249772-273892-186349,1032,18.7984496124031,0.02265731431543827,12.360685,12.1744,0.7144823,0.5073751,2.939265998204549,3.195015557607015,4.284291937897003,4.359950476050538,198.66600400018797,5275.232565000806,ar_order,256
1Q0zzp-067-496080-227228-300626-311379-247007-1214,1044,3.4482758620689653,0.020670078694820404,32.90767,31.812294,0.09943211,0.0970004,4.219343535105387,4.224733066558838,4.7217348075094305,4.720384527167061,34.80407500046567,738.2878749995143,ar_order,256
9Mkadp-302-273892-209608-109841-324591-494783-498752,1917,13.928012519561817,0.008960635401308537,13.390688,13.136825,0.49998808,0.40137365,1.550308100382487,1.6517902851104735,4.506210462573875,4.517807587055471,242.44793800062325,7620.175922999806,ar_order,256
ui9aDp-122-292323-379538-386883-287427-306759-88721,1070,4.579439252336448,0.009513289667665958,18.556667,18.499805,0.21865515,0.1718322,2.8671515941619874,3.0200088659922284,4.659672452944726,4.65976174411154,45.2500350002083,1349.560726999698,ar_order,256
YLEXwp-335-240298-183720-447487-129636-202035-44660,1633,4.776484996938151,0.019239043816924095,17.668344,16.961588,0.21399951,0.20216441,2.465613619486491,2.256175661087036,4.685304387954472,4.664943057657426,99.66524699939328,2771.768096999949,ar_order,256
6TUCvp-352-108130-78807-55646-250174-386302-414547,1874,14.300960512273212,0.02210024558007717,14.187383,14.640633,0.5606267,0.4174237,2.3308759212493895,2.7352888584136963,4.33866224454851,4.355748161114265,437.1025140007987,7855.954784999994,ar_order,256
DfzVIp-175-379354-103913-25062-384031-343308-295308,1232,6.737012987012987,0.007324743550270796,17.5086,17.45114,0.26601836,0.2315336,2.138343365987142,2.061679752667745,4.578073256123847,4.4865890722363995,285.4632929993386,2363.015760000053,ar_order,256
YuwChp-152-8651-147603-379354-29563-62919-345238,1842,8.360477741585234,0.018081096932291985,22.89349,22.752373,0.3325528,0.20942588,3.8319232940673826,3.9767799854278563,4.533733206762001,4.549145588033377,144.51423099944805,3958.847249000428,ar_order,256
QpHWMp-383-149498-238364-156368-402653-484336-426805,1642,21.74177831912302,0.02199472486972809,11.03859,12.698118,0.9337475,0.647607,3.1299779256184896,3.216674486796061,4.618206781875487,4.589229721998757,402.5964489992475,9982.391951999489,ar_order,256
RkoxIi-499-395609-17243-276516-68344-191485-476225,1053,19.183285849952515,0.013668406754732132,6.4425383,5.550804,1.1783956,0.67721575,1.4774638175964356,1.763087272644043,4.324761776825466,4.303503343118564,183.5432670004593,5548.479813000085,ar_order,256
avuTLe-585-474206-355130-317191-361413-333474-248785,1550,11.806451612903226,0.014499159529805183,10.449056,10.744387,0.51960367,0.519139,1.352610452969869,1.5612669467926026,4.472506174698686,4.503295843685828,165.58897899994918,5205.421906999618,ar_order,256
RXuyap-339-457067-332402-329331-281965-472051-353502,1386,8.441558441558442,0.022795502096414566,19.381977,19.83248,0.28953013,0.28682312,1.5250928719838461,1.562316640218099,4.702106713128652,4.572672390638278,149.6468819996153,3411.554500999955,ar_order,256
cfSfbp-363-68221-13671-186349-322947-197606-339484,1688,12.855450236966826,0.020284058526158333,20.763603,21.592043,0.4047377,0.34952998,3.2920648097991942,3.4716979185740153,4.6782945613065,4.6799646619546795,195.3930460003903,6429.303905999404,ar_order,256
jM2z5p-212-362995-350336-202035-87506-239730-207508,960,3.125,0.008350489661097527,27.631939,27.407574,0.13451637,0.093088694,3.325982681910197,3.451031462351481,4.727095543388147,4.726379319558772,28.072887000234914,670.0209759992504,ar_order,256
HxFzMp-357-24999-343332-90733-489807-316694-345238,1056,12.68939393939394,0.008049515075981617,18.225357,14.862451,0.43727008,0.42445216,2.7189589659372966,2.662715021769206,4.670517859364536,4.617837771761746,247.3827589992652,3771.3246080002136,ar_order,256
rllgnp-282-21827-2985-183720-67455-409746-330730,1398,18.812589413447782,0.014075466431677341,13.145938,12.669011,0.79649806,0.5481226,1.3411449193954468,1.3636514663696289,4.239408776002673,4.220573714622636,242.08522899971285,7785.0418850002825,ar_order,256
IJui6p-278-140209-424453-325632-318907-448869-125189,879,26.39362912400455,0.012646407820284367,7.458573,7.1519623,1.1291093,0.78403383,2.9687309106191,2.9894476413726805,4.197696776284819,3.903602996651363,308.1640010004776,6795.681432000492,ar_order,256
riuiap-287-319764-286732-35325-55646-391852-1246,1806,5.038759689922481,0.016919877380132675,17.073849,17.383307,0.23825212,0.19015847,2.712513240178426,2.8262473265329997,4.653081545495279,4.662903078750773,175.4318779994719,2456.3170450001053,ar_order,256
9OkIKp-409-379354-383479-166684-320846-480197-361413,1633,3.1230863441518677,0.018505295738577843,30.929193,31.210419,0.095270105,0.08293836,2.5134857813517253,2.7453399499257407,4.660110846413458,4.659195770018699,46.81671500020457,1303.941277999911,ar_order,256
vTx6Wp-073-38459-458554-472051-230200-332402-365346,1099,10.009099181073704,0.006727493368089199,14.482019,14.466739,0.3865027,0.30747187,1.7635398308436077,1.896175495783488,4.477666893209374,4.463334229431035,99.97990699957882,3404.072981000354,ar_order,256
9aa0Fp-331-427818-479691-112336-420765-462193-379354,1488,11.491935483870968,0.015810392796993256,16.11956,16.955944,0.5194285,0.32298902,2.3746117909749347,2.471484073003133,4.672127277029351,4.678740376196719,172.1967579996999,5098.407423000026,ar_order,256
Od9CNp-327-140209-326180-101992-35325-166792-451954,1953,10.39426523297491,0.014821072109043598,14.58784,13.606379,0.41078675,0.35628644,2.1796469052632648,2.2238688786824543,4.649780226102739,4.661659552692343,266.15732699974615,4510.237751000204,ar_order,256
2TcsGp-297-152880-78575-467697-23535-316694-24999,2415,13.250517598343686,0.007391820661723614,14.424561,14.412323,0.5087454,0.34938002,2.752840296427409,2.9815720399220784,4.5871157827216855,4.564100005638061,331.7612000000736,8661.732982000103,ar_order,256
IJFPZp-340-90733-100179-99711-247588-402653-355130,1491,3.35345405767941,0.00944688729941845,13.008516,10.854717,0.27631804,0.2440625,1.7797327756881713,1.7786176760991415,4.7009256887737045,4.69403142116794,50.76054400069552,1227.286429999367,ar_order,256
sNYM9p-246-47619-361413-1214-155820-418901-176776,965,28.808290155440414,0.011091777123510838,6.6108108,7.56116,1.131685,1.0138295,2.147667169570923,2.2439780712127684,4.492393308685519,3.887392259545542,273.5531259995696,7461.825446999683,ar_order,256
OI5Azp-257-60643-225888-294604-334833-14787-125459,1203,4.904405652535329,0.01875906065106392,15.683499,15.047151,0.41621992,0.24071698,1.5150317351023357,1.6268132130304973,4.577344350373875,4.585678340581595,56.425122000291594,1454.3629829995552,ar_order,256
vhQX3p-288-256377-386883-276335-177955-380077-80661,2229,2.4226110363391657,0.0165446437895298,16.015484,15.8649645,0.20826137,0.17217381,2.200847133000692,2.1816014289855956,4.687393339221311,4.686394914970598,50.33935399933398,1117.517835000399,ar_order,256
d4LtRw-656-379354-74769-192385-202921-93885-62534,1673,9.145248057381949,0.009153828024864197,13.321982,13.066574,0.37147114,0.31430116,3.3985414187113445,3.299512751897176,4.464944784240835,4.467606448486898,137.5148529996295,3917.5615170006495,ar_order,256
dc4C1p-319-469130-53129-287943-116061-476924-448907,1529,17.658600392413344,0.017503265291452408,18.628162,17.24835,0.81654686,0.4317819,2.44419215520223,2.470909818013509,4.70694664301125,4.704774059809919,244.58927100022265,7831.862926999747,ar_order,256
PSLbbp-359-11995-156368-348733-154883-123704-497426,1430,11.888111888111888,0.021002519875764847,11.076925,9.758036,0.60333437,0.5002062,2.3391318957010907,2.5253285725911456,4.660708866794523,4.658802956724534,256.15631899927394,4548.699894000492,ar_order,256
zVlcap-263-274542-472051-376372-248785-476225-35325,1292,4.102167182662539,0.021863481029868126,16.396414,16.143112,0.2070024,0.18288589,1.3195985794067382,1.2770232995351156,4.690788978550151,4.686149884660609,97.28176800035726,1222.5020930000028,ar_order,256
rpdA0p-089-193291-347380-224170-426805-310105-489070,1279,8.913213448006255,0.00744014885276556,12.894622,12.185188,0.39707157,0.3357465,2.0105053822199506,2.0720036824544272,4.4702525551550005,4.473996280066089,105.15765699983604,3015.829417000532,ar_order,256
O7tsRw-671-38597-125620-126584-128202-343308-240298,1734,7.035755478662054,0.009212201461195946,14.850111,14.8142185,0.34473953,0.24628647,3.2030335903167724,3.1909600416819255,4.5048813804257914,4.521475227239173,136.46365399927163,3929.658527999891,ar_order,256
mCLt3p-410-320846-476924-422977-274323-99711-177809,1085,1.4746543778801844,0.022891782224178314,26.658157,26.74223,0.064242594,0.056650985,2.295953702926636,2.33641832669576,4.728205278523145,4.726716221915807,15.463919000467286,548.5788129999492,ar_order,256
jFujMp-258-2985-422977-276516-270302-316694-390385,1887,7.790143084260731,0.008067467249929905,18.601877,18.407091,0.31275275,0.21915878,3.5521197001139324,3.6014231999715167,4.601285265852753,4.5541920420471,318.5562119997485,5256.506593999802,ar_order,256
uIq5Cp-346-271293-199372-348733-164849-450557-397909,1966,2.899287894201424,0.015138654969632626,17.10264,16.977337,0.18756597,0.15771425,2.6659122467041017,2.7833852767944336,4.698681342720737,4.70315161505938,62.90682300004846,1414.5668700002716,ar_order,256
2HNvip-384-377039-229618-315211-103130-162269-274323,1838,4.243743199129488,0.014237921684980392,22.279694,22.028736,0.21022774,0.15610315,3.8276508331298826,3.841068394978841,4.710253729422503,4.69783267472098,96.43507900000259,3520.0236119999317,ar_order,256
hImnha-010-474206-125620-494783-410307-474929-314040,1033,9.390125847047434,0.04484827443957329,13.28156,13.092285,0.34177792,0.67561454,1.5415101289749145,1.6570550521214804,4.645518257082067,4.370354352135172,127.78555499971844,4318.568728000173,ar_order,256
fiBRvp-155-14754-379538-407950-108056-495971-270302,1409,17.033356990773598,0.03848577290773392,9.125657,9.753315,0.7538468,0.58736736,1.7462591489156087,1.804602289199829,4.188500147815895,3.9298715211153796,512.8862589999699,7663.349315999767,ar_order,256
QzAg3p-413-374393-31166-163645-409369-10737-129013,973,10.38026721479959,0.0511818453669548,24.52738,21.280254,0.31949818,0.2634058,2.156049601236979,2.2267781416575114,4.695915162693412,4.669950255463043,129.10906500019337,2134.6586390000084,ar_order,256
JLBTXp-060-194617-60643-435517-420765-124439-152419,1024,10.44921875,0.024550464004278183,15.309619,14.593679,0.6722047,0.31529826,4.772425842285156,4.704004891713461,4.622215071739543,4.627109094286832,131.37583499974426,2288.7515709999207,ar_order,256
k4Lvzp-329-270302-101992-248785-163995-27791-469130,1701,7.642563198118754,0.051412247121334076,16.665611,16.57725,0.3385323,0.27284965,2.638750425974528,2.6391750812530517,4.706851490660342,4.6683290184477,119.26261600001453,2964.6982120002576,ar_order,256
ZgJsyp-189-209061-292564-111916-92870-126584-280816,1939,5.002578648788035,0.0409746915102005,18.87531,18.678425,0.2412781,0.19064637,1.562625249226888,1.5491891781489053,4.6827904485208744,4.665097915704026,88.25000099932367,2698.424633999821,ar_order,256
G50hup-092-363552-123056-229618-481410-299323-332402,1114,6.463195691202872,0.028861256316304207,23.377726,24.09981,0.25198045,0.1664282,4.133569876352946,4.274966939290365,4.6293049267822255,4.642077070063438,132.59082500007935,2072.8358380001737,ar_order,256
8b8sWp-275-88756-348733-183720-134118-226233-129107,1202,3.577371048252912,0.031784262508153915,21.058485,21.19423,0.1641322,0.14063504,3.5317296822865805,3.5701289653778074,4.720569326106523,4.716298688762367,39.10091499983537,1295.0995689998308,ar_order,256
vOT8yp-371-205293-131237-111916-212842-29563-288077,1254,6.220095693779904,0.025580398738384247,16.306093,17.23944,0.26766673,0.2746005,2.971730613708496,3.0016494274139403,4.677714771995105,4.5880611450855175,71.09385100011423,2403.081540999665,ar_order,256
qmNVhp-128-78575-68344-44660-128101-103130-334242,1283,4.75448168355417,0.03182704374194145,23.996487,25.204268,0.21424872,0.1381859,2.278008063634237,2.3751205603281655,4.630833526976974,4.5975564750358515,58.17232299978059,2090.9539069998573,ar_order,256
8wAd8p-068-329159-165684-202035-119460-330730-447487,1209,11.41439205955335,0.0299910269677639,16.60518,16.649807,0.47054768,0.2999214,3.458588949839274,3.5378164768218996,4.493537041953612,4.4972973440539565,255.55364100000588,3447.464822999791,ar_order,256
tXap2p-281-298969-9753-281965-457067-162269-329331,1012,6.8181818181818175,0.026187583804130554,16.02636,16.258286,0.29258215,0.23083286,2.792282485961914,2.776765314737956,4.688450882852239,4.670807217405692,167.2002400000565,1872.7308440002162,ar_order,256
fdXdMp-313-165684-111916-348770-380077-145384-347380,1440,12.777777777777777,0.03389327600598335,17.146656,17.418085,0.4970272,0.3831537,3.0160914421081544,2.8004289786020915,4.668679533415799,4.6026992025555575,315.3746729994964,4992.533437999555,ar_order,256
Jpj5sp-423-369034-108056-487747-295308-1246-219243,1468,8.583106267029974,0.05191738158464432,19.877357,18.1909,0.38410893,0.26201272,3.5814895470937094,3.8647920926411947,4.691942866138451,4.664377820418225,159.91841100003512,3165.346267000132,ar_order,256
maM4mp-267-195572-141428-108130-299323-8651-456735,1158,7.512953367875648,0.0453246608376503,27.288254,28.867817,0.24585499,0.16467048,3.257778040568034,3.3880467573801676,4.723760185984355,4.712165845635715,78.24367200009874,2002.8407399995558,ar_order,256
Aal0cp-183-209061-91230-492922-2757-317191-461984,990,4.545454545454546,0.0922110378742218,18.072475,18.102192,0.21919532,0.18004934,2.1355757395426433,2.0448424418767295,4.644616085405374,4.641241139121021,41.83057499994902,1081.151815999874,ar_order,256
m5rDOp-062-377273-156368-185152-188815-186260-486330,1445,11.003460207612457,0.02404632605612278,17.365185,15.795222,0.43280426,0.29457656,3.640125783284505,3.6530049324035643,4.494075811995869,4.537242185218956,144.21222300006775,4505.209216000367,ar_order,256
IIhdup-184-282845-322947-195637-315211-10737-386302,986,6.896551724137931,0.07097651064395905,21.714895,21.724825,0.31331837,0.19331117,1.405619700749715,1.4486286799112955,4.598910756634851,4.632395212297618,69.00539199978084,1944.8459579998598,ar_order,256
eiJpip-223-216978-247588-305230-165168-65123-203381,1402,10.556348074179743,0.04873007535934448,16.810707,16.81125,0.4137217,0.31800893,1.4420097589492797,1.3787369887034098,4.514898900261187,4.440082779542083,159.81304300021293,3583.615641000506,ar_order,256
uYOkKp-107-143976-376902-185152-437215-90733-10048,968,4.338842975206612,0.029287779703736305,22.394978,22.898245,0.16658477,0.13339415,3.1751731554667155,3.355827983220418,4.6276428919674695,4.60663906121078,39.76795500057051,1178.6739160006618,ar_order,256
DWrC0a-013-57191-1214-242009-327883-379538-476225,1033,12.100677637947726,0.0352642759680748,9.783221,10.023872,0.570178,0.52468735,1.2748887379964193,1.3529559930165609,4.547285963395583,4.361841346759804,127.39769500058173,3528.109748999668,ar_order,256
6maFGp-305-129013-193291-68221-152880-38506-163335,2424,17.863036303630363,0.02638908289372921,18.506945,20.67977,0.6297437,0.46779975,3.5474588871002197,3.745744816462199,4.664311692679263,4.657038377924597,435.4030100003001,12640.229161000207,ar_order,256
fZg66p-070-68221-216978-377273-239730-53784-3467,994,29.577464788732392,0.03719060495495796,18.265745,19.695602,0.93438125,0.64917463,3.5433891932169597,4.150958665211996,4.583166328633575,4.5538688693620175,524.1726809999818,7169.42186200049,ar_order,256
CF7Gnp-165-481033-25721-175927-209061-312468-108378,1919,17.509119332985932,0.03301472216844559,13.44931,13.542275,0.66412216,0.4477279,3.3111133257548016,3.3294972578684487,4.3383065491733515,4.308640491643271,300.5958570001894,8816.938229999323,ar_order,256
tTMeWp-326-264357-280816-2985-25721-189658-311379,2359,8.902077151335313,0.04867259040474892,24.404257,25.512394,0.31602845,0.2464044,3.38645183245341,3.436345100402832,4.698497956806198,4.707229622086994,191.1218179993739,5108.264184000291,ar_order,256
kDEiGp-268-254920-474864-52991-170820-165168-328121,1029,24.101068999028183,0.09233691543340683,7.363249,6.68484,1.454539,0.810082,1.9539123058319092,1.9623056173324585,4.583708003591188,4.51335040743069,222.71781400013424,6103.305773000102,ar_order,256
rkSMcp-349-162269-339484-74769-12865-363552-41411,1411,14.386959603118354,0.02514478750526905,17.177319,17.303097,0.4998373,0.44365287,1.7234096288681031,1.6649323940277099,4.690135281965213,4.502330387437601,267.4657500001558,4686.562032999973,ar_order,256
FZwvbp-205-349816-138959-261033-383479-409369-152140,1111,28.26282628262826,0.03914736211299896,12.97311,9.793814,0.95570755,0.8485263,2.367998727162679,2.2520022869110106,4.587844433527425,4.326704167122698,282.67367700027535,9073.949188999904,ar_order,256
ie6iSp-097-407790-253414-334074-464643-167361-80351,1395,3.942652329749104,0.03198687732219696,28.90807,29.033545,0.11636639,0.09435034,2.493334897359212,2.4547566572825112,4.638809430315806,4.64423100514972,49.556384999959846,1268.0459370003518,ar_order,256
Q1VJ4p-396-67099-191485-442126-324310-384031-392966,757,0.5284015852047557,0.04145583510398865,50.98404,49.40557,0.0147919385,0.013732844,2.5402766386667888,2.5933977127075196,4.731655856865842,4.731331833430933,4.453749999811407,85.79307099989819,ar_order,256
BLAVyp-401-374393-353502-276516-464643-247007-280816,1578,17.743979721166035,0.0333615206182003,10.922596,11.092397,0.7167787,0.5056316,1.382086420059204,1.317869504292806,4.598854576863103,4.5557257070883,262.7261100005853,8777.801674999864,ar_order,256
qx9MPf-447-243466-253414-78108-327883-41798-186349,1722,15.911730545876887,0.0489613376557827,8.18776,8.057296,1.062605,0.8638064,1.6200159311294555,2.079046845436096,4.208792809005363,4.203560224646973,254.2519020007603,9311.822116000258,ar_order,256
4fsgkp-253-311495-209061-229618-287427-276516-38459,1013,6.811451135241856,0.02615589275956154,16.887835,16.998388,0.3077992,0.2191335,2.981976286570231,2.9971605141957602,4.6846458014077905,4.674596479885815,64.4048730000577,1890.6082979992789,ar_order,256
u3JmNp-105-377036-373629-177809-287789-419538-221798,1057,9.082308420056764,0.03273187577724457,12.756098,11.918619,0.589025,0.33671603,2.4431922912597654,3.009121640523275,4.653658112028784,4.630358295771316,127.77520500003448,3055.735638999977,ar_order,256
7gnoMp-243-13140-469001-90733-352371-418901-62534,1349,14.381022979985175,0.03019716590642929,12.145805,11.7959,0.74269366,0.47101355,1.9814869085947673,2.3857187747955324,4.642488445730715,4.591086978052112,218.18438599984802,6406.568502000482,ar_order,256
WYTgYp-403-306759-7708-254913-153980-163947-460359,1450,4.206896551724138,0.0560128353536129,16.366718,15.606509,0.2510245,0.21289967,3.697352472941081,3.3218673706054687,4.684728879335005,4.659275651380569,111.99220800062903,2025.1636650000364,ar_order,256
zRlcSp-181-25062-53784-123056-333757-268363-211084,1709,6.1439438267992985,0.025759130716323853,17.468422,17.943428,0.28415802,0.23107989,2.3416171232859293,2.4740351835886636,4.657189297169667,4.515490779536163,326.6233929998634,3492.5504230004663,ar_order,256
TaYTvp-415-63022-179855-481410-392966-38597-437270,762,4.593175853018373,0.03335783630609512,21.19841,21.006573,0.24830537,0.16292085,2.6625898679097495,2.657591374715169,4.704574777438504,4.6875604335922425,32.68718599974818,704.1217519999918,ar_order,256
9kbanp-261-50416-108056-469001-231167-334074-209061,1007,5.958291956305859,0.026795921847224236,13.585295,14.205427,0.34347638,0.2564365,2.0795307954152427,2.1580819447835284,4.668275750268695,4.636664066040234,77.03594200029329,2355.1899819995015,ar_order,256
DLZvmp-426-78108-128329-469130-165684-261033-84004,868,7.71889400921659,0.026906199753284454,21.989445,22.57191,0.2738038,0.20727547,4.13567533493042,4.270305315653483,4.697340561548172,4.6764846978788235,159.71915299996908,2319.75232700006,ar_order,256
i0Ocoe-610-395609-211084-211212-108056-187519-202035,1390,9.784172661870503,3.9601487515028566e-05,12.035914,11.518111,0.42946598,0.4278188,2.0204241434733072,2.0935487190882367,4.632640181768531,4.618360865710329,260.4272709995712,3829.2178840001725,ar_order,384
PBDVAf-465-366971-117533-197606-160943-60681-25579,1722,3.426248548199768,2.0712036530312616e-06,19.141638,17.144491,0.21072073,0.17052472,2.488318951924642,2.5311428864796954,4.6994164689038325,4.701151949214816,183.53984899931675,1688.2750570002827,ar_order,384
sF1D5f-429-45816-14754-487747-347380-61770-187519,918,1.4161220043572984,6.66032019580598e-06,25.710297,26.566662,0.07865062,0.05799677,3.134517780939738,3.1393883228302,4.728845579938627,4.727986659914801,22.95359700019617,375.47821899988776,ar_order,384
8lHaxa-001-437270-91230-96853-392966-377039-493700,1033,8.712487899322362,1.6546022379770875e-05,14.315033,14.509195,0.39181685,0.3001067,1.7122770388921102,1.595762801170349,4.664223295296333,4.548849563893511,152.32994400048483,2107.928391999849,ar_order,384
wH6bMa-009-144175-39168-315211-114587-333757-10048,1033,7.55082284607938,4.100139267393388e-05,13.899845,14.1233635,0.5071216,0.31316555,1.4930192629496257,1.5409216403961181,4.521772522353512,4.551334470520506,102.98394899928098,1823.80188299976,ar_order,384
l3Lvae-611-211084-218396-212842-198509-334833-311379,1390,4.244604316546763,4.941728548146784e-05,21.787254,22.153458,0.16327466,0.17374448,3.335687526067098,3.3535393714904784,4.709372909073672,4.696818681767979,95.62584000013885,1549.7286139998323,ar_order,384
cmHjrf-493-348077-309854-224170-458554-202179-472051,1722,16.144018583042975,0.00013046321691945195,8.606098,7.9891324,0.7289466,0.7534278,1.222277530034383,1.2512821992238363,4.382630906141322,3.995542963638391,589.295427000252,6566.966959000638,ar_order,384
9srcUf-448-162832-472051-219243-152140-401183-304828,1722,11.091753774680605,7.126033096938045e-07,10.705404,8.891383,0.5531545,0.7238577,1.4219804048538207,1.5376436710357666,4.615594959102928,4.581418841104599,304.5273580000867,4511.142896999445,ar_order,384
pMchYa-011-461984-248646-131237-259340-281965-474206,1033,3.291384317521781,7.092276973708067e-06,17.213917,17.775562,0.18971574,0.18171918,1.5456763664881388,1.507929754257202,4.692705697647544,4.651307306963208,43.84110600040003,903.7314339993827,ar_order,384
rqqrUf-476-372299-90733-207508-318838-254913-53278,1590,15.786163522012577,1.0736808690126054e-05,10.92722,10.694757,0.6748276,0.6542336,2.7390870571136476,2.964898204803467,4.63109845266057,4.478971799187337,372.2160299994357,5957.097364000219,ar_order,384
KWj8Li-521-358526-235375-78807-67455-237079-21827,802,14.588528678304238,5.653791959048249e-05,10.3697605,7.1851087,0.7286806,0.5466073,2.434765656789144,2.8056455930074056,4.4015678457167295,4.3535544098021655,146.85310400000162,2534.693048999543,ar_order,384
LIJKja-026-447487-148409-188815-38506-78427-479691,1033,5.517909002904163,1.2104389497835655e-05,13.3424015,13.158434,0.30325016,0.28413215,1.4266474405924479,1.4607301235198975,4.6531486597588225,4.596430473954985,78.23557200026698,1296.2008610002158,ar_order,384
P4ZKje-597-228203-427818-407728-174918-211212-250174,1550,22.967741935483872,0.0001234940718859434,8.429257,7.250596,0.9041841,0.8045401,1.4627080281575522,1.5777975797653199,4.4040990027167455,4.3611696290821875,452.4881209999876,10554.202788999646,ar_order,384
zoFKbf-438-268009-220507-287943-286732-24538-454712,1653,12.583182093163945,5.697601750398462e-07,11.57308,9.360546,0.53608084,0.5569771,2.101895006497701,2.128664827346802,4.592833760656803,4.495464576841574,259.32030200056033,7072.351222000179,ar_order,384
FPRIpe-578-474864-126584-425422-304828-148409-10737,1550,9.096774193548388,7.081195508362725e-05,13.503834,13.223672,0.36168882,0.4083295,3.1075973510742188,3.1978803793589274,4.653049274726904,4.52907055097928,172.53996199997346,3375.5003510004826,ar_order,384
Th8NDe-613-23535-495997-395609-270487-329331-383770,1390,14.100719424460431,8.22431466076523e-05,11.320968,11.036452,0.5169839,0.61112696,2.8360987345377606,2.8281044642130535,4.607739536322033,4.596721128891108,271.2234010004977,7194.567400999404,ar_order,384
KFAl8f-427-406364-361413-456735-410307-286869-348733,1722,18.641114982578397,5.997956031933427e-05,9.884827,9.765352,0.68276596,0.5690833,1.8546022574106853,1.8528351068496705,4.297522956027315,4.344920838712255,407.0511970003281,10499.563518999821,ar_order,384
rn9v1e-583-369034-383770-175927-399756-390385-383479,1550,11.67741935483871,1.7469614249421284e-05,12.9691515,12.978525,0.43907523,0.42853773,2.8322957038879393,2.8751562595367433,4.614127304084121,4.504350190059096,228.30756700022903,6873.966295000173,ar_order,384
SnJBwf-434-37928-376902-480197-51581-328121-350223,1378,5.732946298984035,1.790127271306119e-06,16.393963,16.284119,0.31074855,0.25627592,2.001940639813741,2.0851720412572226,4.67731922088347,4.681476888999249,121.87240599996585,2422.5594650006315,ar_order,384
amZyRf-444-7708-476924-468905-275802-405424-380077,1722,2.5551684088269457,3.279495786046027e-06,17.282907,17.108322,0.16546617,0.17634107,2.0439889907836912,1.9715483427047729,4.704378183404292,4.69317888187069,67.00746299975435,895.7760639996195,ar_order,384
a4WwUa-043-141142-113619-397909-469223-287427-421926,1033,26.427879961277835,3.878655479638837e-05,6.8923655,6.7633495,1.0656227,0.86636275,1.2091100454330443,1.3136809746424356,4.222352951959116,4.258467870745964,356.938332000027,9540.895623999859,ar_order,384
mvvOnf-472-106-135410-148409-334242-45816-353502,954,4.5073375262054505,4.8512858484173194e-05,15.907935,14.188146,0.25687054,0.24857382,2.772504186630249,2.924713706970215,4.644924701204898,4.661498737259916,56.88219399962691,2032.2256959998413,ar_order,384
oRqMra-058-167772-480197-43889-36331-135873-265166,1033,2.904162633107454,6.2980648181110155e-06,23.975723,23.808586,0.13901968,0.09294327,3.189483388264974,3.218381102879842,4.7243024998989025,4.724048468096945,41.92593600055261,1685.6671819996336,ar_order,384
1rIrKa-023-409746-287789-276335-17243-340579-260428,1033,1.6456921587608906,1.7720502000884153e-05,19.946861,20.461634,0.10783268,0.095891334,1.6726215680440266,1.627684752146403,4.7206060235846845,4.725218264775863,77.08505200025684,1155.70630899947,ar_order,384
xX6Wce-607-140209-262731-151331-7708-427818-497426,1390,3.741007194244604,2.83738954749424e-05,19.940315,19.003912,0.15578897,0.17391574,3.044066063563029,3.0059564113616943,4.716140252419379,4.703578262115891,88.71263099990756,1519.3257509999967,ar_order,384
3hvoVa-051-2307-202921-218396-175927-14787-464643,1033,5.324298160696999,1.6514632079633884e-05,17.063095,17.369665,0.2673426,0.20608278,1.635293730099996,1.696521274248759,4.683918354104664,4.657958393202481,68.78009299998666,1237.1948419995533,ar_order,384
87hwjf-487-426805-60643-437215-160943-182650-407728,1181,5.080440304826419,1.0143882036572904e-06,13.3319,11.716109,0.30699217,0.3788967,1.4499579350153604,1.4645400285720824,4.674391321273507,4.62629533227528,77.78340200002276,1777.8737360004015,ar_order,384
98pQ7f-492-161118-44660-2985-495997-227228-191485,1722,3.948896631823461,3.370679678482702e-06,21.359777,20.7376,0.14982425,0.18171757,3.323563591639201,3.1779425938924155,4.700350255753358,4.585971363713347,85.06249000038224,1947.7952799998093,ar_order,384
9a98Kf-464-298969-472051-292323-179462-78575-496080,1181,7.281964436917867,5.5254073231481016e-05,16.143879,15.706166,0.30262604,0.24157967,3.1734116236368815,3.0299158414204914,4.430800211414178,4.513268611282058,149.472894999235,2574.4935540005827,ar_order,384
WVKBPa-017-469001-13769-309009-430207-5054-14754,1033,3.581800580832527,4.264206836523954e-06,16.989422,17.201345,0.19078039,0.18897384,3.68991797765096,3.736665153503418,4.705725408481431,4.652940412046222,63.45183299981727,1128.1694440003776,ar_order,384
k2rvsa-021-181149-117176-94351-2985-340579-209061,1033,4.162633107454018,1.384729148412589e-05,19.886696,16.663788,0.2682661,0.19532363,1.9610413233439128,1.9697969992955526,4.695269485588414,4.66766400382829,74.86867300031008,1362.3079499993764,ar_order,384
GptLba-028-467697-29563-495971-437270-5575-211212,1033,2.3233301064859635,2.764441342151258e-05,19.116047,19.269735,0.13674402,0.13332339,1.7705865144729613,1.7421319325764975,4.683803270634492,4.672213460932373,31.1611469996933,714.3698359996051,ar_order,384
3EBeof-459-212842-454791-192385-495971-180085-113105,1033,16.747337850919653,3.53978066414129e-05,12.416357,12.524084,0.54399115,0.6027619,1.9248932123184204,2.068000332514445,4.583597873599769,4.559700703739884,361.8080830001418,5049.456826999631,ar_order,384
8C0b9f-461-182650-228203-8651-240298-176776-186349,1704,3.814553990610329,5.752473225584254e-05,17.616735,17.42183,0.17420419,0.25886413,3.627301263809204,3.529343271255493,4.708437680409853,4.576959169445458,107.280088999687,2172.7552089996607,ar_order,384
f5sCDf-435-355130-41798-395609-377902-35325-116061,1378,11.901306240928882,9.696379493107088e-06,13.699438,12.368811,0.44981208,0.51250803,1.8305811564127603,1.7850359042485555,4.648160391724984,4.399661875793647,475.2331009995032,4642.965307999475,ar_order,384
5LZsPp-295-239730-414547-129636-470600-495997-1214,1207,22.535211267605636,6.921367457835004e-05,9.560117,8.132322,0.812208,0.68523455,2.1048724333445232,2.2798641522725425,4.146637777111107,4.191752724860989,338.69234600024356,6993.336915000327,ar_order,384
rxhq2p-211-212526-349828-67455-407790-412326-143976,1183,7.185122569737954,2.8749458579113707e-05,15.735807,9.710543,0.53743,0.35186157,2.4290823300679523,2.6546324729919433,4.536174204553134,4.4989774553175765,107.36000900033105,2250.3745020003407,ar_order,384
7j8l2a-034-50416-4800-287427-123375-143976-264357,1033,3.0977734753146176,8.71249631018145e-06,17.768902,17.865013,0.18868034,0.18063962,2.433646488189697,2.4927101612091063,4.687027806576859,4.593969297625629,40.88749599941366,807.2070790003636,ar_order,384
cedJli-522-192385-152140-262731-156368-123704-333757,719,5.285118219749652,5.254780626273714e-05,12.977184,10.521643,0.32053575,0.27980655,1.9444051027297973,1.9965807994206746,4.059435380531369,4.282554514832044,51.17746499945497,849.3944249994456,ar_order,384
uHCIZa-015-146882-87506-304828-333757-5054-62919,1033,8.615682478218782,1.7520515029900707e-05,12.733855,12.874837,0.37865698,0.38396534,1.3002126614252727,1.337476619084676,4.5669745434946085,4.57543170402027,152.52192499974626,2381.300528999418,ar_order,384
UKnMcp-124-361413-129636-57514-52991-68221-81956,1381,20.926864590876175,0.0001672373036853969,16.935524,12.399633,0.678904,0.49014607,2.595106824239095,3.0093989690144856,4.5279580151175445,4.523169459144819,449.9805240002388,7908.380638000381,ar_order,384
5ALjRp-161-333766-240226-4800-482510-113619-84055,1026,26.803118908382068,0.0008019127999432385,6.947028,6.48788,1.1736794,0.8831074,1.2217137575149537,1.2348837852478027,4.0227169960825675,3.9871093329294407,520.8439569996699,8155.567046000215,ar_order,384
Paqf1p-119-254913-443221-90733-163645-32125-188815,1450,9.034482758620689,0.0004479943308979273,15.078946,15.35789,0.34869504,0.27289745,3.2679697195688884,3.3157279809316,4.44261526067694,4.4782119309111685,199.44566000049235,2769.141453000884,ar_order,384
lDN6of-450-91840-427818-353502-327883-210172-489807,1722,25.02903600464576,0.000440589792560786,6.8624105,4.0699725,1.1514053,0.830844,1.3462202072143554,1.5391361713409424,3.843964105531949,3.9395683883552013,574.5121019999715,12417.593213000146,ar_order,384
JRGxpf-495-78575-358526-483339-81956-229618-247007,1722,14.227642276422763,0.000252309167990461,9.284149,7.3773336,0.66371715,0.7058821,1.1626813173294068,1.1382927258809408,4.451736626782888,4.407714889026334,305.04792900046596,6710.996661000536,ar_order,384
yc5Hmf-494-469130-474206-203381-91840-123056-149498,1722,13.472706155632984,0.00020981418492738158,9.069313,9.099839,0.62059766,0.5647063,2.8777164141337077,2.661699374516805,4.447319821351013,4.340120922133799,301.3070289998723,5719.495751000068,ar_order,384
6UNJZa-025-136860-357104-38459-89725-366126-252054,1033,9.390125847047434,0.0008322022040374577,13.714661,13.478092,0.36518893,0.3476129,1.2037645022074381,1.2141814629236858,4.579635087347136,4.560996392575062,122.29253799978324,2031.0593560006964,ar_order,384
CrjLKf-468-374393-49022-14754-240504-316080-236920,1722,6.562137049941928,0.00014622832532040775,15.750116,15.017104,0.28979316,0.33565855,1.2849875847498575,1.2854209740956624,4.69802771012044,4.689569360306122,140.97639600004186,3002.077420000205,ar_order,384
wkCjvp-408-175927-2985-407790-280816-275802-343332,1046,15.965583173996176,0.0001569680607644841,16.864857,15.488,0.5440698,0.38326457,2.667408752441406,2.799513037999471,4.579346905138687,4.615787074054527,213.96685899981094,4788.400403000196,ar_order,384
bnEKPi-496-131237-487747-10048-112031-352809-171454,719,13.908205841446453,0.0004139196826145053,10.790062,7.5618224,0.62101656,0.50795525,1.9253746350606282,1.9137377182642619,3.44783654475328,3.8017109221446392,126.57303799915098,2920.9593489995314,ar_order,384
FW6BFp-225-129636-418989-280816-386883-462467-306759,1649,6.24620982413584,0.0004694216186180711,15.76339,15.518145,0.26002347,0.23113358,1.794402813911438,1.8191508213678995,4.546645168247189,4.583082981058414,176.4545639998687,3627.254310999888,ar_order,384
cZ9D6w-670-134118-41411-423587-125189-84055-98443,662,4.984894259818732,0.0007059596828185022,17.576878,17.051353,0.21724194,0.17707305,4.196473566691081,4.284714349110922,4.5668769548933685,4.576355810940013,55.848854999567266,730.5119680004282,ar_order,384
xlckps-555-489807-93885-138959-23535-14754-299323,1636,10.880195599022006,0.0007390778046101332,11.222586,10.691719,0.47717083,0.39078268,1.5168933868408203,1.52940673828125,4.527026910361032,4.538516669031798,232.55580700060818,5913.559617999454,ar_order,384
xDMmqs-548-333766-165168-462328-336612-442126-284808,1636,9.7799511002445,0.0005077441455796361,12.466317,11.454195,0.39869714,0.33631977,1.3337514718373618,1.3416423241297404,4.339384048012432,4.439350049814265,537.6457869997466,5028.010166000058,ar_order,384
FSyUys-545-306052-88756-228203-369609-91230-448907,1240,3.467741935483871,0.000898472499102354,18.145048,17.216343,0.18974163,0.17181163,1.3967746814092001,1.3766154925028482,4.651988957181821,4.65757488704654,80.30473199960397,2041.673529000036,ar_order,384
FiS63i-513-129107-287427-185152-454791-121010-285778,918,29.956427015250547,0.0005593721871264279,4.9041185,2.0723674,1.2930743,0.9998738,1.8243295033772786,1.8181801160176596,2.4838658458870797,3.0467790883412103,355.19482500058075,7639.580070000193,ar_order,384
AHwsQs-538-108297-304214-140209-237079-426805-448869,1636,26.5281173594132,0.00042765779653564095,7.152869,5.5533047,1.7113384,0.83578795,1.2181514898935955,1.2495941162109374,4.093752457781804,4.136832662956278,541.8535859998883,12171.600620999925,ar_order,384
cUyODs-564-324456-286869-479691-123056-485468-274323,1636,14.60880195599022,0.0006575641455128789,9.685105,9.093786,0.6592855,0.52026194,1.4825724045435587,1.4098866701126098,4.508731511933258,4.512980799176559,306.52901899975404,6293.954030999885,ar_order,384
WOhKts-537-450251-294604-27791-350223-235375-383770,1636,15.158924205378973,0.00046492001274600625,11.74691,11.802895,0.5811676,0.41032088,1.8626613696416219,2.0270656903584796,4.475641726402409,4.514244656676684,311.3086290004503,7119.212902000072,ar_order,384
Mtnx5i-515-495971-279778-348676-11995-306560-418034,744,3.225806451612903,0.00028512379503808916,17.389866,13.049017,0.17361534,0.21096273,1.6676063617070516,1.7231101036071776,4.682145762435865,4.698980118713264,32.42035599942028,533.604037999794,ar_order,384
fiDqFe-589-306052-37928-421728-166792-414547-458302,1550,7.548387096774194,0.00034323649015277624,16.702885,17.105495,0.35078156,0.23781379,3.13152650197347,3.2993421872456867,4.627132610137922,4.647413327621569,146.75324599920714,2994.8539999995774,ar_order,384
KIklei-503-156368-5054-151331-161307-380077-177809,898,12.138084632516703,0.000185836324817501,9.981412,7.337298,0.614671,0.5317719,1.6502431472142538,1.6225646336873372,3.4575440859196522,3.9281406412543753,305.380210000294,2778.32471200054,ar_order,384
0Rve0i-524-469450-332402-376902-283921-64116-240504,1140,5.087719298245614,0.0009046242921613157,15.4710245,13.013936,0.27199626,0.23096323,2.35646284421285,2.3841742038726808,4.178011288483451,4.368690714502079,77.60379199953604,1204.2118839999603,ar_order,384
IJqofi-526-68304-236920-183720-152419-94351-316080,661,34.493192133131615,0.0003945751814171672,5.253933,3.2669518,1.6713399,1.0740092,1.8265421311060588,1.8116626977920531,2.4636811449727087,2.9409895356239635,283.3338129994445,6883.015530999728,ar_order,384
vAlA7f-458-390385-16661-177809-112031-325632-365075,954,1.4675052410901468,0.00048059478285722435,32.859875,34.674343,0.04486381,0.037910264,4.726149940490723,4.708338737487793,4.717244356620528,4.716181848532785,18.51466799962509,343.36975699989125,ar_order,384
oK9Hxs-550-7708-104867-460359-299323-420765-264795,1636,3.850855745721271,0.0009720592643134296,18.306591,17.621805,0.16546063,0.15329002,1.3570186297098796,1.341197943687439,4.6783881531864004,4.684752079518928,105.84439000012935,2448.0946849998872,ar_order,384
kxh9is-563-24999-276516-377039-462467-365075-67099,1636,6.418092909535453,0.0009378857794217765,17.541557,16.475769,0.27187902,0.20454526,2.1083901166915893,2.1552735328674317,4.597997980186509,4.613366783829802,293.3316510006989,3238.144571000703,ar_order,384
Q4PCSi-506-317415-237079-78108-78427-235375-285778,1152,8.072916666666668,0.0002790152211673558,14.904026,13.1473875,0.35605583,0.29700527,2.347121016184489,2.321788756052653,4.148668811141035,4.374711936530262,184.32884300000296,2898.3755230001407,ar_order,384
zKb4se-576-475285-202921-407950-32125-236920-469001,1236,14.64401294498382,0.0002435800852254033,12.109516,11.283234,0.5600304,0.5111775,1.8524554252624512,1.9436595996220907,4.553125746063783,4.410778145582228,356.25852500015753,4773.750897000355,ar_order,384
EZwkWp-195-116061-37928-384031-166684-14787-96948,1442,15.53398058252427,0.0007670152699574828,15.714365,12.477146,0.56663746,0.40626273,2.7783939679463705,3.2302384853363035,4.308259185071768,4.306453260112089,280.17474399985076,5654.117816000507,ar_order,384
rjyWTe-587-151723-247588-123704-129889-250174-123056,1550,12.129032258064516,0.000710091320797801,12.074102,12.361561,0.48668897,0.44587183,1.8049952109654746,2.007992736498515,4.54344722728961,4.561085821410793,318.14128899986827,5095.8062199997585,ar_order,384
44Zbvs-567-179462-358526-13671-355104-116061-343332,1636,7.396088019559902,0.00030473197693936527,13.071022,10.955469,0.34250632,0.3086559,1.2012274583180746,1.1946392138799031,4.618166141214466,4.629445841153254,166.29369400016003,3208.034217000204,ar_order,384
ofs2Us-561-469223-161307-229618-187519-295308-129107,1636,15.831295843520781,0.0003641763178166002,12.0270405,11.022886,0.594912,0.42862284,3.018352174758911,3.229876979192098,4.294506118579662,4.3383584002535,356.98874599984265,7185.725376999471,ar_order,384
jhRr0p-088-489070-351855-386883-172725-333766-16976,1661,16.375677302829622,0.0008774544112384319,10.566678,10.284978,0.6918238,0.5367594,1.8923888047536215,2.0101481517155966,4.253172195111791,4.232619844154139,342.5043679999362,7797.780790999241,ar_order,384
ItvEYp-187-347380-151331-160943-343502-92870-286732,1222,5.973813420621931,0.0003424148017074913,16.747677,16.300274,0.24076541,0.20605361,1.9548426707585653,1.9630780537923178,4.569276337167618,4.605773877984297,91.30848099994182,2188.1119839999883,ar_order,384
9ImS8p-321-63022-306759-480197-355130-205293-103130,1065,1.4084507042253522,0.0003738635568879545,29.580286,30.42912,0.05766217,0.047643453,3.9350560506184897,3.962473471959432,4.722340463182045,4.723210121100545,25.729488000251877,562.2654869994221,ar_order,384
PiKSIp-112-109021-465867-125189-123174-211212-334242,1021,9.10871694417238,0.000980529235675931,12.981366,10.535101,0.4081837,0.3547251,1.9811975717544557,2.0948864539464314,4.439022055743459,4.483110957880696,158.92081600031815,2668.8727099999596,ar_order,384
5Lu6ui-514-135410-151381-124082-173176-644-324310,744,9.946236559139784,0.00026409313431940973,12.310834,8.148188,0.45765582,0.43269086,1.478340991338094,1.520090436935425,4.573597501118781,4.580716178180761,126.84766799975478,2103.4507639997173,ar_order,384
69ZMRp-276-162832-2757-113105-349816-17243-289593,1207,16.23860811930406,0.0009542101179249585,12.754925,12.671681,0.59242535,0.4766123,1.4005603233973185,1.3647423267364502,4.3428201576336,4.324262788482279,327.1798100004162,6033.240191000004,ar_order,384
caQa9p-079-134118-41798-311327-343332-125459-231167,1139,6.409130816505707,0.0008238053997047246,24.486036,24.695553,0.19091569,0.15488027,4.260969130198161,4.310445753733317,4.521046378494168,4.534552195525697,114.94414800017694,2084.258046999821,ar_order,384
zQSXvp-215-498788-407950-152419-25062-51581-3467,1400,17.57142857142857,0.0010821843752637506,10.459184,10.151858,0.69925493,0.4949402,1.731779948870341,1.8802629311879475,4.209817605375391,4.263940590044297,335.73657800025103,8375.767788999838,ar_order,384
3Fszap-093-117533-332219-451954-336612-141428-265166,1116,6.451612903225806,0.002600878244265914,16.567795,16.80601,0.26098868,0.20538731,3.9061233520507814,3.918825451533,4.533313265785626,4.548581609803161,91.21357200001512,1878.2769459994597,ar_order,384
oJJGwp-325-47619-442126-2985-182650-124082-457067,1710,4.035087719298246,0.0017253782134503126,18.018528,18.185757,0.18381171,0.16473581,3.3094170888264975,3.217926867802938,4.678287426660978,4.667381348607359,113.87491900040914,2369.949240999631,ar_order,384
0mk6rp-310-146145-90733-51581-27791-50416-437215,1608,1.7412935323383085,0.0014768074033781886,24.827883,25.097084,0.08680143,0.06859397,2.3013622919718424,2.311642026901245,4.7146788147587335,4.715630043782635,36.329105999357125,849.1357319999224,ar_order,384
lzFhsp-134-377273-280816-60681-369034-268009-11995,1625,3.076923076923077,0.0012218672782182693,27.504902,22.639763,0.10864219,0.106279574,4.730021603902181,4.719391345977783,4.687249212317187,4.681806095156452,64.61613400006172,1861.853747999703,ar_order,384
5OQdwp-063-348077-460359-16661-112031-224170-197606,1404,2.7777777777777777,0.005658838432282209,18.694988,18.831804,0.14261763,0.12268648,3.5201399962107343,3.5057487646738688,4.651299115542545,4.653875345890102,85.01994200014451,1447.0774069995969,ar_order,384
am1FVp-234-380077-145165-25579-145555-311495-324310,1208,5.380794701986755,0.004206848796457052,16.922073,16.89655,0.23847698,0.21251412,2.9351765473683673,2.4982014020284016,4.570900545791145,4.504153967495677,124.51898800009076,2889.811023999755,ar_order,384
1zDUvp-298-108297-119460-56896-348770-68221-98443,1510,2.5827814569536423,0.0020352303981781006,18.435966,18.420767,0.14804073,0.12571119,4.807417964935302,4.840153566996256,4.652036264867625,4.65222527691675,144.40087599996332,1634.5456709996142,ar_order,384
cqZnBp-237-143976-377902-462328-483339-384274-414547,1322,8.245083207261725,0.005321722012013197,14.636333,13.775108,0.31732488,0.32002354,1.3785812218983968,1.4684691349665324,4.542650344764917,4.517126003634248,139.29589700001088,3301.0341789995437,ar_order,384
N5kbFp-292-397909-407728-152140-117533-153980-62919,1693,21.204961606615473,0.0010815237183123827,11.817549,12.624129,0.74794585,0.8017659,1.4286935408910115,1.4687183062235514,4.5966000547808985,4.382878322343795,625.0461420004285,9757.970972999829,ar_order,384
DmpOYi-525-91230-450251-209608-292323-92870-38506,1140,16.315789473684212,0.0021517532877624035,9.012541,6.230511,0.75617313,0.59051317,2.174286985397339,2.226624298095703,3.300266501406931,4.096288810470375,238.6394079994716,4680.239917000108,ar_order,384
BBcZPi-501-456735-480197-495997-497448-326140-134118,861,0.8130081300813009,0.003230630187317729,22.788673,23.18699,0.07969124,0.060739037,1.8266443093617757,1.7926941076914469,4.728462090006763,4.726982658097837,9.56839900027262,146.1756560001959,ar_order,384
BsVmke-591-419538-379538-386302-426805-469450-347380,1550,17.806451612903228,0.002498342888429761,8.901786,8.099717,0.72069997,0.63951415,1.4386375586191813,1.5877813339233398,4.3074805114304535,4.343302828972236,686.5747179999744,6898.447360000318,ar_order,384
nSu3Cp-366-41411-362672-285778-222370-421926-202035,1118,6.529516994633274,0.006295517086982727,22.072622,23.591959,0.29083622,0.19117595,4.167998727162679,4.054230690002441,4.704041918087189,4.698435215902078,122.52915899989603,1630.2417730003071,ar_order,384
tztd5w-640-23535-348077-410307-64116-151381-134118,1176,11.989795918367346,0.0032262594904750586,14.456563,14.21527,0.49792576,0.34435073,3.8403826554616294,3.6795429865519207,4.266156642476678,4.299481261726761,178.45487399972626,3050.6302160001724,ar_order,384
qQ82Hw-614-91230-379354-379373-260428-324310-287427,949,5.163329820864067,0.0024592585396021605,17.456758,17.276308,0.22344409,0.19551314,1.9975899775822958,1.9234832843144736,4.508946483098738,4.52416817996732,68.95379399975354,1361.9981370002279,ar_order,384
f2JFMw-634-136860-113105-22031-310105-248646-32125,824,8.25242718446602,0.0029410782735794783,12.698916,12.455941,0.36536494,0.31042847,2.2851793924967447,2.3238987286885577,4.570467521085453,4.581691350175692,110.29108999991877,1710.9295669997664,ar_order,384
ainjFp-098-145384-88756-289593-274542-488804-292564,2208,9.148550724637682,0.003448504488915205,14.087028,13.444544,0.3777093,0.32081127,2.585113223393758,2.638491916656494,4.478232906814413,4.468902340948058,263.3438370003205,6343.040575000487,ar_order,384
BcVzDs-560-352809-57514-418989-243067-209608-32726,1636,6.601466992665037,0.0019297391409054399,19.398342,16.552279,0.2526603,0.2088048,1.5252981106440227,1.5099744955698648,4.641328432053138,4.6488007003013365,137.83445700028096,2881.3982629999373,ar_order,384
TypO9p-362-82313-390793-365346-50416-310105-275395,1464,23.36065573770492,0.0034457372967153788,8.340307,9.031934,1.4065046,0.71231574,2.714488220214844,3.1802923997243244,4.498197392879685,4.3540277277351755,507.1604249997108,10902.247328999692,ar_order,384
nQsrxi-500-35788-354893-151331-437270-461984-276516,861,11.033681765389082,0.004316622857004404,9.68652,9.608071,0.58385533,0.44621673,1.5670377572377523,1.6838200012842814,4.514023330173796,4.51042294517361,141.53734699993947,2388.7028359995384,ar_order,384
ck2Uxp-081-495997-135873-82313-377039-373629-268363,1026,4.775828460038986,0.004637618083506823,17.310617,16.184986,0.19292521,0.21818131,2.148459037144979,2.1750702699025473,4.583295657797805,4.5477687440572,62.1177049997641,1278.1354250000732,ar_order,384
jgJdnp-100-135873-177809-247007-67455-332402-185152,1404,5.84045584045584,0.0029392531141638756,19.034275,19.418737,0.20490734,0.16836731,3.772724215189616,3.776638078689575,4.579202190626294,4.5966606117995354,103.94567999992432,2980.0184349996925,ar_order,384
m8mjCs-533-485468-283456-486330-442126-2757-12865,1636,22.677261613691932,0.0013069127453491092,10.346645,9.159635,0.8726546,0.64920676,1.306669497489929,1.3202805836995444,4.304832081824485,4.334806913348861,559.8906200002602,11709.030883000196,ar_order,384
pRaNDw-627-181149-276516-426805-281965-56896-235375,1894,4.7518479408658925,0.002972227055579424,15.5610695,15.413684,0.2645953,0.20712449,2.1313774744669596,2.0352077802022297,4.576665342258451,4.58240079610243,114.67916000037803,3447.5755439998466,ar_order,384
U5aQJe-592-437270-129013-295308-406364-103913-497087,1550,4.451612903225807,0.001561999088153243,16.971033,17.051924,0.25629768,0.19216521,2.4198588212331136,2.4486762046813966,4.645800965066602,4.661857815767851,189.59394299963606,2158.2733590003045,ar_order,384
3e1Tjp-199-462328-423751-38597-248646-74769-2009,1395,9.46236559139785,0.002225166419520974,15.735832,15.437933,0.4131751,0.34587166,1.3877131462097168,1.4591668764750163,4.470750134371396,4.430340309729661,298.2411929997397,4493.215714999678,ar_order,384
SSYQ1w-650-275802-13671-144360-112336-104867-157595,503,5.36779324055666,0.0031455422285944223,23.072474,22.606527,0.1649565,0.14895193,3.899676275253296,3.7867710749308268,4.535653119706863,4.530250490088712,34.80569699968328,656.2373329998081,ar_order,384
JCRPTw-618-129107-479691-343332-355104-157595-129013,1894,30.517423442449843,0.0062578716315329075,6.5545564,5.493738,1.1865972,0.8998442,2.2205927689870197,2.074326674143473,3.8040290364576683,3.876412060882978,947.6574569998775,17013.50607800032,ar_order,384
BThtKf-463-324456-428876-160668-329895-295308-99711,1722,31.3588850174216,0.001240023411810398,5.8995733,5.089329,1.2913545,1.0253309,1.1303320487340291,1.1227274497350057,4.162788395827958,4.1827888450256285,1679.1212719999749,15239.01425099939,ar_order,384
BNXFqp-404-184495-450557-10737-129636-497448-379538,712,3.089887640449438,0.0009845345048233867,13.841609,11.767901,0.22542982,0.21287704,1.922894541422526,2.0245270411173504,4.586093468529919,4.628655681741804,34.31251700021676,495.7734170002368,ar_order,384
7HBFIp-071-294604-416172-427818-181149-278609-175927,1141,7.887817703768624,0.003979463595896959,20.343323,20.276268,0.30326602,0.19485034,4.018828233083089,4.0120959440867106,4.51688935241496,4.527829387512833,121.87449999964883,2198.0547690000094,ar_order,384
fS0Vwp-324-274170-461984-129889-218396-366126-128329,1773,16.130851663846588,0.001755136763677001,11.708614,9.024555,0.6486276,0.50753564,3.486243788401286,3.5557262102762857,4.254627963457837,4.333736241692883,379.4487270006357,6313.798744000451,ar_order,384
MJEnPs-553-484336-261033-237079-274170-257745-343308,1636,5.990220048899755,0.0014303416246548295,12.41035,12.059322,0.32172656,0.28966308,2.1025104761123656,2.134686168034871,4.637917655481074,4.648973081846841,121.76825999995344,2587.82314400014,ar_order,384
noHubp-343-163645-17243-410906-219243-161307-221798,1638,6.654456654456655,0.0025536506436765194,13.706466,13.964386,0.39724198,0.27620628,3.08195374806722,2.9485919952392576,4.6154661467486395,4.620330029255933,137.85667800038937,2739.4633740004792,ar_order,384
4sBV1s-535-160927-255765-139119-167772-460359-377902,1636,11.98044009779951,0.0018671865109354258,12.48929,13.059125,0.50604767,0.36046353,2.6099920590718586,2.696968428293864,4.503188275819767,4.550521051774257,325.68010199975106,5412.440466000589,ar_order,384
IZG94w-666-98443-418034-470600-161118-288253-129889,1707,7.147041593438781,0.004833240993320942,16.5874,15.647066,0.2889072,0.2623018,4.045797570546468,3.585787868499756,4.464267346651142,4.428146569285921,172.04047499944863,3070.3135160001693,ar_order,384
9hvMUf-482-498788-113105-17243-63022-21827-338584,1318,11.077389984825494,0.0011917749652639031,10.681522,10.414507,0.553523,0.43701187,2.6263201077779135,2.524464003245036,4.576711999141644,4.563286981629737,185.11943399971642,4013.61035500031,ar_order,384
TkK5fp-380-229618-476225-311495-339484-11995-7708,1573,6.039415130324221,0.003558315569534898,14.689066,14.359622,0.30194843,0.22742575,3.6209148089090983,3.5968255201975503,4.588793719870413,4.597041184820761,173.90355600036855,2775.703911999699,ar_order,384
9f3Qjw-657-129013-78427-348770-228203-60643-7188,839,7.866507747318235,0.0029710158705711365,16.101917,15.772223,0.33509803,0.24895768,2.5034567515055337,2.4780147075653076,4.497937221442229,4.5128392347592605,113.04044000007707,2032.6442260002295,ar_order,384
mZAhvp-320-51581-316080-475285-152880-108378-407790,2240,19.732142857142858,0.009975253604352474,16.10626,18.162148,0.6908898,0.5882827,2.382706705729167,2.687647485733032,4.580146010014581,4.340312043483727,662.1017139996184,13368.60520099981,ar_order,384
aVIkMi-504-436373-35788-166684-274170-363774-493700,826,3.753026634382567,0.01687152311205864,16.84743,15.524363,0.2038516,0.18733166,1.3480024417241414,1.366914455095927,4.690889681758382,4.680291227423844,58.65745500068442,1219.297526000446,ar_order,384
wD39yw-617-350336-91230-365075-384274-339484-27577,918,4.139433551198257,0.01175561361014843,15.559125,15.569227,0.21117067,0.19636889,2.4808293024698895,2.4194961229960126,4.630056595075771,4.635350310198001,138.40509800047585,1070.1426300001913,ar_order,384
WWYmkp-135-247007-450251-229950-249772-273892-186349,1032,18.7984496124031,0.02265731431543827,12.221985,12.0364275,0.6989212,0.5123503,2.8916128953297933,3.1937888940175374,4.281697161271978,4.3647344456864134,306.19729299996834,5169.869966000078,ar_order,384
1Q0zzp-067-496080-227228-300626-311379-247007-1214,1044,3.4482758620689653,0.020670078694820404,33.189114,31.922607,0.09761927,0.096090704,4.247395133972168,4.235061232248942,4.72233791501363,4.721001536948047,45.03316699992865,739.0446469999006,ar_order,384
9Mkadp-302-273892-209608-109841-324591-494783-498752,1917,13.928012519561817,0.008960635401308537,13.4177885,13.200796,0.48869744,0.40074435,1.544041927655538,1.6667848428090413,4.509941531543826,4.521096321127894,360.3903690000152,7205.960840000444,ar_order,384
ui9aDp-122-292323-379538-386883-287427-306759-88721,1070,4.579439252336448,0.009513289667665958,21.786554,19.190561,0.1831518,0.1687781,3.0019447485605877,2.968003288904826,4.668291042759382,4.658368389399542,81.83537300010357,1384.4577939998999,ar_order,384
YLEXwp-335-240298-183720-447487-129636-202035-44660,1633,4.776484996938151,0.019239043816924095,18.06946,17.274574,0.20933229,0.20110218,2.5163739045461018,2.1834474245707196,4.685458684168635,4.663443742681219,111.83590099972207,2057.860977999553,ar_order,384
6TUCvp-352-108130-78807-55646-250174-386302-414547,1874,14.300960512273212,0.02210024558007717,11.864582,14.04109,0.5958916,0.43114844,2.2381285667419433,2.6155782381693524,4.324437918413338,4.342575336031766,511.973356999988,8077.130241999839,ar_order,384
DfzVIp-175-379354-103913-25062-384031-343308-295308,1232,6.737012987012987,0.007324743550270796,17.45522,17.370617,0.265695,0.23607379,2.13810453414917,2.086791658401489,4.573612730860296,4.484885817943171,103.25393099992652,2232.6223749996643,ar_order,384
YuwChp-152-8651-147603-379354-29563-62919-345238,1842,8.360477741585234,0.018081096932291985,23.293652,23.07049,0.31899604,0.20537357,3.852387285232544,3.96964545249939,4.533999180371649,4.550717111495904,355.3268809992005,3883.192909000172,ar_order,384
QpHWMp-383-149498-238364-156368-402653-484336-426805,1642,21.74177831912302,0.02199472486972809,13.252163,14.756418,0.86739874,0.5834084,3.293395821253459,3.332754707336426,4.641372348313426,4.6191923210945385,442.11154300046474,10670.90196800018,ar_order,384
RkoxIi-499-395609-17243-276516-68344-191485-476225,1053,19.183285849952515,0.013668406754732132,7.199493,5.5788827,1.0657352,0.66579425,1.6442114194234212,1.8573049306869507,4.377134748288496,4.33658553786079,251.83250899954146,6266.045244999987,ar_order,384
avuTLe-585-474206-355130-317191-361413-333474-248785,1550,11.806451612903226,0.014499159529805183,11.583057,11.061524,0.47529104,0.5008616,1.4930955489476523,1.657553736368815,4.505262422656432,4.5518998749397275,229.409700999895,5862.295978000475,ar_order,384
RXuyap-339-457067-332402-329331-281965-472051-353502,1386,8.441558441558442,0.022795502096414566,19.062384,19.543873,0.29206556,0.29261613,1.5208825826644898,1.5426101446151734,4.7011740194877545,4.572004120845344,145.54740899984608,3295.3764879994196,ar_order,384
cfSfbp-363-68221-13671-186349-322947-197606-339484,1688,12.855450236966826,0.020284058526158333,21.243721,21.99813,0.39676693,0.34401584,3.383454163869222,3.5275535265604656,4.685257339802801,4.684904570425207,333.0289420000554,6786.628144000133,ar_order,384
jM2z5p-212-362995-350336-202035-87506-239730-207508,960,3.125,0.008350489661097527,27.545391,27.342304,0.13389051,0.093412794,3.3457521279652913,3.4500507990519207,4.727128633156751,4.7263098114277975,38.86057699946832,625.0229790002777,ar_order,384
HxFzMp-357-24999-343332-90733-489807-316694-345238,1056,12.68939393939394,0.008049515075981617,18.554918,15.452743,0.42630503,0.41233537,2.8781277656555178,2.670107126235962,4.675818430066435,4.622714484719615,179.518525000276,4959.323344999575,ar_order,384
rllgnp-282-21827-2985-183720-67455-409746-330730,1398,18.812589413447782,0.014075466431677341,13.1507,12.645691,0.7625901,0.54768664,1.3668635924657186,1.3841631174087525,4.242727975964413,4.222677459671743,518.2135080003718,8355.20524399999,ar_order,384
IJui6p-278-140209-424453-325632-318907-448869-125189,879,26.39362912400455,0.012646407820284367,7.868672,7.1383166,1.0885395,0.78195524,3.1406362215677897,3.148496373494466,4.1981941836527215,3.914079382406049,436.7435149997618,6900.32942400012,ar_order,384
riuiap-287-319764-286732-35325-55646-391852-1246,1806,5.038759689922481,0.016919877380132675,17.096937,17.377132,0.23915057,0.19422889,2.730710013707479,2.801363786061605,4.653071358304503,4.66406362029088,115.66219100041053,2554.020453000703,ar_order,384
9OkIKp-409-379354-383479-166684-320846-480197-361413,1633,3.1230863441518677,0.018505295738577843,31.051422,31.455582,0.09164232,0.08135854,2.5073094367980957,2.739140844345093,4.661597419472463,4.660638743615678,63.81220499952178,1482.223029999659,ar_order,384
vTx6Wp-073-38459-458554-472051-230200-332402-365346,1099,10.009099181073704,0.006727493368089199,15.1688385,14.647671,0.3639746,0.308292,1.8238042672475179,1.951336352030436,4.480608538059897,4.461912641115804,189.2446949996156,3031.3239159995646,ar_order,384
9aa0Fp-331-427818-479691-112336-420765-462193-379354,1488,11.491935483870968,0.015810392796993256,16.955044,16.946081,0.5014065,0.31848148,2.461723772684733,2.449096616109212,4.6765636405115805,4.682471568157725,218.08133299964538,5097.38174100039,ar_order,384
Od9CNp-327-140209-326180-101992-35325-166792-451954,1953,10.39426523297491,0.014821072109043598,15.804672,14.1142,0.38174176,0.35215902,2.2293222586313886,2.3211448987325034,4.655233823098388,4.663380385817041,248.387680999258,5485.802453999895,ar_order,384
2TcsGp-297-152880-78575-467697-23535-316694-24999,2415,13.250517598343686,0.007391820661723614,14.43932,14.384514,0.504275,0.35245657,2.697668425242106,2.926799281438192,4.58563231372028,4.564447437031937,450.0303750000967,9192.878664999625,ar_order,384
IJFPZp-340-90733-100179-99711-247588-402653-355130,1491,3.35345405767941,0.00944688729941845,13.978613,11.475704,0.2700911,0.25298455,1.7496431748072305,1.803252935409546,4.697755764013877,4.694035921001342,85.22252300008404,1252.6516799998717,ar_order,384
sNYM9p-246-47619-361413-1214-155820-418901-176776,965,28.808290155440414,0.011091777123510838,7.296787,7.391243,1.0825385,1.0114918,2.164954249064128,2.2074811299641928,4.504236888097861,3.9009959728794357,357.78165200008516,6202.426541000023,ar_order,384
OI5Azp-257-60643-225888-294604-334833-14787-125459,1203,4.904405652535329,0.01875906065106392,15.598527,14.664534,0.40866685,0.23758487,1.503882630666097,1.6373976071675618,4.577471253983451,4.585891197438581,101.4939320002668,1479.139172000032,ar_order,384
vhQX3p-288-256377-386883-276335-177955-380077-80661,2229,2.4226110363391657,0.0165446437895298,16.102451,15.931853,0.2082249,0.17189606,2.2305227756500243,2.2107070287068686,4.687299035219293,4.686411230876228,92.95369300070888,1203.7709749993155,ar_order,384
d4LtRw-656-379354-74769-192385-202921-93885-62534,1673,9.145248057381949,0.009153828024864197,13.371408,13.122658,0.36056557,0.31390882,3.4338106314341226,3.3147661526997885,4.467956124541415,4.471444533770793,192.9774650006948,4298.15329199937,ar_order,384
dc4C1p-319-469130-53129-287943-116061-476924-448907,1529,17.658600392413344,0.017503265291452408,19.536226,18.019945,0.7970924,0.42279756,2.516364558537801,2.535097599029541,4.708337438239305,4.705486984785671,421.59773699950165,8956.410363000032,ar_order,384
PSLbbp-359-11995-156368-348733-154883-123704-497426,1430,11.888111888111888,0.021002519875764847,10.735191,9.544662,0.59419894,0.4974092,2.4955228646596272,2.5794410705566406,4.662890068324407,4.660126557693809,303.11405599968566,5206.42181400035,ar_order,384
zVlcap-263-274542-472051-376372-248785-476225-35325,1292,4.102167182662539,0.021863481029868126,16.393488,16.14195,0.2064596,0.18371272,1.3261616945266723,1.2871609687805177,4.688775425345407,4.6841220332731375,66.60270400061563,1423.4781379991546,ar_order,384
rpdA0p-089-193291-347380-224170-426805-310105-489070,1279,8.913213448006255,0.00744014885276556,13.173995,12.444504,0.38869163,0.33616295,2.0369808355967205,2.0643507480621337,4.471196472242365,4.475051383996256,146.63990899953205,3618.55077600012,ar_order,384
O7tsRw-671-38597-125620-126584-128202-343308-240298,1734,7.035755478662054,0.009212201461195946,15.160903,15.172463,0.33005628,0.24378483,3.2328460216522217,3.206749963760376,4.505601557781171,4.522272509121619,216.48933300002682,3829.5558410000012,ar_order,384
mCLt3p-410-320846-476924-422977-274323-99711-177809,1085,1.4746543778801844,0.022891782224178314,27.427605,27.507477,0.061755482,0.05465206,2.295160929361979,2.356763172149658,4.728417710390129,4.726969980004406,23.244967999744404,516.3739889994758,ar_order,384
jFujMp-258-2985-422977-276516-270302-316694-390385,1887,7.790143084260731,0.008067467249929905,18.345009,18.424442,0.31363216,0.22170024,3.562546793619792,3.57246413230896,4.594813927193621,4.555188726187117,205.97759400061477,5550.5660299995725,ar_order,384
uIq5Cp-346-271293-199372-348733-164849-450557-397909,1966,2.899287894201424,0.015138654969632626,18.89943,17.223305,0.16388728,0.15369351,2.773538668950399,2.8135679562886557,4.704561512773945,4.706068074739529,109.14790100014216,1915.0005619994772,ar_order,384
2HNvip-384-377039-229618-315211-103130-162269-274323,1838,4.243743199129488,0.014237921684980392,22.329119,22.315678,0.20920186,0.1481924,3.837390438715617,3.8503685792287192,4.70907127226307,4.70180751141908,222.25365299982514,2924.1428149998683,ar_order,384
hImnha-010-474206-125620-494783-410307-474929-314040,1033,9.390125847047434,0.04484827443957329,13.555788,13.434536,0.3368319,0.6713116,1.5733940680821736,1.7019418557484944,4.648382105810034,4.365473347642181,300.8939069995904,3665.1621579994753,ar_order,384
fiBRvp-155-14754-379538-407950-108056-495971-270302,1409,17.033356990773598,0.03848577290773392,9.234749,9.621506,0.7306408,0.5896969,1.8132489999135335,1.816654658317566,4.196497635133637,3.9402661429419137,798.330528000406,7308.034602000589,ar_order,384
QzAg3p-413-374393-31166-163645-409369-10737-129013,973,10.38026721479959,0.0511818453669548,24.06576,20.982876,0.3173463,0.26415518,2.1767592748006184,2.247994820276896,4.69794001583602,4.671323887474632,140.2070990006905,3311.835935999625,ar_order,384
JLBTXp-060-194617-60643-435517-420765-124439-152419,1024,10.44921875,0.024550464004278183,15.150892,14.43556,0.68261176,0.3198252,4.771625264485677,4.669403298695882,4.621494482800915,4.627732977268041,197.85138499992172,2955.115255000237,ar_order,384
k4Lvzp-329-270302-101992-248785-163995-27791-469130,1701,7.642563198118754,0.051412247121334076,16.776594,16.757305,0.33750996,0.27513978,2.566812499364217,2.5876604557037353,4.7061075881538015,4.66897173724003,476.39994400014984,3253.1112530004975,ar_order,384
ZgJsyp-189-209061-292564-111916-92870-126584-280816,1939,5.002578648788035,0.0409746915102005,18.849562,18.583914,0.2369482,0.1912107,1.587407890955607,1.5187861522038777,4.68374259617639,4.665779109759833,127.41640999956871,2872.662343000229,ar_order,384
G50hup-092-363552-123056-229618-481410-299323-332402,1114,6.463195691202872,0.028861256316304207,23.598263,24.195013,0.24722654,0.16535844,4.174109840393067,4.300728448232015,4.630516216353066,4.642735915217437,132.24775999970007,2772.700642000018,ar_order,384
8b8sWp-275-88756-348733-183720-134118-226233-129107,1202,3.577371048252912,0.031784262508153915,21.492378,21.674421,0.16064379,0.13932778,3.56343412399292,3.5470184008280436,4.720777792713491,4.716101119819195,68.56602500010922,1743.8774479996937,ar_order,384
vOT8yp-371-205293-131237-111916-212842-29563-288077,1254,6.220095693779904,0.025580398738384247,16.164837,17.469704,0.2788627,0.2760017,3.0276623090108234,3.0329990863800047,4.669321501772886,4.583890558854021,107.66802200032544,2424.728128999959,ar_order,384
qmNVhp-128-78575-68344-44660-128101-103130-334242,1283,4.75448168355417,0.03182704374194145,23.5494,25.035347,0.21395583,0.13910075,2.29068284034729,2.3583868503570558,4.630206788903827,4.597422954435176,127.88352000006853,1878.8626690002275,ar_order,384
8wAd8p-068-329159-165684-202035-119460-330730-447487,1209,11.41439205955335,0.0299910269677639,17.72814,17.502087,0.44454703,0.28380263,3.6031493663787844,3.828862190246582,4.4979848946516015,4.497255786037999,279.76873900024657,4027.8852699993877,ar_order,384
tXap2p-281-298969-9753-281965-457067-162269-329331,1012,6.8181818181818175,0.026187583804130554,17.127697,16.963924,0.26866868,0.2213931,3.0658324082692463,3.0763235410054524,4.692942384135197,4.666550851400952,85.33562400043593,2066.1429359997783,ar_order,384
fdXdMp-313-165684-111916-348770-380077-145384-347380,1440,12.777777777777777,0.03389327600598335,17.14966,17.497513,0.49151525,0.3848156,3.053895664215088,2.8347015698750813,4.667224544152812,4.599301368756936,280.67213899976196,5265.314799999942,ar_order,384
Jpj5sp-423-369034-108056-487747-295308-1246-219243,1468,8.583106267029974,0.05191738158464432,19.0984,17.868675,0.38276723,0.2625421,3.54231595993042,3.8203145345052083,4.691079692657849,4.665441599268176,162.20663799958857,3539.667887000178,ar_order,384
maM4mp-267-195572-141428-108130-299323-8651-456735,1158,7.512953367875648,0.0453246608376503,27.072853,28.986233,0.24456675,0.16361643,3.2646597385406495,3.3488697528839113,4.723656232067102,4.712396536854283,230.91800200018042,2326.9041180001295,ar_order,384
Aal0cp-183-209061-91230-492922-2757-317191-461984,990,4.545454545454546,0.0922110378742218,18.1848,18.17247,0.21411197,0.1802807,2.1066986481348673,2.0785812695821124,4.644915396421749,4.641544110952979,60.430735000409186,1268.8986359999035,ar_order,384
m5rDOp-062-377273-156368-185152-188815-186260-486330,1445,11.003460207612457,0.02404632605612278,17.20642,15.645728,0.41657153,0.29370686,3.70961488087972,3.608615175882975,4.494731033099459,4.54019810166337,197.89810500060412,4654.127767999853,ar_order,384
IIhdup-184-282845-322947-195637-315211-10737-386302,986,6.896551724137931,0.07097651064395905,22.722271,22.7641,0.30695507,0.1905845,1.396891991297404,1.4814181804656983,4.599891326453805,4.633298326847143,85.06148399919766,2131.267093000133,ar_order,384
eiJpip-223-216978-247588-305230-165168-65123-203381,1402,10.556348074179743,0.04873007535934448,16.988724,16.971857,0.4024192,0.31526026,1.481588888168335,1.3934619506200154,4.51429669656583,4.442418491683437,298.0748380005025,3775.917613999809,ar_order,384
uYOkKp-107-143976-376902-185152-437215-90733-10048,968,4.338842975206612,0.029287779703736305,22.93328,23.471596,0.15908396,0.12895453,3.2356992880503337,3.3641435464223224,4.627975532346101,4.606543760395212,69.54653400043753,1238.4412389992576,ar_order,384
DWrC0a-013-57191-1214-242009-327883-379538-476225,1033,12.100677637947726,0.0352642759680748,10.204962,10.305498,0.5516644,0.5155895,1.3066407442092896,1.3660232384999593,4.552899093055007,4.378229563472227,162.67545800019434,3413.2254599999214,ar_order,384
6maFGp-305-129013-193291-68221-152880-38506-163335,2424,17.863036303630363,0.02638908289372921,18.723867,21.140068,0.61930317,0.4616936,3.606842517852783,3.7444198290507,4.665422932277592,4.659767103699163,844.354339000347,12762.337411999397,ar_order,384
fZg66p-070-68221-216978-377273-239730-53784-3467,994,29.577464788732392,0.03719060495495796,19.32737,20.039442,0.9112272,0.6446972,3.6539867083231607,4.3037177721659345,4.585597800473312,4.553312451639593,369.64354300016566,8073.746687000494,ar_order,384
CF7Gnp-165-481033-25721-175927-209061-312468-108378,1919,17.509119332985932,0.03301472216844559,13.697306,13.850974,0.6478786,0.44632563,3.3636709213256837,3.344143756230672,4.338508136665772,4.309917531790747,426.6973579997284,9972.456972000145,ar_order,384
tTMeWp-326-264357-280816-2985-25721-189658-311379,2359,8.902077151335313,0.04867259040474892,24.649921,26.06267,0.3129892,0.24306059,3.3851286729176837,3.489699427286784,4.6992694827046275,4.707943768907165,259.5510410001225,5518.09830000002,ar_order,384
kDEiGp-268-254920-474864-52991-170820-165168-328121,1029,24.101068999028183,0.09233691543340683,7.017767,6.813745,1.4903797,0.83212084,1.8609350681304933,1.9915512879689534,4.567492094805818,4.5063234154654594,312.44286699984514,6749.06657199972,ar_order,384
rkSMcp-349-162269-339484-74769-12865-363552-41411,1411,14.386959603118354,0.02514478750526905,17.046589,17.235754,0.49489543,0.44524416,1.7130180676778157,1.6343451261520385,4.689059252867985,4.501942890864849,465.3958760000023,5777.7385239996875,ar_order,384
FZwvbp-205-349816-138959-261033-383479-409369-152140,1111,28.26282628262826,0.03914736211299896,11.797855,8.808841,0.9725891,0.8603818,2.271222400665283,2.2202222029368084,4.572533188969316,4.321494596280177,657.5528819994361,9622.188361999179,ar_order,384
ie6iSp-097-407790-253414-334074-464643-167361-80351,1395,3.942652329749104,0.03198687732219696,29.027288,29.165676,0.113589786,0.093927026,2.5089515686035155,2.442753712336222,4.639392077140829,4.644855135868684,98.3803330000228,1211.259532999975,ar_order,384
Q1VJ4p-396-67099-191485-442126-324310-384031-392966,757,0.5284015852047557,0.04145583510398865,50.047302,49.536766,0.0148419095,0.013661115,2.513012488683065,2.5876648743947346,4.731699185294298,4.73131498745512,6.226160000551317,105.47067199968296,ar_order,384
BLAVyp-401-374393-353502-276516-464643-247007-280816,1578,17.743979721166035,0.0333615206182003,10.984883,11.123429,0.69994926,0.50443983,1.378299355506897,1.312336762746175,4.599982692933886,4.555648549291718,463.08712599966384,9661.868792999485,ar_order,384
qx9MPf-447-243466-253414-78108-327883-41798-186349,1722,15.911730545876887,0.0489613376557827,8.369761,8.196671,0.986711,0.82495457,1.5174100240071615,1.9753063599268594,4.230835911854027,4.223755265151698,464.69035599966446,9393.600561999847,ar_order,384
4fsgkp-253-311495-209061-229618-287427-276516-38459,1013,6.811451135241856,0.02615589275956154,17.69033,16.91093,0.2891638,0.21884675,3.1879164536794025,3.2579202175140383,4.686220905943134,4.655542348971322,92.14954399976705,1791.9964419997996,ar_order,384
u3JmNp-105-377036-373629-177809-287789-419538-221798,1057,9.082308420056764,0.03273187577724457,20.071728,11.928745,0.43373778,0.34257424,3.5336806456247967,3.2470680554707845,4.685219529948909,4.563634400219543,120.45314100032556,3403.6098870001297,ar_order,384
7gnoMp-243-13140-469001-90733-352371-418901-62534,1349,14.381022979985175,0.03019716590642929,12.180059,11.817435,0.7308075,0.47221947,2.030259116490682,2.398933744430542,4.640983701189528,4.587347036659869,472.8623069995592,7255.283376999614,ar_order,384
WYTgYp-403-306759-7708-254913-153980-163947-460359,1450,4.206896551724138,0.0560128353536129,16.478756,14.964664,0.24673124,0.21931255,3.7052677154541014,3.3139415899912517,4.684157023085433,4.660280308385964,104.35492299984617,2240.938680999534,ar_order,384
zRlcSp-181-25062-53784-123056-333757-268363-211084,1709,6.1439438267992985,0.025759130716323853,17.609976,18.00832,0.27848694,0.2301145,2.3495519797007245,2.4882490317026775,4.657596304522927,4.516093740858708,206.9147050005995,2967.0501099999456,ar_order,384
TaYTvp-415-63022-179855-481410-392966-38597-437270,762,4.593175853018373,0.03335783630609512,21.108646,21.059448,0.24904728,0.16355665,2.7381031195322674,2.6105605443318685,4.704209062943807,4.686657239009615,46.39901700011251,1169.0886070000488,ar_order,384
9kbanp-261-50416-108056-469001-231167-334074-209061,1007,5.958291956305859,0.026795921847224236,14.760948,14.834708,0.313522,0.23884381,2.2475953578948973,2.2160655736923216,4.674661053151205,4.639079004182277,245.05936300010944,2836.838571000044,ar_order,384
DLZvmp-426-78108-128329-469130-165684-261033-84004,868,7.71889400921659,0.026906199753284454,21.842525,22.585032,0.27230537,0.20730393,4.138150787353515,4.2707083066304525,4.697239593725605,4.678225841788668,234.48513299990736,3055.7566070001485,ar_order,384
i0Ocoe-610-395609-211084-211212-108056-187519-202035,1390,9.784172661870503,3.9601487515028566e-05,12.428484,11.568831,0.41987073,0.424216,2.1062841018040976,2.167342694600423,4.638905983908805,4.611194156092179,341.0748260002947,4653.3020669994585,ar_order,512
PBDVAf-465-366971-117533-197606-160943-60681-25579,1722,3.426248548199768,2.0712036530312616e-06,20.060513,15.94298,0.20070708,0.19604106,2.5211344242095945,2.5397110303243,4.700723098742971,4.686417580326926,256.8595419998019,2123.7962330005757,ar_order,512
sF1D5f-429-45816-14754-487747-347380-61770-187519,918,1.4161220043572984,6.66032019580598e-06,27.26407,26.099812,0.06851939,0.056218866,3.1185495217641193,3.1499022165934245,4.729106155355993,4.728044469604013,45.67824700006895,466.11905800000386,ar_order,512
8lHaxa-001-437270-91230-96853-392966-377039-493700,1033,8.712487899322362,1.6546022379770875e-05,14.351942,14.455452,0.37821093,0.29528537,1.7453171809514363,1.6351314862569173,4.665913176462548,4.548725378820172,180.3676469999118,2577.790262000235,ar_order,512
wH6bMa-009-144175-39168-315211-114587-333757-10048,1033,7.55082284607938,4.100139267393388e-05,14.02109,14.362239,0.48502454,0.29017973,1.5123316129048665,1.6514556407928467,4.526331473566929,4.554112780153907,184.63673699989158,2382.2204759999295,ar_order,512
l3Lvae-611-211084-218396-212842-198509-334833-311379,1390,4.244604316546763,4.941728548146784e-05,22.385937,22.412163,0.16030253,0.17220438,3.353499428431193,3.3321337699890137,4.710188696936045,4.696657700894852,105.0389219999488,1651.1306669999612,ar_order,512
cmHjrf-493-348077-309854-224170-458554-202179-472051,1722,16.144018583042975,0.00013046321691945195,8.681309,8.055022,0.70906574,0.75040466,1.2358219623565674,1.271347983678182,4.385683731891755,3.981872850423431,622.0247969995398,7502.432330999909,ar_order,512
9srcUf-448-162832-472051-219243-152140-401183-304828,1722,11.091753774680605,7.126033096938045e-07,11.430608,8.928835,0.52962345,0.7354472,1.4568363428115845,1.5753530025482179,4.624792761100589,4.57136534437604,391.8380730001445,4816.807463000259,ar_order,512
pMchYa-011-461984-248646-131237-259340-281965-474206,1033,3.291384317521781,7.092276973708067e-06,17.83662,18.38587,0.18390329,0.1771084,1.523936406771342,1.5174837986628213,4.693277138281802,4.644770405677853,78.77743499921053,908.6326169999666,ar_order,512
rqqrUf-476-372299-90733-207508-318838-254913-53278,1590,15.786163522012577,1.0736808690126054e-05,11.334781,10.942801,0.65429306,0.6458338,2.8481242815653482,3.0272661209106446,4.634106021872842,4.471501838040734,501.4794160006204,7150.757207000424,ar_order,512
KWj8Li-521-358526-235375-78807-67455-237079-21827,802,14.588528678304238,5.653791959048249e-05,10.908929,7.184779,0.6775506,0.5502146,2.678826347986857,2.878804858525594,4.424517892229251,4.3470242558519905,192.00523700055783,2836.7024369999854,ar_order,512
LIJKja-026-447487-148409-188815-38506-78427-479691,1033,5.517909002904163,1.2104389497835655e-05,13.6363125,13.410305,0.2907094,0.2768536,1.4753931999206542,1.4647231340408324,4.653391840179011,4.59768163556094,92.44198400028836,1239.558006000152,ar_order,512
P4ZKje-597-228203-427818-407728-174918-211212-250174,1550,22.967741935483872,0.0001234940718859434,8.820346,7.708735,0.8817358,0.7843576,1.4944340070088704,1.6220348993937175,4.412503830537664,4.361586008855228,586.8889800003672,12740.667181999925,ar_order,512
zoFKbf-438-268009-220507-287943-286732-24538-454712,1653,12.583182093163945,5.697601750398462e-07,12.00432,9.311634,0.520043,0.56211036,2.117421547571818,2.217290830612183,4.602318839885984,4.504641546895333,338.4134070001892,8803.711069999736,ar_order,512
FPRIpe-578-474864-126584-425422-304828-148409-10737,1550,9.096774193548388,7.081195508362725e-05,15.626875,13.405161,0.3266505,0.4158006,3.280690336227417,3.2167201677958173,4.6654847359003835,4.511510771151518,317.0638889996553,4133.897411000362,ar_order,512
Th8NDe-613-23535-495997-395609-270487-329331-383770,1390,14.100719424460431,8.22431466076523e-05,12.711162,11.4768715,0.48259997,0.6113972,2.926146380106608,2.9155247688293455,4.628442321945459,4.581325263336913,446.5984799999205,8377.720630000113,ar_order,512
KFAl8f-427-406364-361413-456735-410307-286869-348733,1722,18.641114982578397,5.997956031933427e-05,10.255167,10.107785,0.6488129,0.55507445,1.927905829747518,1.9225353161493937,4.314813770154158,4.362326247119933,554.0214430002379,12961.859922000258,ar_order,512
rn9v1e-583-369034-383770-175927-399756-390385-383479,1550,11.67741935483871,1.7469614249421284e-05,13.121946,13.082352,0.43306628,0.42854166,2.8588591893513997,2.8899911403656007,4.616607282503364,4.497234511973,319.09605900000315,5813.819229999353,ar_order,512
SnJBwf-434-37928-376902-480197-51581-328121-350223,1378,5.732946298984035,1.790127271306119e-06,16.686707,16.3143,0.3061613,0.25763282,1.9828651110331217,2.0812925338745116,4.678910898116927,4.682543438186125,140.1711399994383,2342.724371999793,ar_order,512
amZyRf-444-7708-476924-468905-275802-405424-380077,1722,2.5551684088269457,3.279495786046027e-06,17.378174,17.194395,0.1616603,0.1737531,2.048319101333618,1.9899969816207885,4.705071133563263,4.69403127340018,120.1175919995876,1134.591033000106,ar_order,512
a4WwUa-043-141142-113619-397909-469223-287427-421926,1033,26.427879961277835,3.878655479638837e-05,7.383823,6.9983673,1.0099795,0.84365886,1.2390021403630576,1.3486692746480307,4.2437911488382545,4.2829707680793145,516.6746249997232,11686.6003490004,ar_order,512
mvvOnf-472-106-135410-148409-334242-45816-353502,954,4.5073375262054505,4.8512858484173194e-05,16.407808,13.020707,0.244314,0.2686544,2.830498949686686,2.9409892082214357,4.651663181260105,4.6570814373589045,74.28526599960605,2036.0162629995102,ar_order,512
oRqMra-058-167772-480197-43889-36331-135873-265166,1033,2.904162633107454,6.2980648181110155e-06,25.547981,24.599636,0.12455532,0.09171542,3.2729536056518556,3.2742444197336833,4.725292517741502,4.72279337701795,91.59244399961608,2264.885268999933,ar_order,512
1rIrKa-023-409746-287789-276335-17243-340579-260428,1033,1.6456921587608906,1.7720502000884153e-05,21.192833,20.941278,0.10086604,0.09108383,1.669658327102661,1.6453729470570881,4.721830197463622,4.725682979263082,112.24712199964415,1595.1231750004808,ar_order,512
xX6Wce-607-140209-262731-151331-7708-427818-497426,1390,3.741007194244604,2.83738954749424e-05,20.32358,19.313934,0.15420526,0.17355037,3.0056695620218914,3.04420059521993,4.716525513574564,4.702530812952711,332.17964799951005,2131.162439000036,ar_order,512
3hvoVa-051-2307-202921-218396-175927-14787-464643,1033,5.324298160696999,1.6514632079633884e-05,17.571114,17.664902,0.25334206,0.20381142,1.6440802892049153,1.714258861541748,4.6868856956928955,4.657954659238877,135.11876100074005,1233.5438609998164,ar_order,512
87hwjf-487-426805-60643-437215-160943-182650-407728,1181,5.080440304826419,1.0143882036572904e-06,13.324761,11.507347,0.3039236,0.375857,1.4639761209487916,1.4668474038441977,4.673885717691667,4.627943536278505,100.49844300010591,2087.4035859997093,ar_order,512
98pQ7f-492-161118-44660-2985-495997-227228-191485,1722,3.948896631823461,3.370679678482702e-06,21.526506,20.858002,0.14794682,0.18211804,3.3435112794240314,3.131427558263143,4.700222766718669,4.588349002833226,112.84608299956744,2128.1471020001845,ar_order,512
9a98Kf-464-298969-472051-292323-179462-78575-496080,1181,7.281964436917867,5.5254073231481016e-05,16.869572,16.010319,0.28634277,0.23853348,3.217794593175252,3.074420166015625,4.4360551153271155,4.511046020256976,325.42369899965706,3024.746365000283,ar_order,512
WVKBPa-017-469001-13769-309009-430207-5054-14754,1033,3.581800580832527,4.264206836523954e-06,17.953054,17.41661,0.17533356,0.1862427,3.7189107577006024,3.6899078051249186,4.713271841966483,4.644267301752272,146.72529100062093,1035.5482130007658,ar_order,512
k2rvsa-021-181149-117176-94351-2985-340579-209061,1033,4.162633107454018,1.384729148412589e-05,19.805458,16.624912,0.2691004,0.19953655,1.9379441420237222,2.0241029421488443,4.695265875503967,4.665060615524728,124.65831199915556,1628.4118049998142,ar_order,512
GptLba-028-467697-29563-495971-437270-5575-211212,1033,2.3233301064859635,2.764441342151258e-05,19.98056,19.716228,0.12859379,0.12928982,1.7683698018391927,1.8139130036036173,4.686246918965672,4.672558042205877,84.12077499997395,775.7383300004221,ar_order,512
3EBeof-459-212842-454791-192385-495971-180085-113105,1033,16.747337850919653,3.53978066414129e-05,12.971996,12.986855,0.5240165,0.58835006,1.9779266754786173,2.1041495482126873,4.590978730051894,4.564936983386019,392.70480400045926,5237.25451700011,ar_order,512
8C0b9f-461-182650-228203-8651-240298-176776-186349,1704,3.814553990610329,5.752473225584254e-05,17.813627,17.546394,0.1709841,0.25649467,3.633098856608073,3.528977711995443,4.708295650467047,4.57672627600905,112.6868530000138,2263.1747149998773,ar_order,512
f5sCDf-435-355130-41798-395609-377902-35325-116061,1378,11.901306240928882,9.696379493107088e-06,13.626133,12.267381,0.44472042,0.51695806,1.825818689664205,1.8091771205266316,4.647750696909334,4.39573888327765,286.7332509995322,4832.467063000877,ar_order,512
5LZsPp-295-239730-414547-129636-470600-495997-1214,1207,22.535211267605636,6.921367457835004e-05,9.926937,8.187772,0.7938156,0.6813989,2.1495482126871743,2.2668314456939695,4.157668202118073,4.1821831608394575,556.1732840005789,7833.950485000059,ar_order,512
rxhq2p-211-212526-349828-67455-407790-412326-143976,1183,7.185122569737954,2.8749458579113707e-05,15.428347,7.783342,0.5074894,0.44199407,2.4338568528493245,2.7014482657114667,4.537302228727294,4.3960792105012825,279.03499200056103,2857.6720080000086,ar_order,512
7j8l2a-034-50416-4800-287427-123375-143976-264357,1033,3.0977734753146176,8.71249631018145e-06,18.489504,18.443233,0.17926574,0.1761183,2.47350754737854,2.5095053990681966,4.687613960760432,4.590991637378208,53.61324700061232,841.790286000105,ar_order,512
cedJli-522-192385-152140-262731-156368-123704-333757,719,5.285118219749652,5.254780626273714e-05,13.994167,10.900298,0.2933385,0.27820042,1.9675618648529052,1.9495726029078166,4.115294205452958,4.333164684993716,83.7180749995241,1052.1515629998248,ar_order,512
uHCIZa-015-146882-87506-304828-333757-5054-62919,1033,8.615682478218782,1.7520515029900707e-05,12.94519,13.087893,0.35766348,0.37597764,1.3268964846928915,1.3436766227086385,4.573894540516944,4.586683285428836,151.9097899999906,2685.4730700006257,ar_order,512
UKnMcp-124-361413-129636-57514-52991-68221-81956,1381,20.926864590876175,0.0001672373036853969,18.20792,12.038008,0.6455706,0.51209515,2.9069030125935873,3.2058146794637046,4.531450020260163,4.511671910849823,554.7084950003409,7992.034971999601,ar_order,512
5ALjRp-161-333766-240226-4800-482510-113619-84055,1026,26.803118908382068,0.0008019127999432385,6.852539,6.376223,1.1271265,0.88377887,1.2225433111190795,1.2600449403127034,4.026201096475144,3.9932125350695786,493.51142900013656,6893.640940000296,ar_order,512
Paqf1p-119-254913-443221-90733-163645-32125-188815,1450,9.034482758620689,0.0004479943308979273,15.237179,15.493561,0.33432218,0.26956168,3.295555671056112,3.311695766448975,4.444386799561865,4.480293684306278,433.15902299946174,3255.4582759994446,ar_order,512
lDN6of-450-91840-427818-353502-327883-210172-489807,1722,25.02903600464576,0.000440589792560786,7.2113996,3.7901292,1.0965396,0.844266,1.4282039801279705,1.555314095815023,3.893886916349014,3.982140810095382,856.4512569992075,12893.741328999567,ar_order,512
JRGxpf-495-78575-358526-483339-81956-229618-247007,1722,14.227642276422763,0.000252309167990461,9.354135,7.331377,0.6538532,0.704968,1.1593306938807169,1.1424981514612833,4.4541167821938235,4.410522324469284,494.06736900073156,6945.649489000061,ar_order,512
yc5Hmf-494-469130-474206-203381-91840-123056-149498,1722,13.472706155632984,0.00020981418492738158,9.509924,9.116421,0.5978523,0.56989676,3.023910315831502,2.831836160024007,4.46614643535269,4.388820203067967,422.12240299977566,6434.511639999982,ar_order,512
6UNJZa-025-136860-357104-38459-89725-366126-252054,1033,9.390125847047434,0.0008322022040374577,13.968764,13.5927925,0.35581997,0.34758687,1.2141247034072875,1.2175559361775716,4.584351131626533,4.561802746068737,162.89299999971263,2404.3950800005405,ar_order,512
CrjLKf-468-374393-49022-14754-240504-316080-236920,1722,6.562137049941928,0.00014622832532040775,15.896433,15.04389,0.2843939,0.33547744,1.2838456233342488,1.2904781818389892,4.699434841193869,4.688124040421394,185.82543799948326,2947.0170570002665,ar_order,512
wkCjvp-408-175927-2985-407790-280816-275802-343332,1046,15.965583173996176,0.0001569680607644841,17.421118,15.558058,0.5218806,0.38831273,2.7023038387298586,2.7439335028330487,4.582365788052445,4.614561326429756,269.54534400010743,5148.6445009995805,ar_order,512
bnEKPi-496-131237-487747-10048-112031-352809-171454,719,13.908205841446453,0.0004139196826145053,11.951597,7.780733,0.5654584,0.50935024,1.977911376953125,1.867313027381897,3.5656281118117352,3.7801380721882594,171.93832999964798,2819.104444999539,ar_order,512
FW6BFp-225-129636-418989-280816-386883-462467-306759,1649,6.24620982413584,0.0004694216186180711,15.925892,15.575882,0.25448626,0.23018022,1.8378275235493977,1.7809322834014893,4.547519973612232,4.584142772647348,226.08640599992214,3025.058643000193,ar_order,512
cZ9D6w-670-134118-41411-423587-125189-84055-98443,662,4.984894259818732,0.0007059596828185022,17.668709,17.162607,0.20632474,0.17339653,4.161408615112305,4.3032845179239905,4.5681429153213315,4.577770672823417,54.126135999467806,786.3920310001049,ar_order,512
xlckps-555-489807-93885-138959-23535-14754-299323,1636,10.880195599022006,0.0007390778046101332,11.589249,10.932655,0.4610711,0.38275218,1.5524616241455078,1.5140868822733562,4.531162924266977,4.539931676372469,383.6952170004224,6198.94252999984,ar_order,512
xDMmqs-548-333766-165168-462328-336612-442126-284808,1636,9.7799511002445,0.0005077441455796361,13.475848,11.581336,0.3664446,0.3325978,1.3479535341262818,1.3382980267206828,4.364618259294024,4.451486935499967,485.04047999995237,5631.089266000345,ar_order,512
FSyUys-545-306052-88756-228203-369609-91230-448907,1240,3.467741935483871,0.000898472499102354,18.26578,17.254194,0.18628033,0.17082085,1.4169954299926757,1.4110009749730428,4.652126883460007,4.658110671039412,92.56272400034504,2104.399451000063,ar_order,512
FiS63i-513-129107-287427-185152-454791-121010-285778,918,29.956427015250547,0.0005593721871264279,5.7669826,2.0023942,1.2140379,1.0101197,1.8760093927383423,1.8636497100194296,2.5472689888151683,2.9843503471879282,450.7458520001819,7659.999450000214,ar_order,512
AHwsQs-538-108297-304214-140209-237079-426805-448869,1636,26.5281173594132,0.00042765779653564095,7.2964773,4.302256,1.6576232,0.89498,1.212276275952657,1.266404096285502,4.103018307735801,4.149300326235278,752.4854439998307,12812.433758000225,ar_order,512
cUyODs-564-324456-286869-479691-123056-485468-274323,1636,14.60880195599022,0.0006575641455128789,9.876203,9.10638,0.6429358,0.5175865,1.5335244178771972,1.4103057781855266,4.510839162650111,4.5162260682408935,391.8070359995909,6852.238568000757,ar_order,512
WOhKts-537-450251-294604-27791-350223-235375-383770,1636,15.158924205378973,0.00046492001274600625,11.827898,11.936645,0.5582383,0.40430394,1.8784621000289916,2.0172605911890664,4.480477906527408,4.518867786611953,405.39644500040595,7054.689096000402,ar_order,512
Mtnx5i-515-495971-279778-348676-11995-306560-418034,744,3.225806451612903,0.00028512379503808916,17.880285,13.24026,0.1630963,0.2083624,1.6839031457901001,1.752617073059082,4.688583877752852,4.699990164739647,54.45512699952815,1103.454993000014,ar_order,512
fiDqFe-589-306052-37928-421728-166792-414547-458302,1550,7.548387096774194,0.00034323649015277624,16.88114,17.054136,0.34289774,0.23634748,3.156737550099691,3.254479249318441,4.628898975611106,4.649251987042103,345.54922899951634,2657.8137609994883,ar_order,512
KIklei-503-156368-5054-151331-161307-380077-177809,898,12.138084632516703,0.000185836324817501,11.117092,7.528915,0.56468624,0.5315779,1.6970998048782349,1.6073044538497925,3.562729270638169,3.989032118838918,236.5387660001943,2915.0978360003137,ar_order,512
0Rve0i-524-469450-332402-376902-283921-64116-240504,1140,5.087719298245614,0.0009046242921613157,16.39796,13.192076,0.24892211,0.22420911,2.5021822770436604,2.4149065653483075,4.211271763152835,4.352755454826311,102.94774300018616,1428.685464999944,ar_order,512
IJqofi-526-68304-236920-183720-152419-94351-316080,661,34.493192133131615,0.0003945751814171672,6.636139,3.1702182,1.5318469,1.1039854,1.8790706475575765,1.7461742719014486,2.5492734175467686,2.4938471176420363,479.78134200002387,7204.613505000452,ar_order,512
vAlA7f-458-390385-16661-177809-112031-325632-365075,954,1.4675052410901468,0.00048059478285722435,33.63584,35.398476,0.04280569,0.0363383,4.734195550282796,4.734678395589193,4.718092451836647,4.716755884324127,27.57031800047116,481.42260200074816,ar_order,512
oK9Hxs-550-7708-104867-460359-299323-420765-264795,1636,3.850855745721271,0.0009720592643134296,18.885904,18.028658,0.15544195,0.14651683,1.3374209880828858,1.3415837208429973,4.682268900963757,4.687271205300517,112.41391300063697,2382.046239000374,ar_order,512
kxh9is-563-24999-276516-377039-462467-365075-67099,1636,6.418092909535453,0.0009378857794217765,17.498266,16.415083,0.2609618,0.20187767,2.1322729428609213,2.1854615529378254,4.602376955814367,4.6181233017822745,183.04570899999817,4073.5833789995013,ar_order,512
Q4PCSi-506-317415-237079-78108-78427-235375-285778,1152,8.072916666666668,0.0002790152211673558,16.824465,13.926565,0.317135,0.28906628,2.4282089710235595,2.296670850118001,4.234618283911054,4.4236258363600856,382.3311880005349,2710.3901910004424,ar_order,512
zKb4se-576-475285-202921-407950-32125-236920-469001,1236,14.64401294498382,0.0002435800852254033,13.355027,12.056857,0.5241568,0.49484372,1.8974233865737915,2.042910917599996,4.572187724989545,4.432125756858268,402.01531700040505,4727.401263000502,ar_order,512
EZwkWp-195-116061-37928-384031-166684-14787-96948,1442,15.53398058252427,0.0007670152699574828,16.69523,12.406945,0.5447837,0.4133002,3.2254032452901202,3.368622096379598,4.30924965092599,4.298810666683714,377.4055189996943,6690.62279299942,ar_order,512
rjyWTe-587-151723-247588-123704-129889-250174-123056,1550,12.129032258064516,0.000710091320797801,12.140589,11.897416,0.47990116,0.44796,1.9175865411758424,2.114639163017273,4.550297010376695,4.568109567705793,305.40139300046576,5681.3093499995375,ar_order,512
44Zbvs-567-179462-358526-13671-355104-116061-343332,1636,7.396088019559902,0.00030473197693936527,13.344668,11.144249,0.32841417,0.3030082,1.1991741021474203,1.1983897050221761,4.625438787883244,4.634248276075145,195.1719589997083,3624.628080000548,ar_order,512
ofs2Us-561-469223-161307-229618-187519-295308-129107,1636,15.831295843520781,0.0003641763178166002,12.265483,11.010571,0.5684301,0.42716393,3.200612719853719,3.3264305273691814,4.298130761671829,4.33722349709549,529.7360889999254,7723.75870399992,ar_order,512
jhRr0p-088-489070-351855-386883-172725-333766-16976,1661,16.375677302829622,0.0008774544112384319,10.738386,10.304092,0.6680575,0.53753304,1.9449861764907836,2.0254101037979124,4.256520699480043,4.236189728067026,535.9132389994556,8938.159027000438,ar_order,512
ItvEYp-187-347380-151331-160943-343502-92870-286732,1222,5.973813420621931,0.0003424148017074913,16.837547,16.41859,0.23478156,0.20418958,1.9590816815694174,1.9339685042699177,4.569851922322543,4.605959229355263,165.1021910001873,2303.4956070005137,ar_order,512
9ImS8p-321-63022-306759-480197-355130-205293-103130,1065,1.4084507042253522,0.0003738635568879545,29.521914,30.430595,0.057519365,0.047303975,3.9459869384765627,3.9729007879892984,4.722106338158642,4.723043229853469,36.00702900075703,501.5481410000575,ar_order,512
PiKSIp-112-109021-465867-125189-123174-211212-334242,1021,9.10871694417238,0.000980529235675931,15.116586,11.314014,0.3686367,0.34058103,2.075812832514445,2.1524117469787596,4.471907836158323,4.516908295892043,163.91500999998243,3002.143227000488,ar_order,512
5Lu6ui-514-135410-151381-124082-173176-644-324310,744,9.946236559139784,0.00026409313431940973,12.631453,8.2646885,0.4323825,0.42594877,1.501192839940389,1.5915097872416177,4.5829991120219455,4.5891883595069585,275.58544500061544,2009.8594439996305,ar_order,512
69ZMRp-276-162832-2757-113105-349816-17243-289593,1207,16.23860811930406,0.0009542101179249585,12.718249,12.683749,0.5745043,0.47623205,1.394614044825236,1.3459864854812622,4.345100110227546,4.325568391658611,406.516527000349,6530.369590000191,ar_order,512
caQa9p-079-134118-41798-311327-343332-125459-231167,1139,6.409130816505707,0.0008238053997047246,24.645212,24.896439,0.18242496,0.15073918,4.331318664550781,4.326437346140543,4.523359837569542,4.536802523283994,156.97139100029744,2331.108846999996,ar_order,512
zQSXvp-215-498788-407950-152419-25062-51581-3467,1400,17.57142857142857,0.0010821843752637506,10.846127,10.122214,0.6748345,0.49244133,1.7231174866358439,1.8454451402028402,4.21157439622007,4.268059428472482,662.9768819993842,8596.160934999716,ar_order,512
3Fszap-093-117533-332219-451954-336612-141428-265166,1116,6.451612903225806,0.002600878244265914,16.632465,16.820961,0.252039,0.20421727,3.9571334679921466,3.930903975168864,4.534732047232794,4.550489210732605,116.57310300051904,2293.0890490006277,ar_order,512
oJJGwp-325-47619-442126-2985-182650-124082-457067,1710,4.035087719298246,0.0017253782134503126,18.242603,18.345215,0.18167984,0.16457473,3.3055892467498778,3.257416915893555,4.677284319216264,4.665757731688634,115.66910399960761,2353.016777000448,ar_order,512
0mk6rp-310-146145-90733-51581-27791-50416-437215,1608,1.7412935323383085,0.0014768074033781886,24.875694,25.178175,0.08538317,0.068196006,2.3077263673146566,2.338361692428589,4.7147127323429965,4.715697511231484,59.77210599940008,963.9315650001663,ar_order,512
lzFhsp-134-377273-280816-60681-369034-268009-11995,1625,3.076923076923077,0.0012218672782182693,27.780436,23.273066,0.106390625,0.10213224,4.7386940002441404,4.727165190378825,4.686891192938035,4.681786278449012,129.26666299972567,1859.8013140008334,ar_order,512
5OQdwp-063-348077-460359-16661-112031-224170-197606,1404,2.7777777777777777,0.005658838432282209,18.969025,19.067915,0.14001828,0.12529697,3.5047014236450194,3.551294294993083,4.651462351068268,4.654083154040076,65.01625700002478,1305.0779460008926,ar_order,512
am1FVp-234-380077-145165-25579-145555-311495-324310,1208,5.380794701986755,0.004206848796457052,16.89683,16.883415,0.23509414,0.21362953,2.994602823257446,2.5946631113688152,4.570215839941536,4.504253147546252,202.71634900018398,2712.4699979995057,ar_order,512
1zDUvp-298-108297-119460-56896-348770-68221-98443,1510,2.5827814569536423,0.0020352303981781006,18.812044,18.698303,0.14219522,0.12233601,4.82823870976766,4.835693645477295,4.652264332826273,4.652141944507109,130.85609300014767,1566.0940919997302,ar_order,512
cqZnBp-237-143976-377902-462328-483339-384274-414547,1322,8.245083207261725,0.005321722012013197,14.633027,13.7031975,0.3119731,0.32043037,1.3769291877746581,1.4795706748962403,4.544278271027049,4.518637296955706,243.4218560001682,3587.7225009999165,ar_order,512
N5kbFp-292-397909-407728-152140-117533-153980-62919,1693,21.204961606615473,0.0010815237183123827,12.20972,12.689634,0.71879,0.80275494,1.434083104133606,1.4628342072168985,4.599434020666947,4.378452807494926,605.0561670008392,10632.783120000568,ar_order,512
DmpOYi-525-91230-450251-209608-292323-92870-38506,1140,16.315789473684212,0.0021517532877624035,9.764111,6.125831,0.7158766,0.5914304,2.2301966667175295,2.2107667605082195,3.3878676419326883,3.917597065137077,433.0289259996789,4592.152597000677,ar_order,512
BBcZPi-501-456735-480197-495997-497448-326140-134118,861,0.8130081300813009,0.003230630187317729,27.684967,20.135658,0.054032862,0.10173813,1.805175232887268,1.8099733988444011,4.7306177049088,4.702537514703711,22.179288999723212,225.1253069998711,ar_order,512
BsVmke-591-419538-379538-386302-426805-469450-347380,1550,17.806451612903228,0.002498342888429761,8.864993,8.451032,0.7124982,0.6316392,1.4405047098795574,1.6429428895314535,4.31091308304607,4.3485492905810705,660.4244339996512,7125.978249999207,ar_order,512
nSu3Cp-366-41411-362672-285778-222370-421926-202035,1118,6.529516994633274,0.006295517086982727,21.636364,22.73985,0.2884072,0.19644928,4.159734789530436,4.06786371866862,4.702934724153315,4.687729487985122,133.63972200022545,2037.3238279998986,ar_order,512
tztd5w-640-23535-348077-410307-64116-151381-134118,1176,11.989795918367346,0.0032262594904750586,14.3964405,14.114141,0.47595844,0.34480605,3.8844911257425943,3.6967347145080565,4.268385130642406,4.299818719069878,238.02912700011802,3142.1024979999856,ar_order,512
qQ82Hw-614-91230-379354-379373-260428-324310-287427,949,5.163329820864067,0.0024592585396021605,17.528841,17.34793,0.21761,0.19316883,2.084898527463277,1.9697685480117797,4.5094875767264195,4.524624474062125,80.12884500021755,1037.4947939999402,ar_order,512
f2JFMw-634-136860-113105-22031-310105-248646-32125,824,8.25242718446602,0.0029410782735794783,12.887541,12.557047,0.35582063,0.30570066,2.3057456493377684,2.352095301946004,4.5751974263474215,4.58370506803881,109.61693399985961,1743.3020250000482,ar_order,512
ainjFp-098-145384-88756-289593-274542-488804-292564,2208,9.148550724637682,0.003448504488915205,14.023478,13.40886,0.36995637,0.32405496,2.6315136909484864,2.712765264511108,4.479478172473665,4.470029626022267,340.97105199998623,6612.284402000114,ar_order,512
BcVzDs-560-352809-57514-418989-243067-209608-32726,1636,6.601466992665037,0.0019297391409054399,19.548193,16.580177,0.24037354,0.20610704,1.5157503286997478,1.5396251837412516,4.643209165786823,4.650009649952808,177.20341000040207,3143.9099400004125,ar_order,512
TypO9p-362-82313-390793-365346-50416-310105-275395,1464,23.36065573770492,0.0034457372967153788,8.444845,8.909394,1.3636516,0.7121766,2.6499751567840577,3.077686341603597,4.496758465208041,4.346989062325044,630.9236349998173,11286.708294999698,ar_order,512
nQsrxi-500-35788-354893-151331-437270-461984-276516,861,11.033681765389082,0.004316622857004404,10.574461,9.829913,0.544069,0.44734547,1.618701155980428,1.6602232138315836,4.531194530601882,4.545024640084206,214.44791899921256,2773.814739000045,ar_order,512
ck2Uxp-081-495997-135873-82313-377039-373629-268363,1026,4.775828460038986,0.004637618083506823,17.28308,16.10841,0.19000375,0.2183071,2.171902624766032,2.166293907165527,4.583710750156683,4.5481377608820175,109.02768399955676,1495.3904879994298,ar_order,512
jgJdnp-100-135873-177809-247007-67455-332402-185152,1404,5.84045584045584,0.0029392531141638756,19.001621,19.448645,0.20055032,0.1671799,3.7490808804829916,3.7475126425425214,4.580351724254457,4.597899189698881,207.22272799957864,2274.550125999667,ar_order,512
m8mjCs-533-485468-283456-486330-442126-2757-12865,1636,22.677261613691932,0.0013069127453491092,10.623298,9.360241,0.84275794,0.6393889,1.3061036586761474,1.3314851760864257,4.324365072110343,4.341844624742924,783.914487000402,12357.051693999892,ar_order,512
pRaNDw-627-181149-276516-426805-281965-56896-235375,1894,4.7518479408658925,0.002972227055579424,15.56879,15.396933,0.2557658,0.20506655,2.1051653544108073,2.015291706720988,4.577793371728614,4.5839306267554365,200.3461590002189,3497.7706420004324,ar_order,512
U5aQJe-592-437270-129013-295308-406364-103913-497087,1550,4.451612903225807,0.001561999088153243,18.352259,18.184174,0.23851508,0.1797841,2.4603899637858073,2.5109752496083577,4.651256170462674,4.665659377579496,158.7648419999823,2789.783479000107,ar_order,512
3e1Tjp-199-462328-423751-38597-248646-74769-2009,1395,9.46236559139785,0.002225166419520974,15.472097,15.183964,0.40621713,0.34851015,1.3910942475001018,1.4329908847808839,4.4722258060010365,4.429978992258608,533.5200810004608,5226.40962100013,ar_order,512
SSYQ1w-650-275802-13671-144360-112336-104867-157595,503,5.36779324055666,0.0031455422285944223,23.176517,22.781158,0.16099156,0.14591806,3.8852654933929442,3.818728558222453,4.537746366130586,4.531885705465257,44.665237000117486,1054.4508140001199,ar_order,512
JCRPTw-618-129107-479691-343332-355104-157595-129013,1894,30.517423442449843,0.0062578716315329075,6.543441,5.4142294,1.1536864,0.90147513,2.22583163579305,2.0394773642222086,3.805865834947966,3.877904060967108,2249.4942700004685,16870.652468000117,ar_order,512
BThtKf-463-324456-428876-160668-329895-295308-99711,1722,31.3588850174216,0.001240023411810398,6.0711803,5.0095897,1.2478691,1.0208076,1.1268340984980265,1.1315045674641928,4.171592470432958,4.1881061157971216,966.5837290003765,16027.48711500044,ar_order,512
BNXFqp-404-184495-450557-10737-129636-497448-379538,712,3.089887640449438,0.0009845345048233867,13.936972,11.526541,0.21944745,0.21904439,1.8838340759277343,2.0065584421157836,4.591934535690104,4.6262703221262,57.67098700016504,575.5941090001215,ar_order,512
7HBFIp-071-294604-416172-427818-181149-278609-175927,1141,7.887817703768624,0.003979463595896959,20.295876,20.298414,0.29137895,0.19199865,4.053570795059204,3.9911171277364095,4.517740477189718,4.528579607467596,149.95720199931384,2252.1798409998155,ar_order,512
fS0Vwp-324-274170-461984-129889-218396-366126-128329,1773,16.130851663846588,0.001755136763677001,13.292947,10.433165,0.60301805,0.4838747,3.491947650909424,3.5870487213134767,4.2961792453840255,4.341709292070041,656.9648549993872,7388.517514999876,ar_order,512
MJEnPs-553-484336-261033-237079-274170-257745-343308,1636,5.990220048899755,0.0014303416246548295,13.307295,12.679825,0.2994158,0.2778562,2.139955917994181,2.2082425276438395,4.6459445834125805,4.65453787098708,201.72888900015096,2595.2034530000674,ar_order,512
noHubp-343-163645-17243-410906-219243-161307-221798,1638,6.654456654456655,0.0025536506436765194,13.630541,13.805159,0.3903943,0.2786201,3.005529276529948,2.977710660298665,4.611653246080879,4.623149946686792,220.2744990008796,2790.135554999324,ar_order,512
4sBV1s-535-160927-255765-139119-167772-460359-377902,1636,11.98044009779951,0.0018671865109354258,12.234969,13.030843,0.49562895,0.35968363,2.633725881576538,2.693033981323242,4.503742121558175,4.551493257754559,321.2291429999823,5260.292857999957,ar_order,512
IZG94w-666-98443-418034-470600-161118-288253-129889,1707,7.147041593438781,0.004833240993320942,16.514233,15.54324,0.28140816,0.26291558,4.075127283732097,3.587892929712931,4.465651318599454,4.429395926659373,197.96543000029487,3102.621688999534,ar_order,512
9hvMUf-482-498788-113105-17243-63022-21827-338584,1318,11.077389984825494,0.0011917749652639031,10.672608,10.389017,0.5450521,0.43545714,2.611883846918742,2.5086848100026446,4.571235120592855,4.562359067213803,242.82752799990703,3906.643878000068,ar_order,512
TkK5fp-380-229618-476225-311495-339484-11995-7708,1573,6.039415130324221,0.003558315569534898,14.74475,14.533764,0.29565665,0.22210944,3.6020124435424803,3.643525997797648,4.588818486592792,4.596337051844264,161.1564510003518,2376.8246379995617,ar_order,512
9f3Qjw-657-129013-78427-348770-228203-60643-7188,839,7.866507747318235,0.0029710158705711365,16.688303,16.242834,0.321115,0.24245442,2.592748483022054,2.6328895250956217,4.499189006753525,4.513958051243265,147.1418729997822,1582.1714880003128,ar_order,512
mZAhvp-320-51581-316080-475285-152880-108378-407790,2240,19.732142857142858,0.009975253604352474,16.617287,18.543165,0.6696208,0.5827339,2.3514349619547525,2.737133200963338,4.58236418692281,4.333979154431554,713.6905530005606,13928.272400999958,ar_order,512
aVIkMi-504-436373-35788-166684-274170-363774-493700,826,3.753026634382567,0.01687152311205864,17.012386,15.417657,0.19683163,0.18622987,1.3541427612304688,1.3841143369674682,4.691856172455545,4.681486727504273,51.59577700032969,2022.8079859998616,ar_order,512
wD39yw-617-350336-91230-365075-384274-339484-27577,918,4.139433551198257,0.01175561361014843,15.65077,15.668459,0.20703228,0.19346088,2.480763069788615,2.4571500619252524,4.631013272635075,4.6364883007308535,219.7490389999075,1240.2644670000882,ar_order,512
WWYmkp-135-247007-450251-229950-249772-273892-186349,1032,18.7984496124031,0.02265731431543827,12.053709,11.748371,0.68064123,0.5163379,2.9134111245473227,3.1222797870635985,4.283453924859071,4.364813757633459,794.5842990002348,4704.005913000401,ar_order,512
1Q0zzp-067-496080-227228-300626-311379-247007-1214,1044,3.4482758620689653,0.020670078694820404,33.155254,31.975216,0.0971635,0.09597164,4.225494607289632,4.239776961008707,4.7223673282273175,4.720939060065015,59.091746999911265,896.7845150000358,ar_order,512
9Mkadp-302-273892-209608-109841-324591-494783-498752,1917,13.928012519561817,0.008960635401308537,13.376779,13.194603,0.48320112,0.40160957,1.5669638156890868,1.684505867958069,4.511772380948757,4.522434312868681,437.82179900063056,7438.238699000067,ar_order,512
ui9aDp-122-292323-379538-386883-287427-306759-88721,1070,4.579439252336448,0.009513289667665958,23.126745,18.816141,0.16947918,0.17522328,3.107298723856608,3.025115791956584,4.669422667459213,4.656687076961366,79.39164599974902,1059.6519669998088,ar_order,512
YLEXwp-335-240298-183720-447487-129636-202035-44660,1633,4.776484996938151,0.019239043816924095,18.099396,17.247095,0.20870435,0.20336008,2.5448678652445476,2.2141571839650473,4.685652594637116,4.6634811783784125,129.1104540005108,2802.395580000848,ar_order,512
6TUCvp-352-108130-78807-55646-250174-386302-414547,1874,14.300960512273212,0.02210024558007717,14.132179,14.255604,0.5471086,0.42504847,2.3365874608357746,2.565494092305501,4.338073314694644,4.341645105111883,680.2146359996186,8701.78296099948,ar_order,512
DfzVIp-175-379354-103913-25062-384031-343308-295308,1232,6.737012987012987,0.007324743550270796,17.425064,17.309187,0.26491806,0.23905456,2.1470113595326743,2.0394020875295005,4.571058857375048,4.484538810228845,279.89232599975367,2327.508393000244,ar_order,512
YuwChp-152-8651-147603-379354-29563-62919-345238,1842,8.360477741585234,0.018081096932291985,23.36543,23.159523,0.3123108,0.20382428,3.868797747294108,3.9902138074239093,4.536609558412947,4.551903270218929,524.9561939999694,3951.5408739998747,ar_order,512
QpHWMp-383-149498-238364-156368-402653-484336-426805,1642,21.74177831912302,0.02199472486972809,12.77589,13.95863,0.87669396,0.6078314,3.2919295946757,3.340884256362915,4.63431122879983,4.610020000326977,633.3632379992196,11337.853600000017,ar_order,512
RkoxIi-499-395609-17243-276516-68344-191485-476225,1053,19.183285849952515,0.013668406754732132,8.44633,5.4716415,0.9466529,0.67917424,2.028749632835388,2.0057679255803427,4.431098828668791,4.390716398483853,332.6054339995608,6623.680294999758,ar_order,512
avuTLe-585-474206-355130-317191-361413-333474-248785,1550,11.806451612903226,0.014499159529805183,12.551565,11.325625,0.43949783,0.49735197,1.535306437810262,1.756813398996989,4.526178424573741,4.554993329973298,299.48838600012095,6236.356884000088,ar_order,512
RXuyap-339-457067-332402-329331-281965-472051-353502,1386,8.441558441558442,0.022795502096414566,18.684475,19.292458,0.29515848,0.29854277,1.5486290136973062,1.5836839199066162,4.7001766394128826,4.570497884384378,197.835730999941,4040.016052000283,ar_order,512
cfSfbp-363-68221-13671-186349-322947-197606-339484,1688,12.855450236966826,0.020284058526158333,21.179218,21.908133,0.39307645,0.34413028,3.3800113519032795,3.5276029268900553,4.683877366211464,4.68337852088715,437.00588899992,7133.932851999816,ar_order,512
jM2z5p-212-362995-350336-202035-87506-239730-207508,960,3.125,0.008350489661097527,27.519085,27.313612,0.13193761,0.093547046,3.3301605224609374,3.524278243382772,4.72719705847304,4.726539627323323,49.95506800059957,652.8428080000594,ar_order,512
HxFzMp-357-24999-343332-90733-489807-316694-345238,1056,12.68939393939394,0.008049515075981617,18.235828,15.3554,0.42649665,0.41262272,2.8834179719289144,2.733529265721639,4.67388155704989,4.621871173348323,336.02753400009533,5271.543723999457,ar_order,512
rllgnp-282-21827-2985-183720-67455-409746-330730,1398,18.812589413447782,0.014075466431677341,13.131592,12.620522,0.73315686,0.54412705,1.367228134473165,1.366867232322693,4.245831669189404,4.220329397290408,465.57961700000305,7319.205275999593,ar_order,512
IJui6p-278-140209-424453-325632-318907-448869-125189,879,26.39362912400455,0.012646407820284367,8.114871,7.0508995,1.0655484,0.7824457,3.134304634730021,3.129479233423869,4.1975347837265025,3.909129474507918,453.06855799935875,6432.954245000474,ar_order,512
riuiap-287-319764-286732-35325-55646-391852-1246,1806,5.038759689922481,0.016919877380132675,17.069553,17.35748,0.2378254,0.19739233,2.68531912167867,2.862834850947062,4.653138255025373,4.663891641817013,210.53270999982487,2442.7140130001135,ar_order,512
9OkIKp-409-379354-383479-166684-320846-480197-361413,1633,3.1230863441518677,0.018505295738577843,30.862034,31.245745,0.09029821,0.08136382,2.5446780999501546,2.8131038506825763,4.662390437755346,4.661410139357051,108.35050500008947,1309.1460269997697,ar_order,512
vTx6Wp-073-38459-458554-472051-230200-332402-365346,1099,10.009099181073704,0.006727493368089199,15.199036,14.808225,0.35396445,0.3046256,1.8303755203882852,1.980571484565735,4.48315903961377,4.4633495724376,250.43578700024227,3416.0548979998566,ar_order,512
9aa0Fp-331-427818-479691-112336-420765-462193-379354,1488,11.491935483870968,0.015810392796993256,18.03114,16.216084,0.4672974,0.3304275,2.4879431247711183,2.5249154567718506,4.679991155934223,4.68168693203399,282.28696699989086,4806.501220999962,ar_order,512
Od9CNp-327-140209-326180-101992-35325-166792-451954,1953,10.39426523297491,0.014821072109043598,16.258038,13.984438,0.37145886,0.35330662,2.2804407596588137,2.2997282346089682,4.658784854912819,4.665493597869892,428.20438999933685,5684.800882999298,ar_order,512
2TcsGp-297-152880-78575-467697-23535-316694-24999,2415,13.250517598343686,0.007391820661723614,14.406323,14.376431,0.49743807,0.35462713,2.6543080965677897,2.9121516863505046,4.586030824770919,4.561445290630779,513.9331860000311,9121.652587000426,ar_order,512
IJFPZp-340-90733-100179-99711-247588-402653-355130,1491,3.35345405767941,0.00944688729941845,13.625516,11.528227,0.27327034,0.2629958,1.7709241072336832,1.828541088104248,4.693376278789332,4.689676271705654,80.47365499987791,1117.8056570006447,ar_order,512
sNYM9p-246-47619-361413-1214-155820-418901-176776,965,28.808290155440414,0.011091777123510838,7.574133,7.4492893,1.0534424,1.0042089,2.206610679626465,2.2087331771850587,4.52092903432925,3.929972179698283,729.0049160001217,8364.831423000396,ar_order,512
OI5Azp-257-60643-225888-294604-334833-14787-125459,1203,4.904405652535329,0.01875906065106392,15.841838,14.858251,0.3995138,0.2369153,1.5253137191136679,1.6279402176539104,4.578340480349557,4.587054318078532,127.54082399987965,1311.4816890001748,ar_order,512
vhQX3p-288-256377-386883-276335-177955-380077-80661,2229,2.4226110363391657,0.0165446437895298,16.23867,16.121475,0.20787036,0.17294897,2.262277444203695,2.212984863917033,4.687605353863639,4.686454039132097,112.35441400003765,1191.533574999994,ar_order,512
d4LtRw-656-379354-74769-192385-202921-93885-62534,1673,9.145248057381949,0.009153828024864197,13.424239,13.168841,0.3529763,0.31387892,3.425924777984619,3.3063851833343505,4.47012267167581,4.47353026952027,262.55746700007876,4481.275852000181,ar_order,512
dc4C1p-319-469130-53129-287943-116061-476924-448907,1529,17.658600392413344,0.017503265291452408,19.67525,18.23528,0.78074455,0.42148718,2.5357999483744305,2.532058525085449,4.7095870644361355,4.70540119401803,482.03282699978445,7292.381125000247,ar_order,512
PSLbbp-359-11995-156368-348733-154883-123704-497426,1430,11.888111888111888,0.021002519875764847,11.090769,9.798249,0.5833853,0.49174395,2.4979721864064532,2.639658800760905,4.665367468589813,4.660844067637906,433.9277190001667,4962.879632000295,ar_order,512
zVlcap-263-274542-472051-376372-248785-476225-35325,1292,4.102167182662539,0.021863481029868126,16.533588,16.2206,0.2047587,0.18541424,1.312664477030436,1.2827571153640747,4.687720901722515,4.6820360916543935,142.21695400010503,1671.6724629995952,ar_order,512
rpdA0p-089-193291-347380-224170-426805-310105-489070,1279,8.913213448006255,0.00744014885276556,13.323282,12.64101,0.38081446,0.3379388,2.0575313727060953,2.1166104634602863,4.472068983759694,4.4758496785608965,257.52547800038883,3144.027436000215,ar_order,512
O7tsRw-671-38597-125620-126584-128202-343308-240298,1734,7.035755478662054,0.009212201461195946,15.233951,15.266417,0.32007578,0.24353564,3.2583446820576984,3.2294869422912598,4.506846998621614,4.524224257968693,213.32055000038963,3295.9618790000604,ar_order,512
mCLt3p-410-320846-476924-422977-274323-99711-177809,1085,1.4746543778801844,0.022891782224178314,27.593782,27.682535,0.06053939,0.053922117,2.307521184285482,2.32995704015096,4.7284862878876694,4.727080703488015,28.18444799959252,492.842347000078,ar_order,512
jFujMp-258-2985-422977-276516-270302-316694-390385,1887,7.790143084260731,0.008067467249929905,18.384636,18.598837,0.30921307,0.22052081,3.5745914936065675,3.592531092961629,4.593618461957424,4.5537063645239355,239.44291899988457,6274.769325999841,ar_order,512
uIq5Cp-346-271293-199372-348733-164849-450557-397909,1966,2.899287894201424,0.015138654969632626,19.490849,17.319427,0.15816085,0.15610129,2.743696451187134,2.8494866371154783,4.706761008429231,4.702897931154382,130.13199399938458,1804.0028969999184,ar_order,512
2HNvip-384-377039-229618-315211-103130-162269-274323,1838,4.243743199129488,0.014237921684980392,22.012356,22.235016,0.21438353,0.14969727,3.854507795969645,3.8654468695322675,4.709018029020642,4.703054436355536,177.87694200069382,4301.293155000167,ar_order,512
hImnha-010-474206-125620-494783-410307-474929-314040,1033,9.390125847047434,0.04484827443957329,13.647351,13.566579,0.3343853,0.66941285,1.568977451324463,1.7154971996943156,4.650564562268283,4.365627507535582,482.6758379995226,4579.159633999552,ar_order,512
fiBRvp-155-14754-379538-407950-108056-495971-270302,1409,17.033356990773598,0.03848577290773392,9.672118,9.789812,0.7004688,0.57982904,1.8372578779856363,1.835729924837748,4.207622278143882,3.934815135343343,1266.6873930002112,6852.431084000273,ar_order,512
QzAg3p-413-374393-31166-163645-409369-10737-129013,973,10.38026721479959,0.0511818453669548,23.937607,20.956928,0.31475,0.26493052,2.150844669342041,2.226784578959147,4.698346409294123,4.671820779242055,235.688759000368,2862.075332999666,ar_order,512
JLBTXp-060-194617-60643-435517-420765-124439-152419,1024,10.44921875,0.024550464004278183,14.999722,14.098642,0.68136376,0.3214492,4.743506368001302,4.685873699188233,4.621293711701712,4.626968879834695,356.61227499986126,2766.0058370001934,ar_order,512
k4Lvzp-329-270302-101992-248785-163995-27791-469130,1701,7.642563198118754,0.051412247121334076,16.904865,16.957096,0.33832383,0.27814636,2.6281240622202557,2.6586945215861,4.705640595168891,4.667201446241494,215.30224100024498,4241.555522999988,ar_order,512
ZgJsyp-189-209061-292564-111916-92870-126584-280816,1939,5.002578648788035,0.0409746915102005,18.7874,18.481472,0.23484449,0.1924005,1.567931302388509,1.5586040019989014,4.684295904456687,4.666028097532286,160.29937300027086,2618.9358740002717,ar_order,512
G50hup-092-363552-123056-229618-481410-299323-332402,1114,6.463195691202872,0.028861256316304207,23.547203,24.14999,0.24359412,0.16575669,4.174225616455078,4.322315088907877,4.6316078499516316,4.64341029047344,164.54877300020598,1755.3898930000287,ar_order,512
8b8sWp-275-88756-348733-183720-134118-226233-129107,1202,3.577371048252912,0.031784262508153915,21.185484,21.43478,0.16095036,0.14173159,3.570868492126465,3.5678696791330973,4.720631319396347,4.715647511487636,72.96997599951283,1067.344542999308,ar_order,512
vOT8yp-371-205293-131237-111916-212842-29563-288077,1254,6.220095693779904,0.025580398738384247,16.2984,17.608631,0.27844125,0.27618232,3.02596755027771,2.963336706161499,4.667123760850737,4.583740494856566,203.30178199947113,3052.680025999507,ar_order,512
qmNVhp-128-78575-68344-44660-128101-103130-334242,1283,4.75448168355417,0.03182704374194145,23.264412,24.971388,0.21156758,0.13991834,2.3071728547414145,2.3493242581685383,4.629950321160853,4.596890652238634,115.72237599921209,2139.218696000171,ar_order,512
8wAd8p-068-329159-165684-202035-119460-330730-447487,1209,11.41439205955335,0.0299910269677639,17.530502,17.600323,0.43993163,0.28524622,3.605024735132853,3.7855819702148437,4.496668343740982,4.5005509242994926,373.73550400025124,4801.379511999585,ar_order,512
tXap2p-281-298969-9753-281965-457067-162269-329331,1012,6.8181818181818175,0.026187583804130554,17.779858,17.443975,0.25930962,0.21529007,3.197861321767171,3.133230177561442,4.69239618606507,4.66449848402859,264.5331889998488,2710.6781419997787,ar_order,512
fdXdMp-313-165684-111916-348770-380077-145384-347380,1440,12.777777777777777,0.03389327600598335,17.09896,17.501402,0.48769665,0.387208,3.1430491765340167,2.9231072425842286,4.666127106382028,4.595896611052454,462.33349999965867,5355.593420000332,ar_order,512
Jpj5sp-423-369034-108056-487747-295308-1246-219243,1468,8.583106267029974,0.05191738158464432,18.7269,17.70041,0.37930128,0.2626845,3.537342389424642,3.7787773768107096,4.690778154275739,4.665566215214151,214.20607000072778,3413.9371129995197,ar_order,512
maM4mp-267-195572-141428-108130-299323-8651-456735,1158,7.512953367875648,0.0453246608376503,27.501865,28.8519,0.24045448,0.16405478,3.275785764058431,3.377542559305827,4.723924681821145,4.712433499494768,223.12260000035167,2050.8536919996914,ar_order,512
Aal0cp-183-209061-91230-492922-2757-317191-461984,990,4.545454545454546,0.0922110378742218,17.948107,17.934711,0.21384668,0.18335049,2.13003937403361,2.073198994000753,4.644517714695001,4.641183489127814,73.08286700026656,1163.6250899991865,ar_order,512
m5rDOp-062-377273-156368-185152-188815-186260-486330,1445,11.003460207612457,0.02404632605612278,17.30851,15.617696,0.40449247,0.29098812,3.6747039159139,3.6373434543609617,4.495965641586822,4.542111093405066,358.1622050005535,4531.6809870000725,ar_order,512
IIhdup-184-282845-322947-195637-315211-10737-386302,986,6.896551724137931,0.07097651064395905,22.535849,22.520042,0.30461156,0.19024248,1.440755033493042,1.5049748261769613,4.600204908901867,4.631300468199049,113.23833500046021,2135.2477290001843,ar_order,512
eiJpip-223-216978-247588-305230-165168-65123-203381,1402,10.556348074179743,0.04873007535934448,17.073004,17.046436,0.39506164,0.31438896,1.4664153337478638,1.3821485042572021,4.514425335181305,4.441982395739587,315.49814699974377,4326.01351700032,ar_order,512
uYOkKp-107-143976-376902-185152-437215-90733-10048,968,4.338842975206612,0.029287779703736305,23.096724,23.625076,0.15503757,0.12794544,3.2722070693969725,3.4054500897725424,4.628003726327822,4.607038432073264,106.57019599966588,1215.9330380000029,ar_order,512
DWrC0a-013-57191-1214-242009-327883-379538-476225,1033,12.100677637947726,0.0352642759680748,10.119888,10.256046,0.5526527,0.5174469,1.3337255477905274,1.3738021532694498,4.551608567799926,4.382524485403299,202.12204099971132,3447.63234400034,ar_order,512
6maFGp-305-129013-193291-68221-152880-38506-163335,2424,17.863036303630363,0.02638908289372921,18.813301,21.118612,0.608432,0.462696,3.6160640875498453,3.7727619647979735,4.665204986979059,4.658055292136495,926.4746609997019,13016.420672000095,ar_order,512
fZg66p-070-68221-216978-377273-239730-53784-3467,994,29.577464788732392,0.03719060495495796,19.4007,19.853422,0.89954185,0.646623,3.642962598800659,4.329946358998616,4.585062676790286,4.552414672800141,656.3528320002661,7938.388348999979,ar_order,512
CF7Gnp-165-481033-25721-175927-209061-312468-108378,1919,17.509119332985932,0.03301472216844559,13.768398,13.912892,0.6369924,0.44671187,3.3453574657440184,3.350502093633016,4.339355014944741,4.309252888650867,596.6649349993531,8037.891594999564,ar_order,512
tTMeWp-326-264357-280816-2985-25721-189658-311379,2359,8.902077151335313,0.04867259040474892,24.436596,25.813877,0.31190565,0.2440149,3.3853392442067465,3.464996353785197,4.6991724464268305,4.707811024251017,362.03234500044346,5566.91483800023,ar_order,512
kDEiGp-268-254920-474864-52991-170820-165168-328121,1029,24.101068999028183,0.09233691543340683,7.2250957,6.573474,1.477826,0.8358659,1.835995078086853,1.9726381778717041,4.5646406937258,4.50253218323449,681.6139819993623,7160.530193999875,ar_order,512
rkSMcp-349-162269-339484-74769-12865-363552-41411,1411,14.386959603118354,0.02514478750526905,16.866688,17.122341,0.491696,0.44771484,1.713266626993815,1.605625573794047,4.688453573670873,4.500843205545994,527.5500070001726,5663.075856000432,ar_order,512
FZwvbp-205-349816-138959-261033-383479-409369-152140,1111,28.26282628262826,0.03914736211299896,13.855032,9.58761,0.91711044,0.84786516,2.532528797785441,2.2571215629577637,4.591412526149762,4.313197114587703,891.3969320001343,9627.034295000158,ar_order,512
ie6iSp-097-407790-253414-334074-464643-167361-80351,1395,3.942652329749104,0.03198687732219696,29.119652,29.282711,0.112358846,0.09386772,2.49456901550293,2.4508485794067383,4.639820766336816,4.645370030474809,111.25106500003312,1334.7718140003053,ar_order,512
Q1VJ4p-396-67099-191485-442126-324310-384031-392966,757,0.5284015852047557,0.04145583510398865,50.394012,49.96531,0.014345724,0.0133490795,2.5515616734822593,2.580799865722656,4.731947654654347,4.731321059504142,8.005990000128804,91.84242599985737,ar_order,512
BLAVyp-401-374393-353502-276516-464643-247007-280816,1578,17.743979721166035,0.0333615206182003,11.047207,11.265358,0.69476634,0.5090061,1.3665284156799316,1.319098957379659,4.594995223675074,4.5508224909193125,518.6794790006388,8927.694785000313,ar_order,512
qx9MPf-447-243466-253414-78108-327883-41798-186349,1722,15.911730545876887,0.0489613376557827,8.4700165,8.212815,0.8908852,0.77872753,1.4729333957036337,2.026345467567444,4.2604825714006616,4.250348206004368,543.9969580002071,8772.651421999399,ar_order,512
4fsgkp-253-311495-209061-229618-287427-276516-38459,1013,6.811451135241856,0.02615589275956154,17.76603,17.141205,0.28109622,0.21393651,3.27347354888916,3.2733330726623535,4.687086141835309,4.653973230614997,119.23835500056157,1885.6842320001306,ar_order,512
u3JmNp-105-377036-373629-177809-287789-419538-221798,1057,9.082308420056764,0.03273187577724457,20.036766,12.198719,0.43554688,0.33486548,3.5402345657348633,3.2583571592966716,4.684543686835788,4.563011307117392,169.28506299973378,3485.577956999805,ar_order,512
7gnoMp-243-13140-469001-90733-352371-418901-62534,1349,14.381022979985175,0.03019716590642929,12.215647,11.882381,0.7232564,0.47120288,2.0405130704243977,2.4458982944488525,4.640904090248787,4.588140826075589,361.57577500034677,7577.941042999555,ar_order,512
WYTgYp-403-306759-7708-254913-153980-163947-460359,1450,4.206896551724138,0.0560128353536129,15.976653,14.868136,0.251013,0.22189195,3.6645243485768635,3.3507081508636474,4.68227218451273,4.65904028559198,142.2481940007856,2212.86893999968,ar_order,512
zRlcSp-181-25062-53784-123056-333757-268363-211084,1709,6.1439438267992985,0.025759130716323853,17.591911,17.966852,0.27578396,0.23057961,2.3616942087809245,2.5084715525309247,4.65764987390487,4.5157674501790535,379.9832550002975,3279.6991160003017,ar_order,512
TaYTvp-415-63022-179855-481410-392966-38597-437270,762,4.593175853018373,0.03335783630609512,21.111965,21.077068,0.24599545,0.16262124,2.699950949350993,2.595329984029134,4.703957336313745,4.684253977732173,62.12946699997701,1585.5058260003716,ar_order,512
9kbanp-261-50416-108056-469001-231167-334074-209061,1007,5.958291956305859,0.026795921847224236,16.096777,15.598387,0.2968126,0.23954849,2.3163166364034016,2.265186134974162,4.677334298771462,4.638002996969999,102.08575599972392,3242.4839400000565,ar_order,512
DLZvmp-426-78108-128329-469130-165684-261033-84004,868,7.71889400921659,0.026906199753284454,21.684168,22.425804,0.26978877,0.2094198,4.125205675760905,4.262393951416016,4.696976706528981,4.676585625168031,216.69470100005128,3223.468192000837,ar_order,512
i0Ocoe-610-395609-211084-211212-108056-187519-202035,1390,9.784172661870503,3.9601487515028566e-05,12.853523,11.590572,0.40089664,0.42353725,2.139468256632487,2.1471916834513345,4.641727578144543,4.601058600146588,1048.9297780004563,4452.276203999645,ar_order,768
PBDVAf-465-366971-117533-197606-160943-60681-25579,1722,3.426248548199768,2.0712036530312616e-06,20.59989,14.85018,0.18780161,0.22015078,2.540716568628947,2.5364899476369223,4.701219209890742,4.6797542319573076,227.0751719997861,1664.4279740003185,ar_order,768
sF1D5f-429-45816-14754-487747-347380-61770-187519,918,1.4161220043572984,6.66032019580598e-06,29.063942,25.921518,0.06210648,0.058550563,3.154678138097127,3.1358965237935386,4.729416281393989,4.722996937031179,35.26075900026626,320.1564069995584,ar_order,768
8lHaxa-001-437270-91230-96853-392966-377039-493700,1033,8.712487899322362,1.6546022379770875e-05,14.285708,14.3661785,0.37204298,0.29718444,1.7900298833847046,1.6901633103688558,4.667744916294989,4.554078433824277,317.5963369994861,2560.9079089999796,ar_order,768
wH6bMa-009-144175-39168-315211-114587-333757-10048,1033,7.55082284607938,4.100139267393388e-05,14.277869,13.320419,0.45648098,0.27814195,1.492981990178426,1.6369620561599731,4.5340031210194685,4.572127539991417,197.33313200049452,2431.926633999865,ar_order,768
l3Lvae-611-211084-218396-212842-198509-334833-311379,1390,4.244604316546763,4.941728548146784e-05,22.487745,22.397533,0.15815054,0.17249243,3.378080638249715,3.353471612930298,4.709974600610723,4.695864056103206,216.45756199995958,1867.6543359997595,ar_order,768
cmHjrf-493-348077-309854-224170-458554-202179-472051,1722,16.144018583042975,0.00013046321691945195,8.668169,8.049186,0.685466,0.7488754,1.2526052792867024,1.2669522205988566,4.390589473230471,3.9781781092714166,959.210752999752,7427.048034000109,ar_order,768
9srcUf-448-162832-472051-219243-152140-401183-304828,1722,11.091753774680605,7.126033096938045e-07,11.522894,8.662768,0.51618505,0.7507363,1.432952388127645,1.60690704981486,4.628678153198189,4.555163977596713,497.40488000043115,4462.506947000293,ar_order,768
pMchYa-011-461984-248646-131237-259340-281965-474206,1033,3.291384317521781,7.092276973708067e-06,17.583065,18.162872,0.18296464,0.17964093,1.5729090690612793,1.558601967493693,4.693781880172755,4.644349503382227,131.83306399969297,885.6634959993244,ar_order,768
rqqrUf-476-372299-90733-207508-318838-254913-53278,1590,15.786163522012577,1.0736808690126054e-05,11.673929,11.2348795,0.64402777,0.6414082,2.9731958389282225,3.0790855089823403,4.63718132107129,4.47195773463837,687.2034230000281,6615.647996000007,ar_order,768
KWj8Li-521-358526-235375-78807-67455-237079-21827,802,14.588528678304238,5.653791959048249e-05,12.032899,7.016635,0.60759956,0.5603619,2.8072460492451987,2.8791959921518964,4.441469363426268,4.293134433943693,369.75647500003106,3084.102970999993,ar_order,768
LIJKja-026-447487-148409-188815-38506-78427-479691,1033,5.517909002904163,1.2104389497835655e-05,14.463101,13.611748,0.2663379,0.2703437,1.499748412768046,1.5118120511372883,4.662930116739851,4.595304546218338,144.97883500007447,1340.2725779997127,ar_order,768
P4ZKje-597-228203-427818-407728-174918-211212-250174,1550,22.967741935483872,0.0001234940718859434,9.592456,7.2360926,0.8218183,0.80438423,1.5593934615453084,1.6554622809092203,4.427865808776541,4.338222753848807,922.4989539998205,13173.788613999932,ar_order,768
zoFKbf-438-268009-220507-287943-286732-24538-454712,1653,12.583182093163945,5.697601750398462e-07,12.644049,9.497674,0.49709424,0.5527506,2.167349131902059,2.2363131046295166,4.609877544171233,4.500586831078159,580.5058070000086,7869.135582999661,ar_order,768
FPRIpe-578-474864-126584-425422-304828-148409-10737,1550,9.096774193548388,7.081195508362725e-05,17.010498,13.283988,0.30808067,0.42473605,3.3233187039693197,3.2369968414306642,4.674904250478306,4.499471356324905,396.4701940003579,3656.8388109999432,ar_order,768
Th8NDe-613-23535-495997-395609-270487-329331-383770,1390,14.100719424460431,8.22431466076523e-05,13.745859,11.335764,0.45799696,0.61995244,3.03445995648702,2.930132246017456,4.631829815584849,4.542753458428714,598.1151770001816,8124.791993000144,ar_order,768
KFAl8f-427-406364-361413-456735-410307-286869-348733,1722,18.641114982578397,5.997956031933427e-05,11.034441,10.0441885,0.59359217,0.5487464,2.0244321187337238,1.985567307472229,4.357513124335813,4.402780202296214,1011.3987209997504,12509.12923299984,ar_order,768
rn9v1e-583-369034-383770-175927-399756-390385-383479,1550,11.67741935483871,1.7469614249421284e-05,13.292343,13.226257,0.42451087,0.428455,2.8874332904815674,2.894994688034058,4.618498898673688,4.502404845837222,629.6541960000468,8207.157341999846,ar_order,768
SnJBwf-434-37928-376902-480197-51581-328121-350223,1378,5.732946298984035,1.790127271306119e-06,16.63455,16.25877,0.2949926,0.2603427,2.030031132698059,2.06937255859375,4.678979052453764,4.679269569398512,203.63218300008157,3207.251258000724,ar_order,768
amZyRf-444-7708-476924-468905-275802-405424-380077,1722,2.5551684088269457,3.279495786046027e-06,17.451904,17.290646,0.15921038,0.1738425,2.0474329868952434,2.0419929663340253,4.704536787534222,4.695337174527488,111.95819499971549,1055.5460899995524,ar_order,768
a4WwUa-043-141142-113619-397909-469223-287427-421926,1033,26.427879961277835,3.878655479638837e-05,8.168787,6.8940964,0.9350858,0.8379429,1.2809924364089966,1.3831434965133667,4.277635561803427,4.3201084288232,739.3791020003846,10886.110526000266,ar_order,768
mvvOnf-472-106-135410-148409-334242-45816-353502,954,4.5073375262054505,4.8512858484173194e-05,16.574503,13.185257,0.2380536,0.25597033,2.8909778277079266,2.9896677335103354,4.650975571897099,4.658223811703042,118.64256600074441,2943.5089589997006,ar_order,768
oRqMra-058-167772-480197-43889-36331-135873-265166,1033,2.904162633107454,6.2980648181110155e-06,27.10121,23.534737,0.11440796,0.09999969,3.293800862630208,3.2654998779296873,4.725847460787914,4.713554922231249,81.32802699947206,2265.330603999246,ar_order,768
1rIrKa-023-409746-287789-276335-17243-340579-260428,1033,1.6456921587608906,1.7720502000884153e-05,20.599672,19.817022,0.09699539,0.09521494,1.6656317869822184,1.6827870686848958,4.723953653202149,4.725996601183965,90.21178600050916,1700.7026450000922,ar_order,768
xX6Wce-607-140209-262731-151331-7708-427818-497426,1390,3.741007194244604,2.83738954749424e-05,20.256395,19.19717,0.15429781,0.17387538,3.037473789850871,3.049192794164022,4.7168977743560685,4.70122235248661,242.02860100012913,3206.2021900001128,ar_order,768
3hvoVa-051-2307-202921-218396-175927-14787-464643,1033,5.324298160696999,1.6514632079633884e-05,19.020018,18.695314,0.23476064,0.19180869,1.6476299524307252,1.754278548558553,4.690909736556644,4.657802549081244,152.47901400016417,1566.4559840006405,ar_order,768
87hwjf-487-426805-60643-437215-160943-182650-407728,1181,5.080440304826419,1.0143882036572904e-06,14.427396,12.431135,0.28129968,0.36971292,1.4414149045944213,1.4508539358774821,4.681162738590639,4.631301014316517,185.57930400038458,1730.9715769997638,ar_order,768
98pQ7f-492-161118-44660-2985-495997-227228-191485,1722,3.948896631823461,3.370679678482702e-06,21.445648,20.852901,0.14688566,0.18218322,3.3673935254414875,3.170491615931193,4.700177511127595,4.58458189381447,222.8673110003001,2984.0668419992653,ar_order,768
9a98Kf-464-298969-472051-292323-179462-78575-496080,1181,7.281964436917867,5.5254073231481016e-05,16.829542,15.902262,0.27619305,0.23950215,3.234038718541463,3.0989189624786375,4.437140341011158,4.51486414169378,257.87019100062025,3547.078061999855,ar_order,768
WVKBPa-017-469001-13769-309009-430207-5054-14754,1033,3.581800580832527,4.264206836523954e-06,18.597176,17.816662,0.16790642,0.1844362,3.754880730311076,3.7059918721516927,4.713305769707418,4.641045232933907,211.08096200077853,1362.149789999421,ar_order,768
k2rvsa-021-181149-117176-94351-2985-340579-209061,1033,4.162633107454018,1.384729148412589e-05,19.809025,16.810032,0.25608483,0.19276714,1.8777085304260255,1.9966234683990478,4.69607296497257,4.662492623266796,248.04383999980928,1299.0672330006419,ar_order,768
GptLba-028-467697-29563-495971-437270-5575-211212,1033,2.3233301064859635,2.764441342151258e-05,20.327318,20.010557,0.124597065,0.12691529,1.76706919670105,1.8003154198328655,4.686922757323517,4.674126997550479,72.8778680004325,770.6387819998781,ar_order,768
3EBeof-459-212842-454791-192385-495971-180085-113105,1033,16.747337850919653,3.53978066414129e-05,13.143358,13.120542,0.5113086,0.58617336,2.0560014963150026,2.115381368001302,4.598251040322897,4.567956028774426,803.4125320000385,7712.206156999855,ar_order,768
8C0b9f-461-182650-228203-8651-240298-176776-186349,1704,3.814553990610329,5.752473225584254e-05,17.809464,17.541761,0.16970418,0.25584567,3.6304793834686278,3.537744903564453,4.7087934010737555,4.576864835705877,535.0567209998189,2997.8514630001882,ar_order,768
f5sCDf-435-355130-41798-395609-377902-35325-116061,1378,11.901306240928882,9.696379493107088e-06,13.844469,12.305618,0.43785313,0.518723,1.780952254931132,1.7957942088445027,4.647969959425,4.389106995136841,1670.7233500001166,5988.967319000039,ar_order,768
5LZsPp-295-239730-414547-129636-470600-495997-1214,1207,22.535211267605636,6.921367457835004e-05,9.991881,7.537866,0.7745163,0.7218446,2.133408538500468,2.334702428181966,4.156517841644794,4.230545498035614,1731.726859000446,10269.351992999873,ar_order,768
rxhq2p-211-212526-349828-67455-407790-412326-143976,1183,7.185122569737954,2.8749458579113707e-05,15.329809,7.6087246,0.49597356,0.44895127,2.450335152943929,2.7186957677205403,4.534952040158678,4.3839233366898185,415.6938149999405,2663.6734359999537,ar_order,768
7j8l2a-034-50416-4800-287427-123375-143976-264357,1033,3.0977734753146176,8.71249631018145e-06,19.020845,19.127615,0.16907664,0.17114522,2.5203621705373127,2.512744585673014,4.690669536054035,4.585272694252649,98.27318699990428,1236.9930860004388,ar_order,768
cedJli-522-192385-152140-262731-156368-123704-333757,719,5.285118219749652,5.254780626273714e-05,17.057196,12.318132,0.23861118,0.2532907,1.9415748993555704,1.994198211034139,4.239075275253201,4.374339593930385,141.50608499949158,1728.7605900000926,ar_order,768
uHCIZa-015-146882-87506-304828-333757-5054-62919,1033,8.615682478218782,1.7520515029900707e-05,13.698524,13.278104,0.34332904,0.3711773,1.3343549648920694,1.3363092422485352,4.585107757767357,4.5925469172921165,557.6776999996582,3569.1911149997395,ar_order,768
UKnMcp-124-361413-129636-57514-52991-68221-81956,1381,20.926864590876175,0.0001672373036853969,18.853441,10.880842,0.6157624,0.5438394,3.2097378730773927,3.138607549667358,4.361576363541149,4.5108304929894665,1092.1478310001476,11572.41638799951,ar_order,768
5ALjRp-161-333766-240226-4800-482510-113619-84055,1026,26.803118908382068,0.0008019127999432385,6.6912346,6.259637,1.0592681,0.8832267,1.2139173984527587,1.253305474917094,4.035405111775635,3.999958480248513,1054.5953239998198,11012.893064999844,ar_order,768
Paqf1p-119-254913-443221-90733-163645-32125-188815,1450,9.034482758620689,0.0004479943308979273,15.408219,15.596659,0.3193682,0.26654986,3.2772924105326333,3.3247839132944743,4.448192254840056,4.484675788037669,428.1078650001291,4827.265494999665,ar_order,768
lDN6of-450-91840-427818-353502-327883-210172-489807,1722,25.02903600464576,0.000440589792560786,7.581999,3.8540447,1.0300118,0.84421664,1.4064031998316446,1.6032607237497964,3.91416434509242,3.9830044911317986,1888.2749849999527,15940.947748000326,ar_order,768
JRGxpf-495-78575-358526-483339-81956-229618-247007,1722,14.227642276422763,0.000252309167990461,9.49644,7.108224,0.6507762,0.71976185,1.1505218505859376,1.1350590070088704,4.450182222955331,4.4032376264723565,1081.2735529998463,9576.239765000537,ar_order,768
yc5Hmf-494-469130-474206-203381-91840-123056-149498,1722,13.472706155632984,0.00020981418492738158,10.673484,8.347319,0.5487687,0.59080005,3.129999303817749,2.9138166904449463,4.497748162372879,4.403043741899898,1043.9743339993584,8833.932260999973,ar_order,768
6UNJZa-025-136860-357104-38459-89725-366126-252054,1033,9.390125847047434,0.0008322022040374577,14.17882,13.824036,0.34844628,0.34254012,1.2090929428736368,1.219169847170512,4.5893153713632895,4.564745860867914,345.13965800033475,3907.611007000014,ar_order,768
CrjLKf-468-374393-49022-14754-240504-316080-236920,1722,6.562137049941928,0.00014622832532040775,15.931001,15.118195,0.2829205,0.33490857,1.2896571318308512,1.2929553349812826,4.69981246598362,4.688751715765713,389.53461699929903,4314.166434000072,ar_order,768
wkCjvp-408-175927-2985-407790-280816-275802-343332,1046,15.965583173996176,0.0001569680607644841,17.979242,15.824259,0.5058131,0.38364446,2.7641751130421954,2.853895568847656,4.578851344192294,4.615692303053485,595.4987590002929,5821.06011399992,ar_order,768
bnEKPi-496-131237-487747-10048-112031-352809-171454,719,13.908205841446453,0.0004139196826145053,12.916704,8.378049,0.51828843,0.50513357,2.091999093691508,1.9199288606643676,3.6345949751731594,3.7436208421997597,342.0832089996111,3840.877730000102,ar_order,768
FW6BFp-225-129636-418989-280816-386883-462467-306759,1649,6.24620982413584,0.0004694216186180711,15.95804,15.663683,0.2501662,0.22884686,1.8454765876134236,1.8264800628026328,4.549566410241181,4.584934461671337,349.2462490003163,4033.4348529995623,ar_order,768
cZ9D6w-670-134118-41411-423587-125189-84055-98443,662,4.984894259818732,0.0007059596828185022,17.702358,17.201727,0.19160819,0.17066713,4.136296113332112,4.304844856262207,4.570668593391358,4.5797684784576775,122.98174599982303,924.1692390005483,ar_order,768
xlckps-555-489807-93885-138959-23535-14754-299323,1636,10.880195599022006,0.0007390778046101332,12.227411,11.352996,0.4398613,0.36859512,1.5790483077367148,1.549774130185445,4.534523439024491,4.542782582413379,563.0264710007395,6998.496768000223,ar_order,768
xDMmqs-548-333766-165168-462328-336612-442126-284808,1636,9.7799511002445,0.0005077441455796361,14.229324,11.855494,0.34424648,0.32466063,1.3552539189656576,1.3498396635055543,4.374845246422061,4.457465540353456,742.2898049999276,6296.534071999304,ar_order,768
FSyUys-545-306052-88756-228203-369609-91230-448907,1240,3.467741935483871,0.000898472499102354,18.148563,17.249372,0.18399994,0.17142303,1.3934219280878704,1.419522229830424,4.652183314845221,4.658240464842141,305.3357300004791,1846.6410090004501,ar_order,768
FiS63i-513-129107-287427-185152-454791-121010-285778,918,29.956427015250547,0.0005593721871264279,6.8127675,1.5993285,1.1200241,1.0416604,1.9214497645696005,1.8677762111028036,2.6224486797786772,2.714316320216225,728.0886560001818,8160.394927000198,ar_order,768
AHwsQs-538-108297-304214-140209-237079-426805-448869,1636,26.5281173594132,0.00042765779653564095,7.43217,4.4207306,1.5617365,0.8437926,1.2162179867426555,1.2875448703765868,4.109231711710363,4.126275692383227,1123.6887229997592,12666.786538000451,ar_order,768
cUyODs-564-324456-286869-479691-123056-485468-274323,1636,14.60880195599022,0.0006575641455128789,9.874322,9.274765,0.6290924,0.5178222,1.505219054222107,1.4152783234914144,4.51125542369406,4.514528313525678,613.0409400002463,7303.6195559998305,ar_order,768
WOhKts-537-450251-294604-27791-350223-235375-383770,1636,15.158924205378973,0.00046492001274600625,11.956976,11.854335,0.52733994,0.40406165,1.9423126459121705,2.0882578611373903,4.488819565516377,4.520972670682273,630.6857299996409,7567.9663370001435,ar_order,768
Mtnx5i-515-495971-279778-348676-11995-306560-418034,744,3.225806451612903,0.00028512379503808916,18.293318,12.956658,0.15467851,0.21371472,1.7688433011372884,1.7479670524597168,4.692939905613592,4.69551899273557,93.87168699959147,1022.2604959999444,ar_order,768
fiDqFe-589-306052-37928-421728-166792-414547-458302,1550,7.548387096774194,0.00034323649015277624,16.976824,17.067104,0.33286342,0.237517,3.2095621109008787,3.3125637849171956,4.630188970172017,4.649823481483468,422.2890159999224,3242.8241759998855,ar_order,768
KIklei-503-156368-5054-151331-161307-380077-177809,898,12.138084632516703,0.000185836324817501,11.246978,7.489732,0.5365353,0.53332675,1.7032951593399048,1.589676856994629,3.565444740008412,3.9896795136077863,274.61339100045734,3178.107147999981,ar_order,768
0Rve0i-524-469450-332402-376902-283921-64116-240504,1140,5.087719298245614,0.0009046242921613157,18.164047,13.806882,0.21268475,0.21937864,2.539486837387085,2.4523207346598306,4.267471870561247,4.316812789288205,146.48969500012754,1805.7122119998894,ar_order,768
IJqofi-526-68304-236920-183720-152419-94351-316080,661,34.493192133131615,0.0003945751814171672,6.8907995,2.6068463,1.426014,1.1499768,1.8701892455418905,1.7547556638717652,2.5774428157839613,2.2617784014082516,590.9661710002183,7744.972337000036,ar_order,768
vAlA7f-458-390385-16661-177809-112031-325632-365075,954,1.4675052410901468,0.00048059478285722435,33.6653,35.473557,0.041173223,0.035348248,4.729105218251546,4.714022254943847,4.719676453725825,4.718332427941009,35.81001899965486,402.69651699964015,ar_order,768
oK9Hxs-550-7708-104867-460359-299323-420765-264795,1636,3.850855745721271,0.0009720592643134296,19.757622,18.601807,0.14609943,0.14104576,1.3379010756810505,1.3642897685368855,4.686346576357758,4.689825491602766,321.98437999977614,2113.863763000154,ar_order,768
kxh9is-563-24999-276516-377039-462467-365075-67099,1636,6.418092909535453,0.0009378857794217765,17.793371,16.719505,0.2451864,0.19899778,2.128348731994629,2.1734399954477945,4.603338091674168,4.619451845930596,394.20512600008806,4201.229607999267,ar_order,768
Q4PCSi-506-317415-237079-78108-78427-235375-285778,1152,8.072916666666668,0.0002790152211673558,17.479683,14.225885,0.2986569,0.28208444,2.525813849767049,2.391815980275472,4.255682657915175,4.437315968780827,347.07673899993097,3576.8680179999137,ar_order,768
zKb4se-576-475285-202921-407950-32125-236920-469001,1236,14.64401294498382,0.0002435800852254033,13.957038,12.231634,0.4989847,0.48722205,1.950106644630432,2.044449464480082,4.579371172057608,4.4338987818227285,1039.9946480001745,5334.699354000804,ar_order,768
EZwkWp-195-116061-37928-384031-166684-14787-96948,1442,15.53398058252427,0.0007670152699574828,16.79388,12.474808,0.5228958,0.41070795,3.7370615164438883,3.624607276916504,4.30878681138352,4.303750633366923,736.4066969994383,6587.708398999894,ar_order,768
rjyWTe-587-151723-247588-123704-129889-250174-123056,1550,12.129032258064516,0.000710091320797801,13.262401,12.582908,0.4471717,0.4400655,1.9689605871836344,2.1800780137379965,4.563925020987816,4.567050270581323,604.0851110001313,5347.502445999453,ar_order,768
44Zbvs-567-179462-358526-13671-355104-116061-343332,1636,7.396088019559902,0.00030473197693936527,13.361252,11.099792,0.31906965,0.30057642,1.2050776958465577,1.1831296841303507,4.630896072735539,4.635340018946137,311.53791999986424,3374.1040260001682,ar_order,768
ofs2Us-561-469223-161307-229618-187519-295308-129107,1636,15.831295843520781,0.0003641763178166002,12.585286,11.23313,0.5387643,0.4228479,3.305248165130615,3.3809741497039796,4.305738654971492,4.34201287782116,650.7265790005476,7993.5230880000745,ar_order,768
jhRr0p-088-489070-351855-386883-172725-333766-16976,1661,16.375677302829622,0.0008774544112384319,10.713196,10.45212,0.6395051,0.53219086,1.9011462688446046,2.023837701479594,4.260458241171737,4.23804895705261,986.917330000324,8510.364333000325,ar_order,768
ItvEYp-187-347380-151331-160943-343502-92870-286732,1222,5.973813420621931,0.0003424148017074913,16.625254,16.172445,0.23158325,0.20627564,1.9602556864420573,1.9596389452616374,4.570952690037742,4.606325803711094,308.0846000002566,2181.9526139997834,ar_order,768
9ImS8p-321-63022-306759-480197-355130-205293-103130,1065,1.4084507042253522,0.0003738635568879545,29.455807,30.456535,0.057107802,0.047427792,3.962597115834554,3.9780666828155518,4.721974670031443,4.722592071825382,56.548607999502565,442.134697000256,ar_order,768
PiKSIp-112-109021-465867-125189-123174-211212-334242,1021,9.10871694417238,0.000980529235675931,16.989594,11.593909,0.33334267,0.34137705,2.1924134572347005,2.1643352111180625,4.47834482820038,4.494445262147003,308.97888999970746,2731.3981269999204,ar_order,768
5Lu6ui-514-135410-151381-124082-173176-644-324310,744,9.946236559139784,0.00026409313431940973,13.322803,7.4270635,0.40044367,0.46015587,1.5225705623626709,1.575723894437154,4.593349407003074,4.544529312756351,295.94277999967744,2091.1346270004287,ar_order,768
69ZMRp-276-162832-2757-113105-349816-17243-289593,1207,16.23860811930406,0.0009542101179249585,12.611557,12.570008,0.54745585,0.47209278,1.3780609289805095,1.348660977681478,4.348698359320294,4.329532138191516,625.4394809993755,7569.111935999899,ar_order,768
caQa9p-079-134118-41798-311327-343332-125459-231167,1139,6.409130816505707,0.0008238053997047246,24.837322,25.112513,0.17465474,0.14819224,4.35012747446696,4.415726280212402,4.526449192148238,4.539574424804577,252.02601199998753,2408.2994979999057,ar_order,768
zQSXvp-215-498788-407950-152419-25062-51581-3467,1400,17.57142857142857,0.0010821843752637506,10.783061,10.109213,0.6489737,0.4918795,1.8257296085357666,1.915698806444804,4.213170625622483,4.2701442606396744,938.8293520005391,8699.483344000328,ar_order,768
3Fszap-093-117533-332219-451954-336612-141428-265166,1116,6.451612903225806,0.002600878244265914,16.684183,17.013596,0.2405233,0.20310847,3.926550833384196,3.9374435265858967,4.537199662728651,4.553204905542582,278.75388200027373,2289.8848710001403,ar_order,768
oJJGwp-325-47619-442126-2985-182650-124082-457067,1710,4.035087719298246,0.0017253782134503126,18.300545,18.398094,0.18131034,0.16809237,3.3075920740763345,3.2405177275339763,4.67760179630958,4.667396131834554,176.88439499943343,2659.071529999892,ar_order,768
0mk6rp-310-146145-90733-51581-27791-50416-437215,1608,1.7412935323383085,0.0014768074033781886,24.938095,25.234453,0.082951516,0.06774068,2.3005035082499186,2.300022570292155,4.714836023456886,4.715813852542704,72.55584699942119,807.074315999671,ar_order,768
lzFhsp-134-377273-280816-60681-369034-268009-11995,1625,3.076923076923077,0.0012218672782182693,27.821636,23.179424,0.10202706,0.10177509,4.760110600789388,4.7475523630778,4.687123270207144,4.68211433754357,225.76376399956644,2279.4799020002756,ar_order,768
5OQdwp-063-348077-460359-16661-112031-224170-197606,1404,2.7777777777777777,0.005658838432282209,19.159264,19.157433,0.13761406,0.12836115,3.544357744852702,3.508352104822795,4.652625841141623,4.65497854669915,145.4920360001779,1367.8808800004845,ar_order,768
am1FVp-234-380077-145165-25579-145555-311495-324310,1208,5.380794701986755,0.004206848796457052,16.890648,16.898617,0.23050874,0.21390224,3.0105358282725017,2.5210510889689126,4.570044618385836,4.504130182018532,576.5673619998779,2469.2998379996425,ar_order,768
1zDUvp-298-108297-119460-56896-348770-68221-98443,1510,2.5827814569536423,0.0020352303981781006,19.122631,18.941452,0.13703053,0.1198873,4.8232119878133135,4.833994293212891,4.651970735402215,4.652081422041086,250.73424199945293,1502.2422759993788,ar_order,768
cqZnBp-237-143976-377902-462328-483339-384274-414547,1322,8.245083207261725,0.005321722012013197,14.594923,13.663439,0.30675074,0.32103738,1.368691881497701,1.4953367471694947,4.547144216781629,4.520501531151105,443.6643879998883,3141.6858990005494,ar_order,768
N5kbFp-292-397909-407728-152140-117533-153980-62919,1693,21.204961606615473,0.0010815237183123827,12.387681,12.889689,0.7039354,0.79811543,1.4646021525065105,1.4650856494903564,4.60074570955091,4.38451380226502,1095.709887999874,10881.931672999599,ar_order,768
DmpOYi-525-91230-450251-209608-292323-92870-38506,1140,16.315789473684212,0.0021517532877624035,10.509859,6.1486983,0.66103226,0.58663493,2.2294925371805827,2.2414662837982178,3.4218771095378786,3.882781921790731,479.786296000384,5466.566224000417,ar_order,768
BBcZPi-501-456735-480197-495997-497448-326140-134118,861,0.8130081300813009,0.003230630187317729,28.1461,19.81945,0.048479203,0.10634891,1.8457640886306763,1.8325896660486858,4.7308174715717906,4.696914712422824,18.56700999996974,157.28871499959496,ar_order,768
BsVmke-591-419538-379538-386302-426805-469450-347380,1550,17.806451612903228,0.002498342888429761,10.1307,7.935769,0.6557551,0.6588684,1.5308672746022542,1.7460531711578369,4.34371803105702,4.36284432555262,1358.8276899999983,8150.994071000241,ar_order,768
nSu3Cp-366-41411-362672-285778-222370-421926-202035,1118,6.529516994633274,0.006295517086982727,21.941284,22.720282,0.28220007,0.1978298,4.1861474990844725,4.027693462371826,4.703035849855547,4.6902428347301495,296.34499099938694,1725.9670000003098,ar_order,768
tztd5w-640-23535-348077-410307-64116-151381-134118,1176,11.989795918367346,0.0032262594904750586,14.384911,14.039387,0.43650198,0.34221187,3.8568065325419107,3.697418276468913,4.274873457956716,4.30430510994029,355.6865700002163,4072.6695049997943,ar_order,768
qQ82Hw-614-91230-379354-379373-260428-324310-287427,949,5.163329820864067,0.0024592585396021605,17.52291,17.327478,0.21203142,0.19212763,2.0921868006388347,1.9719955603281656,4.511204536281654,4.527244130699243,137.97348600019177,1274.9501640000744,ar_order,768
f2JFMw-634-136860-113105-22031-310105-248646-32125,824,8.25242718446602,0.0029410782735794783,12.903313,12.54622,0.3486432,0.3072513,2.3257436911265055,2.3187104066212973,4.57721031324264,4.583191280526888,240.40175299978728,1786.3359789998867,ar_order,768
ainjFp-098-145384-88756-289593-274542-488804-292564,2208,9.148550724637682,0.003448504488915205,13.8355055,13.302927,0.35959625,0.324424,2.702253262201945,2.7330233097076415,4.481224318897237,4.471031348143125,527.687474999766,6757.290521999494,ar_order,768
BcVzDs-560-352809-57514-418989-243067-209608-32726,1636,6.601466992665037,0.0019297391409054399,19.570528,16.500238,0.23246439,0.20504762,1.5268998384475707,1.5326846520105997,4.645090451570625,4.653192746820528,274.09089200045855,3335.0000170003113,ar_order,768
TypO9p-362-82313-390793-365346-50416-310105-275395,1464,23.36065573770492,0.0034457372967153788,8.6344795,9.020203,1.3024406,0.73475486,2.7553938388824464,3.0943251132965086,4.496309789361951,4.341062086973064,1071.658811000816,11406.297948000429,ar_order,768
nQsrxi-500-35788-354893-151331-437270-461984-276516,861,11.033681765389082,0.004316622857004404,13.052292,10.027956,0.4619844,0.46342266,1.7359497785568236,1.6107913494110107,4.598255850553985,4.46835189248034,297.42437200002314,3412.6153649995103,ar_order,768
ck2Uxp-081-495997-135873-82313-377039-373629-268363,1026,4.775828460038986,0.004637618083506823,17.373995,16.203169,0.18625264,0.21745522,2.1756351312001545,2.1618207931518554,4.584826525559727,4.5494454598265825,133.82671599993046,1560.725086000275,ar_order,768
jgJdnp-100-135873-177809-247007-67455-332402-185152,1404,5.84045584045584,0.0029392531141638756,19.168373,19.65104,0.1940033,0.16590825,3.6930656909942625,3.7801793416341147,4.5827008604876,4.599893576931781,389.9985200005176,2899.0564890000314,ar_order,768
m8mjCs-533-485468-283456-486330-442126-2757-12865,1636,22.677261613691932,0.0013069127453491092,10.566879,8.417023,0.80795044,0.6562702,1.3060167948404948,1.3457319577534994,4.3273803896920535,4.346835203973641,1165.5298480000056,12148.46211099939,ar_order,768
pRaNDw-627-181149-276516-426805-281965-56896-235375,1894,4.7518479408658925,0.002972227055579424,15.422521,15.306693,0.24737068,0.20721729,2.080640435218811,1.9674601236979166,4.5806586023727345,4.586803734372763,328.04478100024426,3001.1086180002167,ar_order,768
U5aQJe-592-437270-129013-295308-406364-103913-497087,1550,4.451612903225807,0.001561999088153243,18.919138,18.290834,0.22805266,0.17573868,2.4450748761494956,2.540465545654297,4.6566146257344325,4.662964912194682,250.17738299993653,2198.6039590001383,ar_order,768
3e1Tjp-199-462328-423751-38597-248646-74769-2009,1395,9.46236559139785,0.002225166419520974,15.297152,14.991421,0.3910116,0.34612307,1.376459018389384,1.455844521522522,4.474079255225613,4.4310974790178745,349.9107099996763,4340.213501999642,ar_order,768
SSYQ1w-650-275802-13671-144360-112336-104867-157595,503,5.36779324055666,0.0031455422285944223,23.643124,23.138521,0.15235038,0.14048629,3.9327390988667807,3.8571249643961587,4.541282087689056,4.535030303815562,94.85317799953918,904.0775249995932,ar_order,768
JCRPTw-618-129107-479691-343332-355104-157595-129013,1894,30.517423442449843,0.0062578716315329075,6.455588,5.2578473,1.1002842,0.8991167,2.192508061726888,2.047445368766785,3.811808874204517,3.883448573207186,2653.7318379996577,17181.773592000354,ar_order,768
BThtKf-463-324456-428876-160668-329895-295308-99711,1722,31.3588850174216,0.001240023411810398,6.149645,5.0072184,1.1813049,1.0159483,1.1253598610560098,1.127763303120931,4.186311878343204,4.199890004044042,1883.429368999714,15471.413360000042,ar_order,768
BNXFqp-404-184495-450557-10737-129636-497448-379538,712,3.089887640449438,0.0009845345048233867,14.864841,12.959873,0.2077585,0.19676042,1.9399251302083333,1.9924991766611735,4.591096818113391,4.629580470624611,68.03695800044807,816.3518680003108,ar_order,768
7HBFIp-071-294604-416172-427818-181149-278609-175927,1141,7.887817703768624,0.003979463595896959,20.17122,20.299385,0.27640125,0.19278176,4.0361233393351235,4.023670482635498,4.517481828315477,4.528935431356393,377.1851500005141,2205.548961000204,ar_order,768
fS0Vwp-324-274170-461984-129889-218396-366126-128329,1773,16.130851663846588,0.001755136763677001,13.09266,11.186095,0.5840784,0.4629756,3.505801788965861,3.59667649269104,4.29267266631815,4.356383653772298,814.3430179998177,8285.312091999913,ar_order,768
MJEnPs-553-484336-261033-237079-274170-257745-343308,1636,5.990220048899755,0.0014303416246548295,13.813747,12.870054,0.28359,0.27201617,2.209807205200195,2.2562852700551352,4.653036867403709,4.659503570380112,323.9613220002866,2407.4335960003737,ar_order,768
noHubp-343-163645-17243-410906-219243-161307-221798,1638,6.654456654456655,0.0025536506436765194,13.440484,13.482619,0.37650633,0.2859331,2.9825703938802084,2.890110556284587,4.615351403572275,4.6282305929411836,317.3772319996715,3172.8816469994854,ar_order,768
4sBV1s-535-160927-255765-139119-167772-460359-377902,1636,11.98044009779951,0.0018671865109354258,12.5358715,13.024649,0.4746227,0.3597783,2.65950296719869,2.677461798985799,4.506489049745969,4.552990080038866,773.842550000154,6103.701902000466,ar_order,768
IZG94w-666-98443-418034-470600-161118-288253-129889,1707,7.147041593438781,0.004833240993320942,16.587183,15.594716,0.2702459,0.26294395,4.0786486307779946,3.5856379508972167,4.4679336189893935,4.431160713625156,412.2083989996099,3328.5306730003867,ar_order,768
9hvMUf-482-498788-113105-17243-63022-21827-338584,1318,11.077389984825494,0.0011917749652639031,10.734292,10.382393,0.53505534,0.43847847,2.5549466133117678,2.4878488858540853,4.571939895014412,4.561863584305367,365.24945099972683,4636.768919000133,ar_order,768
TkK5fp-380-229618-476225-311495-339484-11995-7708,1573,6.039415130324221,0.003558315569534898,14.817163,14.725214,0.28610972,0.22014137,3.6066916465759276,3.656282059351603,4.590090858103866,4.596403111284034,254.9567330006539,2302.0445799993468,ar_order,768
9f3Qjw-657-129013-78427-348770-228203-60643-7188,839,7.866507747318235,0.0029710158705711365,16.74773,16.292212,0.30530226,0.24165161,2.6165875593821206,2.6543846289316813,4.502110832513287,4.516949456219049,177.36626500027342,2112.809064999965,ar_order,768
mZAhvp-320-51581-316080-475285-152880-108378-407790,2240,19.732142857142858,0.009975253604352474,16.447819,18.298761,0.6574754,0.5865084,2.3325934410095215,2.7340802510579425,4.580846819149688,4.333415963345802,1481.472722000035,13967.483089999405,ar_order,768
aVIkMi-504-436373-35788-166684-274170-363774-493700,826,3.753026634382567,0.01687152311205864,17.977673,16.116869,0.17989378,0.18163736,1.3580907026926676,1.3829688469568888,4.695462041113805,4.676472979677535,123.81616699985898,1059.8132530003568,ar_order,768
wD39yw-617-350336-91230-365075-384274-339484-27577,918,4.139433551198257,0.01175561361014843,15.594963,15.607468,0.20481797,0.19365864,2.463214715321859,2.437264569600423,4.6320572599505185,4.636993206982716,105.22558699994988,1978.7531100000706,ar_order,768
WWYmkp-135-247007-450251-229950-249772-273892-186349,1032,18.7984496124031,0.02265731431543827,11.884369,11.539906,0.65671164,0.5170825,2.9731596310933432,3.175027370452881,4.286248303699994,4.367943786681971,639.2269940006372,5759.836565999649,ar_order,768
1Q0zzp-067-496080-227228-300626-311379-247007-1214,1044,3.4482758620689653,0.020670078694820404,32.82247,31.815395,0.0971243,0.096268475,4.220953305562337,4.263115374247233,4.722421522296232,4.7213921376836385,92.79795799920976,802.7318499998728,ar_order,768
9Mkadp-302-273892-209608-109841-324591-494783-498752,1917,13.928012519561817,0.008960635401308537,13.436669,13.270199,0.47255322,0.40178132,1.5798936208089194,1.6782289346059163,4.51351715392964,4.524374591815713,667.0852229999582,7606.110392000119,ar_order,768
ui9aDp-122-292323-379538-386883-287427-306759-88721,1070,4.579439252336448,0.009513289667665958,23.70662,18.830912,0.16432275,0.17630959,3.2491676489512127,3.060396353403727,4.670147271475473,4.6569061378388685,124.10588700004155,1258.7425390001954,ar_order,768
YLEXwp-335-240298-183720-447487-129636-202035-44660,1633,4.776484996938151,0.019239043816924095,18.216316,17.32593,0.2063691,0.20455432,2.542568651835124,2.224582084019979,4.684216486106915,4.661185585721159,299.49389299963514,2344.228901999486,ar_order,768
6TUCvp-352-108130-78807-55646-250174-386302-414547,1874,14.300960512273212,0.02210024558007717,13.977071,14.161913,0.5363377,0.42550373,2.341603740056356,2.4621285597483316,4.337493545345102,4.340889089454752,701.4703619997817,8875.261453999883,ar_order,768
DfzVIp-175-379354-103913-25062-384031-343308-295308,1232,6.737012987012987,0.007324743550270796,17.392088,17.255493,0.26113284,0.24238308,2.17716269493103,2.080037824312846,4.568748136794038,4.484574829800928,220.65885400024854,2661.100025000451,ar_order,768
YuwChp-152-8651-147603-379354-29563-62919-345238,1842,8.360477741585234,0.018081096932291985,23.458523,23.310793,0.29980543,0.20236309,3.862767251332601,3.9542991797129314,4.5389481665039515,4.554289729373057,527.2350980003466,4636.8736159993205,ar_order,768
QpHWMp-383-149498-238364-156368-402653-484336-426805,1642,21.74177831912302,0.02199472486972809,12.426028,13.355699,0.876445,0.6256569,3.277308972676595,3.311232852935791,4.630762044593383,4.608516057356425,1671.4575579999291,11649.755250999988,ar_order,768
RkoxIi-499-395609-17243-276516-68344-191485-476225,1053,19.183285849952515,0.013668406754732132,9.790221,5.2467685,0.8336663,0.6753456,2.3255647659301757,1.9833572308222454,4.468206710005581,4.390139787051785,694.4280030002119,6744.444016999296,ar_order,768
avuTLe-585-474206-355130-317191-361413-333474-248785,1550,11.806451612903226,0.014499159529805183,14.120454,11.092314,0.40443537,0.5123083,1.6384438276290894,1.7542168617248535,4.547752405210764,4.523417005735182,609.5413450002525,5902.869296999597,ar_order,768
RXuyap-339-457067-332402-329331-281965-472051-353502,1386,8.441558441558442,0.022795502096414566,18.49213,19.035793,0.29530066,0.30248228,1.5137884934743246,1.555573002497355,4.7001714846023095,4.568614932520738,294.4304929997088,4113.78182000044,ar_order,768
cfSfbp-363-68221-13671-186349-322947-197606-339484,1688,12.855450236966826,0.020284058526158333,21.174633,21.909883,0.38887033,0.34466434,3.382643206914266,3.5257889588673907,4.68430982476488,4.683230535537286,563.7419160002537,7853.576452999732,ar_order,768
jM2z5p-212-362995-350336-202035-87506-239730-207508,960,3.125,0.008350489661097527,27.345337,27.161442,0.12947804,0.09433418,3.3708199659983316,3.458604415257772,4.727179793744956,4.726526389607637,76.28151799963234,697.3455030001787,ar_order,768
HxFzMp-357-24999-343332-90733-489807-316694-345238,1056,12.68939393939394,0.008049515075981617,18.29999,15.767852,0.4161513,0.4071522,2.8338696002960204,2.7732203165690104,4.675705480007514,4.623080183042187,350.46349100048246,5239.678593999997,ar_order,768
rllgnp-282-21827-2985-183720-67455-409746-330730,1398,18.812589413447782,0.014075466431677341,13.01577,12.544788,0.6955897,0.5377587,1.3707146485646566,1.372374208768209,4.250521629568098,4.2263978332549765,859.6784490000573,8778.50720600054,ar_order,768
IJui6p-278-140209-424453-325632-318907-448869-125189,879,26.39362912400455,0.012646407820284367,8.472013,7.4304347,1.003637,0.7699325,3.217245864868164,3.1887054125467937,4.201195684731104,3.9567541834090063,1069.7084940002242,7099.627696000425,ar_order,768
riuiap-287-319764-286732-35325-55646-391852-1246,1806,5.038759689922481,0.016919877380132675,17.03694,17.347023,0.23813854,0.20294344,2.6970255692799885,2.829032039642334,4.6442908723569545,4.6637817463454825,233.60742400018353,2874.2094230001385,ar_order,768
9OkIKp-409-379354-383479-166684-320846-480197-361413,1633,3.1230863441518677,0.018505295738577843,30.610794,31.040936,0.08874929,0.081071086,2.503311268488566,2.7466691652933757,4.663569517631825,4.662604493228239,130.79917699997168,1186.2615430000005,ar_order,768
vTx6Wp-073-38459-458554-472051-230200-332402-365346,1099,10.009099181073704,0.006727493368089199,15.240429,14.801693,0.3440825,0.30492368,1.8627880970637003,1.9803858359654745,4.486538605357289,4.467765313088736,281.0216630005016,3875.9508410003036,ar_order,768
9aa0Fp-331-427818-479691-112336-420765-462193-379354,1488,11.491935483870968,0.015810392796993256,18.736029,16.674007,0.4487908,0.3291476,2.5369009812672934,2.5143535772959393,4.680892693829255,4.679849611304044,599.4562060004682,5691.485699000623,ar_order,768
Od9CNp-327-140209-326180-101992-35325-166792-451954,1953,10.39426523297491,0.014821072109043598,16.76902,14.465557,0.35579348,0.3464478,2.286448669433594,2.2881757736206056,4.662707464046744,4.66493326775498,602.3302150006202,6266.820869000185,ar_order,768
2TcsGp-297-152880-78575-467697-23535-316694-24999,2415,13.250517598343686,0.007391820661723614,14.38238,14.358658,0.48867473,0.35859278,2.6052746454874676,2.841108735402425,4.584907334452339,4.55652567584597,886.4491389995237,9983.972179000375,ar_order,768
IJFPZp-340-90733-100179-99711-247588-402653-355130,1491,3.35345405767941,0.00944688729941845,14.413485,12.579326,0.25089496,0.25025937,1.7579267501831055,1.8177459955215454,4.6981247648165505,4.691761423306932,124.68835700019554,1515.3829359996962,ar_order,768
sNYM9p-246-47619-361413-1214-155820-418901-176776,965,28.808290155440414,0.011091777123510838,7.7556157,7.686272,1.0228809,0.9879734,2.2192357540130616,2.193656889597575,4.536920636338198,3.978221148172925,962.3987779996241,8359.300967000308,ar_order,768
OI5Azp-257-60643-225888-294604-334833-14787-125459,1203,4.904405652535329,0.01875906065106392,15.626476,14.848742,0.38216245,0.23925735,1.506899118423462,1.6311213731765748,4.578684800533171,4.5863904208879696,205.23674600008235,1545.0111449999895,ar_order,768
vhQX3p-288-256377-386883-276335-177955-380077-80661,2229,2.4226110363391657,0.0165446437895298,16.212515,16.116571,0.20454687,0.175779,2.3060906887054444,2.2258668899536134,4.687125633474062,4.6804976486777115,210.8324350001567,1776.8510010000682,ar_order,768
d4LtRw-656-379354-74769-192385-202921-93885-62534,1673,9.145248057381949,0.009153828024864197,13.525999,13.261342,0.34226134,0.31414723,3.4396186192830402,3.3171401023864746,4.474490806724359,4.476549941539462,406.0559210001884,4541.470819999631,ar_order,768
dc4C1p-319-469130-53129-287943-116061-476924-448907,1529,17.658600392413344,0.017503265291452408,19.924675,18.47689,0.7601326,0.4200902,2.649269469579061,2.5980088075002032,4.7115482203777965,4.706870035008518,713.547104999634,10436.41304599987,ar_order,768
PSLbbp-359-11995-156368-348733-154883-123704-497426,1430,11.888111888111888,0.021002519875764847,10.729266,9.549704,0.5793388,0.49349353,2.5561510721842446,2.6472295920054116,4.6651988238454845,4.66198919189434,437.10053999984666,4694.154017999608,ar_order,768
zVlcap-263-274542-472051-376372-248785-476225-35325,1292,4.102167182662539,0.021863481029868126,16.78444,16.442663,0.20273809,0.1873707,1.3098051071166992,1.2866729656855265,4.682998378603719,4.677884602172375,137.72974699986662,1501.8890370001827,ar_order,768
rpdA0p-089-193291-347380-224170-426805-310105-489070,1279,8.913213448006255,0.00744014885276556,13.479505,12.856386,0.3691877,0.33634648,2.0574387152989706,2.089237666130066,4.474172123074642,4.478402097856694,307.59755300005054,3518.1144030002542,ar_order,768
O7tsRw-671-38597-125620-126584-128202-343308-240298,1734,7.035755478662054,0.009212201461195946,15.22562,15.304599,0.3033844,0.24133159,3.196326971054077,3.192939122517904,4.5097519830403225,4.526210809581768,446.5753799995582,3746.0316689994215,ar_order,768
mCLt3p-410-320846-476924-422977-274323-99711-177809,1085,1.4746543778801844,0.022891782224178314,27.610476,27.705597,0.060560677,0.054421734,2.3065152009328207,2.3376402060190835,4.728535778957754,4.727179666201494,43.66262900020956,401.32460099994205,ar_order,768
jFujMp-258-2985-422977-276516-270302-316694-390385,1887,7.790143084260731,0.008067467249929905,18.078873,18.590939,0.30319282,0.22256948,3.570106824239095,3.5904709974924724,4.588674120938532,4.551161158082313,427.9492900004698,6240.021664000778,ar_order,768
uIq5Cp-346-271293-199372-348733-164849-450557-397909,1966,2.899287894201424,0.015138654969632626,19.692211,17.493252,0.15226758,0.15306398,2.848961591720581,2.902336025238037,4.707777436874567,4.704275926152768,149.3044570006532,1850.5306700008077,ar_order,768
2HNvip-384-377039-229618-315211-103130-162269-274323,1838,4.243743199129488,0.014237921684980392,20.919554,21.216679,0.21307506,0.15413272,3.8214746634165446,3.8482155799865723,4.708470494283434,4.700924860694308,201.9540049996067,3894.4557250006255,ar_order,768
hImnha-010-474206-125620-494783-410307-474929-314040,1033,9.390125847047434,0.04484827443957329,13.493086,13.657856,0.3353615,0.6727762,1.5795216798782348,1.7245202620824178,4.648716748317292,4.360250757896415,253.80136400053743,4687.060264000138,ar_order,768
fiBRvp-155-14754-379538-407950-108056-495971-270302,1409,17.033356990773598,0.03848577290773392,9.948551,9.92107,0.6697135,0.57338053,1.8202012777328491,1.800230582555135,4.217460482668087,3.9500965742406136,2438.2808860000296,7146.733359999416,ar_order,768
QzAg3p-413-374393-31166-163645-409369-10737-129013,973,10.38026721479959,0.0511818453669548,23.75349,20.94533,0.31029886,0.26579323,2.138394562403361,2.217680009206136,4.698176650468286,4.6723455352425765,273.508055000093,3036.524890000692,ar_order,768
JLBTXp-060-194617-60643-435517-420765-124439-152419,1024,10.44921875,0.024550464004278183,14.915243,13.872266,0.67159843,0.32294524,4.726448218027751,4.675241851806641,4.617457703422709,4.629478112471883,300.2354890004426,2854.7818240003835,ar_order,768
k4Lvzp-329-270302-101992-248785-163995-27791-469130,1701,7.642563198118754,0.051412247121334076,17.171833,17.162245,0.3366591,0.2805065,2.6383865674336753,2.6440691471099855,4.7050878053036564,4.6679758371514435,327.40972499959753,4051.5082689998962,ar_order,768
ZgJsyp-189-209061-292564-111916-92870-126584-280816,1939,5.002578648788035,0.0409746915102005,18.89101,18.566055,0.22970028,0.19208686,1.5199495712916056,1.514901836713155,4.685113946599536,4.666224851389192,243.66425999960484,2742.2859460002655,ar_order,768
G50hup-092-363552-123056-229618-481410-299323-332402,1114,6.463195691202872,0.028861256316304207,23.447441,24.108337,0.24087578,0.1665196,4.197740109761556,4.3508295059204105,4.63354920626141,4.645015683271483,183.96116700023413,2410.1954909992855,ar_order,768
8b8sWp-275-88756-348733-183720-134118-226233-129107,1202,3.577371048252912,0.031784262508153915,21.312855,21.516205,0.15783174,0.14015497,3.5713216145833333,3.5720166206359862,4.7207526119218555,4.715742412834297,107.79896499934694,1252.4554299998272,ar_order,768
vOT8yp-371-205293-131237-111916-212842-29563-288077,1254,6.220095693779904,0.025580398738384247,15.809563,17.340195,0.28205144,0.28402227,2.978618097305298,2.9593353589375813,4.661912476032471,4.580672152251965,203.16268599981413,2741.6167059991494,ar_order,768
qmNVhp-128-78575-68344-44660-128101-103130-334242,1283,4.75448168355417,0.03182704374194145,22.580137,24.652222,0.20986229,0.14206529,2.2762426376342773,2.3564364433288576,4.631839748667494,4.595541432206213,205.2565030007827,2872.784798999419,ar_order,768
8wAd8p-068-329159-165684-202035-119460-330730-447487,1209,11.41439205955335,0.0299910269677639,17.525627,17.606905,0.42258978,0.2838029,3.632125250498454,3.776633087793986,4.497598024841961,4.502991777928123,390.6028769997647,5143.183463000241,ar_order,768
tXap2p-281-298969-9753-281965-457067-162269-329331,1012,6.8181818181818175,0.026187583804130554,17.991201,17.600613,0.24968517,0.21373312,3.2346508344014486,3.1675114313761394,4.692804079111536,4.66518731577779,424.74127799869166,2428.6277719984355,ar_order,768
fdXdMp-313-165684-111916-348770-380077-145384-347380,1440,12.777777777777777,0.03389327600598335,16.974669,17.426065,0.47792378,0.39019346,3.0324151515960693,2.9725663661956787,4.664583720133749,4.59378055207249,770.3501859996322,4517.025359999025,ar_order,768
Jpj5sp-423-369034-108056-487747-295308-1246-219243,1468,8.583106267029974,0.05191738158464432,18.893373,17.63468,0.36942422,0.26519123,3.551013453801473,3.7385536193847657,4.68998265861816,4.664414923742091,406.60133799974574,3413.1931489991985,ar_order,768
maM4mp-267-195572-141428-108130-299323-8651-456735,1158,7.512953367875648,0.0453246608376503,27.892447,28.92984,0.23488651,0.16355191,3.25199499130249,3.391283718744914,4.724232450380558,4.712153717771097,216.4150629996584,2474.0362569991703,ar_order,768
Aal0cp-183-209061-91230-492922-2757-317191-461984,990,4.545454545454546,0.0922110378742218,17.946749,17.905252,0.20970626,0.18448739,2.1460742155710855,2.0717182238896688,4.644893509157547,4.641844890825797,115.64461099987966,1250.3551989993866,ar_order,768
m5rDOp-062-377273-156368-185152-188815-186260-486330,1445,11.003460207612457,0.02404632605612278,17.312073,15.756539,0.3916775,0.28671756,3.676743523279826,3.6787308851877847,4.496278689475206,4.54228074065335,479.75136100103555,4767.518411999845,ar_order,768
IIhdup-184-282845-322947-195637-315211-10737-386302,986,6.896551724137931,0.07097651064395905,22.276155,22.24183,0.3022454,0.1915616,1.4291977167129517,1.4836178302764893,4.600273390385003,4.6309695045350985,295.5659409999498,2092.7237249998143,ar_order,768
eiJpip-223-216978-247588-305230-165168-65123-203381,1402,10.556348074179743,0.04873007535934448,16.803223,16.834904,0.38905296,0.31745455,1.4790859699249268,1.381610425313314,4.514266375227839,4.438024958698257,551.8374959992798,4265.2232330001425,ar_order,768
uYOkKp-107-143976-376902-185152-437215-90733-10048,968,4.338842975206612,0.029287779703736305,23.012922,23.518658,0.15202114,0.1290226,3.262852652867635,3.4149336496988933,4.627622765268509,4.609264037532845,166.36378799921658,1442.5344720002613,ar_order,768
DWrC0a-013-57191-1214-242009-327883-379538-476225,1033,12.100677637947726,0.0352642759680748,10.044351,10.123082,0.5443457,0.5227652,1.3522669633229574,1.3660992622375487,4.552387513478184,4.381430239324013,329.70214399938413,3632.8455660004693,ar_order,768
6maFGp-305-129013-193291-68221-152880-38506-163335,2424,17.863036303630363,0.02638908289372921,18.605259,20.831352,0.59844744,0.46850136,3.6295403321584065,3.7370778878529864,4.66476124409734,4.651986898809742,1475.335315000848,13350.544890001402,ar_order,768
fZg66p-070-68221-216978-377273-239730-53784-3467,994,29.577464788732392,0.03719060495495796,19.266836,19.540052,0.877889,0.64933413,3.6777055899302167,4.208059597015381,4.585129845637488,4.553412930172717,958.5665560007328,8325.60275600008,ar_order,768
CF7Gnp-165-481033-25721-175927-209061-312468-108378,1919,17.509119332985932,0.03301472216844559,13.839676,13.926473,0.6163308,0.44854736,3.321807368596395,3.3287783304850262,4.339797944736497,4.306145996026071,959.1560259996186,10497.170556000128,ar_order,768
tTMeWp-326-264357-280816-2985-25721-189658-311379,2359,8.902077151335313,0.04867259040474892,23.85939,25.029064,0.31124052,0.24856257,3.3805991967519122,3.471290858586629,4.698624655143818,4.706544638573513,566.7249499983882,5677.954488999603,ar_order,768
kDEiGp-268-254920-474864-52991-170820-165168-328121,1029,24.101068999028183,0.09233691543340683,7.243958,6.6642356,1.4457017,0.8316782,1.844859766960144,2.0063422759373983,4.561147593475902,4.4969306598915,809.8416550001275,7136.960412000917,ar_order,768
rkSMcp-349-162269-339484-74769-12865-363552-41411,1411,14.386959603118354,0.02514478750526905,16.988531,17.290308,0.48409066,0.44687197,1.6327169418334961,1.5793870210647583,4.689406871787009,4.501783140975706,642.2412600004463,5790.780422999887,ar_order,768
FZwvbp-205-349816-138959-261033-383479-409369-152140,1111,28.26282628262826,0.03914736211299896,14.073621,11.970774,0.89074224,0.7798376,2.533329137166341,2.453617254892985,4.593146046151736,4.345618605146137,975.643501000377,10162.039961000119,ar_order,768
ie6iSp-097-407790-253414-334074-464643-167361-80351,1395,3.942652329749104,0.03198687732219696,29.187122,29.36188,0.110813,0.09367561,2.5302899201711018,2.4473450660705565,4.6406067615139195,4.6459314314514595,200.35218200064264,1470.5722580001748,ar_order,768
Q1VJ4p-396-67099-191485-442126-324310-384031-392966,757,0.5284015852047557,0.04145583510398865,49.65232,49.975037,0.014083336,0.013184905,2.5409982681274412,2.6139362812042237,4.7319395601930605,4.731311627095549,11.054286998842144,93.27590000066266,ar_order,768
BLAVyp-401-374393-353502-276516-464643-247007-280816,1578,17.743979721166035,0.0333615206182003,11.047854,11.275525,0.6806805,0.5136504,1.3623430093129476,1.310697603225708,4.595628710955607,4.552538381459454,722.5832909989549,10544.4669289991,ar_order,768
qx9MPf-447-243466-253414-78108-327883-41798-186349,1722,15.911730545876887,0.0489613376557827,8.57103,8.235224,0.7671294,0.7003735,1.4650957504908244,2.1853750864664714,4.304657955603593,4.296984420924831,828.2040770009189,10300.727248999465,ar_order,768
4fsgkp-253-311495-209061-229618-287427-276516-38459,1013,6.811451135241856,0.02615589275956154,18.18016,17.37284,0.275628,0.21158366,3.26408265431722,3.2275619665781656,4.686595642326662,4.656590733834008,204.23736500015366,1774.5801950004534,ar_order,768
u3JmNp-105-377036-373629-177809-287789-419538-221798,1057,9.082308420056764,0.03273187577724457,19.493769,12.017582,0.430022,0.33715725,3.4964859962463377,3.2621113936106365,4.683412639030799,4.568127335734775,256.39314000000013,2352.274999000656,ar_order,768
7gnoMp-243-13140-469001-90733-352371-418901-62534,1349,14.381022979985175,0.03019716590642929,12.163487,11.983559,0.69951135,0.4689676,2.123944075902303,2.411999305089315,4.642150268177515,4.580570680402294,792.5627069998882,7616.994762000104,ar_order,768
WYTgYp-403-306759-7708-254913-153980-163947-460359,1450,4.206896551724138,0.0560128353536129,15.651708,14.894528,0.25234792,0.22378397,3.6066178639729816,3.3246986071268716,4.681065787288212,4.658618867371275,230.7069340004091,2685.6551419987227,ar_order,768
zRlcSp-181-25062-53784-123056-333757-268363-211084,1709,6.1439438267992985,0.025759130716323853,17.577824,17.966019,0.271072,0.23069547,2.364515034357707,2.4713666439056396,4.657951401721251,4.5170677381256965,736.4888649990462,3507.9344420009875,ar_order,768
TaYTvp-415-63022-179855-481410-392966-38597-437270,762,4.593175853018373,0.03335783630609512,21.070402,21.140574,0.23992349,0.1636032,2.718263864517212,2.5992749532063804,4.703612370851975,4.685251248097398,150.97059599975182,1236.1893770012102,ar_order,768
9kbanp-261-50416-108056-469001-231167-334074-209061,1007,5.958291956305859,0.026795921847224236,16.546703,15.891799,0.28499424,0.23743898,2.332267697652181,2.345360612869263,4.678443387011882,4.636488004874603,165.18349899888563,2531.5931670011196,ar_order,768
DLZvmp-426-78108-128329-469130-165684-261033-84004,868,7.71889400921659,0.026906199753284454,21.453001,22.307987,0.2643946,0.21029879,4.0983165264129635,4.262865130106608,4.6963288565740395,4.676177753903018,249.59841099916957,4542.793431000973,ar_order,768
i0Ocoe-610-395609-211084-211212-108056-187519-202035,1390,9.784172661870503,3.9601487515028566e-05,12.9562435,11.66651,0.3972632,0.42430642,2.1855173746744794,2.1629475355148315,4.64429779897195,4.595851760154542,943.498365000778,4732.473893000133,ar_order,1024
PBDVAf-465-366971-117533-197606-160943-60681-25579,1722,3.426248548199768,2.0712036530312616e-06,20.846714,15.204898,0.18141825,0.21228428,2.539642890294393,2.5258124351501463,4.70133159525972,4.681344185744883,282.5601549993735,3174.646790999759,ar_order,1024
sF1D5f-429-45816-14754-487747-347380-61770-187519,918,1.4161220043572984,6.66032019580598e-06,30.29724,26.20018,0.058507252,0.05909279,3.1195364952087403,3.0959601084391277,4.729586848664453,4.718948709189965,63.04558400006499,366.3675300012983,ar_order,1024
8lHaxa-001-437270-91230-96853-392966-377039-493700,1033,8.712487899322362,1.6546022379770875e-05,14.261193,14.3665085,0.36630318,0.29779294,1.7842085361480713,1.6740705649058023,4.668785244086034,4.553741479407311,456.4411840001412,2582.532264999827,ar_order,1024
wH6bMa-009-144175-39168-315211-114587-333757-10048,1033,7.55082284607938,4.100139267393388e-05,14.574914,13.741971,0.43042883,0.2672126,1.5065317551294963,1.6254559278488159,4.537759060492236,4.577948023322314,329.7315879990492,2202.9194420010754,ar_order,1024
l3Lvae-611-211084-218396-212842-198509-334833-311379,1390,4.244604316546763,4.941728548146784e-05,22.500172,22.423294,0.1567636,0.17220922,3.3589868863423664,3.3610950311024985,4.710229343322813,4.695800196759327,320.1056170000811,1742.129329000818,ar_order,1024
cmHjrf-493-348077-309854-224170-458554-202179-472051,1722,16.144018583042975,0.00013046321691945195,8.623685,8.040717,0.6715779,0.74804014,1.23736522992452,1.245059561729431,4.392971419329412,3.9798368265363253,1269.7408349995385,8375.242690999585,ar_order,1024
9srcUf-448-162832-472051-219243-152140-401183-304828,1722,11.091753774680605,7.126033096938045e-07,11.453037,8.682522,0.5116773,0.7476382,1.43945209980011,1.5687456607818604,4.628250005215402,4.56611156750406,867.023209000763,5103.138839000167,ar_order,1024
pMchYa-011-461984-248646-131237-259340-281965-474206,1033,3.291384317521781,7.092276973708067e-06,17.521183,18.204025,0.18427531,0.18104179,1.5182480971018473,1.5467848936716715,4.6939584042423785,4.6466271200050455,128.73193599989463,1065.307638999002,ar_order,1024
rqqrUf-476-372299-90733-207508-318838-254913-53278,1590,15.786163522012577,1.0736808690126054e-05,11.63035,11.201393,0.6434495,0.6410652,2.9705878257751466,3.060928471883138,4.634850114408026,4.487330057070202,1171.9232909999846,7202.299734999542,ar_order,1024
KWj8Li-521-358526-235375-78807-67455-237079-21827,802,14.588528678304238,5.653791959048249e-05,11.805002,7.060738,0.5897283,0.5562722,2.7752715587615966,2.839249626795451,4.433435751265444,4.287349425528266,438.5328579992347,2923.468936000063,ar_order,1024
LIJKja-026-447487-148409-188815-38506-78427-479691,1033,5.517909002904163,1.2104389497835655e-05,15.026167,13.89786,0.2551137,0.26848814,1.4973725954691568,1.497642747561137,4.668042679543865,4.58493010180054,206.69397399979061,1353.625533000013,ar_order,1024
P4ZKje-597-228203-427818-407728-174918-211212-250174,1550,22.967741935483872,0.0001234940718859434,9.866835,7.0045643,0.79861444,0.81743,1.6084994316101073,1.6835089286168416,4.430021101424959,4.310658621278651,1428.5477490011544,12699.639703001594,ar_order,1024
zoFKbf-438-268009-220507-287943-286732-24538-454712,1653,12.583182093163945,5.697601750398462e-07,13.505674,9.939545,0.47175547,0.54653996,2.155855576197306,2.2010374069213867,4.617803104313024,4.503335905883938,757.1900639995874,8182.364252999832,ar_order,1024
FPRIpe-578-474864-126584-425422-304828-148409-10737,1550,9.096774193548388,7.081195508362725e-05,17.130997,13.36569,0.3061253,0.42378458,3.3403972307840983,3.227671257654826,4.674946533539831,4.495711517532087,518.5056530008296,4137.455524998586,ar_order,1024
Th8NDe-613-23535-495997-395609-270487-329331-383770,1390,14.100719424460431,8.22431466076523e-05,14.336022,11.401096,0.44828996,0.6185555,3.061456871032715,2.901188850402832,4.6352886994528735,4.5478882489826855,777.8684170007182,8000.885716000994,ar_order,1024
KFAl8f-427-406364-361413-456735-410307-286869-348733,1722,18.641114982578397,5.997956031933427e-05,11.437363,10.106901,0.5630445,0.5407453,2.028747797012329,2.0024320761362713,4.3831773661653,4.421040514393005,1311.460802999136,12098.0308649996,ar_order,1024
rn9v1e-583-369034-383770-175927-399756-390385-383479,1550,11.67741935483871,1.7469614249421284e-05,13.225849,13.189163,0.42041084,0.4331384,2.8635690689086912,2.930571715037028,4.61784320164929,4.492967029649039,664.403979000781,5748.9188439994905,ar_order,1024
SnJBwf-434-37928-376902-480197-51581-328121-350223,1378,5.732946298984035,1.790127271306119e-06,16.633133,16.201668,0.29169548,0.26108965,2.043039385477702,2.1091141144434613,4.678561054647203,4.678316464291565,285.32721100054914,2307.389043000512,ar_order,1024
amZyRf-444-7708-476924-468905-275802-405424-380077,1722,2.5551684088269457,3.279495786046027e-06,17.613335,17.444218,0.1579495,0.17342706,2.052525448799133,1.9978218714396159,4.704145707273299,4.691923813026737,166.31226499885088,1314.0214039995044,ar_order,1024
a4WwUa-043-141142-113619-397909-469223-287427-421926,1033,26.427879961277835,3.878655479638837e-05,8.3843155,6.9271517,0.9019728,0.83767813,1.3215718905131022,1.3888128519058227,4.293333859271185,4.322369905089085,1231.5503749996424,10079.120673999569,ar_order,1024
mvvOnf-472-106-135410-148409-334242-45816-353502,954,4.5073375262054505,4.8512858484173194e-05,16.731894,13.653326,0.22702713,0.25076795,2.930103635787964,2.9724459012349445,4.652471407653778,4.66039361692003,159.73797800143075,2121.614961999512,ar_order,1024
oRqMra-058-167772-480197-43889-36331-135873-265166,1033,2.904162633107454,6.2980648181110155e-06,27.40126,23.633099,0.11112737,0.0989289,3.3029515902201334,3.247672112782796,4.7260722711689525,4.713426140412102,254.48933299958298,1511.9582879997324,ar_order,1024
1rIrKa-023-409746-287789-276335-17243-340579-260428,1033,1.6456921587608906,1.7720502000884153e-05,21.59671,20.588064,0.09318786,0.089713484,1.6350531419118246,1.6382650454839072,4.723995333994456,4.726143315718961,95.2010450000671,1321.9748040010018,ar_order,1024
xX6Wce-607-140209-262731-151331-7708-427818-497426,1390,3.741007194244604,2.83738954749424e-05,20.319155,19.371624,0.15379941,0.17247494,3.0219607830047606,2.9985790729522703,4.717060408397754,4.7033889654739465,517.9255040002317,2771.386545000496,ar_order,1024
3hvoVa-051-2307-202921-218396-175927-14787-464643,1033,5.324298160696999,1.6514632079633884e-05,19.213589,18.784645,0.23110373,0.19252515,1.6553502321243285,1.8030006647109986,4.690592376533274,4.661228160858592,200.99149300040153,1328.2275700003083,ar_order,1024
87hwjf-487-426805-60643-437215-160943-182650-407728,1181,5.080440304826419,1.0143882036572904e-06,15.4895735,13.200656,0.25245336,0.35839143,1.4266931374867757,1.4426461776097617,4.692579008361918,4.6263543094716,220.52364500086696,1527.881358999366,ar_order,1024
98pQ7f-492-161118-44660-2985-495997-227228-191485,1722,3.948896631823461,3.370679678482702e-06,21.42768,20.943758,0.14681855,0.18235248,3.357746394475301,3.1586067199707033,4.699967341990952,4.582106009006928,259.55573199826176,3358.638059999066,ar_order,1024
9a98Kf-464-298969-472051-292323-179462-78575-496080,1181,7.281964436917867,5.5254073231481016e-05,16.574308,15.930811,0.2717599,0.23834968,3.2304506142934164,3.087400770187378,4.437138386554875,4.519235754343481,312.1760110007017,4264.608269000746,ar_order,1024
WVKBPa-017-469001-13769-309009-430207-5054-14754,1033,3.581800580832527,4.264206836523954e-06,19.01316,18.02893,0.16234404,0.18204653,3.6970569133758544,3.7423360188802084,4.714043299507511,4.645904145285475,139.04160300080548,1301.701125999898,ar_order,1024
k2rvsa-021-181149-117176-94351-2985-340579-209061,1033,4.162633107454018,1.384729148412589e-05,19.047472,16.765768,0.25899413,0.19288541,1.8816697120666503,1.9868387142817179,4.694394169338595,4.669030328995885,217.7330440008518,1438.7814279998565,ar_order,1024
GptLba-028-467697-29563-495971-437270-5575-211212,1033,2.3233301064859635,2.764441342151258e-05,20.289944,20.043604,0.12447816,0.12726136,1.7655594984690348,1.7994688193003336,4.687540270349839,4.6737007688178,140.55703200028802,843.833929999164,ar_order,1024
3EBeof-459-212842-454791-192385-495971-180085-113105,1033,16.747337850919653,3.53978066414129e-05,13.162652,13.152523,0.50664926,0.5863074,2.0728310267130534,2.111730718612671,4.60283872600178,4.57106023387346,868.364243000542,5673.920504999842,ar_order,1024
8C0b9f-461-182650-228203-8651-240298-176776-186349,1704,3.814553990610329,5.752473225584254e-05,17.893055,17.649612,0.16828825,0.254367,3.622212791442871,3.508741362889608,4.708950451654005,4.575568845879671,323.4285849994194,1941.6363190011907,ar_order,1024
f5sCDf-435-355130-41798-395609-377902-35325-116061,1378,11.901306240928882,9.696379493107088e-06,13.702789,12.225643,0.43878445,0.5219268,1.807703391710917,1.7887943108876547,4.6466767802771605,4.385446866098192,923.6746139995375,4959.731942999497,ar_order,1024
5LZsPp-295-239730-414547-129636-470600-495997-1214,1207,22.535211267605636,6.921367457835004e-05,9.855589,5.493108,0.7731493,0.84726983,2.038579742113749,2.2728142102559405,4.151751198073289,4.250134391167947,1035.3845429999637,8232.23520800093,ar_order,1024
rxhq2p-211-212526-349828-67455-407790-412326-143976,1183,7.185122569737954,2.8749458579113707e-05,14.915197,7.845112,0.45676675,0.44067225,2.4714038689931233,2.633027187983195,4.535209846621929,4.398057272866659,322.4006670006929,2563.0518189991562,ar_order,1024
7j8l2a-034-50416-4800-287427-123375-143976-264357,1033,3.0977734753146176,8.71249631018145e-06,19.435236,19.461155,0.1638306,0.16914277,2.523219871520996,2.5294986089070637,4.690897362609464,4.583402165570172,119.53737300063949,757.201021999208,ar_order,1024
cedJli-522-192385-152140-262731-156368-123704-333757,719,5.285118219749652,5.254780626273714e-05,18.702543,12.58604,0.21191174,0.247048,1.955628228187561,1.9567127148310344,4.256754122319596,4.384235056012542,289.25969200099644,1288.141661998452,ar_order,1024
uHCIZa-015-146882-87506-304828-333757-5054-62919,1033,8.615682478218782,1.7520515029900707e-05,13.839784,13.653245,0.332595,0.36629215,1.327612042427063,1.3450292825698853,4.589369004226982,4.598388127844209,542.2719429989229,2584.9607279997144,ar_order,1024
UKnMcp-124-361413-129636-57514-52991-68221-81956,1381,20.926864590876175,0.0001672373036853969,18.764679,9.145848,0.6041188,0.5720841,3.499470869700114,3.128762451807658,4.362894041959264,4.507541993055041,1336.5191930006404,8515.73743500012,ar_order,1024
5ALjRp-161-333766-240226-4800-482510-113619-84055,1026,26.803118908382068,0.0008019127999432385,6.6557746,6.238842,1.0125321,0.8764961,1.2170266071955362,1.245633339881897,4.042211833460513,4.006893702883376,1269.7377000004053,8251.859673000581,ar_order,1024
Paqf1p-119-254913-443221-90733-163645-32125-188815,1450,9.034482758620689,0.0004479943308979273,15.364579,15.504979,0.31167,0.26657104,3.2279700438181558,3.3037959257761638,4.452102669290099,4.4879736103526895,596.130493999226,3634.7611649998726,ar_order,1024
lDN6of-450-91840-427818-353502-327883-210172-489807,1722,25.02903600464576,0.000440589792560786,7.667036,3.1581187,0.9902113,0.88490516,1.4765353838602702,1.563750425974528,3.9120705650710894,3.9703993017864425,1929.554234000534,13820.901204999245,ar_order,1024
JRGxpf-495-78575-358526-483339-81956-229618-247007,1722,14.227642276422763,0.000252309167990461,9.436533,7.0588427,0.6493612,0.72226304,1.1574308633804322,1.1354587157567342,4.446823921906443,4.399310045867878,1360.3128590002598,7983.742002999861,ar_order,1024
yc5Hmf-494-469130-474206-203381-91840-123056-149498,1722,13.472706155632984,0.00020981418492738158,10.732378,8.386311,0.5403295,0.5892206,3.195361614227295,2.8758584181467692,4.496537081485847,4.406700968801,1235.1963649998652,7946.731924999767,ar_order,1024
6UNJZa-025-136860-357104-38459-89725-366126-252054,1033,9.390125847047434,0.0008322022040374577,14.230737,13.945421,0.34503236,0.34019318,1.2090730905532836,1.224166488647461,4.591565853037711,4.565993557813679,365.23880299864686,2669.7593749995576,ar_order,1024
CrjLKf-468-374393-49022-14754-240504-316080-236920,1722,6.562137049941928,0.00014622832532040775,15.82653,15.107405,0.2826421,0.3365431,1.2904502312342325,1.2760167201360066,4.699804570627153,4.686093504867531,424.4057919986517,3201.9574719997763,ar_order,1024
wkCjvp-408-175927-2985-407790-280816-275802-343332,1046,15.965583173996176,0.0001569680607644841,18.050795,15.881711,0.49443412,0.38337043,2.7868383884429933,2.8134010791778565,4.58100995689989,4.617120519103743,601.7069709996576,5553.954263999913,ar_order,1024
bnEKPi-496-131237-487747-10048-112031-352809-171454,719,13.908205841446453,0.0004139196826145053,13.079405,8.435441,0.50352645,0.5020018,2.050638190905253,1.9143417517344157,3.6371736432492074,3.7465903182996083,369.62282599961327,2980.36920100094,ar_order,1024
FW6BFp-225-129636-418989-280816-386883-462467-306759,1649,6.24620982413584,0.0004694216186180711,15.882567,15.632802,0.2487644,0.229245,1.8121460517247518,1.8003113269805908,4.550945845042273,4.585222118526446,522.7518310002779,3281.7413510001643,ar_order,1024
cZ9D6w-670-134118-41411-423587-125189-84055-98443,662,4.984894259818732,0.0007059596828185022,17.529581,17.010271,0.18444104,0.16816556,4.163705635070801,4.301248009999593,4.573896489316394,4.5835960675664715,125.94445399918186,1139.6647289984685,ar_order,1024
xlckps-555-489807-93885-138959-23535-14754-299323,1636,10.880195599022006,0.0007390778046101332,12.2374325,11.434316,0.43655574,0.3688952,1.5916172742843628,1.5291221300760904,4.5347973464714855,4.542180506734302,677.2039549996407,6088.325488000919,ar_order,1024
xDMmqs-548-333766-165168-462328-336612-442126-284808,1636,9.7799511002445,0.0005077441455796361,14.58755,12.104482,0.33417952,0.3184859,1.3597629467646282,1.3505478302637737,4.3744679316781125,4.459961363500062,921.4947620002931,5942.2298399986175,ar_order,1024
FSyUys-545-306052-88756-228203-369609-91230-448907,1240,3.467741935483871,0.000898472499102354,17.96716,16.990417,0.18310337,0.17518501,1.4258050362269084,1.3989537556966145,4.652140488397552,4.658325879871249,292.5554749999719,1794.6153699995193,ar_order,1024
FiS63i-513-129107-287427-185152-454791-121010-285778,918,29.956427015250547,0.0005593721871264279,7.0155597,1.4481423,1.0816268,1.0566258,1.903067398071289,1.8133022944132486,2.6472442973482435,2.6161045909922445,1372.337165999852,8795.182976000433,ar_order,1024
AHwsQs-538-108297-304214-140209-237079-426805-448869,1636,26.5281173594132,0.00042765779653564095,7.4217825,4.205447,1.4942297,0.84569496,1.2223236560821533,1.2950475056966146,4.110682066269372,4.145537863393499,2110.5678669991903,13618.469179000385,ar_order,1024
cUyODs-564-324456-286869-479691-123056-485468-274323,1636,14.60880195599022,0.0006575641455128789,9.796434,9.106096,0.6192004,0.5209065,1.5022297223409018,1.406196411450704,4.50831377395593,4.513440558281683,1083.9748969992797,7588.881085999674,ar_order,1024
WOhKts-537-450251-294604-27791-350223-235375-383770,1636,15.158924205378973,0.00046492001274600625,12.092261,12.016083,0.5146278,0.4016595,1.9826517899831135,2.0725656191507977,4.490872339925229,4.5227593501764,1133.309756000017,8128.855079999994,ar_order,1024
Mtnx5i-515-495971-279778-348676-11995-306560-418034,744,3.225806451612903,0.00028512379503808916,18.39067,12.999626,0.15197296,0.21359996,1.7229883829752604,1.7341622908910115,4.694357371998191,4.6957914868165975,124.01542099905782,742.9919589994824,ar_order,1024
fiDqFe-589-306052-37928-421728-166792-414547-458302,1550,7.548387096774194,0.00034323649015277624,16.865618,17.01719,0.32573548,0.23881833,3.220855887730916,3.289850393931071,4.629466206349857,4.647193645459842,473.4841769986815,3005.246311000519,ar_order,1024
KIklei-503-156368-5054-151331-161307-380077-177809,898,12.138084632516703,0.000185836324817501,11.248821,7.455812,0.5233567,0.5384445,1.745139185587565,1.6533701340357463,3.5644399168567555,3.989277321828258,393.17249600026116,3308.286853000027,ar_order,1024
0Rve0i-524-469450-332402-376902-283921-64116-240504,1140,5.087719298245614,0.0009046242921613157,18.385357,13.656969,0.20597462,0.22491534,2.5188419977823893,2.42944655418396,4.280428801618832,4.2826829338193555,251.45452900142118,1416.8228130001808,ar_order,1024
IJqofi-526-68304-236920-183720-152419-94351-316080,661,34.493192133131615,0.0003945751814171672,6.996668,2.54244,1.355896,1.1568155,1.8864624182383218,1.7148099501927694,2.579961504586973,2.2235208631663785,838.2469940006558,7948.77427100073,ar_order,1024
vAlA7f-458-390385-16661-177809-112031-325632-365075,954,1.4675052410901468,0.00048059478285722435,33.420395,35.1671,0.04100132,0.035653215,4.739139461517334,4.711958281199137,4.719965041658234,4.718679591971019,51.198115999795846,323.2583770004567,ar_order,1024
oK9Hxs-550-7708-104867-460359-299323-420765-264795,1636,3.850855745721271,0.0009720592643134296,20.17669,18.94777,0.14135212,0.13666694,1.3219045400619507,1.3497472683588663,4.687755051529784,4.691445445178709,230.0826379996579,2592.8592800009937,ar_order,1024
kxh9is-563-24999-276516-377039-462467-365075-67099,1636,6.418092909535453,0.0009378857794217765,17.79965,16.80263,0.23570359,0.19737303,2.13861091931661,2.179018831253052,4.603749506192317,4.6196824224959325,406.2022859998251,4247.144667999237,ar_order,1024
Q4PCSi-506-317415-237079-78108-78427-235375-285778,1152,8.072916666666668,0.0002790152211673558,17.906162,14.195604,0.2882472,0.28005856,2.4733235041300454,2.3170979658762616,4.2580904245014,4.445766394424112,404.9435919987445,3335.4470939993917,ar_order,1024
zKb4se-576-475285-202921-407950-32125-236920-469001,1236,14.64401294498382,0.0002435800852254033,14.355144,12.10575,0.48274866,0.4896233,1.9563323497772216,2.0753110885620116,4.583486176704929,4.45118549684657,1062.2864550005033,5435.657531999823,ar_order,1024
EZwkWp-195-116061-37928-384031-166684-14787-96948,1442,15.53398058252427,0.0007670152699574828,16.543692,12.478912,0.50712943,0.40807828,3.8080448309580484,3.6300390561421714,4.310368215351821,4.308751741948084,1096.3940139990882,5896.536479998758,ar_order,1024
rjyWTe-587-151723-247588-123704-129889-250174-123056,1550,12.129032258064516,0.000710091320797801,13.37999,12.65934,0.44196406,0.4387277,2.036395001411438,2.1468953609466555,4.562567312609541,4.566990186733701,714.7924929995497,6741.047071998764,ar_order,1024
44Zbvs-567-179462-358526-13671-355104-116061-343332,1636,7.396088019559902,0.00030473197693936527,13.824433,10.998168,0.31228888,0.30099466,1.2122803767522177,1.1950493812561036,4.632005844560146,4.640268859226998,457.066761000533,3428.659969000364,ar_order,1024
ofs2Us-561-469223-161307-229618-187519-295308-129107,1636,15.831295843520781,0.0003641763178166002,12.473025,11.148778,0.5224343,0.42280808,3.281569465001424,3.3208985169728598,4.308907655855509,4.339873455057483,1104.3924890000199,8894.057257000895,ar_order,1024
jhRr0p-088-489070-351855-386883-172725-333766-16976,1661,16.375677302829622,0.0008774544112384319,10.667411,10.432281,0.6225398,0.53057283,1.9327282190322876,2.0206446091334027,4.263121933011176,4.240681638952243,1001.9372070000827,10369.169558000067,ar_order,1024
ItvEYp-187-347380-151331-160943-343502-92870-286732,1222,5.973813420621931,0.0003424148017074913,16.445297,15.996379,0.23056956,0.2091226,1.9715601523717246,2.0003522713979085,4.571567084118654,4.606390961846538,264.13626199973805,2181.3724789990374,ar_order,1024
9ImS8p-321-63022-306759-480197-355130-205293-103130,1065,1.4084507042253522,0.0003738635568879545,29.204498,30.181353,0.05718598,0.047953,3.963969850540161,3.950501489639282,4.723046343454032,4.720449936694134,90.12359700136585,441.7779020004673,ar_order,1024
PiKSIp-112-109021-465867-125189-123174-211212-334242,1021,9.10871694417238,0.000980529235675931,16.892857,11.700358,0.32978085,0.33559367,2.189703671137492,2.1476378361384074,4.475338505411098,4.506727825296355,699.5005200005835,3590.4834419998224,ar_order,1024
5Lu6ui-514-135410-151381-124082-173176-644-324310,744,9.946236559139784,0.00026409313431940973,13.332979,7.559059,0.3897901,0.45361522,1.555149213473002,1.553785228729248,4.591661446192435,4.541674700717649,279.8391670003184,1813.0421909991128,ar_order,1024
69ZMRp-276-162832-2757-113105-349816-17243-289593,1207,16.23860811930406,0.0009542101179249585,12.563415,12.522646,0.53374064,0.46973357,1.3551892201105753,1.3556291262308757,4.351678072589308,4.332933413650042,896.8471730004239,6988.033969000753,ar_order,1024
caQa9p-079-134118-41798-311327-343332-125459-231167,1139,6.409130816505707,0.0008238053997047246,24.78143,25.074028,0.17022164,0.14713334,4.395069853464762,4.386703554789225,4.529769375251224,4.542707045613923,373.27724100032356,2067.0206530012365,ar_order,1024
zQSXvp-215-498788-407950-152419-25062-51581-3467,1400,17.57142857142857,0.0010821843752637506,10.700439,10.073962,0.63685614,0.48894572,1.8225292841593423,1.9426898161570232,4.214477917514389,4.268221109868577,1120.5238130005455,8911.496021000858,ar_order,1024
3Fszap-093-117533-332219-451954-336612-141428-265166,1116,6.451612903225806,0.002600878244265914,16.6683,17.010397,0.23483169,0.20270537,3.9411253770192465,3.907547458012899,4.540043397632755,4.55672610218873,393.5364059998392,2268.5213799995836,ar_order,1024
oJJGwp-325-47619-442126-2985-182650-124082-457067,1710,4.035087719298246,0.0017253782134503126,18.143976,18.238625,0.1829832,0.17179002,3.275716861089071,3.248301871617635,4.674529628089999,4.666051249000919,293.3140259992797,2197.546508999949,ar_order,1024
0mk6rp-310-146145-90733-51581-27791-50416-437215,1608,1.7412935323383085,0.0014768074033781886,25.052044,25.354671,0.08145184,0.06764245,2.3084835052490233,2.3403404076894123,4.715028960758907,4.715958376263581,107.16591900018102,749.186732000453,ar_order,1024
lzFhsp-134-377273-280816-60681-369034-268009-11995,1625,3.076923076923077,0.0012218672782182693,27.713507,23.192465,0.09984925,0.10147866,4.764354197184245,4.732735474904378,4.687198463888788,4.682215570262281,329.243084999689,1694.3699109997397,ar_order,1024
5OQdwp-063-348077-460359-16661-112031-224170-197606,1404,2.7777777777777777,0.005658838432282209,19.159143,19.08465,0.13555177,0.13025266,3.5155315081278484,3.5082833925882975,4.653805140631851,4.65596163865633,283.3266060006281,1094.4615560001694,ar_order,1024
am1FVp-234-380077-145165-25579-145555-311495-324310,1208,5.380794701986755,0.004206848796457052,16.927647,16.986662,0.22786792,0.2138875,2.984756104151408,2.5280108133951824,4.569570151123637,4.503388871397581,358.6288530004822,2227.450709999175,ar_order,1024
1zDUvp-298-108297-119460-56896-348770-68221-98443,1510,2.5827814569536423,0.0020352303981781006,18.960823,18.93285,0.13760681,0.12097502,4.827351379394531,4.838885561625163,4.651724009924057,4.651881418476685,185.71325100128888,1567.3373749996244,ar_order,1024
cqZnBp-237-143976-377902-462328-483339-384274-414547,1322,8.245083207261725,0.005321722012013197,14.552919,13.521061,0.3042884,0.3255221,1.3981687068939208,1.4531652530034382,4.549714980070776,4.520439428880645,707.8210859999672,3870.1923270000407,ar_order,1024
N5kbFp-292-397909-407728-152140-117533-153980-62919,1693,21.204961606615473,0.0010815237183123827,12.199488,12.730235,0.70070547,0.8101643,1.430430253346761,1.4606232643127441,4.597945332794644,4.380271609561415,2263.6102739998023,10975.067097999272,ar_order,1024
DmpOYi-525-91230-450251-209608-292323-92870-38506,1140,16.315789473684212,0.0021517532877624035,11.199572,6.478402,0.6224874,0.5856623,2.2479270299275718,2.2506624857584634,3.4613027645957875,3.8554267241983418,1294.7671309993893,5281.387783001264,ar_order,1024
BBcZPi-501-456735-480197-495997-497448-326140-134118,861,0.8130081300813009,0.003230630187317729,28.18177,20.067005,0.046373874,0.10306541,1.792047341664632,1.8073267380396525,4.731102968536316,4.700282731062094,27.744110999265104,180.64701099865488,ar_order,1024
BsVmke-591-419538-379538-386302-426805-469450-347380,1550,17.806451612903228,0.002498342888429761,10.331191,8.845742,0.6411622,0.629777,1.5487225532531739,1.713758889834086,4.348423107590514,4.354952412489537,1288.154410000061,8207.31558999978,ar_order,1024
nSu3Cp-366-41411-362672-285778-222370-421926-202035,1118,6.529516994633274,0.006295517086982727,21.651533,22.93975,0.27835187,0.19830136,4.1734079678853355,4.009379800160726,4.70278731308894,4.69210983428869,278.2558800008701,1954.930765001336,ar_order,1024
tztd5w-640-23535-348077-410307-64116-151381-134118,1176,11.989795918367346,0.0032262594904750586,14.33269,13.938957,0.41563895,0.34139177,3.877052625020345,3.6773043791453044,4.280507487048431,4.309415905280407,606.2667969999893,3947.9492520003987,ar_order,1024
qQ82Hw-614-91230-379354-379373-260428-324310-287427,949,5.163329820864067,0.0024592585396021605,17.481667,17.283653,0.21045293,0.19235599,2.057723784446716,2.00241014957428,4.513627060147276,4.528710120548679,191.44534499901056,1193.2937810015574,ar_order,1024
f2JFMw-634-136860-113105-22031-310105-248646-32125,824,8.25242718446602,0.0029410782735794783,12.771437,12.42819,0.3463918,0.30943784,2.301110601425171,2.225019900004069,4.579083827322318,4.584706719886327,258.2112580003013,1920.5902100002277,ar_order,1024
ainjFp-098-145384-88756-289593-274542-488804-292564,2208,9.148550724637682,0.003448504488915205,13.786115,13.237858,0.35193595,0.32336053,2.7147639274597166,2.732024812698364,4.482351702357045,4.473017941956054,754.6672379994561,6947.345968999798,ar_order,1024
BcVzDs-560-352809-57514-418989-243067-209608-32726,1636,6.601466992665037,0.0019297391409054399,19.544857,16.663023,0.22733931,0.2030942,1.5012619495391846,1.5250903685887656,4.645577292737105,4.652460357853685,455.042064000736,3070.969190001051,ar_order,1024
TypO9p-362-82313-390793-365346-50416-310105-275395,1464,23.36065573770492,0.0034457372967153788,8.663153,8.972948,1.2546896,0.73355484,2.7636054515838624,3.1369011878967283,4.492180878187415,4.33897478815016,1506.4511569999013,11669.014213999617,ar_order,1024
nQsrxi-500-35788-354893-151331-437270-461984-276516,861,11.033681765389082,0.004316622857004404,14.5339155,9.350566,0.42335328,0.48903164,1.77416250705719,1.609911282857259,4.628485105593052,4.41375182666553,474.72162999838474,2581.286155998896,ar_order,1024
ck2Uxp-081-495997-135873-82313-377039-373629-268363,1026,4.775828460038986,0.004637618083506823,17.401857,16.18528,0.18535315,0.21928851,2.18128080368042,2.2295735041300455,4.585403383910463,4.548423122368483,227.88178200062248,1380.4269389984256,ar_order,1024
jgJdnp-100-135873-177809-247007-67455-332402-185152,1404,5.84045584045584,0.0029392531141638756,19.109179,19.594753,0.1912318,0.16590029,3.707474692662557,3.7675764560699463,4.585022630816378,4.601831942738179,310.453278998466,2782.6794829998107,ar_order,1024
m8mjCs-533-485468-283456-486330-442126-2757-12865,1636,22.677261613691932,0.0013069127453491092,10.505365,7.9779,0.78392774,0.66317946,1.3082377910614014,1.3302751223246256,4.332504408644289,4.3484061278007005,1644.250486000601,11236.701529000129,ar_order,1024
pRaNDw-627-181149-276516-426805-281965-56896-235375,1894,4.7518479408658925,0.002972227055579424,15.344589,15.251094,0.23971142,0.20605242,2.1043524026870726,2.0193084239959718,4.582698517649203,4.588824990815655,326.95405000049504,3779.8209769989626,ar_order,1024
U5aQJe-592-437270-129013-295308-406364-103913-497087,1550,4.451612903225807,0.001561999088153243,18.92753,18.665276,0.22591162,0.17149246,2.4330838203430174,2.5111156622568767,4.657500333206792,4.662106488274978,388.47454299866513,3028.406613999323,ar_order,1024
3e1Tjp-199-462328-423751-38597-248646-74769-2009,1395,9.46236559139785,0.002225166419520974,15.277066,14.9652195,0.3751624,0.34122837,1.3478492736816405,1.4205982208251953,4.475430292195023,4.431697099885951,750.972436999291,5182.874267999068,ar_order,1024
SSYQ1w-650-275802-13671-144360-112336-104867-157595,503,5.36779324055666,0.0031455422285944223,23.506739,23.1031,0.14987989,0.13879825,3.899652083714803,3.871365261077881,4.54421463149007,4.537709362203026,151.57348700086004,1063.6235550009587,ar_order,1024
JCRPTw-618-129107-479691-343332-355104-157595-129013,1894,30.517423442449843,0.0062578716315329075,6.413748,5.172117,1.0686905,0.8982608,2.2086719353993733,2.018759242693583,3.817310713586826,3.893070539135683,3657.8371269988565,17922.287204000895,ar_order,1024
BThtKf-463-324456-428876-160668-329895-295308-99711,1722,31.3588850174216,0.001240023411810398,6.1266556,4.8405075,1.1414951,1.0156946,1.1263816197713217,1.1323986291885375,4.199644740325808,4.210864363296813,3334.6158690001175,16682.37634199977,ar_order,1024
BNXFqp-404-184495-450557-10737-129636-497448-379538,712,3.089887640449438,0.0009845345048233867,14.989153,13.211698,0.20209129,0.19307308,1.9579700390497843,2.0083494742711383,4.592483524965409,4.6281487237468095,131.79026299985708,796.5050060010981,ar_order,1024
7HBFIp-071-294604-416172-427818-181149-278609-175927,1141,7.887817703768624,0.003979463595896959,20.094015,20.26679,0.26648563,0.19514515,4.007224829991658,4.041866938273112,4.5180178888121585,4.53055477185748,334.1362240007584,2429.763301001003,ar_order,1024
fS0Vwp-324-274170-461984-129889-218396-366126-128329,1773,16.130851663846588,0.001755136763677001,13.05296,11.227217,0.57365936,0.46193352,3.529171514511108,3.5608086744944254,4.2810397359087355,4.350086601510948,1123.2332859999588,8406.42248900076,ar_order,1024
MJEnPs-553-484336-261033-237079-274170-257745-343308,1636,5.990220048899755,0.0014303416246548295,13.817377,12.7775,0.2810001,0.27253994,2.1694156328837075,2.2135762055714925,4.653343398099327,4.659794633733574,500.5417900010798,2648.487730000852,ar_order,1024
noHubp-343-163645-17243-410906-219243-161307-221798,1638,6.654456654456655,0.0025536506436765194,13.445306,13.339166,0.3678161,0.28641462,2.950928783416748,2.9031399726867675,4.613821206143248,4.624532133191973,397.79221800017694,3219.2310390000785,ar_order,1024
4sBV1s-535-160927-255765-139119-167772-460359-377902,1636,11.98044009779951,0.0018671865109354258,12.483749,12.93703,0.46539655,0.3645601,2.674180507659912,2.7047866185506186,4.506567503893601,4.548936735295156,778.1005670003651,5734.880875999806,ar_order,1024
IZG94w-666-98443-418034-470600-161118-288253-129889,1707,7.147041593438781,0.004833240993320942,16.5495,15.515042,0.26350018,0.2645917,4.078393077850341,3.579695765177409,4.469913442228678,4.43212717153836,440.12808700063033,3538.214907999645,ar_order,1024
9hvMUf-482-498788-113105-17243-63022-21827-338584,1318,11.077389984825494,0.0011917749652639031,10.50098,10.353302,0.5300329,0.43886033,2.5453313986460366,2.4881313959757487,4.570998671001451,4.560829096768556,695.3000610010349,4360.440748001565,ar_order,1024
TkK5fp-380-229618-476225-311495-339484-11995-7708,1573,6.039415130324221,0.003558315569534898,14.739012,14.703408,0.2836125,0.2232343,3.616804361343384,3.6824392795562746,4.590047384487557,4.59714009415101,344.5398420008132,2830.090596999071,ar_order,1024
9f3Qjw-657-129013-78427-348770-228203-60643-7188,839,7.866507747318235,0.0029710158705711365,16.739294,16.250216,0.29450586,0.24078168,2.5582283178965253,2.5674824555714926,4.504367578291774,4.519105162901918,243.30955500045093,1750.3936199991585,ar_order,1024
mZAhvp-320-51581-316080-475285-152880-108378-407790,2240,19.732142857142858,0.009975253604352474,16.187223,18.067646,0.64552575,0.59133464,2.310442241032918,2.6184857209523518,4.578944169569244,4.330653902884182,2967.975285999273,13908.69495700099,ar_order,1024
aVIkMi-504-436373-35788-166684-274170-363774-493700,826,3.753026634382567,0.01687152311205864,17.970196,16.301449,0.17921937,0.18093462,1.3486358245213828,1.3655163923899332,4.693640252852188,4.673933219829573,114.30297600054473,1165.5408410006203,ar_order,1024
wD39yw-617-350336-91230-365075-384274-339484-27577,918,4.139433551198257,0.01175561361014843,15.600529,15.612984,0.20370905,0.194489,2.4584479331970215,2.4549519062042235,4.632884295371007,4.637613102076813,168.93834300026356,2706.836517998454,ar_order,1024
WWYmkp-135-247007-450251-229950-249772-273892-186349,1032,18.7984496124031,0.02265731431543827,11.697135,11.255753,0.6466733,0.52093935,2.9958550612131756,3.1988508065541583,4.286582347596129,4.3688016484417025,755.8144550002908,5801.001488000111,ar_order,1024
1Q0zzp-067-496080-227228-300626-311379-247007-1214,1044,3.4482758620689653,0.020670078694820404,32.656437,31.76754,0.09720359,0.096595526,4.19701608022054,4.260283120473226,4.722339360052649,4.721007910654091,131.36532899989106,832.231836999199,ar_order,1024
9Mkadp-302-273892-209608-109841-324591-494783-498752,1917,13.928012519561817,0.008960635401308537,13.306232,13.135241,0.46921468,0.40415797,1.5418875773747762,1.6484167893727621,4.515720752798132,4.525891261613305,1065.102028000183,8174.660848999338,ar_order,1024
ui9aDp-122-292323-379538-386883-287427-306759-88721,1070,4.579439252336448,0.009513289667665958,23.590096,18.788326,0.1617065,0.17607844,3.291088930765788,3.0585950374603272,4.669912799542913,4.657285258516562,177.8726810007356,1121.874705000664,ar_order,1024
YLEXwp-335-240298-183720-447487-129636-202035-44660,1633,4.776484996938151,0.019239043816924095,18.11453,17.202368,0.2062233,0.20624697,2.5446340243021646,2.222858921686808,4.6829681103316725,4.6596553640483815,280.5763479991583,2159.7809750001034,ar_order,1024
6TUCvp-352-108130-78807-55646-250174-386302-414547,1874,14.300960512273212,0.02210024558007717,13.790939,14.000294,0.5317915,0.4273723,2.339614741007487,2.4587089379628497,4.332898823229928,4.340448903715491,989.838976000101,8775.070188999962,ar_order,1024
DfzVIp-175-379354-103913-25062-384031-343308-295308,1232,6.737012987012987,0.007324743550270796,17.129486,17.019953,0.2612683,0.24676263,2.1406418482462564,2.095906885464986,4.565484596212629,4.477352350545704,416.75575000044773,2936.7050870005187,ar_order,1024
YuwChp-152-8651-147603-379354-29563-62919-345238,1842,8.360477741585234,0.018081096932291985,23.424725,23.328743,0.29006857,0.20170963,3.877609618504842,3.9698589007059732,4.539671863477684,4.556572500546085,737.2371439996641,4836.720004999734,ar_order,1024
QpHWMp-383-149498-238364-156368-402653-484336-426805,1642,21.74177831912302,0.02199472486972809,12.122189,12.865683,0.8645566,0.6375522,3.2859886010487873,3.310531759262085,4.627143312870843,4.6046156583308315,1650.5089859983855,11456.979109998429,ar_order,1024
RkoxIi-499-395609-17243-276516-68344-191485-476225,1053,19.183285849952515,0.013668406754732132,9.7582,5.2231903,0.80949193,0.6745767,2.3220770994822186,1.9319187879562378,4.463511664733942,4.386191925246745,926.681113000086,6715.786206999837,ar_order,1024
avuTLe-585-474206-355130-317191-361413-333474-248785,1550,11.806451612903226,0.014499159529805183,14.531002,11.17406,0.39118108,0.51908517,1.6967050075531005,1.7894637743631998,4.555415239615854,4.526916479548083,917.2554300002957,5747.399101001065,ar_order,1024
RXuyap-339-457067-332402-329331-281965-472051-353502,1386,8.441558441558442,0.022795502096414566,18.250864,18.70808,0.29678425,0.30774462,1.554559548695882,1.5490689833958944,4.698385558123219,4.567253929766986,612.3430879997613,3624.719011999332,ar_order,1024
cfSfbp-363-68221-13671-186349-322947-197606-339484,1688,12.855450236966826,0.020284058526158333,21.119598,21.837204,0.38455245,0.34628877,3.40204078356425,3.5056113402048745,4.683750575506797,4.682732729300625,793.9341979999881,7338.0018990010285,ar_order,1024
jM2z5p-212-362995-350336-202035-87506-239730-207508,960,3.125,0.008350489661097527,27.234245,27.076817,0.1275,0.09501908,3.3924217859903973,3.4675872325897217,4.727004765682449,4.726458143494411,108.02838999916275,698.5519279987784,ar_order,1024
HxFzMp-357-24999-343332-90733-489807-316694-345238,1056,12.68939393939394,0.008049515075981617,18.133438,15.642078,0.41052675,0.40871263,2.8358582655588784,2.740071105957031,4.673975232153408,4.622771381214158,843.5147090003738,4804.819601999043,ar_order,1024
rllgnp-282-21827-2985-183720-67455-409746-330730,1398,18.812589413447782,0.014075466431677341,12.967633,12.494734,0.668616,0.5337977,1.3652910153071085,1.3645713885625204,4.254142897879343,4.230353987355323,1420.1046930011216,8059.397577999334,ar_order,1024
IJui6p-278-140209-424453-325632-318907-448869-125189,879,26.39362912400455,0.012646407820284367,8.791896,7.8202457,0.9664554,0.75451106,3.14174861907959,3.1188806692759194,4.204487139920165,4.00539097856557,1197.0450059998257,6911.939165998774,ar_order,1024
riuiap-287-319764-286732-35325-55646-391852-1246,1806,5.038759689922481,0.016919877380132675,17.043783,17.318556,0.2374142,0.20541972,2.6905759811401366,2.792920716603597,4.6537840301674,4.662369962585728,330.1922850005212,2833.146046001275,ar_order,1024
9OkIKp-409-379354-383479-166684-320846-480197-361413,1633,3.1230863441518677,0.018505295738577843,30.19805,30.601276,0.088965714,0.08194253,2.519097884496053,2.778468370437622,4.66432900007355,4.663309376900378,188.9768289984204,1502.353818001211,ar_order,1024
vTx6Wp-073-38459-458554-472051-230200-332402-365346,1099,10.009099181073704,0.006727493368089199,15.160769,14.766288,0.33900857,0.30596992,1.9093926986058554,1.9499951998392742,4.48875395642363,4.469334001036273,539.6917229991232,3406.1547689998406,ar_order,1024
9aa0Fp-331-427818-479691-112336-420765-462193-379354,1488,11.491935483870968,0.015810392796993256,18.663752,16.618763,0.44064367,0.33025685,2.5766059875488283,2.501608196894328,4.680863943431472,4.679938107038023,718.012973000441,5507.864438999604,ar_order,1024
Od9CNp-327-140209-326180-101992-35325-166792-451954,1953,10.39426523297491,0.014821072109043598,16.843672,14.437251,0.35214996,0.3461505,2.2841055393218994,2.301922559738159,4.664221394119843,4.6654522741051005,787.2221210000134,6410.899993999919,ar_order,1024
2TcsGp-297-152880-78575-467697-23535-316694-24999,2415,13.250517598343686,0.007391820661723614,14.294775,14.245617,0.47765318,0.36250257,2.675277105967204,2.904331636428833,4.584295265614287,4.553093767144145,1553.9786000008462,10094.26452200023,ar_order,1024
IJFPZp-340-90733-100179-99711-247588-402653-355130,1491,3.35345405767941,0.00944688729941845,14.593506,12.476211,0.24836753,0.25176033,1.7928488334019979,1.7813400824864705,4.69751153597432,4.690413778904432,180.283715000769,1225.166532000003,ar_order,1024
sNYM9p-246-47619-361413-1214-155820-418901-176776,965,28.808290155440414,0.011091777123510838,7.7102785,7.6736746,1.0129098,0.99389076,2.239418315887451,2.2129162311553956,4.535256633907883,3.981861391334562,1032.2830160002923,8993.514711999524,ar_order,1024
OI5Azp-257-60643-225888-294604-334833-14787-125459,1203,4.904405652535329,0.01875906065106392,15.634538,14.842692,0.36371163,0.24335067,1.5381975253423055,1.6368631680806478,4.580024402548701,4.587673000057694,396.1441539995576,2016.1666029998742,ar_order,1024
vhQX3p-288-256377-386883-276335-177955-380077-80661,2229,2.4226110363391657,0.0165446437895298,16.21782,16.212284,0.19678587,0.17174707,2.286321926116943,2.214537000656128,4.6876675740007325,4.6864357876128695,408.72092499921564,1742.7971879988036,ar_order,1024
d4LtRw-656-379354-74769-192385-202921-93885-62534,1673,9.145248057381949,0.009153828024864197,13.564438,13.2971325,0.33776346,0.31613162,3.413814067840576,3.31847661336263,4.4775186222996455,4.479859257178648,699.4916620005824,4897.126641999421,ar_order,1024
dc4C1p-319-469130-53129-287943-116061-476924-448907,1529,17.658600392413344,0.017503265291452408,20.340622,18.83657,0.7392276,0.41922927,2.623253424962362,2.5590695699055988,4.711875269139773,4.7072550727403275,1522.5504440004443,9309.537782999541,ar_order,1024
PSLbbp-359-11995-156368-348733-154883-123704-497426,1430,11.888111888111888,0.021002519875764847,10.66948,9.773277,0.57279867,0.48851454,2.5079388777414957,2.636469109853109,4.666520627712574,4.661986319798538,828.4708989995124,5421.225772999605,ar_order,1024
zVlcap-263-274542-472051-376372-248785-476225-35325,1292,4.102167182662539,0.021863481029868126,16.838882,16.49955,0.20277734,0.18959208,1.2987206856409708,1.267170254389445,4.683905311913026,4.679908358524615,253.41090000074473,1458.447843999238,ar_order,1024
rpdA0p-089-193291-347380-224170-426805-310105-489070,1279,8.913213448006255,0.00744014885276556,13.512754,13.038765,0.36119887,0.33661628,2.031529919306437,2.098521598180135,4.476225579919288,4.480738564715396,423.4024159995897,3307.153310999638,ar_order,1024
O7tsRw-671-38597-125620-126584-128202-343308-240298,1734,7.035755478662054,0.009212201461195946,15.16325,15.234081,0.2933835,0.24153382,3.2054460684458417,3.1253727436065675,4.512786867124631,4.529138360458858,456.26321300005657,3610.1490370001557,ar_order,1024
mCLt3p-410-320846-476924-422977-274323-99711-177809,1085,1.4746543778801844,0.022891782224178314,27.58102,27.679176,0.060672075,0.054809045,2.3080888748168946,2.3384975592295327,4.728651136039214,4.7272689048890415,82.17170799980522,474.2291570000816,ar_order,1024
jFujMp-258-2985-422977-276516-270302-316694-390385,1887,7.790143084260731,0.008067467249929905,17.77121,18.389732,0.30100358,0.22731455,3.528780714670817,3.604989242553711,4.584638437080281,4.547516918477855,611.4213560013013,6129.5359159994405,ar_order,1024
uIq5Cp-346-271293-199372-348733-164849-450557-397909,1966,2.899287894201424,0.015138654969632626,19.93094,17.808386,0.15082994,0.15310155,2.882917594909668,2.944824743270874,4.70786830373076,4.704691357953282,267.63131900042936,1642.8172790001554,ar_order,1024
2HNvip-384-377039-229618-315211-103130-162269-274323,1838,4.243743199129488,0.014237921684980392,20.507442,20.642757,0.21047215,0.1542082,3.8271194458007813,3.830273167292277,4.708167121414792,4.701290215101892,434.8120819995529,3990.8825649999926,ar_order,1024
hImnha-010-474206-125620-494783-410307-474929-314040,1033,9.390125847047434,0.04484827443957329,13.531746,13.626322,0.33483386,0.6746249,1.6356113115946451,1.6887820402781168,4.647601743777165,4.35709955000554,594.5049869987997,4359.177801001351,ar_order,1024
fiBRvp-155-14754-379538-407950-108056-495971-270302,1409,17.033356990773598,0.03848577290773392,9.840666,9.735746,0.66128844,0.5828013,1.797983415921529,1.8254066387812296,4.214062984766776,3.9351088048569363,2106.990370000858,7539.734973999657,ar_order,1024
QzAg3p-413-374393-31166-163645-409369-10737-129013,973,10.38026721479959,0.0511818453669548,23.71487,20.999882,0.30844948,0.26613697,2.14730003674825,2.211146354675293,4.6982996440272995,4.672520549126021,603.3559579991561,3308.9798940000037,ar_order,1024
JLBTXp-060-194617-60643-435517-420765-124439-152419,1024,10.44921875,0.024550464004278183,14.702583,13.952011,0.65066624,0.32737058,4.705730438232422,4.638945992787679,4.613596560506403,4.628584812212944,452.0574519992806,2710.0614470000437,ar_order,1024
k4Lvzp-329-270302-101992-248785-163995-27791-469130,1701,7.642563198118754,0.051412247121334076,17.219341,17.292286,0.34145126,0.28312892,2.6183103720347085,2.7155032952626548,4.704380013057001,4.668241024062214,465.5278610007372,4046.8554609997227,ar_order,1024
ZgJsyp-189-209061-292564-111916-92870-126584-280816,1939,5.002578648788035,0.0409746915102005,18.869026,18.670256,0.22702575,0.19083874,1.55814741452535,1.5263257503509522,4.685947940158754,4.66772359677222,351.0038339991297,3047.86894100107,ar_order,1024
G50hup-092-363552-123056-229618-481410-299323-332402,1114,6.463195691202872,0.028861256316304207,23.412172,24.103176,0.238787,0.1669571,4.183326244354248,4.389463647206624,4.634880227810011,4.645925526820968,265.94139000008,2391.2011890006397,ar_order,1024
8b8sWp-275-88756-348733-183720-134118-226233-129107,1202,3.577371048252912,0.031784262508153915,21.278587,21.427118,0.15624236,0.13965803,3.550541305541992,3.5451558748881022,4.720667151382947,4.715525921495132,155.27812400068797,1163.1754900008673,ar_order,1024
vOT8yp-371-205293-131237-111916-212842-29563-288077,1254,6.220095693779904,0.025580398738384247,15.729206,17.217278,0.28436196,0.28677896,2.971730693181356,2.9014339447021484,4.658409490337812,4.578578716670269,403.9981900004932,2552.7191479995963,ar_order,1024
qmNVhp-128-78575-68344-44660-128101-103130-334242,1283,4.75448168355417,0.03182704374194145,22.321419,24.506622,0.20769547,0.14291109,2.27591290473938,2.325814119974772,4.6313207503771165,4.595473572791497,300.96544600019115,2788.5656710004696,ar_order,1024
8wAd8p-068-329159-165684-202035-119460-330730-447487,1209,11.41439205955335,0.0299910269677639,17.506712,17.573236,0.41161075,0.28478122,3.609040403366089,3.742610708872477,4.497919985689198,4.503369235758789,745.0561660007224,4662.63470100057,ar_order,1024
tXap2p-281-298969-9753-281965-457067-162269-329331,1012,6.8181818181818175,0.026187583804130554,18.12075,17.741318,0.24549718,0.2130822,3.279489103953044,3.1258997122446694,4.693017176401934,4.664809894783872,256.80652700066275,1885.508673000004,ar_order,1024
fdXdMp-313-165684-111916-348770-380077-145384-347380,1440,12.777777777777777,0.03389327600598335,16.832945,17.321613,0.47355282,0.3926208,3.062964153289795,3.011421807607015,4.6631757598552275,4.590784968075137,698.913222999181,4602.382123999632,ar_order,1024
Jpj5sp-423-369034-108056-487747-295308-1246-219243,1468,8.583106267029974,0.05191738158464432,18.968428,17.83087,0.36341283,0.26543987,3.573444048563639,3.763248062133789,4.68924542734202,4.664075269033185,551.4502750011161,3404.6374070003367,ar_order,1024
maM4mp-267-195572-141428-108130-299323-8651-456735,1158,7.512953367875648,0.0453246608376503,28.048409,29.091171,0.2331568,0.1641667,3.263635285695394,3.357380263010661,4.724261129898096,4.71191647569332,414.5149920004769,2349.514931000158,ar_order,1024
Aal0cp-183-209061-91230-492922-2757-317191-461984,990,4.545454545454546,0.0922110378742218,17.811773,17.702349,0.20786637,0.18671495,2.158796850840251,2.072983233133952,4.644667344313066,4.641752827356578,222.36926200093876,1205.2948769996874,ar_order,1024
m5rDOp-062-377273-156368-185152-188815-186260-486330,1445,11.003460207612457,0.02404632605612278,17.205273,15.783804,0.38346517,0.28325292,3.6634830156962077,3.668511422475179,4.497653241326978,4.544285898630945,647.7936669998599,5384.502241000519,ar_order,1024
IIhdup-184-282845-322947-195637-315211-10737-386302,986,6.896551724137931,0.07097651064395905,22.131807,22.134245,0.30138397,0.193312,1.4225741942723593,1.4511513392130533,4.600164015567599,4.630328522685328,313.5201099994447,2049.8844329995336,ar_order,1024
eiJpip-223-216978-247588-305230-165168-65123-203381,1402,10.556348074179743,0.04873007535934448,16.773104,16.773788,0.3847905,0.31862497,1.4858277082443236,1.3899493296941121,4.513780839376848,4.437451166540952,546.7797660003271,5012.175286999991,ar_order,1024
uYOkKp-107-143976-376902-185152-437215-90733-10048,968,4.338842975206612,0.029287779703736305,22.905842,23.42801,0.15101671,0.13022049,3.257303015391032,3.4076237042744952,4.627266534832586,4.6109432795434,152.74481200140144,1134.771479999472,ar_order,1024
DWrC0a-013-57191-1214-242009-327883-379538-476225,1033,12.100677637947726,0.0352642759680748,10.080759,10.078155,0.53895617,0.526483,1.363063677151998,1.3716803153355916,4.554011573117663,4.376607844284383,515.2425470005255,4439.229931998852,ar_order,1024
6maFGp-305-129013-193291-68221-152880-38506-163335,2424,17.863036303630363,0.02638908289372921,18.149994,20.366392,0.5891306,0.47412014,3.6500680446624756,3.714154815673828,4.663486221634359,4.64893239507064,2886.965670000791,13353.863852000359,ar_order,1024
fZg66p-070-68221-216978-377273-239730-53784-3467,994,29.577464788732392,0.03719060495495796,19.116928,19.30668,0.8667769,0.6536669,3.726487096150716,4.150328286488851,4.583197479431697,4.551302755110137,1753.7199340004008,8513.016758000958,ar_order,1024
CF7Gnp-165-481033-25721-175927-209061-312468-108378,1919,17.509119332985932,0.03301472216844559,13.672862,13.722727,0.6051886,0.45121726,3.30297212600708,3.2853290398915607,4.338759014975638,4.303970984461999,1235.366184000668,10889.831381000477,ar_order,1024
tTMeWp-326-264357-280816-2985-25721-189658-311379,2359,8.902077151335313,0.04867259040474892,23.551771,24.662487,0.3097404,0.250842,3.3623856862386066,3.4688049793243407,4.697774683976116,4.705087470096498,762.2964269994554,5983.476306999364,ar_order,1024
kDEiGp-268-254920-474864-52991-170820-165168-328121,1029,24.101068999028183,0.09233691543340683,7.201215,6.6443663,1.4287277,0.83610296,1.9297403971354166,1.947440775235494,4.558091035569972,4.499290852864386,1545.9865279990481,7200.82099299907,ar_order,1024
rkSMcp-349-162269-339484-74769-12865-363552-41411,1411,14.386959603118354,0.02514478750526905,16.96735,17.298302,0.48057398,0.44843805,1.7126692374547323,1.5952166716257732,4.689585476003481,4.501399645465915,1294.7635279997485,5457.532603999425,ar_order,1024
FZwvbp-205-349816-138959-261033-383479-409369-152140,1111,28.26282628262826,0.03914736211299896,13.906875,12.088865,0.8861499,0.7753572,2.5571046670277915,2.432296371459961,4.588760921331731,4.340405683228059,1298.0606450000778,9863.533498999459,ar_order,1024
ie6iSp-097-407790-253414-334074-464643-167361-80351,1395,3.942652329749104,0.03198687732219696,29.142244,29.36485,0.11013889,0.0936641,2.53106156984965,2.423753531773885,4.64108355763911,4.646209820757807,200.48845099881873,1408.3735499989416,ar_order,1024
Q1VJ4p-396-67099-191485-442126-324310-384031-392966,757,0.5284015852047557,0.04145583510398865,50.515953,50.87908,0.01358259,0.012880604,2.5325076580047607,2.5507133483886717,4.731970666875666,4.731259023660179,15.193985998848802,95.47409299921128,ar_order,1024
BLAVyp-401-374393-353502-276516-464643-247007-280816,1578,17.743979721166035,0.0333615206182003,10.893893,11.095463,0.6733205,0.5218311,1.3650073687235513,1.3261180798212686,4.5936319712745695,4.548626812196635,1116.336400000364,9459.368395999263,ar_order,1024
qx9MPf-447-243466-253414-78108-327883-41798-186349,1722,15.911730545876887,0.0489613376557827,8.571678,8.307528,0.70044833,0.6573814,1.586979579925537,2.3144992351531983,4.326576900192859,4.319750354022713,1000.0697300001775,9520.683881999503,ar_order,1024
4fsgkp-253-311495-209061-229618-287427-276516-38459,1013,6.811451135241856,0.02615589275956154,18.181225,17.417004,0.27203596,0.21211751,3.243277835845947,3.293553431828817,4.6864655403439635,4.655305811333851,279.3735810009821,1763.31022299928,ar_order,1024
u3JmNp-105-377036-373629-177809-287789-419538-221798,1057,9.082308420056764,0.03273187577724457,19.332098,12.318842,0.42496523,0.33500504,3.5083887577056885,3.1573776880900066,4.682937062824159,4.561341043169085,367.7086949992372,3243.909729000734,ar_order,1024
7gnoMp-243-13140-469001-90733-352371-418901-62534,1349,14.381022979985175,0.03019716590642929,12.153281,12.036962,0.68434674,0.47303128,2.117782402038574,2.360973914464315,4.640560095105905,4.58630752384752,980.2388259995496,7627.10740699913,ar_order,1024
WYTgYp-403-306759-7708-254913-153980-163947-460359,1450,4.206896551724138,0.0560128353536129,15.93062,15.230241,0.24807073,0.22208427,3.5847482363382976,3.3329076449076336,4.679829637685317,4.660727693588546,362.86854299942206,2227.3661510007514,ar_order,1024
zRlcSp-181-25062-53784-123056-333757-268363-211084,1709,6.1439438267992985,0.025759130716323853,17.544422,17.932474,0.26747262,0.23090667,2.3505781809488933,2.5023025353749593,4.657781965185935,4.516191573987229,686.6101899995556,3778.928226998687,ar_order,1024
TaYTvp-415-63022-179855-481410-392966-38597-437270,762,4.593175853018373,0.03335783630609512,20.976402,21.054628,0.23588587,0.16404802,2.7094964027404784,2.6670697689056397,4.703201340544586,4.682962423194627,163.39453999898979,1447.0914609992178,ar_order,1024
9kbanp-261-50416-108056-469001-231167-334074-209061,1007,5.958291956305859,0.026795921847224236,16.599178,16.021877,0.27790472,0.2356997,2.433303642272949,2.318488041559855,4.678500081049555,4.633679600642884,237.7809179997712,1947.1826850003708,ar_order,1024
DLZvmp-426-78108-128329-469130-165684-261033-84004,868,7.71889400921659,0.026906199753284454,21.285284,22.186512,0.26050463,0.21152598,4.081222756703695,4.254164218902588,4.6952440760279455,4.676076613882193,330.3553189998638,3590.081222999288,ar_order,1024
i0Ocoe-610-395609-211084-211212-108056-187519-202035,1390,9.784172661870503,3.9601487515028566e-05,12.7463255,11.590828,0.39824378,0.42923465,2.117760944366455,2.051401122411092,4.63966640487573,4.592544288672565,1843.8564079988282,4905.584649000957,ar_order,1536
PBDVAf-465-366971-117533-197606-160943-60681-25579,1722,3.426248548199768,2.0712036530312616e-06,20.662832,15.582022,0.17856453,0.20490988,2.5724644025166827,2.5152503808339435,4.701616680084978,4.683506688307193,975.3247349999583,2355.594544998894,ar_order,1536
sF1D5f-429-45816-14754-487747-347380-61770-187519,918,1.4161220043572984,6.66032019580598e-06,31.506529,26.548649,0.055066507,0.058862533,3.1021335124969482,3.1198371251424155,4.729804051927864,4.717884474973614,218.4278799995809,732.0323140011169,ar_order,1536
8lHaxa-001-437270-91230-96853-392966-377039-493700,1033,8.712487899322362,1.6546022379770875e-05,14.148202,14.277001,0.3607923,0.30191675,1.718252420425415,1.6436271826426188,4.6670998190967365,4.546504564130193,981.0491580010421,2997.9192939990753,ar_order,1536
wH6bMa-009-144175-39168-315211-114587-333757-10048,1033,7.55082284607938,4.100139267393388e-05,14.718004,14.526897,0.41300297,0.25926057,1.4843244949976604,1.6192034403483073,4.537255575099476,4.570065262248283,491.65006799921684,2534.032430001389,ar_order,1536
l3Lvae-611-211084-218396-212842-198509-334833-311379,1390,4.244604316546763,4.941728548146784e-05,22.194408,22.449682,0.15692732,0.17260428,3.3804975509643556,3.3424310525258383,4.709513793480642,4.698576617349067,392.647560000114,2193.532517998392,ar_order,1536
cmHjrf-493-348077-309854-224170-458554-202179-472051,1722,16.144018583042975,0.00013046321691945195,8.567632,8.0353565,0.65768594,0.748276,1.2588838736216228,1.2704020102818807,4.396786059720775,3.9656656448414305,2451.5747650002595,9246.176573000412,ar_order,1536
9srcUf-448-162832-472051-219243-152140-401183-304828,1722,11.091753774680605,7.126033096938045e-07,11.168689,8.640058,0.5131158,0.739388,1.4528260707855225,1.5684954007466634,4.6241922716241355,4.575881817308079,1772.82790100071,5683.631296000385,ar_order,1536
pMchYa-011-461984-248646-131237-259340-281965-474206,1033,3.291384317521781,7.092276973708067e-06,17.43257,18.088385,0.1817797,0.18423371,1.5700257301330567,1.5320311705271403,4.6949423876463285,4.647542451062481,492.80467099924863,1210.8869570001843,ar_order,1536
rqqrUf-476-372299-90733-207508-318838-254913-53278,1590,15.786163522012577,1.0736808690126054e-05,11.38415,11.191504,0.63387835,0.6404994,2.9697723706563313,3.057109022140503,4.632405562170371,4.490676734200891,2221.3236239986145,7710.92929400038,ar_order,1536
KWj8Li-521-358526-235375-78807-67455-237079-21827,802,14.588528678304238,5.653791959048249e-05,11.749077,7.0881944,0.5662572,0.5559132,2.69379145304362,2.79131654103597,4.427482520365464,4.29343322901668,880.2252550012781,3180.3204709995043,ar_order,1536
LIJKja-026-447487-148409-188815-38506-78427-479691,1033,5.517909002904163,1.2104389497835655e-05,15.584203,14.204351,0.24496476,0.2674981,1.5338789463043212,1.4761790990829469,4.669311613092149,4.58807989110006,365.65952300043136,1511.0603449993505,ar_order,1536
P4ZKje-597-228203-427818-407728-174918-211212-250174,1550,22.967741935483872,0.0001234940718859434,9.7485285,7.4536686,0.7804055,0.79549354,1.6307161092758178,1.7274254083633422,4.428798736844495,4.353610890721703,2419.213860999662,13637.358758998744,ar_order,1536
zoFKbf-438-268009-220507-287943-286732-24538-454712,1653,12.583182093163945,5.697601750398462e-07,13.421219,9.761576,0.4628781,0.5489883,2.183265956242879,2.205212116241455,4.612288561764989,4.498938126159729,1348.9069979987107,8265.371564000816,ar_order,1536
FPRIpe-578-474864-126584-425422-304828-148409-10737,1550,9.096774193548388,7.081195508362725e-05,16.918793,13.510548,0.30746922,0.4203241,3.2972699801127114,3.1883371512095136,4.673672033125636,4.50115343043468,1035.8027759994002,4192.880648000937,ar_order,1536
Th8NDe-613-23535-495997-395609-270487-329331-383770,1390,14.100719424460431,8.22431466076523e-05,14.274255,11.3518,0.447353,0.6202531,3.0143583615620932,2.9091538111368815,4.631000106865375,4.540372948611862,1371.4469480000844,8003.296480999779,ar_order,1536
KFAl8f-427-406364-361413-456735-410307-286869-348733,1722,18.641114982578397,5.997956031933427e-05,11.303226,10.059871,0.55043715,0.5405331,2.071355668703715,1.957603629430135,4.411054542490758,4.447802373401414,2300.428157001079,12296.11079300048,ar_order,1536
rn9v1e-583-369034-383770-175927-399756-390385-383479,1550,11.67741935483871,1.7469614249421284e-05,12.996933,12.973657,0.41810933,0.4408323,2.894950358072917,2.9075679620107016,4.6168811993032195,4.477601174716817,1269.1267829995923,7535.3833439985465,ar_order,1536
SnJBwf-434-37928-376902-480197-51581-328121-350223,1378,5.732946298984035,1.790127271306119e-06,16.276775,16.046267,0.28679538,0.26353887,2.0441596349080404,2.077838158607483,4.676899903849056,4.675292785367748,584.0949630000978,3402.697496001565,ar_order,1536
amZyRf-444-7708-476924-468905-275802-405424-380077,1722,2.5551684088269457,3.279495786046027e-06,17.668892,17.492743,0.15660416,0.17389691,2.04551583925883,2.0411561489105225,4.703895372588222,4.691741552005194,296.90064799979154,1457.2383809991152,ar_order,1536
a4WwUa-043-141142-113619-397909-469223-287427-421926,1033,26.427879961277835,3.878655479638837e-05,8.616442,7.115178,0.8644619,0.83541006,1.3239261706670125,1.3635889689127605,4.306561362545898,4.311302563568146,1975.1613329990505,11551.799820999804,ar_order,1536
mvvOnf-472-106-135410-148409-334242-45816-353502,954,4.5073375262054505,4.8512858484173194e-05,16.4363,13.720823,0.22638379,0.25050145,2.956630754470825,2.956031354268392,4.650304348674861,4.66360439206706,293.58949400011625,1238.803407000887,ar_order,1536
oRqMra-058-167772-480197-43889-36331-135873-265166,1033,2.904162633107454,6.2980648181110155e-06,26.866034,23.699478,0.11028262,0.09722069,3.261893939971924,3.252778244018555,4.726243195218701,4.715572900642111,196.30661900009727,815.910002000237,ar_order,1536
1rIrKa-023-409746-287789-276335-17243-340579-260428,1033,1.6456921587608906,1.7720502000884153e-05,21.769268,21.201118,0.09246722,0.085231066,1.6311984697977702,1.65501762231191,4.72370469929621,4.72631790379647,119.06981399988581,603.5798280008748,ar_order,1536
xX6Wce-607-140209-262731-151331-7708-427818-497426,1390,3.741007194244604,2.83738954749424e-05,20.28209,19.382,0.15496574,0.17413251,3.0569975058237713,3.0163075923919678,4.715909968464936,4.703061676748917,868.4255280004436,2608.194521999394,ar_order,1536
3hvoVa-051-2307-202921-218396-175927-14787-464643,1033,5.324298160696999,1.6514632079633884e-05,18.705786,18.710653,0.22468692,0.19625436,1.6752002318700154,1.8227620283762613,4.688495988026656,4.653315535173056,359.16246400120144,1440.3981059986108,ar_order,1536
87hwjf-487-426805-60643-437215-160943-182650-407728,1181,5.080440304826419,1.0143882036572904e-06,15.95248,13.499173,0.24048233,0.35384107,1.443589719136556,1.466805648803711,4.695825116124303,4.638075214143783,471.1000110000896,2662.9262280002877,ar_order,1536
98pQ7f-492-161118-44660-2985-495997-227228-191485,1722,3.948896631823461,3.370679678482702e-06,21.176868,20.851194,0.14843775,0.18433112,3.3727453072865803,3.1999722480773927,4.699584424543929,4.5827145781910215,440.0817059995461,2255.308651998348,ar_order,1536
9a98Kf-464-298969-472051-292323-179462-78575-496080,1181,7.281964436917867,5.5254073231481016e-05,16.383669,16.092552,0.26830664,0.23591566,3.261968994140625,3.062396017710368,4.437318259037384,4.52778068739836,650.1251720001164,3536.110512999585,ar_order,1536
WVKBPa-017-469001-13769-309009-430207-5054-14754,1033,3.581800580832527,4.264206836523954e-06,19.300983,18.402216,0.16078229,0.18058527,3.740120601654053,3.7368154525756836,4.711895842844689,4.644615289715363,358.5624289989937,1977.9102579996106,ar_order,1536
k2rvsa-021-181149-117176-94351-2985-340579-209061,1033,4.162633107454018,1.384729148412589e-05,18.7815,16.77567,0.24830222,0.19186838,1.9059382359186807,1.9601531664530436,4.694146559753527,4.6726605755923805,455.05925900033617,2133.079713999905,ar_order,1536
GptLba-028-467697-29563-495971-437270-5575-211212,1033,2.3233301064859635,2.764441342151258e-05,20.051304,19.857666,0.12540124,0.1286274,1.7705811897913615,1.7861559708913168,4.687764178032568,4.67350320806846,368.9032040001621,1150.5742099998315,ar_order,1536
3EBeof-459-212842-454791-192385-495971-180085-113105,1033,16.747337850919653,3.53978066414129e-05,12.854835,12.897524,0.5096048,0.59605014,2.0896731853485107,2.0707279284795126,4.599938438235555,4.570369049648864,1722.0942500007368,6191.961247999643,ar_order,1536
8C0b9f-461-182650-228203-8651-240298-176776-186349,1704,3.814553990610329,5.752473225584254e-05,17.851673,17.655666,0.16972475,0.2556238,3.6209962685902912,3.5164163589477537,4.70815143064509,4.574303338421345,786.4894009999261,2101.702602001751,ar_order,1536
f5sCDf-435-355130-41798-395609-377902-35325-116061,1378,11.901306240928882,9.696379493107088e-06,13.60648,12.137364,0.43762603,0.53676504,1.8439874092737834,1.8585299015045167,4.643731561948355,4.370439885318251,1885.3151809998963,5264.130412000668,ar_order,1536
5LZsPp-295-239730-414547-129636-470600-495997-1214,1207,22.535211267605636,6.921367457835004e-05,9.506039,4.7861476,0.7741702,0.89949673,1.8855257193247477,2.2936182975769044,4.143078084331934,4.215369363113048,2367.3993659995176,8584.59560799929,ar_order,1536
rxhq2p-211-212526-349828-67455-407790-412326-143976,1183,7.185122569737954,2.8749458579113707e-05,15.345491,8.128906,0.4170892,0.4260253,2.5521825472513835,2.694905169804891,4.536950364054456,4.41684576485326,558.1683330001397,2908.816745999502,ar_order,1536
7j8l2a-034-50416-4800-287427-123375-143976-264357,1033,3.0977734753146176,8.71249631018145e-06,18.956383,19.171223,0.16244279,0.17351723,2.4863879680633545,2.5078099568684897,4.691109079601451,4.583644796206832,206.1800020001101,831.1267190001672,ar_order,1536
cedJli-522-192385-152140-262731-156368-123704-333757,719,5.285118219749652,5.254780626273714e-05,18.562767,12.783682,0.20846684,0.24270111,2.0170373996098836,1.942058269182841,4.251348804293991,4.387242218315986,242.999439000414,1439.596194000842,ar_order,1536
uHCIZa-015-146882-87506-304828-333757-5054-62919,1033,8.615682478218782,1.7520515029900707e-05,14.140959,13.6744175,0.32375494,0.36958027,1.3460463444391886,1.3666882276535035,4.5914794653363105,4.595398986074179,585.7800369994948,2827.978293000342,ar_order,1536
UKnMcp-124-361413-129636-57514-52991-68221-81956,1381,20.926864590876175,0.0001672373036853969,18.241531,9.998638,0.5952832,0.5534655,3.4975059986114503,3.2229876359303793,4.362952891814018,4.510345665221804,2157.9780030006077,10040.601315999083,ar_order,1536
5ALjRp-161-333766-240226-4800-482510-113619-84055,1026,26.803118908382068,0.0008019127999432385,6.5870337,5.9894648,0.9604389,0.8914566,1.2143111149470012,1.2341734727223714,4.0557028605919445,4.015295342934145,2034.9216409995279,9316.8307119995,ar_order,1536
Paqf1p-119-254913-443221-90733-163645-32125-188815,1450,9.034482758620689,0.0004479943308979273,15.218174,15.259105,0.30465302,0.26824865,3.2330146630605063,3.2721810340881348,4.459227269243309,4.492433167340584,956.2734070004808,3871.11192500015,ar_order,1536
lDN6of-450-91840-427818-353502-327883-210172-489807,1722,25.02903600464576,0.000440589792560786,7.508361,3.7844536,0.96195143,0.84086514,1.5074371735254923,1.6102588256200154,3.865992317544394,3.976179273303366,3230.3749149996293,15233.59602399978,ar_order,1536
JRGxpf-495-78575-358526-483339-81956-229618-247007,1722,14.227642276422763,0.000252309167990461,9.33884,6.991377,0.6547763,0.73779345,1.150044576327006,1.1362325032552083,4.420372305243916,4.380421328728484,1886.6384049997578,8355.233907001093,ar_order,1536
yc5Hmf-494-469130-474206-203381-91840-123056-149498,1722,13.472706155632984,0.00020981418492738158,10.865658,8.483366,0.5309519,0.5888608,3.159212096532186,2.8959124088287354,4.490244185627513,4.405970586309168,1566.1604079996323,7928.314199998567,ar_order,1536
6UNJZa-025-136860-357104-38459-89725-366126-252054,1033,9.390125847047434,0.0008322022040374577,14.0454235,13.876835,0.34317604,0.3413632,1.2127074241638183,1.220318905512492,4.592348288836915,4.563780639264191,793.6071129988704,2709.1750010004034,ar_order,1536
CrjLKf-468-374393-49022-14754-240504-316080-236920,1722,6.562137049941928,0.00014622832532040775,15.773254,14.967821,0.28526908,0.34062585,1.2938961187998455,1.2892689863840738,4.6978916202796155,4.68546079654975,888.7254670007678,3595.909240000765,ar_order,1536
wkCjvp-408-175927-2985-407790-280816-275802-343332,1046,15.965583173996176,0.0001569680607644841,17.769526,15.991669,0.49013662,0.38272277,2.8434473355611165,2.8010064601898192,4.5801363543710405,4.615727356312876,1190.2405279997765,5594.920663001176,ar_order,1536
bnEKPi-496-131237-487747-10048-112031-352809-171454,719,13.908205841446453,0.0004139196826145053,12.887566,8.300549,0.49136588,0.50250316,2.0699642658233643,1.9066507895787557,3.612868171972128,3.7705471558171606,726.3471819987899,3555.919903001268,ar_order,1536
FW6BFp-225-129636-418989-280816-386883-462467-306759,1649,6.24620982413584,0.0004694216186180711,15.710438,15.49409,0.24909495,0.23174275,1.8562291145324707,1.7852514584859211,4.553421230416819,4.586377777006152,1085.4130839998106,3438.4283180006605,ar_order,1536
cZ9D6w-670-134118-41411-423587-125189-84055-98443,662,4.984894259818732,0.0007059596828185022,17.323112,17.008688,0.18100907,0.16544382,4.1018442471822105,4.309861437479655,4.5809390273708,4.591096833050346,474.39584499988996,1475.6110510006692,ar_order,1536
xlckps-555-489807-93885-138959-23535-14754-299323,1636,10.880195599022006,0.0007390778046101332,12.175603,11.366176,0.43249908,0.37255183,1.577307693163554,1.513780426979065,4.534458769045675,4.541092120211041,1546.3047760003974,6202.185758000269,ar_order,1536
xDMmqs-548-333766-165168-462328-336612-442126-284808,1636,9.7799511002445,0.0005077441455796361,14.600705,12.228765,0.32996026,0.31843626,1.3533632357915242,1.3573425134023032,4.37112815091054,4.460056289723203,1048.2278629988286,6387.489245000324,ar_order,1536
FSyUys-545-306052-88756-228203-369609-91230-448907,1240,3.467741935483871,0.000898472499102354,17.478369,16.655247,0.18655586,0.17781775,1.4145490090052286,1.4155362685521444,4.652262921252285,4.657674843316254,280.540691999704,1590.2910810000321,ar_order,1536
FiS63i-513-129107-287427-185152-454791-121010-285778,918,29.956427015250547,0.0005593721871264279,7.1823316,1.4130273,1.0485264,1.060506,1.9283906936645507,1.8997642755508424,2.654203777865134,2.5943699043860815,3221.9488880000426,8894.2063960003,ar_order,1536
AHwsQs-538-108297-304214-140209-237079-426805-448869,1636,26.5281173594132,0.00042765779653564095,7.3384995,3.6319387,1.3824302,0.8868801,1.2310488939285278,1.3045188109079997,4.108044132963802,4.155616271771713,3768.0219400008355,14796.764953000093,ar_order,1536
cUyODs-564-324456-286869-479691-123056-485468-274323,1636,14.60880195599022,0.0006575641455128789,9.686088,8.91971,0.6046953,0.5272364,1.4832102219263712,1.385419201850891,4.502254194217449,4.509057994007684,2723.7865240003885,7787.0901500009495,ar_order,1536
WOhKts-537-450251-294604-27791-350223-235375-383770,1636,15.158924205378973,0.00046492001274600625,11.873903,11.866055,0.50654435,0.4080185,1.97801513671875,2.08563338915507,4.486802335151968,4.516495101200503,1675.564615001349,8814.232492999508,ar_order,1536
Mtnx5i-515-495971-279778-348676-11995-306560-418034,744,3.225806451612903,0.00028512379503808916,18.332895,13.036684,0.15174188,0.21477856,1.7304648319880167,1.747588562965393,4.684865467991331,4.68369905732613,151.74624700011918,691.6018679985427,ar_order,1536
fiDqFe-589-306052-37928-421728-166792-414547-458302,1550,7.548387096774194,0.00034323649015277624,16.692566,16.954802,0.31746316,0.24213202,3.287138271331787,3.269094769159953,4.628072667919784,4.64525710840014,857.1793499995692,3563.282437000453,ar_order,1536
KIklei-503-156368-5054-151331-161307-380077-177809,898,12.138084632516703,0.000185836324817501,10.716511,7.3023553,0.5231562,0.5354374,1.7466360330581665,1.6253169377644856,3.5331757044271503,4.0058350803952445,714.5095319992834,3762.3485380008788,ar_order,1536
0Rve0i-524-469450-332402-376902-283921-64116-240504,1140,5.087719298245614,0.0009046242921613157,18.622744,13.781915,0.19871657,0.22248422,2.525009298324585,2.4209085782368978,4.273628319301166,4.297072576204511,374.739935999969,2053.665756000555,ar_order,1536
IJqofi-526-68304-236920-183720-152419-94351-316080,661,34.493192133131615,0.0003945751814171672,6.871969,2.4743361,1.2871116,1.1542375,1.9319442828496298,1.7425527969996135,2.55327879715908,2.278965419289246,1839.4170749998011,8246.2507679993,ar_order,1536
vAlA7f-458-390385-16661-177809-112031-325632-365075,954,1.4675052410901468,0.00048059478285722435,32.764366,34.63596,0.042217482,0.03657896,4.724086983998617,4.713126945495605,4.720085465475506,4.718936311797268,89.89634499994281,368.2875559989043,ar_order,1536
oK9Hxs-550-7708-104867-460359-299323-420765-264795,1636,3.850855745721271,0.0009720592643134296,20.44509,19.235317,0.13974376,0.13485967,1.3360953728357952,1.3432940085728964,4.688949070841167,4.693191223358657,463.0576250001468,2512.8850919991237,ar_order,1536
kxh9is-563-24999-276516-377039-462467-365075-67099,1636,6.418092909535453,0.0009378857794217765,17.585363,16.675758,0.22636797,0.19962704,2.1169660727183026,2.132744884490967,4.602747989421031,4.617611283920165,908.7393339996197,3483.0000849997305,ar_order,1536
Q4PCSi-506-317415-237079-78108-78427-235375-285778,1152,8.072916666666668,0.0002790152211673558,17.77069,14.275116,0.283624,0.2802963,2.583746385574341,2.3867658774058023,4.232577386304247,4.43805005154823,966.8517069985683,3851.6092030004074,ar_order,1536
zKb4se-576-475285-202921-407950-32125-236920-469001,1236,14.64401294498382,0.0002435800852254033,14.08277,11.83967,0.4806194,0.49676284,1.9903082847595215,2.0336976130803426,4.577315734378603,4.43047094350306,2143.8920679993316,6105.004889999691,ar_order,1536
EZwkWp-195-116061-37928-384031-166684-14787-96948,1442,15.53398058252427,0.0007670152699574828,16.208378,12.4214735,0.48735234,0.4076722,3.850659720102946,3.6599275430043536,4.314182998033266,4.313467952122624,1954.0677210006834,7473.291493999568,ar_order,1536
rjyWTe-587-151723-247588-123704-129889-250174-123056,1550,12.129032258064516,0.000710091320797801,13.194965,12.638818,0.43855402,0.44131902,2.0479132493336993,2.1447123606999714,4.5595481664377955,4.556943928652296,1644.4851090000157,6258.418387998972,ar_order,1536
44Zbvs-567-179462-358526-13671-355104-116061-343332,1636,7.396088019559902,0.00030473197693936527,13.82337,11.117529,0.30948654,0.2982633,1.2014516671498616,1.1911816835403441,4.634714073494975,4.637432805591721,786.6134139985661,3687.475840000843,ar_order,1536
ofs2Us-561-469223-161307-229618-187519-295308-129107,1636,15.831295843520781,0.0003641763178166002,12.209716,11.134693,0.51410025,0.42922172,3.255529435475667,3.2304631233215333,4.293642554205138,4.309511889497868,1884.6163460002572,9875.563949000934,ar_order,1536
jhRr0p-088-489070-351855-386883-172725-333766-16976,1661,16.375677302829622,0.0008774544112384319,10.574806,10.34336,0.6005275,0.5297244,1.9356798807779947,2.0302396217981973,4.268335610032463,4.246465385702604,1870.5581569993228,10060.217976000786,ar_order,1536
ItvEYp-187-347380-151331-160943-343502-92870-286732,1222,5.973813420621931,0.0003424148017074913,16.33599,15.836784,0.2298133,0.21239357,1.9340563774108888,1.975274682044983,4.5734375097656645,4.6061012009268865,467.3635570015904,2737.075384000491,ar_order,1536
9ImS8p-321-63022-306759-480197-355130-205293-103130,1065,1.4084507042253522,0.0003738635568879545,29.372911,30.424402,0.057037782,0.048352707,3.929667011896769,3.9384480476379395,4.722523433586346,4.717741610680049,100.19559299871617,430.4631689992675,ar_order,1536
PiKSIp-112-109021-465867-125189-123174-211212-334242,1021,9.10871694417238,0.000980529235675931,16.312534,11.522203,0.33356753,0.33989438,2.2256293137868246,2.1019247849782308,4.458850693053017,4.489129195583333,842.3612639999192,3311.2316630013083,ar_order,1536
5Lu6ui-514-135410-151381-124082-173176-644-324310,744,9.946236559139784,0.00026409313431940973,13.370652,7.6143622,0.37991562,0.45429707,1.5361828565597535,1.5646201928456624,4.58817978531297,4.544340465759778,502.3195840003609,2457.341888000883,ar_order,1536
69ZMRp-276-162832-2757-113105-349816-17243-289593,1207,16.23860811930406,0.0009542101179249585,12.52289,12.481514,0.5223009,0.4678855,1.3647877295811972,1.3558868805567423,4.355648560155443,4.337515682473649,1441.7503719996603,7899.809718999677,ar_order,1536
caQa9p-079-134118-41798-311327-343332-125459-231167,1139,6.409130816505707,0.0008238053997047246,24.558714,24.906542,0.16662988,0.14689778,4.341323788960775,4.384556865692138,4.536083647821687,4.549334232680773,465.83014399948297,1962.0155339998746,ar_order,1536
zQSXvp-215-498788-407950-152419-25062-51581-3467,1400,17.57142857142857,0.0010821843752637506,10.5856085,9.884859,0.62904733,0.4952608,1.8694224198659262,1.9467108805974325,4.216787368567094,4.266378453666752,2006.2644530007674,9831.978271999105,ar_order,1536
3Fszap-093-117533-332219-451954-336612-141428-265166,1116,6.451612903225806,0.002600878244265914,16.662386,17.113876,0.23119266,0.20272827,3.959795602162679,3.8954732100168865,4.5461133220388215,4.56001865217826,485.19287800081656,2572.379630000796,ar_order,1536
oJJGwp-325-47619-442126-2985-182650-124082-457067,1710,4.035087719298246,0.0017253782134503126,17.90099,18.020685,0.18369313,0.17518146,3.2947904586791994,3.213174057006836,4.671219148278887,4.664344490900801,513.232559998869,2459.6211850002874,ar_order,1536
0mk6rp-310-146145-90733-51581-27791-50416-437215,1608,1.7412935323383085,0.0014768074033781886,24.846441,25.171051,0.081957065,0.069478154,2.2880891799926757,2.335781145095825,4.714599985090108,4.715644586315811,179.9454149986559,738.0737379990023,ar_order,1536
lzFhsp-134-377273-280816-60681-369034-268009-11995,1625,3.076923076923077,0.0012218672782182693,27.330223,23.376328,0.098041624,0.0995268,4.7663880030314125,4.751726531982422,4.687598474623767,4.68296538291884,720.1362639989384,2039.993829001105,ar_order,1536
5OQdwp-063-348077-460359-16661-112031-224170-197606,1404,2.7777777777777777,0.005658838432282209,19.039934,18.898523,0.13499631,0.13382638,3.508359162012736,3.4717224915822347,4.655706708422928,4.657052287363374,329.4343139987177,1472.733218999565,ar_order,1536
am1FVp-234-380077-145165-25579-145555-311495-324310,1208,5.380794701986755,0.004206848796457052,16.814323,16.90951,0.22653957,0.2163515,2.950210618972778,2.5437985261281333,4.5696105034490815,4.500798260920511,578.3405379988835,2705.9362010004406,ar_order,1536
1zDUvp-298-108297-119460-56896-348770-68221-98443,1510,2.5827814569536423,0.0020352303981781006,18.815397,18.827974,0.13826951,0.12157648,4.821334393819173,4.823088137308757,4.651727215742916,4.652103224437506,367.67254199912713,1649.2361560012796,ar_order,1536
cqZnBp-237-143976-377902-462328-483339-384274-414547,1322,8.245083207261725,0.005321722012013197,14.484159,13.458084,0.30213997,0.3270266,1.3789315382639566,1.4637683391571046,4.553510266969498,4.523842439165714,1211.0573259997182,3896.610320000036,ar_order,1536
N5kbFp-292-397909-407728-152140-117533-153980-62919,1693,21.204961606615473,0.0010815237183123827,12.019995,12.644082,0.6956261,0.8257434,1.4366824150085449,1.4209723154703775,4.594325835596328,4.368334135490629,3426.889697000661,12042.109320000236,ar_order,1536
DmpOYi-525-91230-450251-209608-292323-92870-38506,1140,16.315789473684212,0.0021517532877624035,11.192459,6.575689,0.6048669,0.5819001,2.202373727162679,2.2748085975646974,3.4495211210707737,3.8765667454380814,1523.467179000363,5566.294242000367,ar_order,1536
BBcZPi-501-456735-480197-495997-497448-326140-134118,861,0.8130081300813009,0.003230630187317729,29.046392,20.431736,0.04095394,0.099089004,1.8281110843022665,1.8473630666732788,4.731545633479081,4.7011843450874515,52.968458001487306,304.82216000018525,ar_order,1536
BsVmke-591-419538-379538-386302-426805-469450-347380,1550,17.806451612903228,0.002498342888429761,10.445396,8.48262,0.62824196,0.64224607,1.612391424179077,1.6796167453130086,4.3484539004503695,4.363628499156471,2145.837351999944,9251.229651001267,ar_order,1536
nSu3Cp-366-41411-362672-285778-222370-421926-202035,1118,6.529516994633274,0.006295517086982727,21.328968,22.461245,0.27159804,0.20310633,4.166253566741943,4.038137547175089,4.701816803061181,4.695717764479639,475.1746220008499,2406.5170970006875,ar_order,1536
tztd5w-640-23535-348077-410307-64116-151381-134118,1176,11.989795918367346,0.0032262594904750586,14.301892,13.98455,0.39294693,0.34355164,3.8367475509643554,3.5975236097971597,4.287470350892356,4.315191279906492,1049.0988080000534,4349.372659999062,ar_order,1536
qQ82Hw-614-91230-379354-379373-260428-324310-287427,949,5.163329820864067,0.0024592585396021605,17.380718,17.183937,0.20881732,0.1931101,2.0916967233022055,1.9937444527943928,4.514761450419364,4.531067851094565,384.8159660010424,1471.4414970003418,ar_order,1536
f2JFMw-634-136860-113105-22031-310105-248646-32125,824,8.25242718446602,0.0029410782735794783,12.625929,12.285691,0.343788,0.3120266,2.267205572128296,2.254582897822062,4.581986100616818,4.587576650649382,454.19069300078263,2124.939249999443,ar_order,1536
ainjFp-098-145384-88756-289593-274542-488804-292564,2208,9.148550724637682,0.003448504488915205,13.735867,13.228239,0.34498617,0.32432202,2.7150853951772054,2.700508483250936,4.485565848805032,4.476173960300325,1459.254804000011,7312.428654000541,ar_order,1536
BcVzDs-560-352809-57514-418989-243067-209608-32726,1636,6.601466992665037,0.0019297391409054399,19.223577,16.82507,0.22349711,0.20236672,1.5342036724090575,1.5669267416000365,4.642982147728357,4.647654959144164,861.4425420000771,3488.619435000146,ar_order,1536
TypO9p-362-82313-390793-365346-50416-310105-275395,1464,23.36065573770492,0.0034457372967153788,8.593519,8.638902,1.184574,0.74585396,2.71531351407369,3.0492424964904785,4.489878103846281,4.329717503660242,2578.7308369999664,12347.40532700016,ar_order,1536
nQsrxi-500-35788-354893-151331-437270-461984-276516,861,11.033681765389082,0.004316622857004404,14.566684,9.382075,0.41662323,0.4871057,1.7791637897491455,1.6237210273742675,4.624516882926599,4.422901369636247,716.1155570011033,3016.7268629993487,ar_order,1536
ck2Uxp-081-495997-135873-82313-377039-373629-268363,1026,4.775828460038986,0.004637618083506823,17.40086,16.169636,0.18524937,0.22059534,2.1867128213246665,2.2269389788309732,4.585172137123964,4.548838768798014,371.75445499997295,1459.0690090008138,ar_order,1536
jgJdnp-100-135873-177809-247007-67455-332402-185152,1404,5.84045584045584,0.0029392531141638756,18.999044,19.518438,0.18901496,0.16618247,3.6842785994211833,3.7187333583831785,4.589980238074387,4.605193271827214,633.440495999821,2617.215264999686,ar_order,1536
m8mjCs-533-485468-283456-486330-442126-2757-12865,1636,22.677261613691932,0.0013069127453491092,10.351343,7.703052,0.759661,0.67054194,1.3152091344197592,1.3394675890604655,4.328650167566502,4.351198125816618,3237.229174999811,12977.456454000276,ar_order,1536
pRaNDw-627-181149-276516-426805-281965-56896-235375,1894,4.7518479408658925,0.002972227055579424,15.265701,15.206715,0.23185892,0.20796733,2.1361632982889813,2.052729678153992,4.588940468402311,4.594542828880126,735.5417360013234,3629.12947499899,ar_order,1536
U5aQJe-592-437270-129013-295308-406364-103913-497087,1550,4.451612903225807,0.001561999088153243,18.778393,18.715904,0.22157402,0.172484,2.4718870321909585,2.486893161137899,4.657206547807933,4.662457213357262,594.5167610007047,2671.1104180012626,ar_order,1536
3e1Tjp-199-462328-423751-38597-248646-74769-2009,1395,9.46236559139785,0.002225166419520974,15.130976,14.881004,0.35843793,0.3366599,1.3791155179341634,1.4360195477803548,4.479427147661113,4.435444314747481,1602.3023890011245,5305.555691998961,ar_order,1536
SSYQ1w-650-275802-13671-144360-112336-104867-157595,503,5.36779324055666,0.0031455422285944223,23.336477,22.983377,0.14849545,0.13776146,3.9118152141571043,3.852334499359131,4.549771958826048,4.5430134884978015,343.58235499894363,842.8324270007579,ar_order,1536
JCRPTw-618-129107-479691-343332-355104-157595-129013,1894,30.517423442449843,0.0062578716315329075,6.3476095,5.141988,1.0402206,0.9028438,2.1878307024637857,2.029599642753601,3.8294555618491897,3.8909160995969474,5328.475935000824,19275.836859000265,ar_order,1536
BThtKf-463-324456-428876-160668-329895-295308-99711,1722,31.3588850174216,0.001240023411810398,6.0271387,4.8666215,1.0947447,1.0106089,1.1514457702636718,1.1563228368759155,4.213942764032119,4.223245900564928,4845.805691000351,18282.287564999933,ar_order,1536
BNXFqp-404-184495-450557-10737-129636-497448-379538,712,3.089887640449438,0.0009845345048233867,14.995737,13.097344,0.19792247,0.19451666,1.9964210748672486,2.0067198276519775,4.594909766979755,4.630942357722236,408.39715199945203,1167.5422660009644,ar_order,1536
7HBFIp-071-294604-416172-427818-181149-278609-175927,1141,7.887817703768624,0.003979463595896959,19.79385,20.0211,0.2554724,0.19772875,4.0613201777140295,4.022965367635091,4.519961388129845,4.534045761947168,1071.912090999831,2702.2977670003456,ar_order,1536
fS0Vwp-324-274170-461984-129889-218396-366126-128329,1773,16.130851663846588,0.001755136763677001,12.743531,11.077082,0.5669388,0.46811554,3.5116557598114015,3.5674505710601805,4.275490024945595,4.34061879961026,2389.27981300003,9447.379612000077,ar_order,1536
MJEnPs-553-484336-261033-237079-274170-257745-343308,1636,5.990220048899755,0.0014303416246548295,13.685629,12.688124,0.2817557,0.27537826,2.192764981587728,2.218257252375285,4.653778418336561,4.658726733785659,759.0427750001254,2813.2195710004453,ar_order,1536
noHubp-343-163645-17243-410906-219243-161307-221798,1638,6.654456654456655,0.0025536506436765194,13.443981,13.34552,0.35400912,0.2899803,2.912532107035319,2.882952928543091,4.613251879435585,4.622463873703799,833.5521310000331,3349.7199440007535,ar_order,1536
4sBV1s-535-160927-255765-139119-167772-460359-377902,1636,11.98044009779951,0.0018671865109354258,12.178035,12.731591,0.45893702,0.36962005,2.662417268753052,2.7151286443074545,4.50487293910864,4.546725622007147,1305.0513269990915,7832.804663999923,ar_order,1536
IZG94w-666-98443-418034-470600-161118-288253-129889,1707,7.147041593438781,0.004833240993320942,16.420519,15.32927,0.25450704,0.2679322,4.089311250050863,3.570999018351237,4.474420644918526,4.435500827936963,1169.486025999504,3758.1066689999716,ar_order,1536
9hvMUf-482-498788-113105-17243-63022-21827-338584,1318,11.077389984825494,0.0011917749652639031,10.550749,10.472512,0.51590484,0.4452006,2.542822980880737,2.481439224878947,4.567976018471903,4.540245787039259,963.3318060004967,6069.780776000698,ar_order,1536
TkK5fp-380-229618-476225-311495-339484-11995-7708,1573,6.039415130324221,0.003558315569534898,14.549165,14.678926,0.2836866,0.22935711,3.647766939798991,3.6524224917093915,4.587725049597808,4.596520378384815,619.4087639996724,3035.862791000909,ar_order,1536
9f3Qjw-657-129013-78427-348770-228203-60643-7188,839,7.866507747318235,0.0029710158705711365,16.659065,16.164072,0.28254637,0.24043567,2.5972575187683105,2.531336784362793,4.509741426627902,4.524801962302551,460.05235299890046,2534.2637279991322,ar_order,1536
mZAhvp-320-51581-316080-475285-152880-108378-407790,2240,19.732142857142858,0.009975253604352474,15.918118,17.534927,0.6373175,0.60400677,2.3153976599375405,2.543146292368571,4.574232271055872,4.320089792975576,4638.489872000719,14587.989772999208,ar_order,1536
aVIkMi-504-436373-35788-166684-274170-363774-493700,826,3.753026634382567,0.01687152311205864,17.999556,16.149847,0.17641576,0.18204881,1.3494601329167684,1.3801793257395427,4.691873099724866,4.673083349383251,289.2753750002157,917.2351230008644,ar_order,1536
wD39yw-617-350336-91230-365075-384274-339484-27577,918,4.139433551198257,0.01175561361014843,15.777532,15.804643,0.20224239,0.19501738,2.481132221221924,2.4576200167338054,4.634090502886199,4.638320924945518,267.6254029993288,1254.6065770002315,ar_order,1536
WWYmkp-135-247007-450251-229950-249772-273892-186349,1032,18.7984496124031,0.02265731431543827,11.490617,11.159653,0.6390227,0.52311623,3.0078184445699057,3.1188266277313232,4.295069888948129,4.370264942017092,1243.4426320014609,6264.926006000678,ar_order,1536
1Q0zzp-067-496080-227228-300626-311379-247007-1214,1044,3.4482758620689653,0.020670078694820404,32.268524,31.60424,0.097615145,0.09740228,4.2198278427124025,4.259496339162191,4.722300545557037,4.720487652669548,236.0589460004121,937.4570260006294,ar_order,1536
9Mkadp-302-273892-209608-109841-324591-494783-498752,1917,13.928012519561817,0.008960635401308537,13.258711,13.11556,0.46649137,0.40827504,1.5739247004191081,1.6460684617360433,4.516383089766343,4.525784042820989,1753.237420000005,8013.64429899877,ar_order,1536
ui9aDp-122-292323-379538-386883-287427-306759-88721,1070,4.579439252336448,0.009513289667665958,23.55153,18.754583,0.1580743,0.17455506,3.3189446131388345,3.0529314517974853,4.6702296924995,4.657573256856034,362.69412500041653,1402.4038829993515,ar_order,1536
YLEXwp-335-240298-183720-447487-129636-202035-44660,1633,4.776484996938151,0.019239043816924095,18.111282,17.213537,0.20428485,0.2066492,2.5644555568695067,2.170407247543335,4.68006676196006,4.657406793909059,603.0571669998608,2234.6116400003666,ar_order,1536
6TUCvp-352-108130-78807-55646-250174-386302-414547,1874,14.300960512273212,0.02210024558007717,13.512801,13.5879135,0.5319634,0.43794474,2.341395950317383,2.3126727104187013,4.327786617582283,4.330571222443832,1873.4846409988677,9439.668363998862,ar_order,1536
DfzVIp-175-379354-103913-25062-384031-343308-295308,1232,6.737012987012987,0.007324743550270796,16.969109,16.78142,0.2594479,0.25176308,2.1211655139923096,2.0804678996404014,4.559914677996316,4.469294345188914,672.6477199990768,2665.5539580006007,ar_order,1536
YuwChp-152-8651-147603-379354-29563-62919-345238,1842,8.360477741585234,0.018081096932291985,18.500425,18.869387,0.32832062,0.24626678,3.883324972788493,3.958476177851359,4.537930284864018,4.557308423619761,1188.7614730003406,5229.585183999006,ar_order,1536
QpHWMp-383-149498-238364-156368-402653-484336-426805,1642,21.74177831912302,0.02199472486972809,11.361935,11.74967,0.8634445,0.6608985,3.273769966761271,3.2721277872721353,4.616952773294258,4.592749600400006,3125.5406719992607,12907.068784999865,ar_order,1536
RkoxIi-499-395609-17243-276516-68344-191485-476225,1053,19.183285849952515,0.013668406754732132,9.143925,5.1910644,0.77671194,0.6711765,2.230128304163615,1.822921355565389,4.445483282860758,4.3936954512920545,1832.3062290000962,7510.087197999383,ar_order,1536
avuTLe-585-474206-355130-317191-361413-333474-248785,1550,11.806451612903226,0.014499159529805183,14.485809,11.094628,0.3846885,0.5221527,1.7348834196726481,1.7627468268076578,4.552432217837352,4.530353054955824,1693.5330249998515,5591.154814999754,ar_order,1536
RXuyap-339-457067-332402-329331-281965-472051-353502,1386,8.441558441558442,0.022795502096414566,18.204695,18.62748,0.2973921,0.31194112,1.5420949459075928,1.5663797855377197,4.697682305417049,4.564053121864441,1205.736985999465,4029.477912001312,ar_order,1536
cfSfbp-363-68221-13671-186349-322947-197606-339484,1688,12.855450236966826,0.020284058526158333,20.71286,21.5534,0.38394082,0.35217556,3.3321388721466065,3.4782076358795164,4.679330997816461,4.679490482049911,1639.7666390002996,8280.48896600012,ar_order,1536
jM2z5p-212-362995-350336-202035-87506-239730-207508,960,3.125,0.008350489661097527,26.989628,26.867792,0.1254266,0.09649203,3.358829307556152,3.4311466852823895,4.726322915079924,4.72630802747571,279.439635000017,801.8579820000014,ar_order,1536
HxFzMp-357-24999-343332-90733-489807-316694-345238,1056,12.68939393939394,0.008049515075981617,17.800877,15.854576,0.40435073,0.4089432,2.8208226839701336,2.701582495371501,4.670617922940307,4.620772368997071,1006.3828439997451,5322.317921998547,ar_order,1536
rllgnp-282-21827-2985-183720-67455-409746-330730,1398,18.812589413447782,0.014075466431677341,12.8748665,12.40807,0.6408393,0.5314527,1.3554973920186362,1.3496908823649088,4.26303973594,4.235686257496599,2796.6287300005206,8725.244894001662,ar_order,1536
IJui6p-278-140209-424453-325632-318907-448869-125189,879,26.39362912400455,0.012646407820284367,8.65054,7.7760324,0.9444713,0.7595141,3.226864814758301,3.0240498860677083,4.197731629299603,3.9716737195659397,2784.1609089991834,7692.642829000761,ar_order,1536
riuiap-287-319764-286732-35325-55646-391852-1246,1806,5.038759689922481,0.016919877380132675,17.115105,17.184465,0.23480952,0.20519756,2.718197536468506,2.843138917287191,4.6538416580831425,4.6626705123370344,1386.0629160008102,3204.033371999685,ar_order,1536
9OkIKp-409-379354-383479-166684-320846-480197-361413,1633,3.1230863441518677,0.018505295738577843,29.740868,30.231709,0.08961922,0.08310813,2.537539259592692,2.7346107800801596,4.665694070459596,4.664547984167395,848.3824129998538,1744.5395799986727,ar_order,1536
vTx6Wp-073-38459-458554-472051-230200-332402-365346,1099,10.009099181073704,0.006727493368089199,15.122881,14.844311,0.33203512,0.3041342,1.8622248808542887,1.951531473795573,4.494740069963294,4.476123532035926,1018.5889000003954,3659.5841809994454,ar_order,1536
9aa0Fp-331-427818-479691-112336-420765-462193-379354,1488,11.491935483870968,0.015810392796993256,18.74725,16.668024,0.4222943,0.33094203,2.5632867336273195,2.4635610898335774,4.681671958159867,4.681904855457277,1345.3650589999597,5546.733017999941,ar_order,1536
Od9CNp-327-140209-326180-101992-35325-166792-451954,1953,10.39426523297491,0.014821072109043598,17.01773,14.394928,0.3480713,0.34640694,2.3224307854970294,2.3221453189849854,4.661395726716633,4.662666144864293,1450.7778810002492,7228.85600599875,ar_order,1536
2TcsGp-297-152880-78575-467697-23535-316694-24999,2415,13.250517598343686,0.007391820661723614,14.1873255,14.167055,0.4682399,0.37112162,2.7847989877065022,2.9084330717722575,4.580349827968318,4.544614148236961,2327.921303000039,12244.840290999491,ar_order,1536
IJFPZp-340-90733-100179-99711-247588-402653-355130,1491,3.35345405767941,0.00944688729941845,14.523008,12.579164,0.24471998,0.24824922,1.782141661643982,1.7861666758855184,4.699048337390051,4.69145411027743,321.46837999971467,1548.0368740008998,ar_order,1536
sNYM9p-246-47619-361413-1214-155820-418901-176776,965,28.808290155440414,0.011091777123510838,7.4928102,7.4690685,1.0116901,1.0240009,2.2704376697540285,2.2142090161641437,4.519876702556692,3.9099276504385863,2147.144124000988,10710.577977999492,ar_order,1536
OI5Azp-257-60643-225888-294604-334833-14787-125459,1203,4.904405652535329,0.01875906065106392,15.708217,14.920113,0.34210888,0.23191075,1.5494808435440064,1.617441431681315,4.582146424338544,4.589257568675649,383.67283300067356,2080.527248999715,ar_order,1536
vhQX3p-288-256377-386883-276335-177955-380077-80661,2229,2.4226110363391657,0.0165446437895298,16.097397,16.149632,0.18879019,0.16819167,2.285330581665039,2.2344376405080157,4.684010407303354,4.683038497444489,385.42837999921176,1858.9056849996268,ar_order,1536
d4LtRw-656-379354-74769-192385-202921-93885-62534,1673,9.145248057381949,0.009153828024864197,13.656641,13.394823,0.33020797,0.31595728,3.463923708597819,3.3250149567921956,4.482975824325518,4.48593095330938,1072.9643880004005,5036.326336999991,ar_order,1536
dc4C1p-319-469130-53129-287943-116061-476924-448907,1529,17.658600392413344,0.017503265291452408,19.875072,18.689348,0.72147065,0.42475,2.676853640874227,2.541516590118408,4.712409719082535,4.707041684485445,2503.7714270001743,10895.305893000113,ar_order,1536
PSLbbp-359-11995-156368-348733-154883-123704-497426,1430,11.888111888111888,0.021002519875764847,10.578469,9.693498,0.5660136,0.4893578,2.5460858503977457,2.6327140808105467,4.664721719302199,4.660561311344451,1603.3084299997427,5591.932559998895,ar_order,1536
zVlcap-263-274542-472051-376372-248785-476225-35325,1292,4.102167182662539,0.021863481029868126,16.847126,16.569223,0.20794272,0.19527024,1.3085263570149739,1.2803108930587768,4.67789219590494,4.676368987414518,370.98301200057904,1713.9217300009477,ar_order,1536
rpdA0p-089-193291-347380-224170-426805-310105-489070,1279,8.913213448006255,0.00744014885276556,13.514164,13.116244,0.354313,0.33677205,2.0317862669626874,2.14555881023407,4.479377941724143,4.484485675357266,883.4611710008176,3873.509255998215,ar_order,1536
O7tsRw-671-38597-125620-126584-128202-343308-240298,1734,7.035755478662054,0.009212201461195946,15.178765,15.234126,0.28028372,0.24124992,3.2027749538421633,3.120307032267253,4.518887238427553,4.534000770340185,1015.1020209996204,4150.270038999224,ar_order,1536
mCLt3p-410-320846-476924-422977-274323-99711-177809,1085,1.4746543778801844,0.022891782224178314,27.435291,27.538788,0.061836246,0.05615707,2.3089665095011394,2.358972597122192,4.728777012073882,4.7273027495105175,155.89263800029585,673.6924110009568,ar_order,1536
jFujMp-258-2985-422977-276516-270302-316694-390385,1887,7.790143084260731,0.008067467249929905,17.19505,17.964783,0.30047658,0.2350871,3.5135278542836508,3.558884525299072,4.573317325708096,4.542072867582365,958.1235339992418,6603.100278000056,ar_order,1536
uIq5Cp-346-271293-199372-348733-164849-450557-397909,1966,2.899287894201424,0.015138654969632626,20.013735,17.866865,0.1505834,0.15463786,2.8823913892110187,2.959108289082845,4.707182819038385,4.703365183695743,370.2162169993244,1528.3845769990876,ar_order,1536
2HNvip-384-377039-229618-315211-103130-162269-274323,1838,4.243743199129488,0.014237921684980392,20.512291,20.39778,0.20554952,0.15594412,3.841065994898478,3.8727545897165934,4.707175880783614,4.70002149739781,507.82031700146035,3254.4578119996004,ar_order,1536
hImnha-010-474206-125620-494783-410307-474929-314040,1033,9.390125847047434,0.04484827443957329,13.457189,13.656007,0.33461967,0.67719966,1.6521478255589803,1.7387178738911946,4.644579337788031,4.354206380874805,621.2246989998675,4984.356378001394,ar_order,1536
fiBRvp-155-14754-379538-407950-108056-495971-270302,1409,17.033356990773598,0.03848577290773392,9.779228,9.622598,0.6534038,0.5915012,1.813529872894287,1.8209200302759807,4.214075119073431,3.9084869652307788,2782.6033429992094,8722.166489000301,ar_order,1536
QzAg3p-413-374393-31166-163645-409369-10737-129013,973,10.38026721479959,0.0511818453669548,23.747427,21.073002,0.30617425,0.26616904,2.1368911107381185,2.2138447920481363,4.699166531062918,4.673914666251033,969.8051809991739,3283.844401999886,ar_order,1536
JLBTXp-060-194617-60643-435517-420765-124439-152419,1024,10.44921875,0.024550464004278183,14.308298,13.825916,0.6223661,0.33371505,4.628097248077393,4.6184612592061365,4.607157876296323,4.620691822509807,705.646053998862,3572.5599069992313,ar_order,1536
k4Lvzp-329-270302-101992-248785-163995-27791-469130,1701,7.642563198118754,0.051412247121334076,17.337774,17.484314,0.33393112,0.2804013,2.629679314295451,2.6660742441813152,4.703065738950142,4.663830344796983,834.8171790003107,4565.408730000854,ar_order,1536
ZgJsyp-189-209061-292564-111916-92870-126584-280816,1939,5.002578648788035,0.0409746915102005,18.877884,18.677683,0.22420542,0.19063415,1.565395434697469,1.5050620794296266,4.687483198904394,4.668457885336551,619.2357510008151,3189.27847499981,ar_order,1536
G50hup-092-363552-123056-229618-481410-299323-332402,1114,6.463195691202872,0.028861256316304207,23.268547,24.022104,0.23707253,0.16811939,4.2426826159159345,4.466875966389974,4.637636130030432,4.64832371331796,499.0138670000306,2337.9479209997953,ar_order,1536
8b8sWp-275-88756-348733-183720-134118-226233-129107,1202,3.577371048252912,0.031784262508153915,20.914627,21.094217,0.15784699,0.14309026,3.523081731796265,3.550943470001221,4.719870949586767,4.71484841528266,295.417063000059,1424.8732010000822,ar_order,1536
vOT8yp-371-205293-131237-111916-212842-29563-288077,1254,6.220095693779904,0.025580398738384247,15.741781,17.093063,0.28553683,0.2907832,2.9405994415283203,2.834472131729126,4.652795175147897,4.576207747921955,562.5200400008907,2698.1643899998744,ar_order,1536
qmNVhp-128-78575-68344-44660-128101-103130-334242,1283,4.75448168355417,0.03182704374194145,21.676079,23.920956,0.20780163,0.1466475,2.2410199006398517,2.299028507868449,4.629879286094635,4.594195752321216,416.4885879999929,1706.9041329996253,ar_order,1536
8wAd8p-068-329159-165684-202035-119460-330730-447487,1209,11.41439205955335,0.0299910269677639,17.230051,17.36952,0.40404728,0.28884992,3.628946129480998,3.652026653289795,4.495547331543148,4.502955497377563,1039.6086079999804,5465.128248000838,ar_order,1536
tXap2p-281-298969-9753-281965-457067-162269-329331,1012,6.8181818181818175,0.026187583804130554,17.9221,17.695635,0.24432419,0.21476693,3.1982237180074056,3.1160159428914387,4.692212454531555,4.663422930617636,914.5891610005492,2680.7539780002116,ar_order,1536
fdXdMp-313-165684-111916-348770-380077-145384-347380,1440,12.777777777777777,0.03389327600598335,16.250776,16.76435,0.47582102,0.40461078,3.026554981867472,2.839136568705241,4.656879296826346,4.588924474112853,1419.8613409989775,6168.362095999328,ar_order,1536
Jpj5sp-423-369034-108056-487747-295308-1246-219243,1468,8.583106267029974,0.05191738158464432,18.985846,17.828339,0.36002684,0.26801875,3.5148800214131675,3.755441999435425,4.687111422039066,4.663235465706123,815.8808629996201,3950.07187200099,ar_order,1536
maM4mp-267-195572-141428-108130-299323-8651-456735,1158,7.512953367875648,0.0453246608376503,28.06385,29.501303,0.2312761,0.16243456,3.2811683813730874,3.377998781204224,4.7239514700156455,4.712363584722685,568.8542789994244,2744.5765349984867,ar_order,1536
Aal0cp-183-209061-91230-492922-2757-317191-461984,990,4.545454545454546,0.0922110378742218,17.788229,17.605526,0.20526607,0.18847084,2.184277041753133,2.041717553138733,4.645157936552504,4.639313398827222,299.33671100116044,1589.767342000414,ar_order,1536
m5rDOp-062-377273-156368-185152-188815-186260-486330,1445,11.003460207612457,0.02404632605612278,16.98748,15.758482,0.37918544,0.28090787,3.6769625027974446,3.668177270889282,4.499566824682764,4.549405486288227,1070.6516600002942,4944.134388000748,ar_order,1536
IIhdup-184-282845-322947-195637-315211-10737-386302,986,6.896551724137931,0.07097651064395905,21.937067,22.016924,0.29977277,0.19515719,1.4601529995600382,1.466938861211141,4.600087556315814,4.62825115632403,517.2853330004727,2117.815048999546,ar_order,1536
eiJpip-223-216978-247588-305230-165168-65123-203381,1402,10.556348074179743,0.04873007535934448,16.504034,16.486881,0.3844343,0.32491145,1.4309001525243124,1.3615242004394532,4.511822231834943,4.428733786894155,1096.4611529998365,5321.959375000006,ar_order,1536
uYOkKp-107-143976-376902-185152-437215-90733-10048,968,4.338842975206612,0.029287779703736305,22.649508,23.201195,0.15057087,0.13272673,3.252545785903931,3.364807717005412,4.62690646034443,4.611978324021754,268.65124000141805,1289.5785349992366,ar_order,1536
DWrC0a-013-57191-1214-242009-327883-379538-476225,1033,12.100677637947726,0.0352642759680748,10.029308,10.044491,0.5347066,0.5300074,1.3405598084131876,1.3617716391881307,4.553874119558154,4.372500318994998,944.9247969987482,4655.929163998735,ar_order,1536
6maFGp-305-129013-193291-68221-152880-38506-163335,2424,17.863036303630363,0.02638908289372921,17.408634,19.613808,0.5838977,0.48717776,3.6041011015574136,3.6721057256062823,4.6592852085372805,4.6382005612856965,3985.3960199998255,15182.262282998636,ar_order,1536
fZg66p-070-68221-216978-377273-239730-53784-3467,994,29.577464788732392,0.03719060495495796,18.34418,18.415129,0.8596832,0.6689107,3.5320206960042317,3.9588106632232667,4.578109678897753,4.546595851490837,2511.8261280003935,9580.320193999796,ar_order,1536
CF7Gnp-165-481033-25721-175927-209061-312468-108378,1919,17.509119332985932,0.03301472216844559,13.462603,13.510042,0.59355336,0.45671406,3.26772411664327,3.2557575543721518,4.335564895929426,4.299758413673178,2636.597767999774,11565.225653999732,ar_order,1536
tTMeWp-326-264357-280816-2985-25721-189658-311379,2359,8.902077151335313,0.04867259040474892,22.672455,23.688232,0.31245556,0.25859603,3.3865602811177573,3.471555821100871,4.695539046603734,4.702617028394188,1820.4331239994644,6087.097633999292,ar_order,1536
kDEiGp-268-254920-474864-52991-170820-165168-328121,1029,24.101068999028183,0.09233691543340683,7.067581,6.5264807,1.3914002,0.8412053,1.8656383117039999,1.9546003818511963,4.560642724754016,4.503847811805945,2147.042221000447,7913.751707999836,ar_order,1536
rkSMcp-349-162269-339484-74769-12865-363552-41411,1411,14.386959603118354,0.02514478750526905,16.722752,17.10012,0.47827864,0.45472708,1.6857195695241292,1.6051836252212524,4.688580796653495,4.500088848974577,1546.168614000635,6148.287977999644,ar_order,1536
FZwvbp-205-349816-138959-261033-383479-409369-152140,1111,28.26282628262826,0.03914736211299896,13.350173,11.822829,0.89181775,0.79365844,2.364557218551636,2.2638450463612876,4.571892010668458,4.32339392125816,2399.6757970016915,10894.82400399902,ar_order,1536
ie6iSp-097-407790-253414-334074-464643-167361-80351,1395,3.942652329749104,0.03198687732219696,28.98144,29.284517,0.110023975,0.09402639,2.5079627513885496,2.413155221939087,4.642042609552968,4.647218858694169,460.09880699966743,1562.3312989991973,ar_order,1536
Q1VJ4p-396-67099-191485-442126-324310-384031-392966,757,0.5284015852047557,0.04145583510398865,54.42877,51.504116,0.01287607,0.012732604,2.549776474634806,2.554357926050822,4.73198664523002,4.731239621895815,26.934429000903037,111.0013790002995,ar_order,1536
BLAVyp-401-374393-353502-276516-464643-247007-280816,1578,17.743979721166035,0.0333615206182003,10.833965,11.0005045,0.6578819,0.5273149,1.346109135945638,1.3072689215342204,4.593007734457798,4.5423056773040225,2032.758906001618,10181.43274799877,ar_order,1536
qx9MPf-447-243466-253414-78108-327883-41798-186349,1722,15.911730545876887,0.0489613376557827,8.478235,8.180659,0.6363519,0.6116105,1.8140971342722574,2.635641177495321,4.344846014608334,4.336954326772968,2016.7430170004081,9859.585922999031,ar_order,1536
4fsgkp-253-311495-209061-229618-287427-276516-38459,1013,6.811451135241856,0.02615589275956154,18.016827,17.470158,0.26958668,0.21183383,3.2263070265452067,3.197574583689372,4.685880978346915,4.663712466921801,450.9826310004428,1961.8812600001547,ar_order,1536
u3JmNp-105-377036-373629-177809-287789-419538-221798,1057,9.082308420056764,0.03273187577724457,18.571236,12.395096,0.42748335,0.326612,3.430668417612712,3.278796577453613,4.6785329398517295,4.574745865027017,617.4422750009398,3793.1100450005033,ar_order,1536
7gnoMp-243-13140-469001-90733-352371-418901-62534,1349,14.381022979985175,0.03019716590642929,12.141066,11.99273,0.6559084,0.47975215,2.2152565320332847,2.3832212766011556,4.636636776878295,4.579515429461449,1272.462399001597,7400.732901998708,ar_order,1536
WYTgYp-403-306759-7708-254913-153980-163947-460359,1450,4.206896551724138,0.0560128353536129,15.8431835,15.123486,0.24844688,0.22440933,3.511074654261271,3.194378678003947,4.677399213326977,4.660369336861006,394.0181180005311,2512.2961520009994,ar_order,1536
zRlcSp-181-25062-53784-123056-333757-268363-211084,1709,6.1439438267992985,0.025759130716323853,17.41998,17.803703,0.26419023,0.23306262,2.331788492202759,2.4558548450469972,4.656813346799506,4.51075287349152,732.3744820005231,4563.672734000647,ar_order,1536
TaYTvp-415-63022-179855-481410-392966-38597-437270,762,4.593175853018373,0.03335783630609512,20.839264,20.864801,0.22790931,0.16511138,2.6632944107055665,2.65214467048645,4.702385405212931,4.68403685989929,351.8537189993367,1580.607133999365,ar_order,1536
9kbanp-261-50416-108056-469001-231167-334074-209061,1007,5.958291956305859,0.026795921847224236,16.286552,15.898914,0.2744647,0.23929529,2.43007706006368,2.3088634332021076,4.677153077179895,4.633192366129513,473.8201290001598,2255.9998929991707,ar_order,1536
DLZvmp-426-78108-128329-469130-165684-261033-84004,868,7.71889400921659,0.026906199753284454,20.878815,21.813732,0.25734106,0.21547394,3.9845390478769938,4.211655362447103,4.693686858068983,4.67432965837917,569.596649000232,4131.390606999048,ar_order,1536
i0Ocoe-610-395609-211084-211212-108056-187519-202035,1390,9.784172661870503,3.9601487515028566e-05,12.589851,11.431709,0.40709302,0.4361073,2.1181131998697915,2.09673019250234,4.636255721884402,4.585515012093802,2797.454514000492,5393.880087998696,ar_order,2048
PBDVAf-465-366971-117533-197606-160943-60681-25579,1722,3.426248548199768,2.0712036530312616e-06,20.348425,15.900044,0.17993711,0.1986296,2.5519629160563153,2.537488063176473,4.701488065546814,4.684577006574413,964.0582430001814,3880.9951419989375,ar_order,2048
sF1D5f-429-45816-14754-487747-347380-61770-187519,918,1.4161220043572984,6.66032019580598e-06,31.806917,26.886269,0.05423689,0.056943387,3.1086135228474934,3.117484776178996,4.729856849933055,4.723321085922588,138.4349990003102,1109.691986001053,ar_order,2048
8lHaxa-001-437270-91230-96853-392966-377039-493700,1033,8.712487899322362,1.6546022379770875e-05,13.974112,14.147668,0.3573551,0.30626193,1.6906613906224568,1.646564213434855,4.66310538897533,4.540494197705862,1151.2932229998114,3172.7790549994097,ar_order,2048
wH6bMa-009-144175-39168-315211-114587-333757-10048,1033,7.55082284607938,4.100139267393388e-05,14.730772,14.91106,0.3993443,0.26379997,1.5176591634750367,1.634710685412089,4.5361798329100775,4.561234993094584,958.5547560000123,2735.9617879992584,ar_order,2048
l3Lvae-611-211084-218396-212842-198509-334833-311379,1390,4.244604316546763,4.941728548146784e-05,21.81801,22.266253,0.15963884,0.1759886,3.356811587015788,3.3494513511657713,4.708653246267162,4.6992705726831945,847.924724999757,1859.1821469999559,ar_order,2048
cmHjrf-493-348077-309854-224170-458554-202179-472051,1722,16.144018583042975,0.00013046321691945195,8.497835,7.979925,0.65040743,0.7518389,1.2720579942067465,1.29699596563975,4.400843522754665,3.957683363952646,4319.24853000055,10976.496852999844,ar_order,2048
9srcUf-448-162832-472051-219243-152140-401183-304828,1722,11.091753774680605,7.126033096938045e-07,11.041866,8.774315,0.5110648,0.73076934,1.4644071261088054,1.6021711428960164,4.620015956730757,4.585343360732251,3073.3746419991803,6528.023578999637,ar_order,2048
pMchYa-011-461984-248646-131237-259340-281965-474206,1033,3.291384317521781,7.092276973708067e-06,17.31729,17.938774,0.18198764,0.18713935,1.6087315559387207,1.5396221319834391,4.694583216189445,4.647921290858166,353.22108599939384,2322.3180020013388,ar_order,2048
rqqrUf-476-372299-90733-207508-318838-254913-53278,1590,15.786163522012577,1.0736808690126054e-05,11.250945,11.170834,0.6361243,0.6459736,2.9059833844502765,3.0187143802642824,4.628930861101868,4.485281491226705,3593.2222480005294,10203.639803001352,ar_order,2048
KWj8Li-521-358526-235375-78807-67455-237079-21827,802,14.588528678304238,5.653791959048249e-05,11.518095,7.2275233,0.5630962,0.5453324,2.7049975554148356,2.825687630971273,4.41805812014024,4.317564072121073,1772.4050560009346,3988.4964140001102,ar_order,2048
LIJKja-026-447487-148409-188815-38506-78427-479691,1033,5.517909002904163,1.2104389497835655e-05,15.562357,14.290007,0.24402815,0.2667355,1.4883098443349203,1.4952328284581502,4.667527804895957,4.590134071312132,757.7973349998501,1760.0962050000817,ar_order,2048
P4ZKje-597-228203-427818-407728-174918-211212-250174,1550,22.967741935483872,0.0001234940718859434,9.465336,6.632622,0.7786241,0.82928306,1.6411572694778442,1.6912214040756226,4.415487710212024,4.315905149011818,3987.344020999444,15452.655260998654,ar_order,2048
zoFKbf-438-268009-220507-287943-286732-24538-454712,1653,12.583182093163945,5.697601750398462e-07,13.153481,9.8501625,0.4620143,0.54893774,2.1857407410939533,2.184809605280558,4.606882150649477,4.494487373744667,2212.5229009998293,8386.418206000599,ar_order,2048
FPRIpe-578-474864-126584-425422-304828-148409-10737,1550,9.096774193548388,7.081195508362725e-05,16.589283,13.647064,0.310836,0.41637048,3.2975483099619547,3.2118216514587403,4.672406661009928,4.508214825535938,1466.6497800008074,5376.78794599924,ar_order,2048
Th8NDe-613-23535-495997-395609-270487-329331-383770,1390,14.100719424460431,8.22431466076523e-05,13.901674,11.375057,0.4576564,0.62033176,2.973140096664429,2.872613048553467,4.623887488199386,4.543654601207012,2244.0015290012525,8589.111891000357,ar_order,2048
KFAl8f-427-406364-361413-456735-410307-286869-348733,1722,18.641114982578397,5.997956031933427e-05,10.878497,10.174727,0.5543987,0.5451177,2.0319929997126263,1.90289253393809,4.413831422417991,4.452444025959669,3627.261379999254,15332.976149999013,ar_order,2048
rn9v1e-583-369034-383770-175927-399756-390385-383479,1550,11.67741935483871,1.7469614249421284e-05,12.861847,12.8763275,0.41917196,0.44895324,2.860322443644206,2.8722740173339845,4.613848104913473,4.468710183095557,2020.3438690004987,9172.310462001406,ar_order,2048
SnJBwf-434-37928-376902-480197-51581-328121-350223,1378,5.732946298984035,1.790127271306119e-06,16.07541,15.845061,0.2814424,0.26697227,2.043319741884867,2.1303853670756023,4.675983157147634,4.67400233226485,968.6098419988411,4103.870775999894,ar_order,2048
amZyRf-444-7708-476924-468905-275802-405424-380077,1722,2.5551684088269457,3.279495786046027e-06,17.634333,17.501476,0.15812886,0.17535442,2.0201910495758058,2.0006825923919678,4.70291425582813,4.690113341389109,576.4724669988937,1358.9051620001555,ar_order,2048
a4WwUa-043-141142-113619-397909-469223-287427-421926,1033,26.427879961277835,3.878655479638837e-05,8.488304,7.1779213,0.8553374,0.8400194,1.3214627027511596,1.3411520401636758,4.308764743056245,4.309957906485666,4560.921123000298,12188.398722000784,ar_order,2048
mvvOnf-472-106-135410-148409-334242-45816-353502,954,4.5073375262054505,4.8512858484173194e-05,16.124199,13.864192,0.23281543,0.25068805,2.9669663270314532,2.9671178499857587,4.649731827286382,4.662920381473273,450.20252999893273,2171.222996999859,ar_order,2048
oRqMra-058-167772-480197-43889-36331-135873-265166,1033,2.904162633107454,6.2980648181110155e-06,26.083668,23.696354,0.11437004,0.09765599,3.2424357891082765,3.2374976793924968,4.726294740029531,4.715302048282714,321.4745959994616,1574.8256609986129,ar_order,2048
1rIrKa-023-409746-287789-276335-17243-340579-260428,1033,1.6456921587608906,1.7720502000884153e-05,21.595852,21.08431,0.09385651,0.08568432,1.6455892403920491,1.648264487584432,4.723394430854042,4.7262011222674705,268.6016360003123,739.1166960005648,ar_order,2048
xX6Wce-607-140209-262731-151331-7708-427818-497426,1390,3.741007194244604,2.83738954749424e-05,20.068186,19.294653,0.15795748,0.17630601,3.0424017906188965,3.0541650295257567,4.714402325197597,4.701323607622376,1251.1394000011933,1791.149018001306,ar_order,2048
3hvoVa-051-2307-202921-218396-175927-14787-464643,1033,5.324298160696999,1.6514632079633884e-05,17.850533,18.32415,0.230851,0.20411193,1.6734609921773276,1.7559237082799275,4.686883350751076,4.656679504057237,740.3028640001139,1668.3286700008466,ar_order,2048
87hwjf-487-426805-60643-437215-160943-182650-407728,1181,5.080440304826419,1.0143882036572904e-06,15.927953,13.444067,0.24152654,0.3560833,1.4359009265899658,1.4705509821573892,4.693034689814298,4.635064170552257,604.9175549997017,1999.9154529996304,ar_order,2048
98pQ7f-492-161118-44660-2985-495997-227228-191485,1722,3.948896631823461,3.370679678482702e-06,20.882242,20.706326,0.15107334,0.18672611,3.3354643026987714,3.199178918202718,4.699073677497903,4.580988647754842,677.3133240003517,2332.5838550008484,ar_order,2048
9a98Kf-464-298969-472051-292323-179462-78575-496080,1181,7.281964436917867,5.5254073231481016e-05,16.153358,16.116344,0.26859784,0.23686408,3.263298829396566,3.070952033996582,4.436481124577314,4.526950733065456,1060.391052000341,3812.1154269992985,ar_order,2048
WVKBPa-017-469001-13769-309009-430207-5054-14754,1033,3.581800580832527,4.264206836523954e-06,19.000818,18.591476,0.16465692,0.17915614,3.730015007654826,3.69903564453125,4.709624257394572,4.645814047826872,408.9594249999209,1762.2073629991064,ar_order,2048
k2rvsa-021-181149-117176-94351-2985-340579-209061,1033,4.162633107454018,1.384729148412589e-05,18.068512,16.01522,0.24772269,0.18123959,1.836102843284607,1.9920469601949056,4.693432488853644,4.672749110748832,448.99348099897907,2363.2256490000145,ar_order,2048
GptLba-028-467697-29563-495971-437270-5575-211212,1033,2.3233301064859635,2.764441342151258e-05,20.007244,19.92679,0.12628669,0.12981747,1.7635654926300048,1.764396031697591,4.687552047573672,4.673707289948219,253.66017799933616,937.0679290004773,ar_order,2048
3EBeof-459-212842-454791-192385-495971-180085-113105,1033,16.747337850919653,3.53978066414129e-05,12.587909,12.67116,0.51569027,0.60551715,2.0312850713729858,2.0471302032470704,4.5971938776773795,4.569603905308821,2502.477005000401,6056.511536000471,ar_order,2048
8C0b9f-461-182650-228203-8651-240298-176776-186349,1704,3.814553990610329,5.752473225584254e-05,17.930506,17.79937,0.17118414,0.25594082,3.6426703135172525,3.5159716765085856,4.707008434334236,4.574093910600576,794.8219499994593,2709.371730001294,ar_order,2048
f5sCDf-435-355130-41798-395609-377902-35325-116061,1378,11.901306240928882,9.696379493107088e-06,13.535387,12.178883,0.4360526,0.542218,1.8768660306930542,1.8032944520314536,4.6412307249012255,4.369232268903369,2417.0805510002538,6008.331664999787,ar_order,2048
5LZsPp-295-239730-414547-129636-470600-495997-1214,1207,22.535211267605636,6.921367457835004e-05,9.225775,4.882324,0.7817531,0.90113014,1.906308635075887,2.1578265190124513,4.123473294882467,4.215411532922653,3938.2972570001584,9906.068194999534,ar_order,2048
rxhq2p-211-212526-349828-67455-407790-412326-143976,1183,7.185122569737954,2.8749458579113707e-05,15.18711,8.919079,0.38412356,0.38939485,2.4870592912038165,2.6326287428538007,4.537022016923062,4.458243927834258,1028.4374969996861,3045.3258310008096,ar_order,2048
7j8l2a-034-50416-4800-287427-123375-143976-264357,1033,3.0977734753146176,8.71249631018145e-06,18.545303,18.884968,0.16573192,0.17734139,2.4880388100941975,2.4711287021636963,4.6902451392426485,4.587643201821008,402.36629599894513,963.0937680012721,ar_order,2048
cedJli-522-192385-152140-262731-156368-123704-333757,719,5.285118219749652,5.254780626273714e-05,18.192932,12.68457,0.21077631,0.24323364,1.9757513205210369,1.9562286615371705,4.242265277384355,4.382891250815945,389.79276999998547,1680.7334499990247,ar_order,2048
uHCIZa-015-146882-87506-304828-333757-5054-62919,1033,8.615682478218782,1.7520515029900707e-05,13.9227915,13.59879,0.32776964,0.37229633,1.3315531810124714,1.3595784823099772,4.590243727000115,4.595531357535967,1042.6366649990086,3049.0197889994306,ar_order,2048
UKnMcp-124-361413-129636-57514-52991-68221-81956,1381,20.926864590876175,0.0001672373036853969,17.531876,9.553438,0.593843,0.5567788,3.3801427205403645,3.144464874267578,4.361361812808838,4.511849168615605,3229.7831579999183,11564.59034999898,ar_order,2048
5ALjRp-161-333766-240226-4800-482510-113619-84055,1026,26.803118908382068,0.0008019127999432385,6.6193876,5.9975,0.931668,0.8861138,1.2015828053156534,1.233073099454244,4.064194632143036,4.023494362172886,3040.771097999823,10800.313165000262,ar_order,2048
Paqf1p-119-254913-443221-90733-163645-32125-188815,1450,9.034482758620689,0.0004479943308979273,15.085813,15.074661,0.30306974,0.27049294,3.206069072087606,3.2341817537943522,4.467321554037672,4.4985005557426625,1537.6101330002712,4511.827683001684,ar_order,2048
lDN6of-450-91840-427818-353502-327883-210172-489807,1722,25.02903600464576,0.000440589792560786,7.3620663,3.7771986,0.9476547,0.84847754,1.5390389442443848,1.5937874794006348,3.846421137984854,3.9732341628202583,5211.414080000395,17002.80330500027,ar_order,2048
JRGxpf-495-78575-358526-483339-81956-229618-247007,1722,14.227642276422763,0.000252309167990461,9.195001,6.865138,0.6761856,0.76000804,1.1390341917673747,1.128577176729838,4.387193930625716,4.348372191773876,3022.9834580004535,10050.139392000347,ar_order,2048
yc5Hmf-494-469130-474206-203381-91840-123056-149498,1722,13.472706155632984,0.00020981418492738158,10.611611,8.772652,0.53257054,0.58576196,3.1304834365844725,2.9071175257364907,4.4772118706208275,4.4102957377160665,2895.7165769988933,9657.507072999579,ar_order,2048
6UNJZa-025-136860-357104-38459-89725-366126-252054,1033,9.390125847047434,0.0008322022040374577,13.862764,13.842129,0.345157,0.34428382,1.2024891138076783,1.2082393328348795,4.589247004354551,4.56662342983178,1148.2298449991504,3578.728320000664,ar_order,2048
CrjLKf-468-374393-49022-14754-240504-316080-236920,1722,6.562137049941928,0.00014622832532040775,15.527116,14.8198595,0.29400674,0.34537992,1.317201590538025,1.2943808873494467,4.6955594130667615,4.687042104513865,1566.7338679995737,3978.8154880006914,ar_order,2048
wkCjvp-408-175927-2985-407790-280816-275802-343332,1046,15.965583173996176,0.0001569680607644841,17.228725,15.843416,0.49056342,0.38604626,2.8145227273305258,2.749421977996826,4.578589930087629,4.619099628449014,2029.0304760001163,6367.386985000849,ar_order,2048
bnEKPi-496-131237-487747-10048-112031-352809-171454,719,13.908205841446453,0.0004139196826145053,12.743024,8.367657,0.4864379,0.49962378,2.0571386655171713,1.9373255411783854,3.5880597551321354,3.808491757810766,1046.35787999905,4078.4308349993807,ar_order,2048
FW6BFp-225-129636-418989-280816-386883-462467-306759,1649,6.24620982413584,0.0004694216186180711,15.55953,15.379295,0.2501306,0.23443054,1.8444589296976726,1.8294189453125,4.5567517159951025,4.588131661031204,1368.3878329993604,3959.466014001009,ar_order,2048
cZ9D6w-670-134118-41411-423587-125189-84055-98443,662,4.984894259818732,0.0007059596828185022,17.44327,17.070292,0.17775935,0.16621144,4.135799439748128,4.329776032765706,4.586539226895507,4.59568303248389,494.15739299911365,1227.9180179994,ar_order,2048
xlckps-555-489807-93885-138959-23535-14754-299323,1636,10.880195599022006,0.0007390778046101332,11.932072,11.253859,0.43640482,0.37871322,1.5448238293329875,1.5300675312678018,4.525705204741242,4.529603020782876,2064.174502000242,6912.784749998536,ar_order,2048
xDMmqs-548-333766-165168-462328-336612-442126-284808,1636,9.7799511002445,0.0005077441455796361,14.319488,12.231504,0.33361793,0.320556,1.3470117489496867,1.3451556444168091,4.361693875981703,4.45464426083531,2234.850758999528,7209.481863999827,ar_order,2048
FSyUys-545-306052-88756-228203-369609-91230-448907,1240,3.467741935483871,0.000898472499102354,17.372921,16.657785,0.18762118,0.18005927,1.404574449857076,1.4053757270177205,4.648495934237968,4.651487465861154,451.8542410005466,1834.8623089987086,ar_order,2048
FiS63i-513-129107-287427-185152-454791-121010-285778,918,29.956427015250547,0.0005593721871264279,6.9112897,2.1946285,1.0439304,0.98947453,1.9325344800949096,1.8422886848449707,2.6283194579101656,3.0233388816768407,4539.275467001062,10283.860560000903,ar_order,2048
AHwsQs-538-108297-304214-140209-237079-426805-448869,1636,26.5281173594132,0.00042765779653564095,7.2413454,3.624487,1.3330142,0.9112947,1.219830290476481,1.300060780843099,4.102921602455595,4.143363389502642,6276.881230998697,16432.72545599939,ar_order,2048
cUyODs-564-324456-286869-479691-123056-485468-274323,1636,14.60880195599022,0.0006575641455128789,9.616229,8.79269,0.59847766,0.5354218,1.5129496494928996,1.4207981904347737,4.492481978593448,4.49777313045359,3545.278905001396,8946.447540000008,ar_order,2048
WOhKts-537-450251-294604-27791-350223-235375-383770,1636,15.158924205378973,0.00046492001274600625,11.757666,11.843096,0.5076633,0.4145042,1.9295440117518108,2.0668520450592043,4.483775000749347,4.512761864892045,3565.509035001014,9254.312240000218,ar_order,2048
Mtnx5i-515-495971-279778-348676-11995-306560-418034,744,3.225806451612903,0.00028512379503808916,18.06081,12.977671,0.15552285,0.21771955,1.7487406730651855,1.799628726641337,4.662876819989817,4.661136968986994,329.29885699923034,964.1639059991576,ar_order,2048
fiDqFe-589-306052-37928-421728-166792-414547-458302,1550,7.548387096774194,0.00034323649015277624,16.466131,16.853106,0.31209868,0.24579792,3.294562753041585,3.2577353795369466,4.625768996988672,4.643751986864167,1343.3664049989602,3849.2438009998295,ar_order,2048
KIklei-503-156368-5054-151331-161307-380077-177809,898,12.138084632516703,0.000185836324817501,10.540534,7.3829675,0.51923394,0.53011376,1.6799447695414225,1.6905898094177245,3.513180814197091,3.9845740969818446,1246.6309680003178,3566.952981000213,ar_order,2048
0Rve0i-524-469450-332402-376902-283921-64116-240504,1140,5.087719298245614,0.0009046242921613157,18.630322,13.829245,0.19675474,0.22105487,2.5198158423105874,2.4958049138387044,4.264273896322121,4.316433763132508,585.1891849997628,1922.9682000004686,ar_order,2048
IJqofi-526-68304-236920-183720-152419-94351-316080,661,34.493192133131615,0.0003945751814171672,6.6575723,2.8458862,1.2540035,1.1273537,1.9279716571172079,1.8339802424112956,2.5376043598491385,2.4285261837199315,2590.7621009992,9398.169927000708,ar_order,2048
vAlA7f-458-390385-16661-177809-112031-325632-365075,954,1.4675052410901468,0.00048059478285722435,32.01118,34.12705,0.04409941,0.037883297,4.726834106445312,4.709900760650635,4.719723649163937,4.718705219544688,143.55802699901687,433.3572979994642,ar_order,2048
oK9Hxs-550-7708-104867-460359-299323-420765-264795,1636,3.850855745721271,0.0009720592643134296,20.200693,19.187767,0.14178436,0.13606822,1.3346887509028116,1.3469102462132772,4.688643932077825,4.69356814132456,752.8453980012273,2934.5555740001146,ar_order,2048
kxh9is-563-24999-276516-377039-462467-365075-67099,1636,6.418092909535453,0.0009378857794217765,17.106073,16.378376,0.22622441,0.20492275,2.0749366680781045,2.127200969060262,4.5987371626300355,4.6132186746798896,1307.5950980000925,4392.798925000534,ar_order,2048
Q4PCSi-506-317415-237079-78108-78427-235375-285778,1152,8.072916666666668,0.0002790152211673558,17.515228,14.3573,0.28259456,0.28180876,2.652945391337077,2.3812656084696453,4.206957097963589,4.417253028035374,1441.7143420014327,4078.6760640003195,ar_order,2048
zKb4se-576-475285-202921-407950-32125-236920-469001,1236,14.64401294498382,0.0002435800852254033,13.671069,11.852218,0.48560748,0.49998426,1.9394174496332803,2.0599445343017577,4.571873747299751,4.399980267806193,2476.457250999374,6905.265183000665,ar_order,2048
EZwkWp-195-116061-37928-384031-166684-14787-96948,1442,15.53398058252427,0.0007670152699574828,15.707508,12.244888,0.4813707,0.41087762,3.8066155592600506,3.648202912012736,4.315562330542536,4.3179715133717735,2592.3297979989,7576.27189699997,ar_order,2048
rjyWTe-587-151723-247588-123704-129889-250174-123056,1550,12.129032258064516,0.000710091320797801,12.887826,12.417741,0.44308785,0.4499035,2.024364709854126,2.1051250378290813,4.553650710005563,4.552972376433697,2969.8597339993285,6524.038575998929,ar_order,2048
44Zbvs-567-179462-358526-13671-355104-116061-343332,1636,7.396088019559902,0.00030473197693936527,13.626152,11.060338,0.313725,0.30519906,1.2005485057830811,1.2038275321324667,4.630064930172364,4.628157462400383,2320.227332000286,4048.1565770005545,ar_order,2048
ofs2Us-561-469223-161307-229618-187519-295308-129107,1636,15.831295843520781,0.0003641763178166002,11.900999,11.024313,0.51574033,0.43725047,3.1549099922180175,3.1694088141123453,4.26583262400155,4.27786114412038,3055.4563349996897,11235.569255999508,ar_order,2048
jhRr0p-088-489070-351855-386883-172725-333766-16976,1661,16.375677302829622,0.0008774544112384319,10.523039,10.279084,0.5918925,0.5305787,1.880666438738505,2.025576384862264,4.272910085404627,4.249084227533139,2931.2567680008215,12199.280998000177,ar_order,2048
ItvEYp-187-347380-151331-160943-343502-92870-286732,1222,5.973813420621931,0.0003424148017074913,16.21325,15.768501,0.23117231,0.21550883,1.9478864113489787,1.9462635119756062,4.5767578744774,4.60720189012124,777.186844001335,2843.99228500115,ar_order,2048
9ImS8p-321-63022-306759-480197-355130-205293-103130,1065,1.4084507042253522,0.0003738635568879545,29.21262,30.344112,0.058019787,0.04951641,3.9556857109069825,3.952922471364339,4.721418463735068,4.716465596159816,154.16318899951875,592.304999998305,ar_order,2048
PiKSIp-112-109021-465867-125189-123174-211212-334242,1021,9.10871694417238,0.000980529235675931,15.681783,11.1905365,0.33899745,0.34625998,2.157912095387777,2.083074100812276,4.444831135211673,4.472900384333991,1232.3023320004722,3694.2833220000466,ar_order,2048
5Lu6ui-514-135410-151381-124082-173176-644-324310,744,9.946236559139784,0.00026409313431940973,13.217673,7.787756,0.379396,0.44624102,1.6212202628453574,1.558469502131144,4.581597098395277,4.54742402933747,917.4614809999184,3603.3793870010413,ar_order,2048
69ZMRp-276-162832-2757-113105-349816-17243-289593,1207,16.23860811930406,0.0009542101179249585,12.4838085,12.425361,0.5189133,0.4702426,1.3958524545033772,1.3310146729151409,4.360477805919597,4.340210929196086,3268.0292350014497,8962.006719999408,ar_order,2048
caQa9p-079-134118-41798-311327-343332-125459-231167,1139,6.409130816505707,0.0008238053997047246,24.37291,24.724861,0.16521506,0.14728662,4.312157154083252,4.380617491404215,4.544089642965145,4.557008772458541,2055.3005669989943,2679.279145999317,ar_order,2048
zQSXvp-215-498788-407950-152419-25062-51581-3467,1400,17.57142857142857,0.0010821843752637506,10.464275,9.886688,0.6280337,0.49661052,1.8811583201090494,1.9153072039286296,4.215700049314631,4.270717989509949,3155.249379999077,10775.606774999687,ar_order,2048
3Fszap-093-117533-332219-451954-336612-141428-265166,1116,6.451612903225806,0.002600878244265914,16.768373,17.20886,0.22701578,0.20228364,3.9160885334014894,3.894664430618286,4.5527656288345915,4.563940378215643,726.981142999648,2879.4541130009748,ar_order,2048
oJJGwp-325-47619-442126-2985-182650-124082-457067,1710,4.035087719298246,0.0017253782134503126,17.820978,17.968138,0.18466203,0.17722358,3.2613598028818767,3.1767210165659585,4.668614058598086,4.660498061427165,701.3870300015697,2698.446441001579,ar_order,2048
0mk6rp-310-146145-90733-51581-27791-50416-437215,1608,1.7412935323383085,0.0014768074033781886,24.761692,25.102064,0.08211633,0.07045106,2.2930193265279133,2.336224905649821,4.714604069098542,4.71583138788559,284.847943999921,1007.601605999298,ar_order,2048
lzFhsp-134-377273-280816-60681-369034-268009-11995,1625,3.076923076923077,0.0012218672782182693,26.790884,23.359566,0.09850588,0.099211514,4.766371885935466,4.735163180033366,4.688107499370421,4.6843962049403185,1013.8381510005274,2350.8271039991087,ar_order,2048
5OQdwp-063-348077-460359-16661-112031-224170-197606,1404,2.7777777777777777,0.005658838432282209,19.032322,18.772085,0.1345707,0.13595949,3.4663820107777914,3.4824850082397463,4.657363932523986,4.658525409763918,416.5034609995928,1634.3102760001784,ar_order,2048
am1FVp-234-380077-145165-25579-145555-311495-324310,1208,5.380794701986755,0.004206848796457052,16.574114,16.687977,0.22797592,0.22033055,2.944861920674642,2.49219012260437,4.568206623835394,4.499118034128102,701.4960369997425,3107.5783420001244,ar_order,2048
1zDUvp-298-108297-119460-56896-348770-68221-98443,1510,2.5827814569536423,0.0020352303981781006,18.709938,18.767687,0.13886653,0.122939266,4.809923553466797,4.830267842610677,4.651644798420723,4.6517286879129465,394.2097740000463,1632.44511800076,ar_order,2048
cqZnBp-237-143976-377902-462328-483339-384274-414547,1322,8.245083207261725,0.005321722012013197,14.308471,13.290003,0.30351546,0.32977483,1.401596689224243,1.4727455854415894,4.556484035443805,4.526774817959905,1154.9840699990455,4338.658626998949,ar_order,2048
N5kbFp-292-397909-407728-152140-117533-153980-62919,1693,21.204961606615473,0.0010815237183123827,11.9267,12.521866,0.6946003,0.8479453,1.4698251167933145,1.396224594116211,4.591000333449534,4.353355874686809,5054.396129999077,13797.852642999715,ar_order,2048
DmpOYi-525-91230-450251-209608-292323-92870-38506,1140,16.315789473684212,0.0021517532877624035,10.899263,6.8042336,0.60585546,0.5704974,2.217267115910848,2.282573874791463,3.4057710654276154,3.985850528188587,3034.7341950000555,6355.924225999843,ar_order,2048
BBcZPi-501-456735-480197-495997-497448-326140-134118,861,0.8130081300813009,0.003230630187317729,29.395199,20.726112,0.03970361,0.09587276,1.8047720273335774,1.8272602160771687,4.731461677311801,4.702751605105524,126.48955900112924,457.5860200002353,ar_order,2048
BsVmke-591-419538-379538-386302-426805-469450-347380,1550,17.806451612903228,0.002498342888429761,10.181903,8.3355055,0.63156444,0.64308435,1.5534673134485881,1.6387561877568564,4.34336318708749,4.357724045639828,3601.5488889988774,11016.930699999648,ar_order,2048
nSu3Cp-366-41411-362672-285778-222370-421926-202035,1118,6.529516994633274,0.006295517086982727,20.91127,21.966505,0.26906836,0.20823501,4.136269696553549,4.004776318868001,4.700586862627597,4.68745949722738,759.5938209997257,2671.16925099981,ar_order,2048
tztd5w-640-23535-348077-410307-64116-151381-134118,1176,11.989795918367346,0.0032262594904750586,14.218731,13.935812,0.38479003,0.3460244,3.7244240760803224,3.5553473154703776,4.295485122319362,4.32117854197174,1739.4878859995515,4878.119304999927,ar_order,2048
qQ82Hw-614-91230-379354-379373-260428-324310-287427,949,5.163329820864067,0.0024592585396021605,17.326757,17.123558,0.20774762,0.19365223,2.057423543930054,2.004818018277486,4.517798405307352,4.533187725454765,496.1485139992874,1595.1697139989847,ar_order,2048
f2JFMw-634-136860-113105-22031-310105-248646-32125,824,8.25242718446602,0.0029410782735794783,12.4783125,12.153554,0.34484315,0.3142468,2.2727347373962403,2.2130815664927166,4.5838933352248805,4.587437239322425,765.59860999987,2229.2741929995827,ar_order,2048
ainjFp-098-145384-88756-289593-274542-488804-292564,2208,9.148550724637682,0.003448504488915205,13.590086,13.0714,0.34371433,0.32828248,2.6480321725209555,2.6181235631306965,4.489428090540199,4.479346719772134,2171.5181799991115,8631.9609509992,ar_order,2048
BcVzDs-560-352809-57514-418989-243067-209608-32726,1636,6.601466992665037,0.0019297391409054399,18.7624,16.792606,0.22449876,0.20344938,1.5052329858144124,1.5396482626597086,4.639713236835395,4.642915906289035,1214.894042999731,3960.968093999327,ar_order,2048
TypO9p-362-82313-390793-365346-50416-310105-275395,1464,23.36065573770492,0.0034457372967153788,8.099729,8.363109,1.1512548,0.7726221,2.614358679453532,3.018054421742757,4.485169720905198,4.311285493194462,4037.5147809991176,14457.759348999389,ar_order,2048
nQsrxi-500-35788-354893-151331-437270-461984-276516,861,11.033681765389082,0.004316622857004404,14.5312605,9.510232,0.4154911,0.4814674,1.771194831530253,1.6442617019017538,4.6162730519817625,4.433252532161393,1092.4582489988097,3702.2408970005927,ar_order,2048
ck2Uxp-081-495997-135873-82313-377039-373629-268363,1026,4.775828460038986,0.004637618083506823,17.28686,15.974421,0.18750934,0.22532946,2.172970755894979,2.2014877637227377,4.5853521449478025,4.549070442000668,623.892794999847,1776.7205860000104,ar_order,2048
jgJdnp-100-135873-177809-247007-67455-332402-185152,1404,5.84045584045584,0.0029392531141638756,18.87116,19.41959,0.18887164,0.16736282,3.6863945643107097,3.718964703877767,4.594803750698646,4.608328178678773,923.5973310005647,3035.9746720005205,ar_order,2048
m8mjCs-533-485468-283456-486330-442126-2757-12865,1636,22.677261613691932,0.0013069127453491092,10.091939,7.833864,0.75709057,0.6685398,1.2985134283701578,1.3428877035776774,4.311646085507094,4.3377643580443,4662.558394000371,15090.53521900023,ar_order,2048
pRaNDw-627-181149-276516-426805-281965-56896-235375,1894,4.7518479408658925,0.002972227055579424,15.210286,15.086631,0.23106779,0.20922957,2.116939322153727,2.103032604853312,4.591581557661769,4.597451107191185,1034.2235019998043,3421.151890999681,ar_order,2048
U5aQJe-592-437270-129013-295308-406364-103913-497087,1550,4.451612903225807,0.001561999088153243,18.410189,18.600954,0.22377126,0.17519534,2.3883363405863443,2.406925741831462,4.657208254136128,4.662382181855316,870.9255789999588,3380.5480999999418,ar_order,2048
3e1Tjp-199-462328-423751-38597-248646-74769-2009,1395,9.46236559139785,0.002225166419520974,15.05498,14.811281,0.35074893,0.3350359,1.3644869963328043,1.4389499266942343,4.484808997809848,4.437127332949279,2303.6542829995597,6084.504427000866,ar_order,2048
SSYQ1w-650-275802-13671-144360-112336-104867-157595,503,5.36779324055666,0.0031455422285944223,23.126554,22.813583,0.14815396,0.13786368,3.8820574124654135,3.832297611236572,4.554849157850969,4.547770780014624,452.0088829995075,1530.4934949999733,ar_order,2048
JCRPTw-618-129107-479691-343332-355104-157595-129013,1894,30.517423442449843,0.0062578716315329075,6.326209,5.17765,1.0269443,0.90610904,2.0938796202341714,1.9743926366170248,3.8357107069329097,3.8872473818200635,7909.148950999224,22063.043961999938,ar_order,2048
BThtKf-463-324456-428876-160668-329895-295308-99711,1722,31.3588850174216,0.001240023411810398,5.9325905,4.893232,1.0766083,1.0055803,1.1404657284418742,1.1602940400441488,4.223372389128534,4.233647631508379,7316.9796820002375,20674.769182998716,ar_order,2048
BNXFqp-404-184495-450557-10737-129636-497448-379538,712,3.089887640449438,0.0009845345048233867,14.977182,13.025555,0.1958276,0.19277693,1.9491650740305582,2.0057059367497763,4.597842448379902,4.632668727786738,346.8683510000119,775.2678510005353,ar_order,2048
7HBFIp-071-294604-416172-427818-181149-278609-175927,1141,7.887817703768624,0.003979463595896959,19.471622,19.820873,0.25077093,0.19987702,4.016722885767619,4.033979908625285,4.5240401419717475,4.538864181514378,1152.9830430008587,3800.1497269997344,ar_order,2048
fS0Vwp-324-274170-461984-129889-218396-366126-128329,1773,16.130851663846588,0.001755136763677001,12.319656,10.910216,0.56959397,0.47516158,3.487500619888306,3.5383565107981365,4.258674392144416,4.329500566786577,4039.6457249989908,12207.521120999445,ar_order,2048
MJEnPs-553-484336-261033-237079-274170-257745-343308,1636,5.990220048899755,0.0014303416246548295,13.554222,12.573183,0.28446403,0.27856067,2.189557933807373,2.1659231106440227,4.651668509210587,4.657107052642157,1099.539109000034,3544.105513999966,ar_order,2048
noHubp-343-163645-17243-410906-219243-161307-221798,1638,6.654456654456655,0.0025536506436765194,13.40616,13.2246895,0.3480825,0.29298332,2.8012815952301025,2.889596207936605,4.6111336507364316,4.612788060916758,1405.4261860001134,3770.460285999434,ar_order,2048
4sBV1s-535-160927-255765-139119-167772-460359-377902,1636,11.98044009779951,0.0018671865109354258,11.940987,12.544502,0.4612358,0.37652695,2.6069034258524577,2.664827076594035,4.494504747707405,4.537538797015786,2161.931224,8682.952176000981,ar_order,2048
IZG94w-666-98443-418034-470600-161118-288253-129889,1707,7.147041593438781,0.004833240993320942,16.466103,15.3025055,0.25107536,0.26938352,4.091983858744303,3.560157028834025,4.477736704767009,4.438334346685063,1262.515483000243,4622.998724000354,ar_order,2048
9hvMUf-482-498788-113105-17243-63022-21827-338584,1318,11.077389984825494,0.0011917749652639031,10.564873,10.591129,0.5063044,0.44343987,2.5550445715586343,2.5240411440531414,4.5642566542123575,4.550552328003603,1547.1748909985763,6665.600106000056,ar_order,2048
TkK5fp-380-229618-476225-311495-339484-11995-7708,1573,6.039415130324221,0.003558315569534898,14.327429,14.68408,0.28762785,0.23435967,3.5871464888254803,3.636743942896525,4.586032362725979,4.597277483713547,979.6771170003922,3894.1398940005456,ar_order,2048
9f3Qjw-657-129013-78427-348770-228203-60643-7188,839,7.866507747318235,0.0029710158705711365,16.66846,16.221426,0.27555475,0.23911004,2.52774985631307,2.4609181880950928,4.514977905672443,4.529024129875095,1057.894560000932,2482.9630739986897,ar_order,2048
mZAhvp-320-51581-316080-475285-152880-108378-407790,2240,19.732142857142858,0.009975253604352474,15.086251,16.464518,0.641814,0.62575215,2.283094120025635,2.5203772226969403,4.56448371059194,4.304795111316611,6150.682452000183,14807.73932900047,ar_order,2048
aVIkMi-504-436373-35788-166684-274170-363774-493700,826,3.753026634382567,0.01687152311205864,17.806515,16.10593,0.17882912,0.18349831,1.350514046351115,1.3856804052988687,4.68684512263829,4.66666992677145,336.37186699888844,1248.5991150006157,ar_order,2048
wD39yw-617-350336-91230-365075-384274-339484-27577,918,4.139433551198257,0.01175561361014843,15.998192,16.05063,0.20045952,0.1946036,2.4691445509592693,2.436146450042725,4.635173936831841,4.638868328970714,397.54785699915374,1776.7741339994245,ar_order,2048
WWYmkp-135-247007-450251-229950-249772-273892-186349,1032,18.7984496124031,0.02265731431543827,11.411758,11.070171,0.6375163,0.5264152,3.0121325333913167,3.1994886716206867,4.298990977492308,4.375260689608404,2538.7202050005726,6927.805694000199,ar_order,2048
1Q0zzp-067-496080-227228-300626-311379-247007-1214,1044,3.4482758620689653,0.020670078694820404,31.78604,31.283848,0.098720856,0.09888499,4.221750768025716,4.258954079945882,4.721180253656559,4.719625102405508,550.9649390005507,1211.4855919990077,ar_order,2048
9Mkadp-302-273892-209608-109841-324591-494783-498752,1917,13.928012519561817,0.008960635401308537,13.214014,13.081369,0.46668467,0.4126613,1.5768970648447673,1.6689294258753458,4.516108978247157,4.523939634840607,3021.0947329996998,10422.239391000403,ar_order,2048
ui9aDp-122-292323-379538-386883-287427-306759-88721,1070,4.579439252336448,0.009513289667665958,23.272293,18.89374,0.15709311,0.17215367,3.3048136393229166,3.0370999336242677,4.669733727549381,4.658673159214482,503.635976001533,1664.9694509997062,ar_order,2048
YLEXwp-335-240298-183720-447487-129636-202035-44660,1633,4.776484996938151,0.019239043816924095,18.04556,17.193733,0.20554812,0.20840709,2.57605725924174,2.182809257507324,4.675847855883311,4.65420780728402,809.6707969998533,2692.2409189992322,ar_order,2048
6TUCvp-352-108130-78807-55646-250174-386302-414547,1874,14.300960512273212,0.02210024558007717,13.337658,13.487683,0.5329056,0.44079018,2.2507946650187174,2.2670143127441404,4.324022506838399,4.320297278810285,3009.8686990004353,10713.001353000436,ar_order,2048
DfzVIp-175-379354-103913-25062-384031-343308-295308,1232,6.737012987012987,0.007324743550270796,16.877073,16.724455,0.25804713,0.25341114,2.192741044362386,2.1043512264887494,4.556352848116458,4.465354861691326,972.6407590005692,2913.85876700042,ar_order,2048
YuwChp-152-8651-147603-379354-29563-62919-345238,1842,8.360477741585234,0.018081096932291985,23.1441,23.375437,0.27570868,0.20448548,3.9677533149719237,3.9568328221638995,4.550562880168862,4.566694371056422,1776.3630690005812,6094.72618899963,ar_order,2048
QpHWMp-383-149498-238364-156368-402653-484336-426805,1642,21.74177831912302,0.02199472486972809,10.243159,10.694937,0.8705508,0.69361335,3.18224679629008,3.2795398871103925,4.600132105292445,4.576081508208688,4145.334558999821,15336.72476999891,ar_order,2048
RkoxIi-499-395609-17243-276516-68344-191485-476225,1053,19.183285849952515,0.013668406754732132,8.926892,5.2104926,0.76503426,0.66731185,2.0997078736623127,1.865056824684143,4.4199133265053225,4.391610377778104,2447.692436999205,9139.822625000306,ar_order,2048
avuTLe-585-474206-355130-317191-361413-333474-248785,1550,11.806451612903226,0.014499159529805183,14.196557,11.323992,0.38739255,0.5146666,1.6952512820561727,1.7712016105651855,4.546584177331087,4.542649520337568,2134.612712001399,7042.321487999288,ar_order,2048
RXuyap-339-457067-332402-329331-281965-472051-353502,1386,8.441558441558442,0.022795502096414566,17.949898,18.359318,0.29959497,0.31796753,1.5508021672566732,1.5331187009811402,4.695890707163412,4.560937436769483,1318.2000189990504,4919.14836000069,ar_order,2048
cfSfbp-363-68221-13671-186349-322947-197606-339484,1688,12.855450236966826,0.020284058526158333,20.151196,21.109287,0.3853227,0.36108968,3.267648140589396,3.395385503768921,4.674158614024502,4.675903418809863,2345.1233729992964,10153.45756699935,ar_order,2048
jM2z5p-212-362995-350336-202035-87506-239730-207508,960,3.125,0.008350489661097527,26.754799,26.661251,0.12526815,0.09766034,3.3205245176951093,3.487143309911092,4.725894500113929,4.726018061297192,304.0313649999007,954.2936349989759,ar_order,2048
HxFzMp-357-24999-343332-90733-489807-316694-345238,1056,12.68939393939394,0.008049515075981617,17.17073,15.396689,0.40732977,0.4190894,2.8406248569488524,2.6964501698811847,4.665359307400509,4.6142758277215385,2228.925793000599,6536.881307998556,ar_order,2048
rllgnp-282-21827-2985-183720-67455-409746-330730,1398,18.812589413447782,0.014075466431677341,12.770742,12.262251,0.63122666,0.53359216,1.3548164049784341,1.3327556133270264,4.268364061919748,4.243458693461802,4429.223299999649,10014.89995799966,ar_order,2048
IJui6p-278-140209-424453-325632-318907-448869-125189,879,26.39362912400455,0.012646407820284367,8.334674,7.604134,0.9388282,0.7761254,3.141787354151408,2.9120940526326495,4.1939550570871225,3.924186342482443,3814.150590000281,8818.326934999277,ar_order,2048
riuiap-287-319764-286732-35325-55646-391852-1246,1806,5.038759689922481,0.016919877380132675,17.12321,17.1142,0.2315977,0.20497696,2.7867209275563556,2.7983569304148355,4.654131775765438,4.662185010406702,1500.6425960000342,4180.0560020001285,ar_order,2048
9OkIKp-409-379354-383479-166684-320846-480197-361413,1633,3.1230863441518677,0.018505295738577843,29.27147,29.893867,0.091115184,0.0845983,2.5281229496002195,2.7416974544525146,4.6666729460835334,4.6660876596463545,818.5020450000593,1916.3068239995482,ar_order,2048
vTx6Wp-073-38459-458554-472051-230200-332402-365346,1099,10.009099181073704,0.006727493368089199,15.010794,15.085598,0.33242834,0.30150497,1.8214932441711427,1.974543555577596,4.498102618592467,4.476040332491364,1122.1566710009938,3889.340998000989,ar_order,2048
9aa0Fp-331-427818-479691-112336-420765-462193-379354,1488,11.491935483870968,0.015810392796993256,18.514425,16.590317,0.41375205,0.33215368,2.560700305302938,2.4733832836151124,4.679841618907974,4.680036250039163,1720.737542000279,6489.31059700044,ar_order,2048
Od9CNp-327-140209-326180-101992-35325-166792-451954,1953,10.39426523297491,0.014821072109043598,16.795753,14.249849,0.3516587,0.35038844,2.316547727584839,2.3372357845306397,4.656261944082396,4.661344494724034,2052.1474389988725,7792.499634000706,ar_order,2048
2TcsGp-297-152880-78575-467697-23535-316694-24999,2415,13.250517598343686,0.007391820661723614,13.897218,13.95711,0.46933642,0.38385996,2.7277376015981036,2.8710840543111167,4.574585998784562,4.530305684332954,3773.1035289998545,13252.167173999624,ar_order,2048
IJFPZp-340-90733-100179-99711-247588-402653-355130,1491,3.35345405767941,0.00944688729941845,14.461319,12.56474,0.24294633,0.25069812,1.798642913500468,1.8279590924580893,4.698465276817505,4.690400607544571,507.7423380007531,1894.7194909997052,ar_order,2048
sNYM9p-246-47619-361413-1214-155820-418901-176776,965,28.808290155440414,0.011091777123510838,7.313202,7.1884146,1.0123535,1.055778,2.2533437252044677,2.2150251070658364,4.5058442879560765,3.8201136858160654,3396.415987999717,11274.794617000225,ar_order,2048
OI5Azp-257-60643-225888-294604-334833-14787-125459,1203,4.904405652535329,0.01875906065106392,15.628799,14.893947,0.3206954,0.22629105,1.5681147893269858,1.621186375617981,4.584723547837651,4.5916271901417165,629.9998419999611,2423.913842001639,ar_order,2048
vhQX3p-288-256377-386883-276335-177955-380077-80661,2229,2.4226110363391657,0.0165446437895298,16.083765,16.237934,0.18310094,0.16689725,2.257446829477946,2.2445432504018146,4.683488627961861,4.682467953316328,738.1352310003422,1992.242227001043,ar_order,2048
d4LtRw-656-379354-74769-192385-202921-93885-62534,1673,9.145248057381949,0.009153828024864197,13.729664,13.469101,0.32968047,0.3186667,3.4134995301564532,3.2632078170776366,4.488372872375824,4.49078661472082,2084.1499590005697,5793.339498999558,ar_order,2048
dc4C1p-319-469130-53129-287943-116061-476924-448907,1529,17.658600392413344,0.017503265291452408,19.754356,18.527576,0.702425,0.4277121,2.647443421681722,2.5643178462982177,4.712071704066779,4.706606045245308,3235.6100889992376,11525.893058000293,ar_order,2048
PSLbbp-359-11995-156368-348733-154883-123704-497426,1430,11.888111888111888,0.021002519875764847,10.600967,9.633131,0.5595973,0.49087366,2.5315363725026447,2.586916987101237,4.665234703588284,4.659477790195982,1761.7208480005502,5709.663128000102,ar_order,2048
zVlcap-263-274542-472051-376372-248785-476225-35325,1292,4.102167182662539,0.021863481029868126,16.801674,16.525341,0.21203752,0.20048742,1.3091951131820678,1.2670154730478922,4.671073388988649,4.669585401291492,608.370226000261,2070.986040000207,ar_order,2048
rpdA0p-089-193291-347380-224170-426805-310105-489070,1279,8.913213448006255,0.00744014885276556,13.52338,13.124422,0.3516244,0.33686578,2.0498589674631753,2.1820150216420493,4.483184068508483,4.4877791088804235,1508.7001390002115,4302.143273998809,ar_order,2048
O7tsRw-671-38597-125620-126584-128202-343308-240298,1734,7.035755478662054,0.009212201461195946,15.135935,15.207306,0.27294615,0.24055685,3.2284039497375487,3.1544548829396564,4.519132186134024,4.533594354712412,1448.9004959996237,4836.802865998834,ar_order,2048
mCLt3p-410-320846-476924-422977-274323-99711-177809,1085,1.4746543778801844,0.022891782224178314,27.68316,27.79369,0.06265583,0.057025056,2.312290986378988,2.338301674524943,4.72871843230056,4.727197386779899,248.58480599868926,814.0010560000519,ar_order,2048
jFujMp-258-2985-422977-276516-270302-316694-390385,1887,7.790143084260731,0.008067467249929905,16.558224,17.353186,0.30533075,0.24529843,3.489219840367635,3.5585098266601562,4.563096799070514,4.534745610771354,1813.8770899986412,6409.623695000846,ar_order,2048
uIq5Cp-346-271293-199372-348733-164849-450557-397909,1966,2.899287894201424,0.015138654969632626,19.856482,17.706158,0.15170522,0.15583114,2.896752882003784,2.915012900034587,4.706173832248867,4.70220926304153,569.1358670010231,2465.2165039988176,ar_order,2048
2HNvip-384-377039-229618-315211-103130-162269-274323,1838,4.243743199129488,0.014237921684980392,20.198776,20.267792,0.20221849,0.15876918,3.815732463200887,3.8236169974009195,4.706458699056313,4.699430246440283,941.1666089999926,3757.9120300015347,ar_order,2048
hImnha-010-474206-125620-494783-410307-474929-314040,1033,9.390125847047434,0.04484827443957329,13.310869,13.568717,0.3386226,0.68216234,1.5798418362935385,1.7150205294291179,4.638839865293914,4.349545141237606,1178.9065760003723,4508.926313999837,ar_order,2048
fiBRvp-155-14754-379538-407950-108056-495971-270302,1409,17.033356990773598,0.03848577290773392,9.670818,9.498154,0.6541138,0.6040427,1.7820051670074464,1.8280202627182007,4.207831649409865,3.869181420412897,3337.419437999415,9660.833616000673,ar_order,2048
QzAg3p-413-374393-31166-163645-409369-10737-129013,973,10.38026721479959,0.0511818453669548,23.63548,21.079727,0.30583933,0.26697263,2.138514455159505,2.254417626063029,4.698726893425829,4.6741624549346215,1390.5340069995873,4010.4802419991756,ar_order,2048
JLBTXp-060-194617-60643-435517-420765-124439-152419,1024,10.44921875,0.024550464004278183,13.878824,13.6748705,0.59975785,0.34046736,4.483404509226481,4.635468737284342,4.601905226398699,4.61286124833455,1534.3955240005016,4101.470929999778,ar_order,2048
k4Lvzp-329-270302-101992-248785-163995-27791-469130,1701,7.642563198118754,0.051412247121334076,17.412992,17.52351,0.3314031,0.2771819,2.6960784912109377,2.670797840754191,4.701729526280675,4.658394294914672,1471.2056490006944,5377.837677999196,ar_order,2048
ZgJsyp-189-209061-292564-111916-92870-126584-280816,1939,5.002578648788035,0.0409746915102005,18.4595,18.308561,0.2280755,0.19579905,1.6004822413126627,1.5291619380315145,4.688838702799599,4.6675501613422865,1031.3727060001838,3732.006669000839,ar_order,2048
G50hup-092-363552-123056-229618-481410-299323-332402,1114,6.463195691202872,0.028861256316304207,23.190536,23.949715,0.2351207,0.16887891,4.251664543151856,4.471220270792643,4.640772589119874,4.650548104043633,812.9645190001611,2589.7425709990785,ar_order,2048
8b8sWp-275-88756-348733-183720-134118-226233-129107,1202,3.577371048252912,0.031784262508153915,20.44493,20.773628,0.1611255,0.14637513,3.5014272212982176,3.553643258412679,4.718745020952779,4.714195178827311,569.938243001161,1494.3761510003242,ar_order,2048
vOT8yp-371-205293-131237-111916-212842-29563-288077,1254,6.220095693779904,0.025580398738384247,15.74213,17.027184,0.2856523,0.29573363,2.930831209818522,2.8138819217681883,4.647450771678777,4.572730827362072,1054.765855998994,3006.0098100002506,ar_order,2048
qmNVhp-128-78575-68344-44660-128101-103130-334242,1283,4.75448168355417,0.03182704374194145,20.776426,22.965103,0.21078424,0.1533571,2.260092194875081,2.300936794281006,4.628324556594115,4.594443203847172,833.4004200005438,2075.0197770012164,ar_order,2048
8wAd8p-068-329159-165684-202035-119460-330730-447487,1209,11.41439205955335,0.0299910269677639,16.989698,16.706522,0.40440276,0.30240363,3.6457719643910727,3.5757292111714682,4.494662291466119,4.495771904525382,1583.5467289998633,5921.631277000415,ar_order,2048
tXap2p-281-298969-9753-281965-457067-162269-329331,1012,6.8181818181818175,0.026187583804130554,17.827843,17.675016,0.24411492,0.21625268,3.1589909394582114,3.09343105951945,4.691304109474871,4.662676976375711,857.925640000758,3267.3796089984535,ar_order,2048
fdXdMp-313-165684-111916-348770-380077-145384-347380,1440,12.777777777777777,0.03389327600598335,16.303112,16.81071,0.47273287,0.40963963,3.0821987787882485,2.8666324933369953,4.655081610806012,4.584345426633825,2363.0736650011386,6773.3012800017605,ar_order,2048
Jpj5sp-423-369034-108056-487747-295308-1246-219243,1468,8.583106267029974,0.05191738158464432,18.658037,17.665838,0.358758,0.27124825,3.5235428969065348,3.7612478097279864,4.684349536839813,4.661023702839769,1661.5966270001081,4847.249596999973,ar_order,2048
maM4mp-267-195572-141428-108130-299323-8651-456735,1158,7.512953367875648,0.0453246608376503,27.69042,29.248705,0.23124404,0.16357404,3.2821325302124023,3.3229331811269125,4.723496907100304,4.712493601181961,1202.3228889993334,3226.0199940010352,ar_order,2048
Aal0cp-183-209061-91230-492922-2757-317191-461984,990,4.545454545454546,0.0922110378742218,17.653397,17.424664,0.20546204,0.19140095,2.208385451634725,2.00433251063029,4.6446580116660625,4.637227551962546,619.290822000039,1616.9951909996598,ar_order,2048
m5rDOp-062-377273-156368-185152-188815-186260-486330,1445,11.003460207612457,0.02404632605612278,16.613747,15.5973625,0.37924543,0.28084767,3.646794001261393,3.7325281778971355,4.502612446682573,4.555018803171997,1946.2631390015304,5891.459836000649,ar_order,2048
IIhdup-184-282845-322947-195637-315211-10737-386302,986,6.896551724137931,0.07097651064395905,21.596111,21.70229,0.3006455,0.19811994,1.438439377148946,1.4242182652155557,4.598117448802585,4.626903551121263,960.6399210006202,2454.2500379993726,ar_order,2048
eiJpip-223-216978-247588-305230-165168-65123-203381,1402,10.556348074179743,0.04873007535934448,16.144386,16.182453,0.3876963,0.331736,1.4041914780934652,1.3390788157780966,4.50825022445293,4.4211207231012875,1737.1150830003899,5721.4045290002105,ar_order,2048
uYOkKp-107-143976-376902-185152-437215-90733-10048,968,4.338842975206612,0.029287779703736305,22.275858,22.894718,0.15188318,0.13572866,3.2237137953440347,3.3580820560455322,4.626919302871479,4.61295046273137,501.5038330002426,1579.6615609997389,ar_order,2048
DWrC0a-013-57191-1214-242009-327883-379538-476225,1033,12.100677637947726,0.0352642759680748,9.89003,10.072472,0.5368193,0.53240997,1.3322025696436564,1.367462690671285,4.551623788634083,4.361748733289119,1564.1509449997102,5096.906376000334,ar_order,2048
6maFGp-305-129013-193291-68221-152880-38506-163335,2424,17.863036303630363,0.02638908289372921,16.561562,18.677065,0.5856323,0.50417805,3.5522255897521973,3.6682334105173746,4.655630594996464,4.618987301678088,5745.506725001178,18610.557798998343,ar_order,2048
fZg66p-070-68221-216978-377273-239730-53784-3467,994,29.577464788732392,0.03719060495495796,17.474941,17.590683,0.86240035,0.68356514,3.4252659956614178,3.6393405914306642,4.571082711296316,4.543726369950345,3180.949208999664,10418.399083000622,ar_order,2048
CF7Gnp-165-481033-25721-175927-209061-312468-108378,1919,17.509119332985932,0.03301472216844559,13.219944,13.375007,0.58951706,0.46260762,3.19421124458313,3.191975243886312,4.332471324747508,4.28887204852498,4217.215192000367,13773.067493999406,ar_order,2048
tTMeWp-326-264357-280816-2985-25721-189658-311379,2359,8.902077151335313,0.04867259040474892,22.048246,22.76146,0.31532547,0.26685527,3.3758460521697997,3.473268191019694,4.693227461663218,4.700098078580179,2974.640315000215,7627.318816999832,ar_order,2048
kDEiGp-268-254920-474864-52991-170820-165168-328121,1029,24.101068999028183,0.09233691543340683,6.9126825,6.450887,1.3729845,0.84990406,1.8697120189666747,1.8140246470769246,4.558397333341241,4.478764740429875,3801.491430000169,9953.442866000842,ar_order,2048
rkSMcp-349-162269-339484-74769-12865-363552-41411,1411,14.386959603118354,0.02514478750526905,16.724697,17.146801,0.47766578,0.45913187,1.66097571849823,1.5830989996592204,4.686823728613378,4.498091094227357,3310.2397969996673,6952.134782999565,ar_order,2048
FZwvbp-205-349816-138959-261033-383479-409369-152140,1111,28.26282628262826,0.03914736211299896,12.789074,11.541682,0.8983273,0.8096018,2.301897128423055,2.241698996225993,4.556089435969565,4.296264566699594,4502.84356299926,12974.594593999427,ar_order,2048
ie6iSp-097-407790-253414-334074-464643-167361-80351,1395,3.942652329749104,0.03198687732219696,28.854725,29.203722,0.10995137,0.094519995,2.554729111989339,2.4054123560587564,4.642936469033449,4.6480649181338425,898.3341570001357,2559.2082889997982,ar_order,2048
Q1VJ4p-396-67099-191485-442126-324310-384031-392966,757,0.5284015852047557,0.04145583510398865,57.489655,50.44498,0.012680066,0.012808032,2.519482692082723,2.6128879388173423,4.731952961429389,4.731164511452263,47.69366799882846,152.62235100090038,ar_order,2048
BLAVyp-401-374393-353502-276516-464643-247007-280816,1578,17.743979721166035,0.0333615206182003,10.728056,10.868967,0.65911144,0.5380681,1.3434261163075765,1.3227871497472128,4.587591018170749,4.532008823318766,3695.257927000057,11326.608745001067,ar_order,2048
qx9MPf-447-243466-253414-78108-327883-41798-186349,1722,15.911730545876887,0.0489613376557827,8.428955,8.2121,0.6181471,0.59705496,2.007385730743408,2.7252561728159588,4.33403632863389,4.326258617503022,3297.8052380003646,10887.318388000494,ar_order,2048
4fsgkp-253-311495-209061-229618-287427-276516-38459,1013,6.811451135241856,0.02615589275956154,17.870441,17.477306,0.26896784,0.21265484,3.1757522265116376,3.247570498784383,4.685104326422865,4.6656936116763825,707.8600129989354,2103.43358099999,ar_order,2048
u3JmNp-105-377036-373629-177809-287789-419538-221798,1057,9.082308420056764,0.03273187577724457,17.57051,12.308109,0.43525624,0.32634303,3.3695815563201905,3.1931687672932942,4.6745043983633,4.584908387880985,975.3378829991561,3413.547861000552,ar_order,2048
7gnoMp-243-13140-469001-90733-352371-418901-62534,1349,14.381022979985175,0.03019716590642929,12.003242,11.848026,0.6425097,0.48624322,2.207882356643677,2.4006528854370117,4.63181071275752,4.576319170791233,2125.214785000935,9603.870744000233,ar_order,2048
WYTgYp-403-306759-7708-254913-153980-163947-460359,1450,4.206896551724138,0.0560128353536129,15.770755,14.915868,0.24895436,0.22723503,3.3473458925882977,2.9307992617289225,4.676128665625652,4.6590774496311145,631.3259739999921,3264.1984000001685,ar_order,2048
zRlcSp-181-25062-53784-123056-333757-268363-211084,1709,6.1439438267992985,0.025759130716323853,17.24361,17.611721,0.26396742,0.23685224,2.3179589112599692,2.4742457548777264,4.654991027362577,4.505600733386647,1209.2590560005192,5164.350501001536,ar_order,2048
TaYTvp-415-63022-179855-481410-392966-38597-437270,762,4.593175853018373,0.03335783630609512,20.729618,20.814327,0.22516541,0.16621085,2.723494021097819,2.587601312001546,4.701775690353185,4.684158469480477,359.4121770001948,1229.0472389995557,ar_order,2048
9kbanp-261-50416-108056-469001-231167-334074-209061,1007,5.958291956305859,0.026795921847224236,16.174248,15.865897,0.27015844,0.23937118,2.374116388956706,2.378753900527954,4.675952053336786,4.63203740393141,1056.768168000417,2194.2847359987354,ar_order,2048
DLZvmp-426-78108-128329-469130-165684-261033-84004,868,7.71889400921659,0.026906199753284454,20.527409,21.481554,0.2578249,0.22051106,3.9656678835550943,4.1476540247599285,4.691689662695379,4.67236223210986,1150.7093079999322,3158.6459199988894,ar_order,2048
i0Ocoe-610-395609-211084-211212-108056-187519-202035,1390,9.784172661870503,3.9601487515028566e-05,12.3057375,11.343674,0.41861224,0.4470394,2.057335956891378,2.01105682849884,4.621901733930919,4.575131756755479,4242.807968001216,6960.740632001034,ar_order,3072
PBDVAf-465-366971-117533-197606-160943-60681-25579,1722,3.426248548199768,2.0712036530312616e-06,19.640707,16.158745,0.18301947,0.19555812,2.5296537399291994,2.4965652942657472,4.699714463366918,4.684304722468511,1558.7285370002064,3620.0070579998282,ar_order,3072
sF1D5f-429-45816-14754-487747-347380-61770-187519,918,1.4161220043572984,6.66032019580598e-06,31.126745,27.050945,0.05479768,0.0558393,3.1231661955515544,3.1714377721150715,4.7299333355703155,4.722985397791907,378.63038500108814,1033.6741339997388,ar_order,3072
8lHaxa-001-437270-91230-96853-392966-377039-493700,1033,8.712487899322362,1.6546022379770875e-05,13.641674,13.871653,0.3565577,0.31454396,1.7152674833933512,1.5992236773173014,4.655616246096556,4.5299820248334335,2670.6179620014154,4151.194870999461,ar_order,3072
wH6bMa-009-144175-39168-315211-114587-333757-10048,1033,7.55082284607938,4.100139267393388e-05,14.299436,14.928692,0.38415053,0.2718229,1.585282850265503,1.6027175505956015,4.5347570341328645,4.555008827135638,2259.597117999874,3318.608296000093,ar_order,3072
l3Lvae-611-211084-218396-212842-198509-334833-311379,1390,4.244604316546763,4.941728548146784e-05,21.171497,21.959074,0.16434462,0.18174298,3.3459906895955402,3.3849058310190836,4.706859219540501,4.70071243721674,1798.0946759998915,2366.589090999696,ar_order,3072
cmHjrf-493-348077-309854-224170-458554-202179-472051,1722,16.144018583042975,0.00013046321691945195,8.471033,7.9449654,0.6420876,0.7594091,1.298823928833008,1.3038440068562827,4.405118792966718,3.9496409446591976,7198.23395000094,13784.504180999647,ar_order,3072
9srcUf-448-162832-472051-219243-152140-401183-304828,1722,11.091753774680605,7.126033096938045e-07,10.880777,9.004944,0.5154057,0.72124743,1.5179132143656413,1.5484133084615073,4.613167478312441,4.593001756346057,4876.276437000342,8145.133392999924,ar_order,3072
pMchYa-011-461984-248646-131237-259340-281965-474206,1033,3.291384317521781,7.092276973708067e-06,17.072273,17.726852,0.18334015,0.1924001,1.5617512543996175,1.535693343480428,4.695184139399374,4.643838030848574,676.1917869989702,1650.4558920005366,ar_order,3072
rqqrUf-476-372299-90733-207508-318838-254913-53278,1590,15.786163522012577,1.0736808690126054e-05,11.021558,11.064387,0.6303389,0.66288346,2.9128647963205974,2.916618998845418,4.6232936452651,4.481327835901251,6172.7649310014385,13331.215935000728,ar_order,3072
KWj8Li-521-358526-235375-78807-67455-237079-21827,802,14.588528678304238,5.653791959048249e-05,11.077704,7.41154,0.556235,0.5372052,2.5983757972717285,2.8909724712371827,4.400268641726512,4.354593554500839,3474.628207999558,4927.7450290010165,ar_order,3072
LIJKja-026-447487-148409-188815-38506-78427-479691,1033,5.517909002904163,1.2104389497835655e-05,15.241424,14.1671505,0.25056493,0.2705302,1.4680492957433064,1.4982148965199789,4.663959883932051,4.599000071991096,2058.842177999395,2334.8555319989828,ar_order,3072
P4ZKje-597-228203-427818-407728-174918-211212-250174,1550,22.967741935483872,0.0001234940718859434,8.913545,7.4556246,0.79962796,0.79796,1.5691841046015422,1.7423369487126668,4.392614983146693,4.317658311935316,7799.620014999164,19397.38061999924,ar_order,3072
zoFKbf-438-268009-220507-287943-286732-24538-454712,1653,12.583182093163945,5.697601750398462e-07,12.408648,9.759645,0.4699501,0.5568269,2.1868390401204425,2.1602681636810304,4.591497401078943,4.47635044780196,4615.636141001232,9752.026054999078,ar_order,3072
FPRIpe-578-474864-126584-425422-304828-148409-10737,1550,9.096774193548388,7.081195508362725e-05,16.001806,13.793446,0.32073683,0.4131957,3.255910078684489,3.18518058458964,4.666919358625739,4.509015192818133,3024.8090980003326,6152.139019999595,ar_order,3072
Th8NDe-613-23535-495997-395609-270487-329331-383770,1390,14.100719424460431,8.22431466076523e-05,13.0047245,11.124838,0.4891355,0.6313455,2.9046568234761554,2.781591002146403,4.6096756015764395,4.545396936558203,4066.447964998588,10511.868331999722,ar_order,3072
KFAl8f-427-406364-361413-456735-410307-286869-348733,1722,18.641114982578397,5.997956031933427e-05,10.138469,9.763323,0.5794488,0.5676721,1.9364396810531617,1.8145674864451091,4.395363533298481,4.447010032554165,8500.619686999926,16587.988109000435,ar_order,3072
rn9v1e-583-369034-383770-175927-399756-390385-383479,1550,11.67741935483871,1.7469614249421284e-05,12.557434,12.636354,0.4283099,0.4745377,2.796977170308431,2.8324114322662353,4.601800376181817,4.442723636252875,3741.5884009988076,10578.209547998995,ar_order,3072
SnJBwf-434-37928-376902-480197-51581-328121-350223,1378,5.732946298984035,1.790127271306119e-06,15.629711,15.438565,0.28110024,0.27572802,2.045936425526937,2.100007700920105,4.672923481501076,4.671933862277344,1565.79093900109,3840.5578439997043,ar_order,3072
amZyRf-444-7708-476924-468905-275802-405424-380077,1722,2.5551684088269457,3.279495786046027e-06,17.419418,17.315823,0.1605673,0.17881973,2.011415680249532,1.999493145942688,4.701684664078377,4.688068064895193,867.76082599863,1867.3949099993479,ar_order,3072
a4WwUa-043-141142-113619-397909-469223-287427-421926,1033,26.427879961277835,3.878655479638837e-05,7.923747,7.1566095,0.8709323,0.8614586,1.256311583518982,1.33765656153361,4.28016469580132,4.248671593528105,7467.755188999945,14094.807552999555,ar_order,3072
mvvOnf-472-106-135410-148409-334242-45816-353502,954,4.5073375262054505,4.8512858484173194e-05,15.843548,14.332424,0.23697667,0.25010714,2.928861618041992,2.9299708366394044,4.645401687416627,4.6599446798998105,969.7953079994477,1974.1489099997125,ar_order,3072
oRqMra-058-167772-480197-43889-36331-135873-265166,1033,2.904162633107454,6.2980648181110155e-06,24.319935,22.790493,0.12078539,0.10537928,3.093147961298625,3.1949591954549152,4.7254408527201806,4.717121160840168,719.0691470004822,1307.0269489999191,ar_order,3072
1rIrKa-023-409746-287789-276335-17243-340579-260428,1033,1.6456921587608906,1.7720502000884153e-05,21.096115,21.035038,0.09883577,0.08747261,1.669743299484253,1.7208234071731567,4.721662557088521,4.726043855028159,410.7671540004958,692.7380609995453,ar_order,3072
xX6Wce-607-140209-262731-151331-7708-427818-497426,1390,3.741007194244604,2.83738954749424e-05,19.546309,19.022572,0.1652173,0.18290083,3.052638880411784,3.0095821698506673,4.7115527772818115,4.7000231027037005,2282.7121519985667,2304.6093180000753,ar_order,3072
3hvoVa-051-2307-202921-218396-175927-14787-464643,1033,5.324298160696999,1.6514632079633884e-05,17.11223,18.00454,0.23375285,0.21430866,1.6579465707143148,1.722179365158081,4.68360536617015,4.658992096216612,1873.1447749996732,2750.9094270008063,ar_order,3072
87hwjf-487-426805-60643-437215-160943-182650-407728,1181,5.080440304826419,1.0143882036572904e-06,15.439783,13.029586,0.25400308,0.3629501,1.44648175239563,1.4981670697530112,4.684772323326005,4.631617147533212,1601.2097180009732,2472.9642780002905,ar_order,3072
98pQ7f-492-161118-44660-2985-495997-227228-191485,1722,3.948896631823461,3.370679678482702e-06,20.492138,20.513218,0.1579433,0.19279821,3.3253649711608886,3.135491895675659,4.698283066926179,4.578046194487423,1751.6814500013425,3277.4757930001215,ar_order,3072
9a98Kf-464-298969-472051-292323-179462-78575-496080,1181,7.281964436917867,5.5254073231481016e-05,15.689638,16.028496,0.27246937,0.24145639,3.2071117560068765,3.0563137531280518,4.435754540298968,4.513637241935094,2138.870044000214,4612.3840199998085,ar_order,3072
WVKBPa-017-469001-13769-309009-430207-5054-14754,1033,3.581800580832527,4.264206836523954e-06,18.304127,18.189611,0.17250423,0.18665715,3.682920551300049,3.673603614171346,4.70639333400705,4.642405204797506,935.2923919996101,1674.6353329999693,ar_order,3072
k2rvsa-021-181149-117176-94351-2985-340579-209061,1033,4.162633107454018,1.384729148412589e-05,17.23217,16.354668,0.24442899,0.17727171,1.8763935565948486,1.9509284098943074,4.692544326050637,4.671032787677159,1133.0786839989742,2352.9871169994294,ar_order,3072
GptLba-028-467697-29563-495971-437270-5575-211212,1033,2.3233301064859635,2.764441342151258e-05,19.676788,19.683996,0.12924711,0.13334301,1.7754187027613322,1.8023027817408244,4.686040496614623,4.670293888711701,478.4490830006689,1577.7727280001272,ar_order,3072
3EBeof-459-212842-454791-192385-495971-180085-113105,1033,16.747337850919653,3.53978066414129e-05,11.690688,11.886543,0.5493729,0.64277977,1.944321338335673,1.9569494167963664,4.584046745543017,4.563261634325016,3991.7325469996285,8639.098226998613,ar_order,3072
8C0b9f-461-182650-228203-8651-240298-176776-186349,1704,3.814553990610329,5.752473225584254e-05,17.871246,17.832212,0.1766156,0.2620819,3.6132320562998452,3.494871457417806,4.703197783881944,4.575072586406323,1314.0592259987898,3363.482617000045,ar_order,3072
f5sCDf-435-355130-41798-395609-377902-35325-116061,1378,11.901306240928882,9.696379493107088e-06,13.196848,12.041004,0.4453391,0.55812484,1.8602794726689658,1.8037468274434407,4.632226185721509,4.364411635260702,3931.5886730000784,7657.897756000239,ar_order,3072
5LZsPp-295-239730-414547-129636-470600-495997-1214,1207,22.535211267605636,6.921367457835004e-05,8.670763,4.418499,0.8039518,0.9463938,2.0308548053105673,2.2680185476938886,4.0734845674198175,4.165426659493473,6737.381814999026,12288.168173001395,ar_order,3072
rxhq2p-211-212526-349828-67455-407790-412326-143976,1183,7.185122569737954,2.8749458579113707e-05,15.114601,9.823515,0.3557309,0.35134324,2.5639861901601155,2.705992078781128,4.537114982382209,4.494211842765769,2014.07101499899,4582.474688999355,ar_order,3072
7j8l2a-034-50416-4800-287427-123375-143976-264357,1033,3.0977734753146176,8.71249631018145e-06,17.940985,18.425514,0.17215247,0.18369325,2.4832209746042886,2.477884229024251,4.687056458511778,4.58707550995178,744.5105500009959,1803.279734998796,ar_order,3072
cedJli-522-192385-152140-262731-156368-123704-333757,719,5.285118219749652,5.254780626273714e-05,17.552265,12.4334755,0.21471377,0.24513364,2.0382378339767455,1.9417014519373577,4.218717400188065,4.380618793717664,934.3557890006196,2293.1776260011247,ar_order,3072
uHCIZa-015-146882-87506-304828-333757-5054-62919,1033,8.615682478218782,1.7520515029900707e-05,13.408357,13.373709,0.33958462,0.3819138,1.333178448677063,1.3536664803822835,4.58875916336701,4.582521530374375,2658.450417000495,4109.683987000608,ar_order,3072
UKnMcp-124-361413-129636-57514-52991-68221-81956,1381,20.926864590876175,0.0001672373036853969,15.28055,9.848992,0.61166364,0.5465079,3.0592268625895183,3.0190288543701174,4.350950069182492,4.516697932469952,7048.534313000346,13779.084760999467,ar_order,3072
5ALjRp-161-333766-240226-4800-482510-113619-84055,1026,26.803118908382068,0.0008019127999432385,6.48969,5.888463,0.91477567,0.893318,1.2057198365529378,1.244091025988261,4.071893582610549,4.029464562321579,6485.460752001018,13065.47258700084,ar_order,3072
Paqf1p-119-254913-443221-90733-163645-32125-188815,1450,9.034482758620689,0.0004479943308979273,14.720554,14.750872,0.30756712,0.27909723,3.1520593325297037,3.1627644379933675,4.477446437282014,4.503281751967998,3457.3457699989376,5921.912345000237,ar_order,3072
lDN6of-450-91840-427818-353502-327883-210172-489807,1722,25.02903600464576,0.000440589792560786,7.0668387,3.8699124,0.94058865,0.85249966,1.4817158222198485,1.5026740074157714,3.792940674773746,3.9251244714386027,9613.247810999383,20979.008868000165,ar_order,3072
JRGxpf-495-78575-358526-483339-81956-229618-247007,1722,14.227642276422763,0.000252309167990461,8.906203,6.8088436,0.7371219,0.8056657,1.1498154163360597,1.1425217310587565,4.288573043485313,4.262275719231791,5477.525312999205,12209.074268999757,ar_order,3072
yc5Hmf-494-469130-474206-203381-91840-123056-149498,1722,13.472706155632984,0.00020981418492738158,10.039093,9.414448,0.5418934,0.5702732,3.0894906520843506,2.885888957977295,4.458381407473292,4.381583775793727,4893.116956000085,9619.200111999817,ar_order,3072
6UNJZa-025-136860-357104-38459-89725-366126-252054,1033,9.390125847047434,0.0008322022040374577,13.481022,13.691549,0.35346058,0.35552502,1.2077593247095744,1.2178864002227783,4.577352634346165,4.551321921302383,2048.7807739991695,4466.51604300132,ar_order,3072
CrjLKf-468-374393-49022-14754-240504-316080-236920,1722,6.562137049941928,0.00014622832532040775,14.953083,14.552588,0.31332067,0.35395446,1.2820319334665935,1.2970625559488933,4.6876252001552805,4.683387064555069,2377.8745290001098,5382.871674999478,ar_order,3072
wkCjvp-408-175927-2985-407790-280816-275802-343332,1046,15.965583173996176,0.0001569680607644841,16.027851,15.458836,0.4980111,0.39544472,2.7038955370585125,2.6770260334014893,4.569708986026274,4.609062126502388,3839.282885999637,7972.973698000715,ar_order,3072
bnEKPi-496-131237-487747-10048-112031-352809-171454,719,13.908205841446453,0.0004139196826145053,12.263735,8.369409,0.4842025,0.4962438,2.026249066988627,1.904680609703064,3.53665578464522,3.8198446463964317,2155.775963999986,4552.333493000333,ar_order,3072
FW6BFp-225-129636-418989-280816-386883-462467-306759,1649,6.24620982413584,0.0004694216186180711,15.305744,15.170418,0.25335637,0.2397786,1.831645425160726,1.7850521485010782,4.561827906568197,4.58875119034068,2358.063077999759,4810.637793998467,ar_order,3072
cZ9D6w-670-134118-41411-423587-125189-84055-98443,662,4.984894259818732,0.0007059596828185022,17.295803,17.238539,0.18093818,0.17005159,4.124426968892416,4.312867482503255,4.593664818520996,4.600476519831375,845.8038959997793,1470.5811769999855,ar_order,3072
xlckps-555-489807-93885-138959-23535-14754-299323,1636,10.880195599022006,0.0007390778046101332,11.551512,11.013147,0.44629562,0.39357817,1.5440166552861532,1.5042126337687174,4.504337563331393,4.506386158604132,3953.6894369994116,8994.331328000044,ar_order,3072
xDMmqs-548-333766-165168-462328-336612-442126-284808,1636,9.7799511002445,0.0005077441455796361,13.594609,12.093878,0.3462894,0.32834172,1.3452272812525432,1.3540036837259928,4.337742031430336,4.434664274704838,3520.8467920001567,8398.202861000755,ar_order,3072
FSyUys-545-306052-88756-228203-369609-91230-448907,1240,3.467741935483871,0.000898472499102354,17.133947,16.48039,0.1929909,0.18698907,1.3914137522379557,1.3784648180007935,4.6386471907307865,4.637299925084802,860.7442470001843,2193.421326999669,ar_order,3072
FiS63i-513-129107-287427-185152-454791-121010-285778,918,29.956427015250547,0.0005593721871264279,6.467147,2.2966073,1.0407009,0.97670794,1.8519677877426148,1.8429684162139892,2.580188863017769,3.0986878476312576,7225.326952999239,13637.578801999553,ar_order,3072
AHwsQs-538-108297-304214-140209-237079-426805-448869,1636,26.5281173594132,0.00042765779653564095,7.1554685,4.99991,1.2655958,0.8082742,1.2310943841934203,1.3165937821070353,4.078719426587903,4.133963273746501,10777.120238999487,21359.215067999685,ar_order,3072
cUyODs-564-324456-286869-479691-123056-485468-274323,1636,14.60880195599022,0.0006575641455128789,9.380764,8.492154,0.5990185,0.55190367,1.4169978459676107,1.3744784434636435,4.4754446197632,4.479809810125819,6202.607126000657,11151.332952000303,ar_order,3072
WOhKts-537-450251-294604-27791-350223-235375-383770,1636,15.158924205378973,0.00046492001274600625,11.37245,11.660093,0.51541877,0.43112227,1.8919345458348593,1.94572856426239,4.458639607496129,4.486975719205015,6082.724021000104,12342.956261998552,ar_order,3072
Mtnx5i-515-495971-279778-348676-11995-306560-418034,744,3.225806451612903,0.00028512379503808916,17.461216,12.814645,0.16799657,0.22767836,1.6843069076538086,1.7570377190907795,4.589997434154324,4.5906480063286805,468.9482459998544,1003.6615869994421,ar_order,3072
fiDqFe-589-306052-37928-421728-166792-414547-458302,1550,7.548387096774194,0.00034323649015277624,16.035213,16.476595,0.31042707,0.25707376,3.204089911778768,3.255926275253296,4.623347368612854,4.636064561401043,2897.504126998683,5019.806590000371,ar_order,3072
KIklei-503-156368-5054-151331-161307-380077-177809,898,12.138084632516703,0.000185836324817501,10.227281,7.2448835,0.51726395,0.5312419,1.668273679415385,1.6208033800125121,3.470393098818776,3.954210375725749,2359.2307529997925,4916.710220999448,ar_order,3072
0Rve0i-524-469450-332402-376902-283921-64116-240504,1140,5.087719298245614,0.0009046242921613157,18.357327,14.062687,0.19803369,0.21695845,2.5147706667582193,2.4691161791483562,4.239773835194175,4.355539450676439,1341.134124000746,2452.2266019994277,ar_order,3072
IJqofi-526-68304-236920-183720-152419-94351-316080,661,34.493192133131615,0.0003945751814171672,6.232835,2.9614768,1.2210219,1.1045533,1.838348356882731,1.7667268991470337,2.4980399223047276,2.6554158021143732,4782.444571999804,11435.875261999172,ar_order,3072
vAlA7f-458-390385-16661-177809-112031-325632-365075,954,1.4675052410901468,0.00048059478285722435,30.678104,32.76528,0.04819466,0.041665737,4.710830783843994,4.716808573404948,4.71846990929427,4.717936695037112,279.0111619997333,556.3436360007472,ar_order,3072
oK9Hxs-550-7708-104867-460359-299323-420765-264795,1636,3.850855745721271,0.0009720592643134296,19.723955,18.784855,0.1476101,0.14213274,1.3368223508199055,1.3737455129623413,4.686861720115838,4.6917882275763905,1300.564311000926,2887.2198029985157,ar_order,3072
kxh9is-563-24999-276516-377039-462467-365075-67099,1636,6.418092909535453,0.0009378857794217765,16.464695,15.912175,0.23934193,0.21899028,2.0329633712768556,2.040698266029358,4.58431650416372,4.598645070411797,2110.052482001265,4601.248510000005,ar_order,3072
Q4PCSi-506-317415-237079-78108-78427-235375-285778,1152,8.072916666666668,0.0002790152211673558,16.853546,14.37399,0.28554016,0.28549948,2.5058054447174074,2.391028626759847,4.145673359100112,4.359683450542256,1997.9034230000252,4341.594829000314,ar_order,3072
zKb4se-576-475285-202921-407950-32125-236920-469001,1236,14.64401294498382,0.0002435800852254033,12.833591,11.62964,0.49974766,0.51426834,1.9539913495381673,2.0027366479237876,4.560743769183469,4.36157582943244,4215.482842000711,9436.216862999572,ar_order,3072
EZwkWp-195-116061-37928-384031-166684-14787-96948,1442,15.53398058252427,0.0007670152699574828,14.809276,11.831312,0.47700772,0.4195883,3.601217349370321,3.5515378952026366,4.318178348158397,4.320882196089164,6274.9763049996545,10603.957753000941,ar_order,3072
rjyWTe-587-151723-247588-123704-129889-250174-123056,1550,12.129032258064516,0.000710091320797801,12.088529,11.925829,0.4634533,0.46910346,1.9637395938237507,2.102046815554301,4.5390735285678225,4.525984816701992,5411.150677999103,8676.062129999991,ar_order,3072
44Zbvs-567-179462-358526-13671-355104-116061-343332,1636,7.396088019559902,0.00030473197693936527,13.270936,10.924268,0.3249104,0.31283596,1.1981751998265584,1.2024645646413168,4.610288471900272,4.601233686952324,3698.3447229995363,5362.068592001378,ar_order,3072
ofs2Us-561-469223-161307-229618-187519-295308-129107,1636,15.831295843520781,0.0003641763178166002,11.368494,10.663546,0.52230763,0.4583973,3.0218777656555176,3.048159392674764,4.205211189913657,4.201809671750044,6591.800621999937,13545.859136000217,ar_order,3072
jhRr0p-088-489070-351855-386883-172725-333766-16976,1661,16.375677302829622,0.0008774544112384319,10.3134365,10.199528,0.58767515,0.53627795,1.8737891753514608,2.01690145333608,4.2819834219464274,4.2604014665422305,6060.027638000975,15078.705763999096,ar_order,3072
ItvEYp-187-347380-151331-160943-343502-92870-286732,1222,5.973813420621931,0.0003424148017074913,15.932611,15.494536,0.23457593,0.22294821,1.9184296607971192,1.9896331310272217,4.579841607154348,4.603178002985455,1441.0778319997917,3684.9386819994834,ar_order,3072
9ImS8p-321-63022-306759-480197-355130-205293-103130,1065,1.4084507042253522,0.0003738635568879545,29.054466,30.105059,0.059442744,0.051511955,3.9014773845672606,3.934219805399577,4.714923236989135,4.709131536329847,302.4379679991398,603.5483359992213,ar_order,3072
PiKSIp-112-109021-465867-125189-123174-211212-334242,1021,9.10871694417238,0.000980529235675931,14.418521,10.664643,0.35504246,0.35978222,2.1603960037231444,2.1038854122161865,4.411629914976373,4.446504293038625,2213.9795049988606,4694.809434999115,ar_order,3072
5Lu6ui-514-135410-151381-124082-173176-644-324310,744,9.946236559139784,0.00026409313431940973,12.833723,7.8048267,0.38421297,0.44798192,1.5650225003560385,1.5749642213185628,4.540866164118477,4.53346852538329,1897.4600099991221,3446.1213699996733,ar_order,3072
69ZMRp-276-162832-2757-113105-349816-17243-289593,1207,16.23860811930406,0.0009542101179249585,12.370298,12.297213,0.51992995,0.47847018,1.3810439586639405,1.3492278973261516,4.36130559313915,4.343374301906926,4296.861263999745,9318.235671000366,ar_order,3072
caQa9p-079-134118-41798-311327-343332-125459-231167,1139,6.409130816505707,0.0008238053997047246,23.945219,24.271128,0.16638492,0.15146694,4.250219694773356,4.319086774190267,4.561715201152983,4.572194309397035,1742.1189289998438,4046.349682001164,ar_order,3072
zQSXvp-215-498788-407950-152419-25062-51581-3467,1400,17.57142857142857,0.0010821843752637506,10.32302,9.813944,0.6217164,0.49839935,1.865139619509379,1.9204608837763468,4.219549879782828,4.264577441615631,6513.42448899959,12481.327065999722,ar_order,3072
3Fszap-093-117533-332219-451954-336612-141428-265166,1116,6.451612903225806,0.002600878244265914,16.539476,17.071415,0.22958998,0.20663375,3.941612148284912,3.906531286239624,4.561649883096042,4.56679202582668,1594.3482589991618,4384.959707000235,ar_order,3072
oJJGwp-325-47619-442126-2985-182650-124082-457067,1710,4.035087719298246,0.0017253782134503126,17.613537,17.812317,0.18978341,0.18333317,3.232730261484782,3.1293392022450766,4.661855112650679,4.655409495893197,1968.5128239998448,3792.912062999676,ar_order,3072
0mk6rp-310-146145-90733-51581-27791-50416-437215,1608,1.7412935323383085,0.0014768074033781886,24.810637,25.178688,0.08229423,0.07209986,2.3112203598022463,2.2998517513275147,4.7137228210121185,4.714467844859502,902.1231120004813,1730.2677150000818,ar_order,3072
lzFhsp-134-377273-280816-60681-369034-268009-11995,1625,3.076923076923077,0.0012218672782182693,25.697235,23.251724,0.10116929,0.099929094,4.761780261993408,4.75546833674113,4.6891721378788915,4.685744178339306,1284.6964830005163,2321.3219650006067,ar_order,3072
5OQdwp-063-348077-460359-16661-112031-224170-197606,1404,2.7777777777777777,0.005658838432282209,19.084833,18.717583,0.13492687,0.13825344,3.4560397466023765,3.4877793153127032,4.659885602475173,4.659800898902878,945.0841719990422,1798.792408000736,ar_order,3072
am1FVp-234-380077-145165-25579-145555-311495-324310,1208,5.380794701986755,0.004206848796457052,16.380621,16.501955,0.22882469,0.22668175,2.882864173253377,2.4552049160003664,4.564226835522727,4.4963977015042484,1518.6217589998705,3781.085399999938,ar_order,3072
1zDUvp-298-108297-119460-56896-348770-68221-98443,1510,2.5827814569536423,0.0020352303981781006,18.258236,18.4851,0.14383115,0.1277091,4.797046089172364,4.805767885843912,4.651491355356804,4.650892100774934,823.9699280002242,2013.9798589989368,ar_order,3072
cqZnBp-237-143976-377902-462328-483339-384274-414547,1322,8.245083207261725,0.005321722012013197,14.168423,13.182789,0.30588153,0.33451256,1.3904465119043985,1.4940887928009032,4.561273301454965,4.529407496973065,3245.5980309987353,5286.3281829995685,ar_order,3072
N5kbFp-292-397909-407728-152140-117533-153980-62919,1693,21.204961606615473,0.0010815237183123827,11.336254,12.02734,0.7128126,0.90546674,1.4279093186060587,1.4164478143056234,4.577410928593231,4.297014025604188,8848.108924999906,17401.64120600093,ar_order,3072
DmpOYi-525-91230-450251-209608-292323-92870-38506,1140,16.315789473684212,0.0021517532877624035,10.067883,7.072108,0.6176512,0.55379176,2.200797684987386,2.2481372197469076,3.3154762432736695,4.08903774346437,4528.5999169991555,8600.473545000568,ar_order,3072
BBcZPi-501-456735-480197-495997-497448-326140-134118,861,0.8130081300813009,0.003230630187317729,29.609621,20.98822,0.038217973,0.09267411,1.823416495323181,1.8298789660135906,4.731246798919375,4.704720756134429,139.1161909996299,314.30911399911565,ar_order,3072
BsVmke-591-419538-379538-386302-426805-469450-347380,1550,17.806451612903228,0.002498342888429761,9.423514,8.463492,0.6554867,0.6459685,1.4809086958567301,1.5011788368225099,4.324809652362275,4.311787382386402,6592.7117860010185,13322.739249999358,ar_order,3072
nSu3Cp-366-41411-362672-285778-222370-421926-202035,1118,6.529516994633274,0.006295517086982727,19.982662,20.693457,0.27045318,0.22136955,4.144232432047526,3.957795778910319,4.698228332269991,4.685633872328305,1705.3936720003549,3113.9204740011337,ar_order,3072
tztd5w-640-23535-348077-410307-64116-151381-134118,1176,11.989795918367346,0.0032262594904750586,14.073183,13.710644,0.38101754,0.35430804,3.549448251724243,3.5090635776519776,4.306023085664779,4.3290942281577065,2911.9495320010174,6529.611288000524,ar_order,3072
qQ82Hw-614-91230-379354-379373-260428-324310-287427,949,5.163329820864067,0.0024592585396021605,17.103878,16.909195,0.20796601,0.19626631,2.0388028462727865,2.0665809949239096,4.518942590849616,4.534570274438802,1125.1300309995713,2374.6990870004083,ar_order,3072
f2JFMw-634-136860-113105-22031-310105-248646-32125,824,8.25242718446602,0.0029410782735794783,12.5964985,12.261678,0.34524357,0.3202874,2.327528142929077,2.295597044626872,4.582631863122133,4.585768746915064,1502.8298360011831,3307.157813000231,ar_order,3072
ainjFp-098-145384-88756-289593-274542-488804-292564,2208,9.148550724637682,0.003448504488915205,13.398909,12.7513275,0.34649578,0.33946928,2.5155839920043945,2.465749994913737,4.494800289176539,4.485514236411831,4647.544158999153,9915.07649199957,ar_order,3072
BcVzDs-560-352809-57514-418989-243067-209608-32726,1636,6.601466992665037,0.0019297391409054399,17.958408,16.60208,0.23001961,0.21234934,1.5390329043070474,1.5962037881215414,4.630937288327706,4.634628058506911,2442.356135999944,4431.363229999988,ar_order,3072
TypO9p-362-82313-390793-365346-50416-310105-275395,1464,23.36065573770492,0.0034457372967153788,7.937601,8.393599,1.1209975,0.7904442,2.7204161326090497,2.9212053616841636,4.479809060851906,4.414985184625034,8466.686397998274,16163.057706000473,ar_order,3072
nQsrxi-500-35788-354893-151331-437270-461984-276516,861,11.033681765389082,0.004316622857004404,14.165611,9.7021,0.41608763,0.47324333,1.7350537459055582,1.5891319354375204,4.601150172018492,4.449859593895346,2245.7671699994535,4465.510406000249,ar_order,3072
ck2Uxp-081-495997-135873-82313-377039-373629-268363,1026,4.775828460038986,0.004637618083506823,17.42145,16.004192,0.18793266,0.22886752,2.1736140410105387,2.193604755401611,4.588179323289243,4.535622235962528,1072.456484000213,2235.1434620013606,ar_order,3072
jgJdnp-100-135873-177809-247007-67455-332402-185152,1404,5.84045584045584,0.0029392531141638756,18.696465,19.239492,0.19079144,0.17182708,3.657673724492391,3.7384207089742025,4.601213800090993,4.6136740540579,1778.5594149991084,3789.349450998998,ar_order,3072
m8mjCs-533-485468-283456-486330-442126-2757-12865,1636,22.677261613691932,0.0013069127453491092,9.701399,8.047665,0.7607344,0.67236954,1.3146218458811443,1.3263140281041463,4.288041355825408,4.309111169008641,9016.880503999346,18232.54859899862,ar_order,3072
pRaNDw-627-181149-276516-426805-281965-56896-235375,1894,4.7518479408658925,0.002972227055579424,15.159741,14.92194,0.23391016,0.21361707,2.151691961288452,2.0746777296066283,4.591515393270316,4.596494016281344,2170.533828000771,4560.507602000143,ar_order,3072
U5aQJe-592-437270-129013-295308-406364-103913-497087,1550,4.451612903225807,0.001561999088153243,17.80294,18.253445,0.23051025,0.18289132,2.3628708839416506,2.421903355916341,4.659923724938099,4.656064900768393,1782.1562099998118,3466.564553998978,ar_order,3072
3e1Tjp-199-462328-423751-38597-248646-74769-2009,1395,9.46236559139785,0.002225166419520974,14.912824,14.67981,0.34622216,0.33549276,1.359911529223124,1.465529243151347,4.487131128338442,4.437017784704257,3596.00361000048,6431.548336999185,ar_order,3072
SSYQ1w-650-275802-13671-144360-112336-104867-157595,503,5.36779324055666,0.0031455422285944223,22.856834,22.639055,0.15059505,0.14043713,3.8901740233103435,3.873663806915283,4.563050765885676,4.556715181009538,964.5178129994747,1554.7673689998192,ar_order,3072
JCRPTw-618-129107-479691-343332-355104-157595-129013,1894,30.517423442449843,0.0062578716315329075,6.255882,5.098011,1.017769,0.917191,2.0297027349472048,1.902599279085795,3.839485119838041,3.8697618611421998,14055.205148000823,27438.533859000017,ar_order,3072
BThtKf-463-324456-428876-160668-329895-295308-99711,1722,31.3588850174216,0.001240023411810398,5.82951,4.8294396,1.0743372,1.0144708,1.1554928302764893,1.154821022351583,4.2153945606982495,4.228716808622485,12652.494101999764,26075.698794000346,ar_order,3072
BNXFqp-404-184495-450557-10737-129636-497448-379538,712,3.089887640449438,0.0009845345048233867,14.780285,12.8556,0.1961851,0.19503103,1.958650279045105,2.04599023660024,4.603485483647905,4.629963685866207,622.2766410010081,1117.5891410002805,ar_order,3072
7HBFIp-071-294604-416172-427818-181149-278609-175927,1141,7.887817703768624,0.003979463595896959,18.843817,19.295723,0.25117445,0.20721269,4.004622173309326,3.984104299545288,4.53226381985846,4.5425967151852245,2217.6407540009677,4496.262016999026,ar_order,3072
fS0Vwp-324-274170-461984-129889-218396-366126-128329,1773,16.130851663846588,0.001755136763677001,11.271101,10.04134,0.58412,0.50320226,3.464591137568156,3.5040754795074465,4.2306823809251615,4.280438743545725,7028.429735000827,14069.139825000093,ar_order,3072
MJEnPs-553-484336-261033-237079-274170-257745-343308,1636,5.990220048899755,0.0014303416246548295,13.411564,12.537527,0.29357702,0.28689262,2.1531274636586506,2.1566664854685467,4.636436619015679,4.641656708503628,2594.4810379987757,4564.859411000725,ar_order,3072
noHubp-343-163645-17243-410906-219243-161307-221798,1638,6.654456654456655,0.0025536506436765194,13.113787,12.998022,0.34270296,0.29955444,2.795058600107829,2.8224883238474527,4.602363582993565,4.6010430806451605,2725.261343000966,5013.290337999933,ar_order,3072
4sBV1s-535-160927-255765-139119-167772-460359-377902,1636,11.98044009779951,0.0018671865109354258,11.545821,12.15082,0.46682906,0.39214396,2.5713932196299236,2.638198391596476,4.472676355059684,4.510935530683154,4505.185248999624,9313.057613999263,ar_order,3072
IZG94w-666-98443-418034-470600-161118-288253-129889,1707,7.147041593438781,0.004833240993320942,16.170122,14.622068,0.25417542,0.288551,4.018978023529053,3.5743791103363036,4.485558662057418,4.438814939340673,2942.913361999672,5385.993956000675,ar_order,3072
9hvMUf-482-498788-113105-17243-63022-21827-338584,1318,11.077389984825494,0.0011917749652639031,10.562647,10.547396,0.49965313,0.44821334,2.563897196451823,2.45254700978597,4.555290645808939,4.543885841952912,2945.5541470015305,6436.359685998468,ar_order,3072
TkK5fp-380-229618-476225-311495-339484-11995-7708,1573,6.039415130324221,0.003558315569534898,13.991904,14.257461,0.29335794,0.25212383,3.5774307092030844,3.552466567357381,4.583217891113901,4.580500692557873,2073.61736600069,4515.202906999548,ar_order,3072
9f3Qjw-657-129013-78427-348770-228203-60643-7188,839,7.866507747318235,0.0029710158705711365,16.719093,16.228203,0.27032432,0.24121737,2.4453275362650553,2.428254254659017,4.517926757315587,4.532652391103194,1303.137880999202,3291.407300001083,ar_order,3072
mZAhvp-320-51581-316080-475285-152880-108378-407790,2240,19.732142857142858,0.009975253604352474,13.804882,14.899212,0.659839,0.6730371,2.137418588002523,2.3277013619740803,4.5468711377993865,4.25547788962852,10796.982068000943,21157.468537001478,ar_order,3072
aVIkMi-504-436373-35788-166684-274170-363774-493700,826,3.753026634382567,0.01687152311205864,16.709621,15.120966,0.19308977,0.19455536,1.3527710119883218,1.3642370223999023,4.645448529583226,4.63092972300077,604.2593920010404,1680.567126999449,ar_order,3072
wD39yw-617-350336-91230-365075-384274-339484-27577,918,4.139433551198257,0.01175561361014843,16.052485,16.093716,0.20034702,0.19661434,2.5112475872039797,2.497701644897461,4.638963965310834,4.640786145161544,790.4882530001487,1979.6885670002666,ar_order,3072
WWYmkp-135-247007-450251-229950-249772-273892-186349,1032,18.7984496124031,0.02265731431543827,10.988464,10.689745,0.64505154,0.53688854,2.9221872170766194,3.064869197209676,4.3117482012629,4.378225356943883,5163.043602000471,8588.93882600023,ar_order,3072
1Q0zzp-067-496080-227228-300626-311379-247007-1214,1044,3.4482758620689653,0.020670078694820404,30.526379,30.380812,0.101901345,0.1027777,4.207431348164876,4.245820458730062,4.7196456586142945,4.718730066368394,929.7574679985701,2193.274109999038,ar_order,3072
9Mkadp-302-273892-209608-109841-324591-494783-498752,1917,13.928012519561817,0.008960635401308537,13.221131,13.054369,0.46984085,0.42230514,1.5956360499064128,1.663669268290202,4.517755638671756,4.52397384806409,5819.571111000187,11015.60285999949,ar_order,3072
ui9aDp-122-292323-379538-386883-287427-306759-88721,1070,4.579439252336448,0.009513289667665958,22.404186,19.110128,0.1597556,0.16774213,3.291105063756307,3.0074272632598875,4.667586736037093,4.659169699756818,1267.2196189996612,2182.949695001298,ar_order,3072
YLEXwp-335-240298-183720-447487-129636-202035-44660,1633,4.776484996938151,0.019239043816924095,17.843397,17.005241,0.21004482,0.21433996,2.49772572517395,2.189452330271403,4.67003064705446,4.652320245893571,1875.3396230004,3354.1452999998,ar_order,3072
6TUCvp-352-108130-78807-55646-250174-386302-414547,1874,14.300960512273212,0.02210024558007717,12.6117115,12.969347,0.5487372,0.4544252,2.118717813491821,2.1607858022054036,4.307066310806785,4.299498234683023,5855.1209830002335,13272.950219999984,ar_order,3072
DfzVIp-175-379354-103913-25062-384031-343308-295308,1232,6.737012987012987,0.007324743550270796,16.902252,16.72342,0.25646946,0.25985634,2.1537728627522785,2.017909113566081,4.546724482271212,4.4470505852467905,1781.690907999291,3566.650960001425,ar_order,3072
YuwChp-152-8651-147603-379354-29563-62919-345238,1842,8.360477741585234,0.018081096932291985,22.625723,22.922934,0.2694082,0.2087361,3.9253167152404784,3.8618839263916014,4.559506478446293,4.572380221868188,3417.9931260005105,6623.8246979992255,ar_order,3072
QpHWMp-383-149498-238364-156368-402653-484336-426805,1642,21.74177831912302,0.02199472486972809,9.266727,9.874425,0.8647949,0.7404869,3.2201716264088946,3.1508180141448974,4.570451280727296,4.548483774713422,7710.447732999455,17680.520577001516,ar_order,3072
RkoxIi-499-395609-17243-276516-68344-191485-476225,1053,19.183285849952515,0.013668406754732132,8.561117,5.341251,0.7586195,0.65998155,1.8969942569732665,1.8323160727818808,4.3562406472800275,4.386312895429771,4386.950381000133,9974.938868001118,ar_order,3072
avuTLe-585-474206-355130-317191-361413-333474-248785,1550,11.806451612903226,0.014499159529805183,13.25193,11.466518,0.4091672,0.5095718,1.6350237210591634,1.7080653190612793,4.530063305737724,4.539874271941505,3999.730579998868,8850.608316000944,ar_order,3072
RXuyap-339-457067-332402-329331-281965-472051-353502,1386,8.441558441558442,0.022795502096414566,17.286259,17.372261,0.3079605,0.34051457,1.5808537642161051,1.5677597045898437,4.69092245040966,4.549898362618901,2469.2388319999736,5240.278006000153,ar_order,3072
cfSfbp-363-68221-13671-186349-322947-197606-339484,1688,12.855450236966826,0.020284058526158333,18.819378,19.676788,0.39447168,0.39205757,2.9842713356018065,2.9596492131551106,4.66309169033504,4.662613761517386,4703.385767999862,11500.674980999975,ar_order,3072
jM2z5p-212-362995-350336-202035-87506-239730-207508,960,3.125,0.008350489661097527,26.4592,26.423914,0.124976926,0.100202225,3.330672359466553,3.3917110919952393,4.725425621470169,4.725592160810792,760.938843999611,1346.5326900004584,ar_order,3072
HxFzMp-357-24999-343332-90733-489807-316694-345238,1056,12.68939393939394,0.008049515075981617,16.003363,14.544899,0.4178489,0.4469304,2.690146001180013,2.602282762527466,4.652284239706576,4.595227073051945,2766.9549490001373,7449.345721001009,ar_order,3072
rllgnp-282-21827-2985-183720-67455-409746-330730,1398,18.812589413447782,0.014075466431677341,12.498664,12.021766,0.6300479,0.54170054,1.3622129996617636,1.3224398215611777,4.272969794205122,4.249023488803842,6899.972519000585,12865.756223000062,ar_order,3072
IJui6p-278-140209-424453-325632-318907-448869-125189,879,26.39362912400455,0.012646407820284367,7.9243126,7.5365133,0.93747354,0.7997138,3.0582972526550294,2.80151211420695,4.181021835496848,3.893702928807623,6269.9781419996725,11250.984325999525,ar_order,3072
riuiap-287-319764-286732-35325-55646-391852-1246,1806,5.038759689922481,0.016919877380132675,16.944641,16.846437,0.23389435,0.21276791,2.756838893890381,2.7340035597483316,4.653234959771605,4.65599244437308,2365.1728449985967,5259.5441969988315,ar_order,3072
9OkIKp-409-379354-383479-166684-320846-480197-361413,1633,3.1230863441518677,0.018505295738577843,27.817726,28.49372,0.09663564,0.09017512,2.504817740122477,2.705563179651896,4.669125847120656,4.668164879487263,1505.068428999948,2695.9908949993405,ar_order,3072
vTx6Wp-073-38459-458554-472051-230200-332402-365346,1099,10.009099181073704,0.006727493368089199,14.663659,14.960857,0.33741292,0.30756867,1.8146604935328166,1.8537446975708007,4.5043126437990795,4.481191422549355,2852.0602179996786,4471.840588001214,ar_order,3072
9aa0Fp-331-427818-479691-112336-420765-462193-379354,1488,11.491935483870968,0.015810392796993256,17.541138,16.186523,0.4179616,0.3399621,2.5128774642944336,2.4354341983795167,4.671110747830202,4.675722599731849,3722.988206998707,8283.80652299893,ar_order,3072
Od9CNp-327-140209-326180-101992-35325-166792-451954,1953,10.39426523297491,0.014821072109043598,16.064323,13.838856,0.36321297,0.3606818,2.3148807366689046,2.318013874689738,4.649742077068112,4.653366212493832,4105.623879999257,10110.613607001142,ar_order,3072
2TcsGp-297-152880-78575-467697-23535-316694-24999,2415,13.250517598343686,0.007391820661723614,13.207403,13.305275,0.48135677,0.41554976,2.4055047671000165,2.6009528477986654,4.550321311854505,4.492691626161084,7218.137595998996,16007.018052001513,ar_order,3072
IJFPZp-340-90733-100179-99711-247588-402653-355130,1491,3.35345405767941,0.00944688729941845,14.39521,12.600145,0.2445945,0.25162873,1.8313748359680175,1.8277177413304646,4.6969013689739585,4.688449333396097,980.0804059996153,1994.0383800003474,ar_order,3072
sNYM9p-246-47619-361413-1214-155820-418901-176776,965,28.808290155440414,0.011091777123510838,7.046408,6.833461,1.0177528,1.1076717,2.2274709065755207,2.101207645734151,4.489503555669574,3.753132152092088,6378.4049800015055,13876.40145200021,ar_order,3072
OI5Azp-257-60643-225888-294604-334833-14787-125459,1203,4.904405652535329,0.01875906065106392,15.586967,14.812334,0.30782446,0.23005728,1.561180019378662,1.6386111736297608,4.583716190005934,4.590236927818341,1153.6968599993997,2791.2431029999425,ar_order,3072
vhQX3p-288-256377-386883-276335-177955-380077-80661,2229,2.4226110363391657,0.0165446437895298,16.253948,16.162304,0.18261933,0.17098634,2.23022297223409,2.149485476811727,4.682872865852743,4.681489250820876,1086.6995199994562,3118.9260390001436,ar_order,3072
d4LtRw-656-379354-74769-192385-202921-93885-62534,1673,9.145248057381949,0.009153828024864197,13.5842285,13.364034,0.33423743,0.32840982,3.3829204718271892,3.2347429593404136,4.495022669288235,4.4950466031486975,3919.7092869999324,7029.193112999565,ar_order,3072
dc4C1p-319-469130-53129-287943-116061-476924-448907,1529,17.658600392413344,0.017503265291452408,19.070885,17.958252,0.6942007,0.4365574,2.604491678873698,2.5443012078603107,4.711332318322533,4.704611773295876,6603.274319000775,13867.205515000023,ar_order,3072
PSLbbp-359-11995-156368-348733-154883-123704-497426,1430,11.888111888111888,0.021002519875764847,10.532673,9.581397,0.5528886,0.49197412,2.487860107421875,2.5680801709493,4.66338719646611,4.655206807339651,3786.224655001206,8283.645147999778,ar_order,3072
zVlcap-263-274542-472051-376372-248785-476225-35325,1292,4.102167182662539,0.021863481029868126,16.820877,16.598286,0.22023536,0.20935643,1.3149771531422934,1.3107390880584717,4.657371028506118,4.657456955939777,1326.9829410000966,2267.542946001413,ar_order,3072
rpdA0p-089-193291-347380-224170-426805-310105-489070,1279,8.913213448006255,0.00744014885276556,13.615553,13.164305,0.3507007,0.33902955,2.065388623873393,2.1288895924886067,4.488615245934527,4.494167095497402,2738.853498998651,5407.941456000117,ar_order,3072
O7tsRw-671-38597-125620-126584-128202-343308-240298,1734,7.035755478662054,0.009212201461195946,15.208092,15.254078,0.27176526,0.24400978,3.225813961029053,3.1406502723693848,4.5200607150542265,4.534036986453751,2481.0457339990535,5365.917574999912,ar_order,3072
mCLt3p-410-320846-476924-422977-274323-99711-177809,1085,1.4746543778801844,0.022891782224178314,28.56714,28.702297,0.06319744,0.057787687,2.308548164367676,2.3392261028289796,4.728451804629529,4.726931844602397,478.5366450014408,807.4926089993824,ar_order,3072
jFujMp-258-2985-422977-276516-270302-316694-390385,1887,7.790143084260731,0.008067467249929905,15.165821,15.425358,0.32567537,0.28384748,3.434368340174357,3.4894866784413656,4.5315807192788125,4.497904800239328,3781.3372450000315,7293.050574000517,ar_order,3072
uIq5Cp-346-271293-199372-348733-164849-450557-397909,1966,2.899287894201424,0.015138654969632626,19.471825,17.650259,0.15428959,0.15506268,2.8521479765574136,2.899765618642171,4.703816136718882,4.701707751362937,1394.921697999962,2888.8699969993468,ar_order,3072
2HNvip-384-377039-229618-315211-103130-162269-274323,1838,4.243743199129488,0.014237921684980392,19.634188,19.957561,0.20220023,0.1636259,3.798779773712158,3.837952391306559,4.7047275934782125,4.698945575143934,2067.7292170003057,4136.614404998909,ar_order,3072
hImnha-010-474206-125620-494783-410307-474929-314040,1033,9.390125847047434,0.04484827443957329,12.985186,13.234486,0.34859642,0.6987149,1.5588922341664633,1.6561766942342122,4.6307905611934,4.339618371219286,2317.7127910003037,5020.113549000598,ar_order,3072
fiBRvp-155-14754-379538-407950-108056-495971-270302,1409,17.033356990773598,0.03848577290773392,9.374209,9.217046,0.6604969,0.63363105,1.7848318894704183,1.7948654651641847,4.191442379559715,3.7933591027952422,6230.5647319990385,11897.425002998716,ar_order,3072
QzAg3p-413-374393-31166-163645-409369-10737-129013,973,10.38026721479959,0.0511818453669548,23.360765,20.993538,0.3062319,0.26909015,2.102865123748779,2.2653922557830812,4.69601694674542,4.672337106425843,2969.556981999631,5033.552246000909,ar_order,3072
JLBTXp-060-194617-60643-435517-420765-124439-152419,1024,10.44921875,0.024550464004278183,13.251087,13.337251,0.57837296,0.35801697,4.49266611735026,4.451596228281657,4.593535693733585,4.59798964249053,3085.2386410006147,5308.214025999405,ar_order,3072
k4Lvzp-329-270302-101992-248785-163995-27791-469130,1701,7.642563198118754,0.051412247121334076,17.234365,17.333462,0.3354315,0.29776046,2.6295215129852294,2.6476821104685464,4.6996218995988945,4.662316314537274,3269.024168001124,5772.3474119993625,ar_order,3072
ZgJsyp-189-209061-292564-111916-92870-126584-280816,1939,5.002578648788035,0.0409746915102005,18.344585,18.161976,0.22938704,0.19952627,1.5360671281814575,1.5009759823481241,4.689513102795182,4.6680535933623615,2342.9670999994414,4225.673155999175,ar_order,3072
G50hup-092-363552-123056-229618-481410-299323-332402,1114,6.463195691202872,0.028861256316304207,22.926266,23.689846,0.23467149,0.17181341,4.251520093282064,4.534217453002929,4.645428599985613,4.65389945086741,1658.2185570005095,3103.296389999741,ar_order,3072
8b8sWp-275-88756-348733-183720-134118-226233-129107,1202,3.577371048252912,0.031784262508153915,19.948627,20.288155,0.16422194,0.15204926,3.496652698516846,3.533532460530599,4.716750600513353,4.710703623767718,969.4563639986882,1826.1638399999356,ar_order,3072
vOT8yp-371-205293-131237-111916-212842-29563-288077,1254,6.220095693779904,0.025580398738384247,15.537324,16.830767,0.2908877,0.30328906,2.894506327311198,2.778368854522705,4.638952790169952,4.564422479630072,1767.04036099909,3826.815971000542,ar_order,3072
qmNVhp-128-78575-68344-44660-128101-103130-334242,1283,4.75448168355417,0.03182704374194145,19.803688,21.890089,0.2186058,0.16201095,2.24590589205424,2.291477823257446,4.626031732984468,4.590704375879785,1302.2028010000213,3429.686714000127,ar_order,3072
8wAd8p-068-329159-165684-202035-119460-330730-447487,1209,11.41439205955335,0.0299910269677639,14.823788,13.7936735,0.43619847,0.36381826,3.45633978843689,3.3804349581400555,4.481934036597879,4.467298978437668,2743.4957750010653,7191.586442000698,ar_order,3072
tXap2p-281-298969-9753-281965-457067-162269-329331,1012,6.8181818181818175,0.026187583804130554,17.405685,17.504646,0.24694079,0.22108452,3.121407731374105,2.9671786308288572,4.688084545325818,4.658129069858776,1423.1479250011034,4095.3798160007864,ar_order,3072
fdXdMp-313-165684-111916-348770-380077-145384-347380,1440,12.777777777777777,0.03389327600598335,15.784239,16.265726,0.4773645,0.428393,3.0276190757751467,2.652799685796102,4.649355439982034,4.575344176677269,5195.006452999223,8569.855974999882,ar_order,3072
Jpj5sp-423-369034-108056-487747-295308-1246-219243,1468,8.583106267029974,0.05191738158464432,18.179527,17.415266,0.3621417,0.278188,3.431669012705485,3.670973046620687,4.678298455523334,4.655863878045281,3689.54133599982,5760.691220000808,ar_order,3072
maM4mp-267-195572-141428-108130-299323-8651-456735,1158,7.512953367875648,0.0453246608376503,27.04181,28.712788,0.2300498,0.16642404,3.2951974709828695,3.3216848373413086,4.722321853568146,4.712725323006856,3070.4394909989787,4081.517041000552,ar_order,3072
Aal0cp-183-209061-91230-492922-2757-317191-461984,990,4.545454545454546,0.0922110378742218,17.232367,16.991623,0.21004324,0.19938147,2.2595136642456053,1.9752862930297852,4.643834288960837,4.632723599844614,1208.2896810006787,1758.0276079988835,ar_order,3072
m5rDOp-062-377273-156368-185152-188815-186260-486330,1445,11.003460207612457,0.02404632605612278,15.346316,15.430203,0.39862284,0.28832987,3.6076190153757732,3.655495262145996,4.507767724187058,4.54795023687177,3680.8469829993555,7369.459040000947,ar_order,3072
IIhdup-184-282845-322947-195637-315211-10737-386302,986,6.896551724137931,0.07097651064395905,20.652468,20.93603,0.30772766,0.2070734,1.44462890625,1.4421242793401083,4.592677989598257,4.619645839354014,1332.170245999805,3532.8028589992755,ar_order,3072
eiJpip-223-216978-247588-305230-165168-65123-203381,1402,10.556348074179743,0.04873007535934448,15.710009,15.722179,0.39246193,0.34491214,1.3922174374262493,1.3421429872512818,4.500605712500461,4.404879675376522,3914.8313040004723,6729.038945999491,ar_order,3072
uYOkKp-107-143976-376902-185152-437215-90733-10048,968,4.338842975206612,0.029287779703736305,21.10872,21.693542,0.16027439,0.1472625,3.0861276308695476,3.1987166245778402,4.627624969478594,4.610253413196966,1152.0028849990922,1999.9426949998451,ar_order,3072
DWrC0a-013-57191-1214-242009-327883-379538-476225,1033,12.100677637947726,0.0352642759680748,9.451084,9.795912,0.549069,0.5466597,1.3304742733637491,1.3395920435587565,4.53573524150513,4.330682569415241,3072.4271469989617,5574.48529100111,ar_order,3072
6maFGp-305-129013-193291-68221-152880-38506-163335,2424,17.863036303630363,0.02638908289372921,15.195589,16.535978,0.5974751,0.5506893,3.4056117375691732,3.323098087310791,4.646186730221112,4.570999877812577,10081.939719999355,21154.885492000176,ar_order,3072
fZg66p-070-68221-216978-377273-239730-53784-3467,994,29.577464788732392,0.03719060495495796,15.625662,16.07756,0.87514883,0.7200384,2.8828819751739503,3.118861198425293,4.550806413150436,4.522032137943251,6485.413348998918,14224.111399000321,ar_order,3072
CF7Gnp-165-481033-25721-175927-209061-312468-108378,1919,17.509119332985932,0.03301472216844559,12.833299,12.956553,0.5897073,0.47808304,3.0101515611012775,3.094944143295288,4.32459088090763,4.270248105237968,7452.142251999248,16224.962603999302,ar_order,3072
tTMeWp-326-264357-280816-2985-25721-189658-311379,2359,8.902077151335313,0.04867259040474892,20.595398,21.0829,0.32417268,0.2829624,3.3509316126505535,3.4367766698201496,4.687558736623128,4.693607400422598,4555.395826000677,9522.084389000156,ar_order,3072
kDEiGp-268-254920-474864-52991-170820-165168-328121,1029,24.101068999028183,0.09233691543340683,6.903703,6.4437914,1.3509713,0.8632815,1.916603422164917,1.7824695428212485,4.54685990897617,4.478517895431568,5337.4413370002,11936.072225000316,ar_order,3072
rkSMcp-349-162269-339484-74769-12865-363552-41411,1411,14.386959603118354,0.02514478750526905,16.444199,16.867254,0.47965598,0.4784011,1.6621339797973633,1.5944969336191812,4.682600687968954,4.494635023997489,4947.454864000974,9292.304455000703,ar_order,3072
FZwvbp-205-349816-138959-261033-383479-409369-152140,1111,28.26282628262826,0.03914736211299896,11.128682,10.5267105,0.9357757,0.86580783,2.2147018909454346,1.9721455891927084,4.504476716385258,4.235640033860167,7060.514056000102,16227.134569000555,ar_order,3072
ie6iSp-097-407790-253414-334074-464643-167361-80351,1395,3.942652329749104,0.03198687732219696,28.317518,28.808468,0.11215967,0.09736057,2.487360445658366,2.3981080849965415,4.644662698518693,4.649813412785754,1187.1626649990503,2714.961530000437,ar_order,3072
Q1VJ4p-396-67099-191485-442126-324310-384031-392966,757,0.5284015852047557,0.04145583510398865,55.766144,49.948826,0.013267449,0.01322408,2.5515127499898274,2.5257962067921955,4.7314264366059895,4.730670181334255,82.19326300059038,166.4079149995814,ar_order,3072
BLAVyp-401-374393-353502-276516-464643-247007-280816,1578,17.743979721166035,0.0333615206182003,10.530743,10.613099,0.66768044,0.56504947,1.3561970392862956,1.3462530612945556,4.573217695379459,4.467200830169169,6429.260561999399,13311.657881999054,ar_order,3072
qx9MPf-447-243466-253414-78108-327883-41798-186349,1722,15.911730545876887,0.0489613376557827,8.272577,8.0939865,0.62575155,0.60680974,2.3228819688161213,2.8037798404693604,4.317711236914228,4.310273902683503,6302.35213800006,14096.639802000936,ar_order,3072
4fsgkp-253-311495-209061-229618-287427-276516-38459,1013,6.811451135241856,0.02615589275956154,17.368656,17.183735,0.2731434,0.21954592,3.0786954402923583,3.088966703414917,4.680809785971303,4.660315133165416,1857.4796359989705,2765.197763001197,ar_order,3072
u3JmNp-105-377036-373629-177809-287789-419538-221798,1057,9.082308420056764,0.03273187577724457,14.677068,12.747975,0.47361723,0.31789592,3.1795220534006754,3.1813882033030194,4.664733074401129,4.616644047678115,2224.231954000061,4004.196713998681,ar_order,3072
7gnoMp-243-13140-469001-90733-352371-418901-62534,1349,14.381022979985175,0.03019716590642929,11.670204,11.407222,0.63150984,0.5022497,2.164990790685018,2.336500326792399,4.622091445152609,4.5811284748596,4085.815950000324,9965.230977999454,ar_order,3072
WYTgYp-403-306759-7708-254913-153980-163947-460359,1450,4.206896551724138,0.0560128353536129,15.494099,14.714514,0.25209138,0.23340161,3.11965438524882,2.659449847539266,4.663724980244659,4.656614141024977,1207.6067199996032,2841.8480010004714,ar_order,3072
zRlcSp-181-25062-53784-123056-333757-268363-211084,1709,6.1439438267992985,0.025759130716323853,16.884184,17.313347,0.26588753,0.24358924,2.319683647155762,2.454138978322347,4.649804033733719,4.502804112171387,2228.9708490006888,5609.028335000403,ar_order,3072
TaYTvp-415-63022-179855-481410-392966-38597-437270,762,4.593175853018373,0.03335783630609512,20.518562,20.846312,0.22471263,0.16837297,2.678454113006592,2.537651618321737,4.699656576860114,4.679573687178399,698.0283800003235,1459.948698999142,ar_order,3072
9kbanp-261-50416-108056-469001-231167-334074-209061,1007,5.958291956305859,0.026795921847224236,15.592822,15.566167,0.27481434,0.24600358,2.3216925144195555,2.3400562604268393,4.670036108980403,4.6274774985758995,1223.3113719994435,3436.104008998882,ar_order,3072
DLZvmp-426-78108-128329-469130-165684-261033-84004,868,7.71889400921659,0.026906199753284454,19.50274,20.375135,0.26451766,0.23568916,3.6764584223429364,3.95946151415507,4.686422983988939,4.65916557938134,1947.626768000191,3510.9557550003956,ar_order,3072
i0Ocoe-610-395609-211084-211212-108056-187519-202035,1390,9.784172661870503,3.9601487515028566e-05,12.040604,11.228499,0.43265083,0.45806003,2.0170610189437865,1.8840627829233805,4.609618435676697,4.570447033817417,4830.96956999907,8845.573954000429,ar_order,3840
PBDVAf-465-366971-117533-197606-160943-60681-25579,1722,3.426248548199768,2.0712036530312616e-06,19.129713,16.869848,0.184516,0.18222614,2.505814520517985,2.556459903717041,4.6978706965390025,4.686316044338057,2124.9739810009487,3173.0425040004775,ar_order,3840
sF1D5f-429-45816-14754-487747-347380-61770-187519,918,1.4161220043572984,6.66032019580598e-06,30.526712,26.94115,0.05600053,0.05625027,3.1492982387542723,3.132544978459676,4.72971317936759,4.723872109843581,590.0472089997493,1087.0768029999454,ar_order,3840
8lHaxa-001-437270-91230-96853-392966-377039-493700,1033,8.712487899322362,1.6546022379770875e-05,13.4524765,13.747805,0.36013338,0.32060096,1.6173641443252564,1.6210059960683187,4.645428145517769,4.521434671858316,3996.203702999992,5193.372708999959,ar_order,3840
wH6bMa-009-144175-39168-315211-114587-333757-10048,1033,7.55082284607938,4.100139267393388e-05,14.170599,14.735222,0.38883814,0.28543594,1.5238849957784018,1.6126505057017009,4.525947599934313,4.546116558702057,2978.4458020003513,4273.246167000252,ar_order,3840
l3Lvae-611-211084-218396-212842-198509-334833-311379,1390,4.244604316546763,4.941728548146784e-05,20.465313,21.325108,0.17144704,0.19034952,3.356212107340495,3.3570019404093423,4.704938869291746,4.699549661548332,2941.799988000639,2953.2633449998684,ar_order,3840
cmHjrf-493-348077-309854-224170-458554-202179-472051,1722,16.144018583042975,0.00013046321691945195,8.402798,7.888946,0.6470058,0.76926786,1.2870771010716757,1.2977097352345786,4.405736139448663,3.9321318588563914,9859.450244999607,15762.678834000326,ar_order,3840
9srcUf-448-162832-472051-219243-152140-401183-304828,1722,11.091753774680605,7.126033096938045e-07,10.700697,9.048269,0.52562535,0.7183597,1.4683436473210654,1.5559180657068887,4.605562135229308,4.598645432565903,6506.730999000865,10428.758674999699,ar_order,3840
pMchYa-011-461984-248646-131237-259340-281965-474206,1033,3.291384317521781,7.092276973708067e-06,16.95469,17.62384,0.18675321,0.19647329,1.5673270066579184,1.5670417865117392,4.695240877802371,4.640811486807687,1416.865074999805,2165.571023000666,ar_order,3840
rqqrUf-476-372299-90733-207508-318838-254913-53278,1590,15.786163522012577,1.0736808690126054e-05,10.878122,10.996451,0.6327973,0.67199105,2.8567533334096273,2.8677476406097413,4.6181807767627365,4.4788431970519555,8643.13632700032,14831.305737001458,ar_order,3840
KWj8Li-521-358526-235375-78807-67455-237079-21827,802,14.588528678304238,5.653791959048249e-05,10.697637,7.8455477,0.5606761,0.5129296,2.461409250895182,2.8329315980275473,4.3795213584759685,4.379590524673994,4734.454225001173,5908.791187999668,ar_order,3840
LIJKja-026-447487-148409-188815-38506-78427-479691,1033,5.517909002904163,1.2104389497835655e-05,14.895466,14.170485,0.2568725,0.27295896,1.4852408250172933,1.4845219612121583,4.6591788113606345,4.599860196184775,2270.5142539998633,2785.675422001077,ar_order,3840
P4ZKje-597-228203-427818-407728-174918-211212-250174,1550,22.967741935483872,0.0001234940718859434,8.430671,7.783212,0.82328635,0.7919472,1.5086798588434855,1.6278307517369588,4.362697345876783,4.313396549047061,11799.821951999547,22251.12236300083,ar_order,3840
zoFKbf-438-268009-220507-287943-286732-24538-454712,1653,12.583182093163945,5.697601750398462e-07,11.918536,9.542454,0.4806371,0.56581837,2.1594398021698,2.2079035441080728,4.58149047348914,4.470816753161124,6688.7685879992205,12072.666791000302,ar_order,3840
FPRIpe-578-474864-126584-425422-304828-148409-10737,1550,9.096774193548388,7.081195508362725e-05,15.407978,14.030839,0.33425307,0.4097657,3.212576389312744,3.1653265953063965,4.659347635288399,4.509502014225517,4211.7615709994425,8338.695215999905,ar_order,3840
Th8NDe-613-23535-495997-395609-270487-329331-383770,1390,14.100719424460431,8.22431466076523e-05,12.36014,11.054731,0.5152291,0.64026755,2.818113327026367,2.7282318909962973,4.5971393219247805,4.547987931040143,5936.468362999221,12329.579148999983,ar_order,3840
KFAl8f-427-406364-361413-456735-410307-286869-348733,1722,18.641114982578397,5.997956031933427e-05,9.691558,9.631569,0.60270065,0.5862892,1.8320571343104044,1.7171356360117593,4.379241115393433,4.438778540728045,10746.35312600003,19631.937963000382,ar_order,3840
rn9v1e-583-369034-383770-175927-399756-390385-383479,1550,11.67741935483871,1.7469614249421284e-05,12.250162,12.358583,0.44451663,0.49738932,2.7073566754659018,2.766423527399699,4.588713615947942,4.423809211604043,5300.55338099919,10439.605767998728,ar_order,3840
SnJBwf-434-37928-376902-480197-51581-328121-350223,1378,5.732946298984035,1.790127271306119e-06,15.426208,15.268686,0.2832096,0.2794105,2.041003402074178,2.077397871017456,4.670806274141478,4.6694548915008305,2298.672475000785,4796.673699000166,ar_order,3840
amZyRf-444-7708-476924-468905-275802-405424-380077,1722,2.5551684088269457,3.279495786046027e-06,17.32479,17.191113,0.16210721,0.18069933,2.032813874880473,2.0817512114842733,4.700569823919315,4.6871525616342,1268.4842430007848,2276.7867220009066,ar_order,3840
a4WwUa-043-141142-113619-397909-469223-287427-421926,1033,26.427879961277835,3.878655479638837e-05,7.5822124,7.0701594,0.89133865,0.88789684,1.280605967839559,1.3492410024007162,4.237922287262816,4.182842102786006,9347.33688399865,16771.888569999646,ar_order,3840
mvvOnf-472-106-135410-148409-334242-45816-353502,954,4.5073375262054505,4.8512858484173194e-05,15.4934635,14.538378,0.24521194,0.2547464,2.872816069920858,2.8855570952097573,4.639089234032807,4.65270927604866,1253.5501350012055,2514.4738260005397,ar_order,3840
oRqMra-058-167772-480197-43889-36331-135873-265166,1033,2.904162633107454,6.2980648181110155e-06,23.455055,22.873001,0.12486485,0.10485065,3.061064577102661,3.1357131322224934,4.724961027979269,4.723324100000617,1119.9446850005188,1941.1418409999897,ar_order,3840
1rIrKa-023-409746-287789-276335-17243-340579-260428,1033,1.6456921587608906,1.7720502000884153e-05,20.838058,20.910204,0.10196636,0.08971972,1.6508523305257161,1.6704158941904703,4.7203871858347695,4.725317066945029,859.3687390002742,940.5040849997022,ar_order,3840
xX6Wce-607-140209-262731-151331-7708-427818-497426,1390,3.741007194244604,2.83738954749424e-05,19.29235,18.882263,0.16937542,0.18629433,3.0042673110961915,2.999698797861735,4.709677316851801,4.69913583739808,2145.1730669996323,2763.9957219998905,ar_order,3840
3hvoVa-051-2307-202921-218396-175927-14787-464643,1033,5.324298160696999,1.6514632079633884e-05,16.829977,17.726501,0.23997082,0.22003102,1.6529495477676392,1.6915071646372477,4.682246760652298,4.656400844569054,1614.981083001112,3687.0709710001393,ar_order,3840
87hwjf-487-426805-60643-437215-160943-182650-407728,1181,5.080440304826419,1.0143882036572904e-06,15.023547,12.731993,0.26374504,0.3682544,1.4579293648401896,1.449142591158549,4.678075463884836,4.614095963446164,2019.8194180011342,4515.164504000495,ar_order,3840
98pQ7f-492-161118-44660-2985-495997-227228-191485,1722,3.948896631823461,3.370679678482702e-06,20.005312,20.234879,0.16563956,0.19871004,3.2806160767873127,3.1506824493408203,4.695547612753529,4.5718236621798365,2844.6303970013105,4655.470294999759,ar_order,3840
9a98Kf-464-298969-472051-292323-179462-78575-496080,1181,7.281964436917867,5.5254073231481016e-05,15.319853,15.864381,0.2779033,0.2469688,3.1712555408477785,2.9792813301086425,4.42738763572171,4.499921273327617,4200.827017000847,5227.982528998837,ar_order,3840
WVKBPa-017-469001-13769-309009-430207-5054-14754,1033,3.581800580832527,4.264206836523954e-06,17.602358,17.751595,0.1810708,0.19328482,3.6920353889465334,3.6640260060628256,4.702088342155346,4.640825644459968,2032.1864639990963,2047.0479070008878,ar_order,3840
k2rvsa-021-181149-117176-94351-2985-340579-209061,1033,4.162633107454018,1.384729148412589e-05,17.00126,16.348392,0.24650602,0.17916559,1.8881193399429321,2.0046684662501018,4.691015749578551,4.671933680793123,2317.9355659995053,2454.2674220010667,ar_order,3840
GptLba-028-467697-29563-495971-437270-5575-211212,1033,2.3233301064859635,2.764441342151258e-05,19.119535,19.258389,0.13656066,0.14007051,1.766013216972351,1.7969249725341796,4.679510279205116,4.665653143215935,973.5625720004464,1719.5419849995233,ar_order,3840
3EBeof-459-212842-454791-192385-495971-180085-113105,1033,16.747337850919653,3.53978066414129e-05,11.128653,11.4403,0.5767306,0.6697014,1.8370467980702718,1.8844337622324625,4.573090383424221,4.555205156656188,5599.321366000368,10346.893035000903,ar_order,3840
8C0b9f-461-182650-228203-8651-240298-176776-186349,1704,3.814553990610329,5.752473225584254e-05,17.655813,17.787708,0.1830142,0.26699796,3.587662617365519,3.518107302983602,4.69931197414059,4.57262977553336,2017.4559240003873,3570.8498369986046,ar_order,3840
f5sCDf-435-355130-41798-395609-377902-35325-116061,1378,11.901306240928882,9.696379493107088e-06,13.129853,11.997517,0.4491795,0.5664366,1.8840664545694987,1.770377278327942,4.628314276722226,4.353429600976058,4992.905459999747,9514.402364999114,ar_order,3840
5LZsPp-295-239730-414547-129636-470600-495997-1214,1207,22.535211267605636,6.921367457835004e-05,8.181303,5.1008606,0.83303136,0.908928,2.166715955734253,2.3699594656626384,4.018362666317437,4.0919098579958275,9370.917919999556,15079.507139998896,ar_order,3840
rxhq2p-211-212526-349828-67455-407790-412326-143976,1183,7.185122569737954,2.8749458579113707e-05,15.137068,10.878482,0.35057688,0.313676,2.5457613468170166,2.678165102005005,4.532464936909323,4.513256108448063,2468.0687340005534,5637.835706998885,ar_order,3840
7j8l2a-034-50416-4800-287427-123375-143976-264357,1033,3.0977734753146176,8.71249631018145e-06,17.463371,18.01228,0.17855532,0.1896299,2.4553223133087156,2.4986090977986652,4.683286645116899,4.584149250989112,923.6221889987064,1592.4358640004357,ar_order,3840
cedJli-522-192385-152140-262731-156368-123704-333757,719,5.285118219749652,5.254780626273714e-05,16.956955,12.299339,0.22268148,0.247546,1.9958690404891968,1.941835872332255,4.197041133090142,4.36788623436136,1090.5363410001883,2208.615343999554,ar_order,3840
uHCIZa-015-146882-87506-304828-333757-5054-62919,1033,8.615682478218782,1.7520515029900707e-05,13.079448,13.2284775,0.35097754,0.39048716,1.3266128301620483,1.3593655904134114,4.5829410090831235,4.567371021730613,2782.074618999104,5788.459831999717,ar_order,3840
UKnMcp-124-361413-129636-57514-52991-68221-81956,1381,20.926864590876175,0.0001672373036853969,14.068175,10.782285,0.6266122,0.5270419,2.765104405085246,3.018605136871338,4.343788378253079,4.521549347100903,10065.299320998747,16070.620980999593,ar_order,3840
5ALjRp-161-333766-240226-4800-482510-113619-84055,1026,26.803118908382068,0.0008019127999432385,6.4334555,5.544956,0.9174683,0.92891884,1.2137227535247803,1.2672072569529216,4.07362277916053,4.036905059280157,9596.179824000501,15284.594548000314,ar_order,3840
Paqf1p-119-254913-443221-90733-163645-32125-188815,1450,9.034482758620689,0.0004479943308979273,14.459466,14.549632,0.31374106,0.2874218,3.130173683166504,3.1914557139078776,4.479510103358498,4.499544056645123,5189.663424000173,7055.914742000823,ar_order,3840
lDN6of-450-91840-427818-353502-327883-210172-489807,1722,25.02903600464576,0.000440589792560786,6.893601,3.9171824,0.9398069,0.85690707,1.471027167638143,1.5345698992411296,3.7539852413779107,3.8818604978410605,14084.775747000094,24483.231453999906,ar_order,3840
JRGxpf-495-78575-358526-483339-81956-229618-247007,1722,14.227642276422763,0.000252309167990461,8.730655,6.861326,0.7848293,0.8483176,1.1399407466252645,1.135687565803528,4.221007301745402,4.199831056276823,7524.695685000552,13783.906794998984,ar_order,3840
yc5Hmf-494-469130-474206-203381-91840-123056-149498,1722,13.472706155632984,0.00020981418492738158,9.625221,9.323607,0.5521676,0.57906747,3.030829095840454,2.758889087041219,4.444354456696301,4.360083466030272,7414.336703999652,13124.532963000092,ar_order,3840
6UNJZa-025-136860-357104-38459-89725-366126-252054,1033,9.390125847047434,0.0008322022040374577,13.206798,13.538076,0.36320996,0.36721554,1.2101278066635133,1.219319208463033,4.568657694507328,4.54324523711197,3100.8306200001243,5245.693999999276,ar_order,3840
CrjLKf-468-374393-49022-14754-240504-316080-236920,1722,6.562137049941928,0.00014622832532040775,14.586771,14.343419,0.32640457,0.362916,1.2875046571095785,1.289483380317688,4.683380079083923,4.679468009377092,3495.203507000042,6277.210274000026,ar_order,3840
wkCjvp-408-175927-2985-407790-280816-275802-343332,1046,15.965583173996176,0.0001569680607644841,14.979854,14.633641,0.5098854,0.4153421,2.469242731730143,2.601000261306763,4.555594998834666,4.58631100832752,5466.98647499943,9560.80184700113,ar_order,3840
bnEKPi-496-131237-487747-10048-112031-352809-171454,719,13.908205841446453,0.0004139196826145053,11.92977,8.397924,0.4878601,0.49605855,1.9627108494440715,1.877000594139099,3.4959134115263626,3.8052843039422224,3217.040564999479,5505.7094620005955,ar_order,3840
FW6BFp-225-129636-418989-280816-386883-462467-306759,1649,6.24620982413584,0.0004694216186180711,15.074426,14.983738,0.25848824,0.24475713,1.8411914745966593,1.791989310582479,4.564756217314857,4.582476090308951,3020.8563919986773,5462.229568998737,ar_order,3840
cZ9D6w-670-134118-41411-423587-125189-84055-98443,662,4.984894259818732,0.0007059596828185022,16.979597,16.919153,0.18770082,0.17729734,4.046465158462524,4.2514503479003904,4.5937802966957095,4.5997624632132075,1230.0320399990596,1635.457211999892,ar_order,3840
xlckps-555-489807-93885-138959-23535-14754-299323,1636,10.880195599022006,0.0007390778046101332,11.218191,10.797681,0.46265903,0.41180238,1.549013606707255,1.5273855606714883,4.461197260006182,4.461909158736107,5902.903000000151,10750.522672999068,ar_order,3840
xDMmqs-548-333766-165168-462328-336612-442126-284808,1636,9.7799511002445,0.0005077441455796361,13.16909,11.946696,0.35646757,0.33601514,1.3344004551569622,1.353426472345988,4.30867331908385,4.401727450537172,5182.179871000699,9955.577771999742,ar_order,3840
FSyUys-545-306052-88756-228203-369609-91230-448907,1240,3.467741935483871,0.000898472499102354,17.00766,16.378939,0.1964894,0.19131237,1.3981557448705038,1.3912015755971272,4.631010181933785,4.630283025425623,1256.4390679999633,2545.47692900087,ar_order,3840
FiS63i-513-129107-287427-185152-454791-121010-285778,918,29.956427015250547,0.0005593721871264279,6.1904426,2.2635477,1.0432421,0.9818199,1.853898580869039,1.8973299026489259,2.557290050353139,3.0850340190051226,9759.700552998765,16317.735886999799,ar_order,3840
AHwsQs-538-108297-304214-140209-237079-426805-448869,1636,26.5281173594132,0.00042765779653564095,7.109722,5.734782,1.2684778,0.78374165,1.2287826220194498,1.3073100010553995,4.075432113805697,4.116644547128186,15160.007532000236,25352.123201000722,ar_order,3840
cUyODs-564-324456-286869-479691-123056-485468-274323,1636,14.60880195599022,0.0006575641455128789,9.18893,8.342432,0.6053197,0.563734,1.3727938175201415,1.352359930674235,4.459523692990596,4.463452044080384,8869.685703999494,13012.678326998866,ar_order,3840
WOhKts-537-450251-294604-27791-350223-235375-383770,1636,15.158924205378973,0.00046492001274600625,11.057636,11.460873,0.525274,0.44457486,1.8192504564921061,1.948637835184733,4.428969320809994,4.450835514750502,8748.373370999616,14549.984212000709,ar_order,3840
Mtnx5i-515-495971-279778-348676-11995-306560-418034,744,3.225806451612903,0.00028512379503808916,16.798838,12.6376095,0.18020292,0.23270147,1.7134559233983357,1.71838489373525,4.575430607580792,4.581250186429644,975.693112000954,1882.900320000772,ar_order,3840
fiDqFe-589-306052-37928-421728-166792-414547-458302,1550,7.548387096774194,0.00034323649015277624,15.672507,16.148388,0.31598523,0.26723778,3.1867040316263835,3.1573766231536866,4.611003839343286,4.617325110357227,3883.5539800002152,6381.7241479991935,ar_order,3840
KIklei-503-156368-5054-151331-161307-380077-177809,898,12.138084632516703,0.000185836324817501,9.853274,7.2180743,0.52451634,0.5283521,1.6274167776107789,1.6211748520533245,3.4209396086361137,3.9070366039455657,3541.524328000378,5784.635091000382,ar_order,3840
0Rve0i-524-469450-332402-376902-283921-64116-240504,1140,5.087719298245614,0.0009046242921613157,17.841858,14.129364,0.20436513,0.21513975,2.4861797014872233,2.4069015343983966,4.207803104964992,4.379171184547583,1880.1471940005285,3180.3892089992587,ar_order,3840
IJqofi-526-68304-236920-183720-152419-94351-316080,661,34.493192133131615,0.0003945751814171672,5.8207645,3.2690263,1.222216,1.0733933,1.7708527088165282,1.7990988572438558,2.46261455053126,2.92616306713753,7039.832155998738,13543.287067001074,ar_order,3840
vAlA7f-458-390385-16661-177809-112031-325632-365075,954,1.4675052410901468,0.00048059478285722435,29.682312,31.685642,0.05219838,0.045417607,4.714933268229166,4.6966202100118,4.717552693600269,4.7171049393383235,402.21144700080913,679.9642820005829,ar_order,3840
oK9Hxs-550-7708-104867-460359-299323-420765-264795,1636,3.850855745721271,0.0009720592643134296,19.187067,18.460295,0.15630095,0.14943041,1.3295361757278443,1.3577516317367553,4.68440729124574,4.6896440331745035,1943.7428379987978,3256.2769080013823,ar_order,3840
kxh9is-563-24999-276516-377039-462467-365075-67099,1636,6.418092909535453,0.0009378857794217765,16.141262,15.759142,0.24885659,0.22969253,1.9711565097173056,2.020597147941589,4.576125208378637,4.586917307550907,3309.865131999686,5724.021932999676,ar_order,3840
Q4PCSi-506-317415-237079-78108-78427-235375-285778,1152,8.072916666666668,0.0002790152211673558,16.27533,14.196992,0.29162636,0.28934205,2.4333396116892496,2.3001999855041504,4.0980922236159,4.310182425251119,2724.5572330011782,4804.739490999054,ar_order,3840
zKb4se-576-475285-202921-407950-32125-236920-469001,1236,14.64401294498382,0.0002435800852254033,12.307989,11.298127,0.5127221,0.52921134,1.911265484491984,1.9702852408091227,4.549537598161207,4.313526103967051,5781.233404000886,11100.083525998343,ar_order,3840
EZwkWp-195-116061-37928-384031-166684-14787-96948,1442,15.53398058252427,0.0007670152699574828,14.319924,11.6549015,0.48028722,0.42594185,3.4448378880818686,3.499032656351725,4.313527687233285,4.31338883774239,8323.54039799975,12150.861420001092,ar_order,3840
rjyWTe-587-151723-247588-123704-129889-250174-123056,1550,12.129032258064516,0.000710091320797801,11.641036,11.7094345,0.48062143,0.47989687,1.9568450768788657,2.080417768160502,4.5281608438273935,4.507614514899189,7389.731318999111,10449.358028999995,ar_order,3840
44Zbvs-567-179462-358526-13671-355104-116061-343332,1636,7.396088019559902,0.00030473197693936527,12.979907,10.783696,0.33764756,0.32405734,1.1824416319529216,1.1945725361506143,4.577185183237783,4.569612166205213,4359.184103001098,7003.2263370012515,ar_order,3840
ofs2Us-561-469223-161307-229618-187519-295308-129107,1636,15.831295843520781,0.0003641763178166002,11.016764,10.469852,0.5316598,0.47085395,2.919309314092,2.978292433420817,4.138575129824984,4.144635083782613,9007.669508999243,16296.927504999985,ar_order,3840
jhRr0p-088-489070-351855-386883-172725-333766-16976,1661,16.375677302829622,0.0008774544112384319,10.115234,10.062947,0.59449834,0.5472059,1.862450909614563,2.0194774866104126,4.284066891296271,4.265839918672921,10046.339771999556,17254.857320000156,ar_order,3840
ItvEYp-187-347380-151331-160943-343502-92870-286732,1222,5.973813420621931,0.0003424148017074913,15.561575,15.218994,0.24378176,0.23214076,1.8944374243418376,1.9277706543604534,4.578018235162434,4.595718857976152,2423.3790279995446,4180.211400000189,ar_order,3840
9ImS8p-321-63022-306759-480197-355130-205293-103130,1065,1.4084507042253522,0.0003738635568879545,28.805616,29.859665,0.061358403,0.053569432,3.882135756810506,3.920141267776489,4.710033496967502,4.705035449287207,633.7836579987197,748.0672969995794,ar_order,3840
PiKSIp-112-109021-465867-125189-123174-211212-334242,1021,9.10871694417238,0.000980529235675931,13.6392,10.18051,0.36657855,0.37141958,2.078389461835225,2.1094143390655518,4.390383155216072,4.428757040227646,3321.4540280005167,5166.846661000818,ar_order,3840
5Lu6ui-514-135410-151381-124082-173176-644-324310,744,9.946236559139784,0.00026409313431940973,12.661634,8.023655,0.38815406,0.4456934,1.614593784014384,1.584884277979533,4.513697611262766,4.533387523126888,2549.0559059999214,4139.663351001218,ar_order,3840
69ZMRp-276-162832-2757-113105-349816-17243-289593,1207,16.23860811930406,0.0009542101179249585,12.204957,12.114762,0.52444977,0.4872774,1.3779917240142823,1.3416266997655233,4.36515229989182,4.3491745944560325,5821.411877999708,12339.350786000068,ar_order,3840
caQa9p-079-134118-41798-311327-343332-125459-231167,1139,6.409130816505707,0.0008238053997047246,23.088057,23.406649,0.1725728,0.1582906,4.275574239095052,4.340470027923584,4.566655903906675,4.5736982847137915,2423.0630669990205,4231.058052000662,ar_order,3840
zQSXvp-215-498788-407950-152419-25062-51581-3467,1400,17.57142857142857,0.0010821843752637506,10.138985,9.736348,0.625298,0.50698566,1.8269628604253134,1.9575960556666057,4.232069001963443,4.2624561444498115,8833.03881699976,15189.856793998842,ar_order,3840
3Fszap-093-117533-332219-451954-336612-141428-265166,1116,6.451612903225806,0.002600878244265914,16.418982,16.966515,0.23227338,0.21081154,3.90161403020223,3.873151445388794,4.561274871937104,4.566077916324992,2384.2197230005695,4470.723549999093,ar_order,3840
oJJGwp-325-47619-442126-2985-182650-124082-457067,1710,4.035087719298246,0.0017253782134503126,17.418674,17.640255,0.19559222,0.18979521,3.173246955871582,3.0947388966878253,4.657863119469596,4.651933141227262,2253.012454999407,4367.132222998407,ar_order,3840
0mk6rp-310-146145-90733-51581-27791-50416-437215,1608,1.7412935323383085,0.0014768074033781886,24.644321,25.046577,0.08382621,0.073791,2.278785975774129,2.340213251113892,4.714492950744836,4.715305975957587,895.4840099995636,1761.551839999811,ar_order,3840
lzFhsp-134-377273-280816-60681-369034-268009-11995,1625,3.076923076923077,0.0012218672782182693,24.73137,23.00742,0.10616509,0.10285618,4.743856747945149,4.741059843699137,4.688827620672168,4.684726804588696,2015.367886000604,3238.5816910009453,ar_order,3840
5OQdwp-063-348077-460359-16661-112031-224170-197606,1404,2.7777777777777777,0.005658838432282209,18.766247,18.3295,0.1403068,0.14474504,3.4478214422861737,3.4518433094024656,4.659683223768802,4.659205635100028,1402.7958619990386,2475.8680579998327,ar_order,3840
am1FVp-234-380077-145165-25579-145555-311495-324310,1208,5.380794701986755,0.004206848796457052,16.280165,16.41106,0.23118357,0.2321372,2.7376065413157145,2.4645569642384846,4.561038576183085,4.489000989019632,2662.4794130002556,4264.736142000402,ar_order,3840
1zDUvp-298-108297-119460-56896-348770-68221-98443,1510,2.5827814569536423,0.0020352303981781006,17.861902,18.185303,0.14973952,0.13340734,4.776889165242513,4.796604506174723,4.6508102203664,4.649409749858897,1747.0289620014228,2193.407341999773,ar_order,3840
cqZnBp-237-143976-377902-462328-483339-384274-414547,1322,8.245083207261725,0.005321722012013197,13.852614,12.953756,0.31503844,0.34356555,1.3841037670771281,1.4884589195251465,4.5607334807241315,4.528568384361291,4487.271318999774,6071.061935999751,ar_order,3840
N5kbFp-292-397909-407728-152140-117533-153980-62919,1693,21.204961606615473,0.0010815237183123827,10.855522,11.409718,0.7328484,0.9577934,1.4284350077311199,1.4445783615112304,4.56740240399844,4.265076899421131,12692.372371000602,21193.735052998818,ar_order,3840
DmpOYi-525-91230-450251-209608-292323-92870-38506,1140,16.315789473684212,0.0021517532877624035,9.598709,6.9383745,0.6245715,0.55782455,2.236035966873169,2.2714755535125732,3.2619428393019643,4.020503830414149,6240.91985600171,10312.034866999966,ar_order,3840
BBcZPi-501-456735-480197-495997-497448-326140-134118,861,0.8130081300813009,0.003230630187317729,28.959682,21.31484,0.041453164,0.088094495,1.7932758490244547,1.7910203774770102,4.731019385304471,4.707269798743452,205.62508500006516,340.6545529996947,ar_order,3840
BsVmke-591-419538-379538-386302-426805-469450-347380,1550,17.806451612903228,0.002498342888429761,8.97462,8.405131,0.6765806,0.6571689,1.4330699523289998,1.501351269086202,4.316914005011844,4.257803792036249,9370.368664000125,16579.020769000635,ar_order,3840
nSu3Cp-366-41411-362672-285778-222370-421926-202035,1118,6.529516994633274,0.006295517086982727,19.295729,19.816582,0.27576694,0.23157918,4.117346509297689,3.882872947057088,4.696096946938398,4.682810103158343,2670.1608119983575,3825.725198999862,ar_order,3840
tztd5w-640-23535-348077-410307-64116-151381-134118,1176,11.989795918367346,0.0032262594904750586,13.892672,13.467034,0.3857188,0.36234108,3.435148843129476,3.394842592875163,4.309437600115998,4.334017753979928,4642.053195000699,7902.087333000964,ar_order,3840
qQ82Hw-614-91230-379354-379373-260428-324310-287427,949,5.163329820864067,0.0024592585396021605,17.263168,17.065,0.2076991,0.19645236,2.0843522707621256,2.042742156982422,4.520913164903481,4.535768259706741,1615.4182519985625,2632.421180000165,ar_order,3840
f2JFMw-634-136860-113105-22031-310105-248646-32125,824,8.25242718446602,0.0029410782735794783,12.734739,12.41734,0.34472212,0.32251373,2.2517189502716066,2.256280755996704,4.58654859273123,4.581749241133262,1976.29363499982,4039.0966459999618,ar_order,3840
ainjFp-098-145384-88756-289593-274542-488804-292564,2208,9.148550724637682,0.003448504488915205,13.227387,12.527185,0.35297087,0.34824848,2.3971832593282065,2.355815140406291,4.494937567302191,4.4818913820366895,6596.545750999212,12045.802160999301,ar_order,3840
BcVzDs-560-352809-57514-418989-243067-209608-32726,1636,6.601466992665037,0.0019297391409054399,17.36598,16.473787,0.24029696,0.22105812,1.5480702559153239,1.5596909046173095,4.618597828181538,4.618060862369695,3572.3664649995044,5975.7839319991035,ar_order,3840
TypO9p-362-82313-390793-365346-50416-310105-275395,1464,23.36065573770492,0.0034457372967153788,7.808516,8.397069,1.1247879,0.81000596,2.564322837193807,2.8809187412261963,4.473747087092482,4.391646746228351,12120.073411999329,19470.844274999763,ar_order,3840
nQsrxi-500-35788-354893-151331-437270-461984-276516,861,11.033681765389082,0.004316622857004404,13.790036,9.920183,0.4199275,0.46273732,1.7336217323939005,1.6168757200241088,4.589172677532776,4.46063342227195,3200.6243389987503,5162.582809000014,ar_order,3840
ck2Uxp-081-495997-135873-82313-377039-373629-268363,1026,4.775828460038986,0.004637618083506823,17.178804,15.690514,0.19314651,0.2372011,2.16535857518514,2.2071356455485027,4.58886370349131,4.539188582048775,1867.5901839997096,2720.9935129994847,ar_order,3840
jgJdnp-100-135873-177809-247007-67455-332402-185152,1404,5.84045584045584,0.0029392531141638756,18.266254,18.792526,0.19779961,0.17977059,3.619484043121338,3.6767989794413247,4.602448892790016,4.613916904859817,2683.8028359998134,4691.598157000044,ar_order,3840
m8mjCs-533-485468-283456-486330-442126-2757-12865,1636,22.677261613691932,0.0013069127453491092,9.359085,8.038507,0.7743934,0.68787664,1.3085866530736288,1.3277592023213705,4.266831226580412,4.285474042282177,13180.293862000326,21480.82421700019,ar_order,3840
pRaNDw-627-181149-276516-426805-281965-56896-235375,1894,4.7518479408658925,0.002972227055579424,15.301575,15.113962,0.23371561,0.21399902,2.1204149881998697,2.0822993437449138,4.590619242502193,4.595313217656266,2760.036104999017,5538.844562999657,ar_order,3840
U5aQJe-592-437270-129013-295308-406364-103913-497087,1550,4.451612903225807,0.001561999088153243,17.296198,17.902466,0.23773122,0.1904339,2.3438767115275065,2.4040136178334555,4.65921567386772,4.6433215755534825,2029.5444540006429,4163.367172001017,ar_order,3840
3e1Tjp-199-462328-423751-38597-248646-74769-2009,1395,9.46236559139785,0.002225166419520974,14.53328,14.302659,0.3556591,0.3438417,1.3825919548670451,1.4536437034606933,4.48504954147775,4.434352379266933,5151.193448000413,7434.245039999951,ar_order,3840
SSYQ1w-650-275802-13671-144360-112336-104867-157595,503,5.36779324055666,0.0031455422285944223,22.637455,22.57002,0.15502016,0.14356379,3.8712217648824057,3.816024732589722,4.5669093862828305,4.560666935452836,784.8727000000508,1935.426792000726,ar_order,3840
JCRPTw-618-129107-479691-343332-355104-157595-129013,1894,30.517423442449843,0.0062578716315329075,6.2029457,5.090412,1.0205861,0.9283092,1.9517241875330607,1.9003108660380046,3.844254243894509,3.8564919915490026,19681.899903000158,33291.63243200128,ar_order,3840
BThtKf-463-324456-428876-160668-329895-295308-99711,1722,31.3588850174216,0.001240023411810398,5.7661057,4.8901534,1.0838926,1.0229095,1.145063583056132,1.1575878381729126,4.200649001173504,4.214911199742329,18356.137146000037,30127.413829000943,ar_order,3840
BNXFqp-404-184495-450557-10737-129636-497448-379538,712,3.089887640449438,0.0009845345048233867,14.751486,13.067499,0.19620197,0.1927384,1.995955801010132,2.0545743465423585,4.608513251140935,4.629056078457703,674.6627169995918,1251.6207640001085,ar_order,3840
7HBFIp-071-294604-416172-427818-181149-278609-175927,1141,7.887817703768624,0.003979463595896959,18.410557,18.819086,0.25588572,0.21623957,3.969162877400716,3.9704800764719645,4.533886452790473,4.540678933067689,3241.3894299988897,5275.770361000468,ar_order,3840
fS0Vwp-324-274170-461984-129889-218396-366126-128329,1773,16.130851663846588,0.001755136763677001,10.5323305,9.568728,0.60129815,0.521016,3.4537702083587645,3.5132420380910236,4.208755368543501,4.254104339576942,9397.640980001597,16432.507744999384,ar_order,3840
MJEnPs-553-484336-261033-237079-274170-257745-343308,1636,5.990220048899755,0.0014303416246548295,13.216278,12.477622,0.3052942,0.29581833,2.161140521367391,2.1633714199066163,4.609019855556047,4.614247244043048,3122.95875700147,5799.984893999863,ar_order,3840
noHubp-343-163645-17243-410906-219243-161307-221798,1638,6.654456654456655,0.0025536506436765194,13.085554,12.950605,0.34581426,0.30825838,2.8305777072906495,2.8481311003367105,4.591375996033548,4.589529959182015,3854.0645249995578,5535.489933999997,ar_order,3840
4sBV1s-535-160927-255765-139119-167772-460359-377902,1636,11.98044009779951,0.0018671865109354258,11.270007,11.852171,0.4750346,0.4060433,2.57128586769104,2.6046360969543456,4.438333614395602,4.466906012060456,6413.915556000575,11603.8851659996,ar_order,3840
IZG94w-666-98443-418034-470600-161118-288253-129889,1707,7.147041593438781,0.004833240993320942,15.816359,14.280014,0.260401,0.2973441,4.004417498906453,3.5665237426757814,4.489559240213457,4.4405744917700485,4192.674859001272,6697.238847000335,ar_order,3840
9hvMUf-482-498788-113105-17243-63022-21827-338584,1318,11.077389984825494,0.0011917749652639031,10.508533,10.533739,0.5010991,0.4570422,2.509654966990153,2.439977264404297,4.5488735651037775,4.522635386574253,4793.972339000902,8545.663856000829,ar_order,3840
TkK5fp-380-229618-476225-311495-339484-11995-7708,1573,6.039415130324221,0.003558315569534898,13.532624,14.056448,0.30438,0.2577692,3.5235700925191242,3.5303916931152344,4.577544986731649,4.588835908675153,3173.242771999867,5542.967753000994,ar_order,3840
9f3Qjw-657-129013-78427-348770-228203-60643-7188,839,7.866507747318235,0.0029710158705711365,16.693933,16.156223,0.2730262,0.24492665,2.394748576482137,2.3681079387664794,4.522928214546576,4.537833799043286,2107.563001998642,3790.102969000145,ar_order,3840
mZAhvp-320-51581-316080-475285-152880-108378-407790,2240,19.732142857142858,0.009975253604352474,12.897125,13.362268,0.6775446,0.72385055,2.086762285232544,2.175112326939901,4.528962854115706,4.214559682869851,14899.992726999699,25794.54533000171,ar_order,3840
aVIkMi-504-436373-35788-166684-274170-363774-493700,826,3.753026634382567,0.01687152311205864,16.3416,14.925354,0.19751501,0.1960996,1.3663568814595541,1.3892557779947916,4.641619878225052,4.628658955089562,899.6820310003386,1751.633412000956,ar_order,3840
wD39yw-617-350336-91230-365075-384274-339484-27577,918,4.139433551198257,0.01175561361014843,16.023058,16.04459,0.20274341,0.19941299,2.4889490286509197,2.474915552139282,4.639229432363707,4.640588582324747,1304.3513449993043,2148.0259920008393,ar_order,3840
WWYmkp-135-247007-450251-229950-249772-273892-186349,1032,18.7984496124031,0.02265731431543827,10.645002,10.472757,0.65897673,0.55115557,2.827093410491943,2.886663802464803,4.31420800740861,4.361992393593588,6628.262637001171,10167.083811000339,ar_order,3840
1Q0zzp-067-496080-227228-300626-311379-247007-1214,1044,3.4482758620689653,0.020670078694820404,29.23573,29.268417,0.106263496,0.107452475,4.205450757344564,4.258086140950521,4.718010848121507,4.717643426965649,1473.8210190007521,1972.2366010009864,ar_order,3840
9Mkadp-302-273892-209608-109841-324591-494783-498752,1917,13.928012519561817,0.008960635401308537,13.075343,12.953955,0.47664282,0.43214932,1.5810463905334473,1.6885840574900308,4.518262209138746,4.519933183221312,8678.806343999895,14321.09240400132,ar_order,3840
ui9aDp-122-292323-379538-386883-287427-306759-88721,1070,4.579439252336448,0.009513289667665958,21.78551,19.2713,0.16372508,0.16545053,3.227672259012858,3.036500883102417,4.666631569812342,4.658526289037184,1537.4169140013692,2469.3569419996493,ar_order,3840
YLEXwp-335-240298-183720-447487-129636-202035-44660,1633,4.776484996938151,0.019239043816924095,17.704556,16.879408,0.2141366,0.2181648,2.463556909561157,2.1443095207214355,4.6653810371709366,4.64886861973247,2500.761004999731,4246.944786000313,ar_order,3840
6TUCvp-352-108130-78807-55646-250174-386302-414547,1874,14.300960512273212,0.02210024558007717,12.246347,12.710974,0.5582785,0.46355638,2.010039726893107,2.064638042449951,4.298934128419446,4.282723480084816,8570.651748999808,15185.817080999186,ar_order,3840
DfzVIp-175-379354-103913-25062-384031-343308-295308,1232,6.737012987012987,0.007324743550270796,16.615366,16.375818,0.2610594,0.268842,2.103123505910238,2.06416498819987,4.534342072085816,4.422132065562247,2713.2169340002292,4441.874038000606,ar_order,3840
YuwChp-152-8651-147603-379354-29563-62919-345238,1842,8.360477741585234,0.018081096932291985,21.956663,22.414875,0.27278313,0.21349795,3.900449784596761,3.8329322655995686,4.5665112622244335,4.575215782534107,4963.7510090014985,8294.014177999998,ar_order,3840
QpHWMp-383-149498-238364-156368-402653-484336-426805,1642,21.74177831912302,0.02199472486972809,8.410492,8.878865,0.89077264,0.7832451,3.168630313873291,3.133162752787272,4.544921697122307,4.519118749683195,11319.74385600006,21439.220422998915,ar_order,3840
RkoxIi-499-395609-17243-276516-68344-191485-476225,1053,19.183285849952515,0.013668406754732132,8.110832,5.5155754,0.7687068,0.6558158,1.7097828308741252,1.8192254702250164,4.316826360257194,4.360042213025943,6430.840393000835,11437.618842999655,ar_order,3840
avuTLe-585-474206-355130-317191-361413-333474-248785,1550,11.806451612903226,0.014499159529805183,12.638217,11.547996,0.42818785,0.5117361,1.578467837969462,1.6888336181640624,4.513170399258883,4.512837207942161,5818.1963760016515,9810.741499999494,ar_order,3840
RXuyap-339-457067-332402-329331-281965-472051-353502,1386,8.441558441558442,0.022795502096414566,16.75904,16.743006,0.31575277,0.3534026,1.5659258842468262,1.5232829888661703,4.6876351495129125,4.545400031216539,3447.3853270010295,6159.571316000438,ar_order,3840
cfSfbp-363-68221-13671-186349-322947-197606-339484,1688,12.855450236966826,0.020284058526158333,17.527088,18.235754,0.40914807,0.42586288,2.7760422547658283,2.5326300144195555,4.653867863409206,4.6434569452257035,6825.975343999744,13187.469786000293,ar_order,3840
jM2z5p-212-362995-350336-202035-87506-239730-207508,960,3.125,0.008350489661097527,26.035841,26.077145,0.12641709,0.102898814,3.2634776910146077,3.421595064798991,4.724702927435413,4.724519753331184,861.3358530001278,1475.319611001396,ar_order,3840
HxFzMp-357-24999-343332-90733-489807-316694-345238,1056,12.68939393939394,0.008049515075981617,15.135999,13.927012,0.4307132,0.4678644,2.5873335043589276,2.4755391597747805,4.639574693767562,4.574344248577822,4599.387579999529,8009.112359999563,ar_order,3840
rllgnp-282-21827-2985-183720-67455-409746-330730,1398,18.812589413447782,0.014075466431677341,12.403594,11.848582,0.63240725,0.54995424,1.34666748046875,1.3303889354070029,4.27406992457777,4.2503612485329825,8983.682150001187,16008.530383998732,ar_order,3840
IJui6p-278-140209-424453-325632-318907-448869-125189,879,26.39362912400455,0.012646407820284367,7.624026,7.3884516,0.9432934,0.8237491,3.0393187681833904,2.781786807378133,4.1730541695905705,3.827295225250942,7957.426046001274,13924.454859999969,ar_order,3840
riuiap-287-319764-286732-35325-55646-391852-1246,1806,5.038759689922481,0.016919877380132675,16.637152,16.58529,0.23983945,0.22124009,2.6269574642181395,2.7849987030029295,4.651901665539256,4.6526836006653784,2638.2294009999896,6527.166281999598,ar_order,3840
9OkIKp-409-379354-383479-166684-320846-480197-361413,1633,3.1230863441518677,0.018505295738577843,26.73855,27.473717,0.10216651,0.09543517,2.459810145696004,2.6469607830047606,4.6714615160294155,4.670132231333314,1477.452605000508,3534.5221220013627,ar_order,3840
vTx6Wp-073-38459-458554-472051-230200-332402-365346,1099,10.009099181073704,0.006727493368089199,14.417104,14.676036,0.34394446,0.3174356,1.7669541756312053,1.8415529092152914,4.505581739269764,4.480780305019183,3454.4031839996023,6306.241886000862,ar_order,3840
9aa0Fp-331-427818-479691-112336-420765-462193-379354,1488,11.491935483870968,0.015810392796993256,17.263262,16.023157,0.41972315,0.34558937,2.4673142274220785,2.3793466091156006,4.668949621234628,4.671514328506337,6324.709862999953,9730.316500999834,ar_order,3840
Od9CNp-327-140209-326180-101992-35325-166792-451954,1953,10.39426523297491,0.014821072109043598,15.62564,13.580862,0.3740921,0.36963525,2.2950167020161945,2.286143652598063,4.643654733845293,4.648877210003644,6636.904525999853,11681.561597000837,ar_order,3840
2TcsGp-297-152880-78575-467697-23535-316694-24999,2415,13.250517598343686,0.007391820661723614,12.840633,12.891517,0.49048924,0.43863097,2.323029104868571,2.4516090869903566,4.54143856410103,4.4555113667300335,10782.724224000049,18919.633522000368,ar_order,3840
IJFPZp-340-90733-100179-99711-247588-402653-355130,1491,3.35345405767941,0.00944688729941845,14.267946,12.501919,0.24641323,0.25387904,1.807133436203003,1.8196685473124186,4.695824066929276,4.6870829045548845,1576.1763290011004,2444.349200999568,ar_order,3840
sNYM9p-246-47619-361413-1214-155820-418901-176776,965,28.808290155440414,0.011091777123510838,6.7517223,6.5079365,1.0390695,1.1526128,2.1842204570770263,2.137810166676839,4.4773702759133815,3.661391869816367,9273.592510000526,16143.831916000636,ar_order,3840
OI5Azp-257-60643-225888-294604-334833-14787-125459,1203,4.904405652535329,0.01875906065106392,15.592691,14.840322,0.31105998,0.23281749,1.5249547640482584,1.6464401563008626,4.583475434395248,4.590946007628316,1829.228607000914,3415.947845998744,ar_order,3840
vhQX3p-288-256377-386883-276335-177955-380077-80661,2229,2.4226110363391657,0.0165446437895298,16.203238,16.083101,0.18763141,0.1766031,2.230405902862549,2.190876070658366,4.681644450630437,4.6796845674232825,1573.9926120004384,3185.5693959987548,ar_order,3840
d4LtRw-656-379354-74769-192385-202921-93885-62534,1673,9.145248057381949,0.009153828024864197,13.445164,13.237592,0.34263372,0.33899084,3.287170632680257,3.165441385904948,4.4990098395996,4.49581849667978,5330.355349000456,8684.620001999065,ar_order,3840
dc4C1p-319-469130-53129-287943-116061-476924-448907,1529,17.658600392413344,0.017503265291452408,18.426151,17.422333,0.698467,0.44627464,2.54454820950826,2.478939485549927,4.70970475977506,4.7028587852087425,9321.789513000112,16601.944399000786,ar_order,3840
PSLbbp-359-11995-156368-348733-154883-123704-497426,1430,11.888111888111888,0.021002519875764847,10.466075,9.521898,0.5526567,0.49479055,2.4297447999318442,2.473751099904378,4.660516747934662,4.652042593261146,6110.334018998401,9666.071350999118,ar_order,3840
zVlcap-263-274542-472051-376372-248785-476225-35325,1292,4.102167182662539,0.021863481029868126,16.780764,16.557796,0.22232394,0.21221359,1.3094455321629843,1.3025660117467244,4.6534264278713895,4.653602182418971,2090.231924999898,2972.975333001159,ar_order,3840
rpdA0p-089-193291-347380-224170-426805-310105-489070,1279,8.913213448006255,0.00744014885276556,13.624429,13.153667,0.35543898,0.34406853,2.036894925435384,2.1026979525883993,4.491667570665018,4.497125631165061,3413.918652000575,5727.393327000755,ar_order,3840
O7tsRw-671-38597-125620-126584-128202-343308-240298,1734,7.035755478662054,0.009212201461195946,15.111638,15.184198,0.2749617,0.24958517,3.2227534929911297,3.1622897466023763,4.522162719585055,4.536352245183386,4006.9078670003364,7052.917663000699,ar_order,3840
mCLt3p-410-320846-476924-422977-274323-99711-177809,1085,1.4746543778801844,0.022891782224178314,28.37161,28.539597,0.064414956,0.059197024,2.303804636001587,2.3744397004445394,4.728446847220021,4.726631225107842,463.3119900008751,786.362899998494,ar_order,3840
jFujMp-258-2985-422977-276516-270302-316694-390385,1887,7.790143084260731,0.008067467249929905,14.265848,13.068294,0.34252825,0.33159766,3.4370993932088214,3.4448243141174317,4.512476706776657,4.464055009111087,5016.684640999301,8418.759291000242,ar_order,3840
uIq5Cp-346-271293-199372-348733-164849-450557-397909,1966,2.899287894201424,0.015138654969632626,19.263832,17.464758,0.15619183,0.15623222,2.7535958607991535,2.8939014434814454,4.702410975754009,4.700607889199324,1785.3847919996042,3589.072340000712,ar_order,3840
2HNvip-384-377039-229618-315211-103130-162269-274323,1838,4.243743199129488,0.014237921684980392,19.190487,19.64546,0.20539892,0.16848846,3.7769333362579345,3.818057123819987,4.702796711814776,4.697780250712679,2905.1293100001203,4468.230696998944,ar_order,3840
hImnha-010-474206-125620-494783-410307-474929-314040,1033,9.390125847047434,0.04484827443957329,12.740137,13.003094,0.35594153,0.7106004,1.520183006922404,1.6308987299601236,4.625806274075146,4.314197370071994,3546.428752999418,5863.1942060001165,ar_order,3840
fiBRvp-155-14754-379538-407950-108056-495971-270302,1409,17.033356990773598,0.03848577290773392,9.080959,8.902827,0.66959745,0.6611223,1.7289655288060506,1.7983309268951415,4.181198655310702,3.80968001993709,8107.098091999433,14991.673017999346,ar_order,3840
QzAg3p-413-374393-31166-163645-409369-10737-129013,973,10.38026721479959,0.0511818453669548,23.060104,20.843483,0.30892202,0.27206144,2.041961105664571,2.2552524407704673,4.694010698942054,4.670828115690748,3146.4987519993883,6541.445020000538,ar_order,3840
JLBTXp-060-194617-60643-435517-420765-124439-152419,1024,10.44921875,0.024550464004278183,12.994499,13.043009,0.57567996,0.37092385,4.5165528933207195,4.339257431030274,4.587825708325288,4.591112081599717,3964.979158999995,6181.625893999808,ar_order,3840
k4Lvzp-329-270302-101992-248785-163995-27791-469130,1701,7.642563198118754,0.051412247121334076,17.098557,17.071651,0.33333912,0.30512035,2.595476738611857,2.652943658828735,4.696178256656296,4.653138069243381,4703.206113001215,8932.478309001453,ar_order,3840
ZgJsyp-189-209061-292564-111916-92870-126584-280816,1939,5.002578648788035,0.0409746915102005,17.96563,17.736517,0.23419267,0.20635366,1.4959432045618692,1.4846416393915811,4.689739779529546,4.668056795207363,3306.1996179985726,5800.082730000213,ar_order,3840
G50hup-092-363552-123056-229618-481410-299323-332402,1114,6.463195691202872,0.028861256316304207,22.627079,23.32449,0.23638237,0.17494012,4.25550963083903,4.507919406890869,4.647297392246967,4.656928234017171,2687.6765659999364,4569.928496001012,ar_order,3840
8b8sWp-275-88756-348733-183720-134118-226233-129107,1202,3.577371048252912,0.031784262508153915,19.436308,19.775305,0.16873185,0.15804242,3.481712786356608,3.5096861044565837,4.715318512170098,4.708227584642721,1762.4446570007422,2793.2564720013033,ar_order,3840
vOT8yp-371-205293-131237-111916-212842-29563-288077,1254,6.220095693779904,0.025580398738384247,15.350546,16.586248,0.29387492,0.30870578,2.9080857276916503,2.7598612626393635,4.634622867271799,4.560787767814919,3569.580364999638,4480.107543999111,ar_order,3840
qmNVhp-128-78575-68344-44660-128101-103130-334242,1283,4.75448168355417,0.03182704374194145,19.396637,21.050959,0.2219875,0.16993837,2.2321728388468425,2.246847327550252,4.624961396322572,4.588995754757913,3063.603583999793,3546.9300639997527,ar_order,3840
8wAd8p-068-329159-165684-202035-119460-330730-447487,1209,11.41439205955335,0.0299910269677639,13.766679,14.116217,0.45118174,0.35830343,3.383142105738322,3.381284507115682,4.47721080747994,4.474721242532734,5176.962847999675,7946.928682000362,ar_order,3840
tXap2p-281-298969-9753-281965-457067-162269-329331,1012,6.8181818181818175,0.026187583804130554,17.135193,17.35035,0.25023994,0.22525118,2.987729279200236,2.8643765767415363,4.6865795471404486,4.659724526682843,2815.7772829999885,3990.460195000196,ar_order,3840
fdXdMp-313-165684-111916-348770-380077-145384-347380,1440,12.777777777777777,0.03389327600598335,15.425948,15.867973,0.48325256,0.4443605,2.984035078684489,2.601351086298625,4.644756742833218,4.565489584472597,6264.78356699954,10599.248022999745,ar_order,3840
Jpj5sp-423-369034-108056-487747-295308-1246-219243,1468,8.583106267029974,0.05191738158464432,17.76284,17.178194,0.36693338,0.28484324,3.416103951136271,3.612047481536865,4.670899540645385,4.648900341218055,4257.29674700051,7599.45845600123,ar_order,3840
maM4mp-267-195572-141428-108130-299323-8651-456735,1158,7.512953367875648,0.0453246608376503,26.49572,28.26015,0.23184781,0.16985917,3.2617642720540365,3.2963230133056642,4.721946211998474,4.7129303340427136,2944.6009160001267,5019.937577000746,ar_order,3840
Aal0cp-183-209061-91230-492922-2757-317191-461984,990,4.545454545454546,0.0922110378742218,16.922567,16.681252,0.21390791,0.20522147,2.2007702509562175,1.9275255839029948,4.644382508184744,4.627785662324506,1476.2301810005738,2599.2076490001637,ar_order,3840
m5rDOp-062-377273-156368-185152-188815-186260-486330,1445,11.003460207612457,0.02404632605612278,15.500336,15.5863905,0.39517403,0.29649878,3.562160857518514,3.575250434875488,4.504187569652437,4.53678378114742,5246.34716699984,9065.097685001092,ar_order,3840
IIhdup-184-282845-322947-195637-315211-10737-386302,986,6.896551724137931,0.07097651064395905,20.236336,20.641914,0.31234655,0.21238966,1.4017817497253418,1.4290682951609293,4.589289139065407,4.614407816373487,2291.13445800067,3814.2077720003726,ar_order,3840
eiJpip-223-216978-247588-305230-165168-65123-203381,1402,10.556348074179743,0.04873007535934448,15.409048,15.431281,0.39886153,0.3558972,1.3698134183883668,1.3287616093953452,4.4922897635655925,4.3887329651213225,4413.766851999753,7730.373095000687,ar_order,3840
uYOkKp-107-143976-376902-185152-437215-90733-10048,968,4.338842975206612,0.029287779703736305,20.285053,20.704515,0.16860251,0.15831684,3.067003838221232,3.0834906260172525,4.62753242933111,4.607949243263433,1337.7696799998375,2378.9065149994713,ar_order,3840
DWrC0a-013-57191-1214-242009-327883-379538-476225,1033,12.100677637947726,0.0352642759680748,9.219771,9.6056595,0.55790025,0.56005824,1.3215401967366536,1.311891746520996,4.508128041616022,4.298339732106076,4405.206454001018,6878.064907999942,ar_order,3840
6maFGp-305-129013-193291-68221-152880-38506-163335,2424,17.863036303630363,0.02638908289372921,14.026529,14.961997,0.61813635,0.59396213,3.189102840423584,2.997302548090617,4.63579326903808,4.529541187203572,14391.999842999212,25236.451464999845,ar_order,3840
fZg66p-070-68221-216978-377273-239730-53784-3467,994,29.577464788732392,0.03719060495495796,14.051479,14.960321,0.89588755,0.75242645,2.4763696988423667,2.723750877380371,4.529309612525829,4.493700951463627,9760.79125799879,17543.509490998986,ar_order,3840
CF7Gnp-165-481033-25721-175927-209061-312468-108378,1919,17.509119332985932,0.03301472216844559,12.538501,12.727433,0.59615713,0.4937006,2.7940401077270507,2.9169004440307615,4.314791719371618,4.251877513353283,11534.039932999804,19208.803812000042,ar_order,3840
tTMeWp-326-264357-280816-2985-25721-189658-311379,2359,8.902077151335313,0.04867259040474892,19.209484,19.724682,0.33715698,0.29948115,3.2884213447570803,3.324722909927368,4.680593316173774,4.688226142952776,7164.11194399916,11568.408125000133,ar_order,3840
kDEiGp-268-254920-474864-52991-170820-165168-328121,1029,24.101068999028183,0.09233691543340683,6.8240013,6.431099,1.3459558,0.8740866,1.7303808450698852,1.7026617129643757,4.535528775710363,4.475267310881335,8268.972238998685,14959.526474000086,ar_order,3840
rkSMcp-349-162269-339484-74769-12865-363552-41411,1411,14.386959603118354,0.02514478750526905,15.833138,16.214668,0.4888215,0.5022363,1.5913496096928914,1.5520262161890666,4.677762077480648,4.483504216857164,6730.353953000304,11235.126256999138,ar_order,3840
FZwvbp-205-349816-138959-261033-383479-409369-152140,1111,28.26282628262826,0.03914736211299896,10.024365,9.659672,0.97217625,0.914062,2.1322197039922077,1.75438498655955,4.47767792568383,4.173632261148851,10058.90825700044,18928.476473000046,ar_order,3840
ie6iSp-097-407790-253414-334074-464643-167361-80351,1395,3.942652329749104,0.03198687732219696,27.422373,28.067835,0.116199054,0.101157226,2.412766758600871,2.350413703918457,4.645596976651241,4.650978829155026,1843.5696010001266,3051.117991000865,ar_order,3840
Q1VJ4p-396-67099-191485-442126-324310-384031-392966,757,0.5284015852047557,0.04145583510398865,55.126328,50.97363,0.013739576,0.013333465,2.511591736475627,2.545175313949585,4.731217763989389,4.730704847029772,114.83061800026917,195.4387339992536,ar_order,3840
BLAVyp-401-374393-353502-276516-464643-247007-280816,1578,17.743979721166035,0.0333615206182003,10.3470335,10.416409,0.67474127,0.5847909,1.3436728159586588,1.3330968062082926,4.562946171632711,4.4528680291180445,9061.491342999943,16072.939363000842,ar_order,3840
qx9MPf-447-243466-253414-78108-327883-41798-186349,1722,15.911730545876887,0.0489613376557827,8.234325,8.021399,0.64212734,0.6265472,2.454981629053752,2.799230114618937,4.302590829887198,4.294121783063503,8812.166470999728,16575.096245000168,ar_order,3840
4fsgkp-253-311495-209061-229618-287427-276516-38459,1013,6.811451135241856,0.02615589275956154,16.483366,16.690617,0.28482065,0.23027664,2.940151818593343,2.9852802117665607,4.676011994769752,4.6606654405916315,2560.969919000854,3404.907596999692,ar_order,3840
u3JmNp-105-377036-373629-177809-287789-419538-221798,1057,9.082308420056764,0.03273187577724457,13.995208,12.852092,0.4875102,0.3155534,3.0897127787272134,3.239095656077067,4.660371303715753,4.615153649269226,3346.3435060002666,4892.484281999714,ar_order,3840
7gnoMp-243-13140-469001-90733-352371-418901-62534,1349,14.381022979985175,0.03019716590642929,11.413057,11.053379,0.6240198,0.5135475,2.097012678782145,2.316111183166504,4.617465526688401,4.565292652487865,6151.102019000973,11611.428055999568,ar_order,3840
WYTgYp-403-306759-7708-254913-153980-163947-460359,1450,4.206896551724138,0.0560128353536129,15.458984,14.599737,0.25294635,0.23648907,3.0626959959665934,2.62902881304423,4.662038516942471,4.654073617205905,1804.218059998675,3112.7215500000602,ar_order,3840
zRlcSp-181-25062-53784-123056-333757-268363-211084,1709,6.1439438267992985,0.025759130716323853,16.712889,17.186148,0.26810393,0.2486908,2.3239522775014243,2.4065770149230956,4.646410129964184,4.496929567679048,3259.9265110002307,7141.854984998645,ar_order,3840
TaYTvp-415-63022-179855-481410-392966-38597-437270,762,4.593175853018373,0.03335783630609512,20.202042,20.377102,0.2260291,0.17415316,2.7166301091512044,2.6860632578531902,4.696895986583233,4.67980132703894,1017.8560639997158,2264.5254369999748,ar_order,3840
9kbanp-261-50416-108056-469001-231167-334074-209061,1007,5.958291956305859,0.026795921847224236,15.255751,15.416834,0.28108907,0.25154343,2.3013983726501466,2.26353440284729,4.666542246937393,4.618801148076095,1892.8950750014337,4603.179968999029,ar_order,3840
DLZvmp-426-78108-128329-469130-165684-261033-84004,868,7.71889400921659,0.026906199753284454,18.347553,19.31129,0.27661765,0.251731,3.38939847946167,3.6444376786549886,4.680454758537843,4.650640132471073,3263.5527059992455,3797.0995560008305,ar_order,3840
