param,value,method,file,snr,visqol,time_ms
burst_length_packets,1,lpc,9f3Qjw-657-129013-78427-348770-228203-60643-7188,1.0313799,4.732038400238729,2.960299956612289
burst_length_packets,1,nn,9f3Qjw-657-129013-78427-348770-228203-60643-7188,0.8284588,4.732053339756497,36.18834994267672
burst_length_packets,1,lpc,i0Ocoe-610-395609-211084-211212-108056-187519-202035,5.877146,4.727266429137899,4.185650032013655
burst_length_packets,1,nn,i0Ocoe-610-395609-211084-211212-108056-187519-202035,7.5347404,4.729301401276894,39.55570003017783
burst_length_packets,1,lpc,Th8NDe-613-23535-495997-395609-270487-329331-383770,2.7678018,4.731238280798825,4.203999997116625
burst_length_packets,1,nn,Th8NDe-613-23535-495997-395609-270487-329331-383770,3.1475744,4.731797831506012,41.05594998691231
burst_length_packets,1,lpc,ui9aDp-122-292323-379538-386883-287427-306759-88721,7.99564,4.732100764346386,3.977350192144513
burst_length_packets,1,nn,ui9aDp-122-292323-379538-386883-287427-306759-88721,6.35742,4.732089717965298,40.53925001062453
burst_length_packets,1,lpc,DLZvmp-426-78108-128329-469130-165684-261033-84004,16.96016,4.732101086751275,4.144249949604273
burst_length_packets,1,nn,DLZvmp-426-78108-128329-469130-165684-261033-84004,16.994545,4.7321012529997315,39.872949942946434
burst_length_packets,1,lpc,amZyRf-444-7708-476924-468905-275802-405424-380077,7.0298586,4.732097156932675,4.390849964693189
burst_length_packets,1,nn,amZyRf-444-7708-476924-468905-275802-405424-380077,2.237463,4.732093566781382,38.40145003050566
burst_length_packets,1,lpc,ofs2Us-561-469223-161307-229618-187519-295308-129107,10.257007,4.7320408098809565,3.9904998848214746
burst_length_packets,1,nn,ofs2Us-561-469223-161307-229618-187519-295308-129107,7.937621,4.732086930953345,35.1903501432389
burst_length_packets,1,lpc,nQsrxi-500-35788-354893-151331-437270-461984-276516,-0.11395796,4.732024691681042,4.152950015850365
burst_length_packets,1,nn,nQsrxi-500-35788-354893-151331-437270-461984-276516,6.41077,4.7320290602776724,36.68384999036789
burst_length_packets,1,lpc,YuwChp-152-8651-147603-379354-29563-62919-345238,0.06830123,4.732101253042364,3.7124500377103686
burst_length_packets,1,nn,YuwChp-152-8651-147603-379354-29563-62919-345238,-11.194765,4.732101253042297,40.300849941559136
burst_length_packets,1,lpc,fiBRvp-155-14754-379538-407950-108056-495971-270302,7.9377084,4.732100682084592,3.837800002656877
burst_length_packets,1,nn,fiBRvp-155-14754-379538-407950-108056-495971-270302,11.135529,4.732100539826947,35.98550008609891
burst_length_packets,1,lpc,rpdA0p-089-193291-347380-224170-426805-310105-489070,9.731703,4.73189541212758,3.8822999922558665
burst_length_packets,1,nn,rpdA0p-089-193291-347380-224170-426805-310105-489070,9.390123,4.731939833440203,36.05520003475249
burst_length_packets,1,lpc,JCRPTw-618-129107-479691-343332-355104-157595-129013,0.81889147,4.729546848885342,3.796999924816191
burst_length_packets,1,nn,JCRPTw-618-129107-479691-343332-355104-157595-129013,0.41876113,4.729298789027881,37.52639994490892
burst_length_packets,1,lpc,DfzVIp-175-379354-103913-25062-384031-343308-295308,10.679398,4.731762953302942,3.7721000844612718
burst_length_packets,1,nn,DfzVIp-175-379354-103913-25062-384031-343308-295308,11.273304,4.731874368884005,38.45650004222989
burst_length_packets,1,lpc,PBDVAf-465-366971-117533-197606-160943-60681-25579,13.134713,4.731926655704958,3.8215500535443425
burst_length_packets,1,nn,PBDVAf-465-366971-117533-197606-160943-60681-25579,12.434777,4.731697639532911,36.688199965283275
burst_length_packets,1,lpc,BNXFqp-404-184495-450557-10737-129636-497448-379538,-3.0216246,4.731813708208742,3.922599949873984
burst_length_packets,1,nn,BNXFqp-404-184495-450557-10737-129636-497448-379538,-4.17169,4.731909971474826,39.82409997843206
burst_length_packets,1,lpc,f2JFMw-634-136860-113105-22031-310105-248646-32125,6.7794375,4.732049397761509,4.182000062428415
burst_length_packets,1,nn,f2JFMw-634-136860-113105-22031-310105-248646-32125,6.6758866,4.732043716119227,37.01189998537302
burst_length_packets,1,lpc,cedJli-522-192385-152140-262731-156368-123704-333757,0.0980579,4.730622618962872,4.016649909317493
burst_length_packets,1,nn,cedJli-522-192385-152140-262731-156368-123704-333757,2.1769948,4.731952007919167,38.34430000279099
burst_length_packets,1,lpc,Q4PCSi-506-317415-237079-78108-78427-235375-285778,6.7923956,4.711876804738532,3.8998000090941787
burst_length_packets,1,nn,Q4PCSi-506-317415-237079-78108-78427-235375-285778,11.853819,4.730692766327356,38.3382000727579
burst_length_packets,1,lpc,CrjLKf-468-374393-49022-14754-240504-316080-236920,6.2933974,4.7320322229268985,3.816200071014464
burst_length_packets,1,nn,CrjLKf-468-374393-49022-14754-240504-316080-236920,3.7043502,4.732101130180364,39.27880001720041
burst_length_packets,1,lpc,m5rDOp-062-377273-156368-185152-188815-186260-486330,10.166279,4.732101231689076,3.8140000542625785
burst_length_packets,1,nn,m5rDOp-062-377273-156368-185152-188815-186260-486330,10.5466795,4.732101235723518,36.9524999987334
burst_length_packets,1,lpc,0mk6rp-310-146145-90733-51581-27791-50416-437215,-0.27452353,4.732101253037111,4.3964500073343515
burst_length_packets,1,nn,0mk6rp-310-146145-90733-51581-27791-50416-437215,-0.8322848,4.732101253031848,35.21005006041378
burst_length_packets,1,lpc,fS0Vwp-324-274170-461984-129889-218396-366126-128329,17.49685,4.732098714959557,4.197099944576621
burst_length_packets,1,nn,fS0Vwp-324-274170-461984-129889-218396-366126-128329,18.044312,4.732100435170933,38.925500004552305
burst_length_packets,1,lpc,0Rve0i-524-469450-332402-376902-283921-64116-240504,8.084324,4.730848252313061,4.110199981369078
burst_length_packets,1,nn,0Rve0i-524-469450-332402-376902-283921-64116-240504,6.3087654,4.7320998984565055,42.59244992863387
burst_length_packets,1,lpc,fZg66p-070-68221-216978-377273-239730-53784-3467,0.055095237,4.732101253041883,5.161249893717468
burst_length_packets,1,nn,fZg66p-070-68221-216978-377273-239730-53784-3467,-10.987421,4.7321012529609465,37.79054991900921
burst_length_packets,1,lpc,Aal0cp-183-209061-91230-492922-2757-317191-461984,20.580719,4.732054612357594,3.6892499774694443
burst_length_packets,1,nn,Aal0cp-183-209061-91230-492922-2757-317191-461984,20.133924,4.732060123416414,37.38270013127476
burst_length_packets,1,lpc,m8mjCs-533-485468-283456-486330-442126-2757-12865,10.58981,4.731914621194056,4.26710001192987
burst_length_packets,1,nn,m8mjCs-533-485468-283456-486330-442126-2757-12865,10.675995,4.731927308167018,36.779899965040386
burst_length_packets,1,lpc,jM2z5p-212-362995-350336-202035-87506-239730-207508,-0.714864,4.7321012530385875,4.001700086519122
burst_length_packets,1,nn,jM2z5p-212-362995-350336-202035-87506-239730-207508,0.48357573,4.732101253042012,39.58034992683679
burst_length_packets,1,lpc,Paqf1p-119-254913-443221-90733-163645-32125-188815,12.691703,4.731427720764158,3.890200052410364
burst_length_packets,1,nn,Paqf1p-119-254913-443221-90733-163645-32125-188815,11.837654,4.731888097884392,38.74264995101839
burst_length_packets,1,lpc,87hwjf-487-426805-60643-437215-160943-182650-407728,0.15599814,4.730506893176841,4.088649991899729
burst_length_packets,1,nn,87hwjf-487-426805-60643-437215-160943-182650-407728,-2.1013749,4.7311624248256,35.71345005184412
burst_length_packets,1,lpc,kDEiGp-268-254920-474864-52991-170820-165168-328121,0.06131098,4.7321012530423605,3.9227999513968825
burst_length_packets,1,nn,kDEiGp-268-254920-474864-52991-170820-165168-328121,-11.298332,4.732101253042357,32.14445000048727
burst_length_packets,1,lpc,Mtnx5i-515-495971-279778-348676-11995-306560-418034,0.17960247,4.732101249307524,4.007199895568192
burst_length_packets,1,nn,Mtnx5i-515-495971-279778-348676-11995-306560-418034,-4.5013995,4.732101251683217,31.854699947871268
burst_length_packets,1,lpc,3EBeof-459-212842-454791-192385-495971-180085-113105,3.2268133,4.731988492374145,4.331899923272431
burst_length_packets,1,nn,3EBeof-459-212842-454791-192385-495971-180085-113105,2.4413261,4.731996306926976,39.13394990377128
burst_length_packets,1,lpc,7j8l2a-034-50416-4800-287427-123375-143976-264357,1.6105158,4.732089526798574,4.313250072300434
burst_length_packets,1,nn,7j8l2a-034-50416-4800-287427-123375-143976-264357,4.2702017,4.732096084500409,37.31440007686615
burst_length_packets,1,lpc,9Mkadp-302-273892-209608-109841-324591-494783-498752,6.77719,4.731720045886648,4.453549976460636
burst_length_packets,1,nn,9Mkadp-302-273892-209608-109841-324591-494783-498752,6.879857,4.731983393564578,36.751350038684905
burst_length_packets,1,lpc,u3JmNp-105-377036-373629-177809-287789-419538-221798,4.0503573,4.731952287923557,4.700299934484065
burst_length_packets,1,nn,u3JmNp-105-377036-373629-177809-287789-419538-221798,5.9017806,4.732099252139269,43.21585001889616
burst_length_packets,1,lpc,PiKSIp-112-109021-465867-125189-123174-211212-334242,13.114576,4.732090562038996,4.2316000908613205
burst_length_packets,1,nn,PiKSIp-112-109021-465867-125189-123174-211212-334242,11.977259,4.732101080445865,39.06260000076145
burst_length_packets,1,lpc,9a98Kf-464-298969-472051-292323-179462-78575-496080,0.6278292,4.69748919094513,4.469999927096069
burst_length_packets,1,nn,9a98Kf-464-298969-472051-292323-179462-78575-496080,0.81770587,4.699342505832862,40.20930000115186
burst_length_packets,1,lpc,vAlA7f-458-390385-16661-177809-112031-325632-365075,22.329922,4.732101239089557,3.7748999893665314
burst_length_packets,1,nn,vAlA7f-458-390385-16661-177809-112031-325632-365075,23.323462,4.7321012530192,43.514449964277446
burst_length_packets,1,lpc,U5aQJe-592-437270-129013-295308-406364-103913-497087,10.292449,4.732042559194435,4.059550003148615
burst_length_packets,1,nn,U5aQJe-592-437270-129013-295308-406364-103913-497087,9.777214,4.732097043856146,40.22779990918934
burst_length_packets,1,lpc,HxFzMp-357-24999-343332-90733-489807-316694-345238,20.484064,4.731992783670652,5.267950124107301
burst_length_packets,1,nn,HxFzMp-357-24999-343332-90733-489807-316694-345238,22.601902,4.732064219946311,38.441549986600876
burst_length_packets,1,lpc,9kbanp-261-50416-108056-469001-231167-334074-209061,5.044267,4.731612615847821,4.875400103628635
burst_length_packets,1,nn,9kbanp-261-50416-108056-469001-231167-334074-209061,8.311787,4.731944361342,41.96940001565963
burst_length_packets,1,lpc,rqqrUf-476-372299-90733-207508-318838-254913-53278,0.7522696,4.732048388378388,4.721699981018901
burst_length_packets,1,nn,rqqrUf-476-372299-90733-207508-318838-254913-53278,0.9520245,4.73205597937901,35.47419991809875
burst_length_packets,1,lpc,ie6iSp-097-407790-253414-334074-464643-167361-80351,15.27244,4.732100947513936,4.594149999320507
burst_length_packets,1,nn,ie6iSp-097-407790-253414-334074-464643-167361-80351,15.802496,4.732098039376121,40.797850117087364
burst_length_packets,1,lpc,FiS63i-513-129107-287427-185152-454791-121010-285778,0.06519998,4.732080022706976,4.162149969488382
burst_length_packets,1,nn,FiS63i-513-129107-287427-185152-454791-121010-285778,0.5945145,4.732093954998067,37.454299977980554
burst_length_packets,1,lpc,BBcZPi-501-456735-480197-495997-497448-326140-134118,-0.033655506,4.73210114517172,4.816249944269657
burst_length_packets,1,nn,BBcZPi-501-456735-480197-495997-497448-326140-134118,1.945865,4.732101239623184,40.853649959899485
burst_length_packets,1,lpc,5OQdwp-063-348077-460359-16661-112031-224170-197606,20.040485,4.732073290595027,5.352049949578941
burst_length_packets,1,nn,5OQdwp-063-348077-460359-16661-112031-224170-197606,21.069836,4.7320855588572925,40.97165004350245
burst_length_packets,1,lpc,riuiap-287-319764-286732-35325-55646-391852-1246,11.067494,4.731779809917732,4.762100055813789
burst_length_packets,1,nn,riuiap-287-319764-286732-35325-55646-391852-1246,11.165948,4.7318091372122275,39.84214994125068
burst_length_packets,1,lpc,6TUCvp-352-108130-78807-55646-250174-386302-414547,3.0470476,4.724407931751546,4.167950013652444
burst_length_packets,1,nn,6TUCvp-352-108130-78807-55646-250174-386302-414547,5.8616915,4.72884447499578,40.61800008639693
burst_length_packets,1,lpc,KIklei-503-156368-5054-151331-161307-380077-177809,2.7609227,4.732094955509146,4.070700146257877
burst_length_packets,1,nn,KIklei-503-156368-5054-151331-161307-380077-177809,1.9856341,4.732099539370674,37.538350094109774
burst_length_packets,1,lpc,zVlcap-263-274542-472051-376372-248785-476225-35325,7.6005273,4.732101252731889,4.9031499074772
burst_length_packets,1,nn,zVlcap-263-274542-472051-376372-248785-476225-35325,2.8537364,4.732101252063442,38.94280001986772
burst_length_packets,1,lpc,BLAVyp-401-374393-353502-276516-464643-247007-280816,-2.9937055,4.732101253042371,4.6007499331608415
burst_length_packets,1,nn,BLAVyp-401-374393-353502-276516-464643-247007-280816,-10.104121,4.732101253042337,37.03989996574819
burst_length_packets,1,lpc,5Lu6ui-514-135410-151381-124082-173176-644-324310,-0.07433324,4.664932392083345,3.765900037251413
burst_length_packets,1,nn,5Lu6ui-514-135410-151381-124082-173176-644-324310,-0.07584422,4.66532991777218,42.142949998378754
burst_length_packets,1,lpc,lzFhsp-134-377273-280816-60681-369034-268009-11995,9.748327,4.731155829159956,3.6617500009015203
burst_length_packets,1,nn,lzFhsp-134-377273-280816-60681-369034-268009-11995,10.038041,4.732081303573953,91.57475002575666
burst_length_packets,1,lpc,nSu3Cp-366-41411-362672-285778-222370-421926-202035,19.513597,4.73209528107415,4.418649943545461
burst_length_packets,1,nn,nSu3Cp-366-41411-362672-285778-222370-421926-202035,22.840387,4.732100622938754,45.97594996448606
burst_length_packets,1,lpc,cUyODs-564-324456-286869-479691-123056-485468-274323,12.473549,4.732062659898736,4.887949908152223
burst_length_packets,1,nn,cUyODs-564-324456-286869-479691-123056-485468-274323,12.743649,4.732067161846311,48.76054998021573
burst_length_packets,1,lpc,TkK5fp-380-229618-476225-311495-339484-11995-7708,7.1969037,4.732058159983838,4.060650011524558
burst_length_packets,1,nn,TkK5fp-380-229618-476225-311495-339484-11995-7708,7.9489617,4.73206710514302,59.694299940019846
burst_length_packets,1,lpc,AHwsQs-538-108297-304214-140209-237079-426805-448869,-3.1986775,4.732101252915067,4.2157500283792615
burst_length_packets,1,nn,AHwsQs-538-108297-304214-140209-237079-426805-448869,-3.3671987,4.7321012530420745,39.77485001087189
burst_length_packets,1,lpc,RkoxIi-499-395609-17243-276516-68344-191485-476225,2.2266154,4.732101116701395,3.7218000506982207
burst_length_packets,1,nn,RkoxIi-499-395609-17243-276516-68344-191485-476225,0.65102684,4.732101239234339,38.86680002324283
burst_length_packets,1,lpc,YLEXwp-335-240298-183720-447487-129636-202035-44660,5.1259904,4.732008167276353,4.89284994546324
burst_length_packets,1,nn,YLEXwp-335-240298-183720-447487-129636-202035-44660,5.132433,4.732011475980716,35.29765014536679
burst_length_packets,1,lpc,rn9v1e-583-369034-383770-175927-399756-390385-383479,15.3540745,4.732087071010474,4.74634999409318
burst_length_packets,1,nn,rn9v1e-583-369034-383770-175927-399756-390385-383479,18.17614,4.732097644154688,40.499349939636886
burst_length_packets,1,lpc,SSYQ1w-650-275802-13671-144360-112336-104867-157595,14.518118,4.73209065703494,5.287599982693791
burst_length_packets,1,nn,SSYQ1w-650-275802-13671-144360-112336-104867-157595,14.690152,4.732099296064346,38.146950071677566
burst_length_packets,1,lpc,4fsgkp-253-311495-209061-229618-287427-276516-38459,7.302046,4.732080597751947,3.8753000553697348
burst_length_packets,1,nn,4fsgkp-253-311495-209061-229618-287427-276516-38459,7.8231287,4.732096747586398,36.01135010831058
burst_length_packets,1,lpc,44Zbvs-567-179462-358526-13671-355104-116061-343332,6.0054355,4.731952350563889,3.678399953059852
burst_length_packets,1,nn,44Zbvs-567-179462-358526-13671-355104-116061-343332,1.0103998,4.732033516562415,40.72214988991618
burst_length_packets,1,lpc,cmHjrf-493-348077-309854-224170-458554-202179-472051,8.133879,4.73170493474548,3.963950090110302
burst_length_packets,1,nn,cmHjrf-493-348077-309854-224170-458554-202179-472051,6.70044,4.732100853110326,36.08989994972944
burst_length_packets,1,lpc,zQSXvp-215-498788-407950-152419-25062-51581-3467,10.385944,4.730935177097404,4.149800050072372
burst_length_packets,1,nn,zQSXvp-215-498788-407950-152419-25062-51581-3467,10.573482,4.731871703128107,37.50505007337779
burst_length_packets,1,lpc,l3Lvae-611-211084-218396-212842-198509-334833-311379,8.725135,4.7299089202608595,4.839300061576068
burst_length_packets,1,nn,l3Lvae-611-211084-218396-212842-198509-334833-311379,9.357231,4.73209496927292,38.99985004682094
burst_length_packets,1,lpc,LIJKja-026-447487-148409-188815-38506-78427-479691,1.5258341,4.731866089607402,4.551350022666156
burst_length_packets,1,nn,LIJKja-026-447487-148409-188815-38506-78427-479691,3.3526256,4.731974303930228,35.14080005697906
burst_length_packets,1,lpc,tztd5w-640-23535-348077-410307-64116-151381-134118,-3.7396789,4.732101252987647,4.553699982352555
burst_length_packets,1,nn,tztd5w-640-23535-348077-410307-64116-151381-134118,0.6555127,4.73210125298417,40.326450020074844
burst_length_packets,1,lpc,TypO9p-362-82313-390793-365346-50416-310105-275395,18.633846,4.7321011653695155,4.082499886862934
burst_length_packets,1,nn,TypO9p-362-82313-390793-365346-50416-310105-275395,21.950037,4.732101249795429,36.34035005234182
burst_length_packets,1,lpc,3hvoVa-051-2307-202921-218396-175927-14787-464643,2.737329,4.7317769413502955,4.679500008933246
burst_length_packets,1,nn,3hvoVa-051-2307-202921-218396-175927-14787-464643,3.7369242,4.732050777581378,42.23535011988133
burst_length_packets,1,lpc,9hvMUf-482-498788-113105-17243-63022-21827-338584,-2.228035,4.732101236837988,4.748099949210882
burst_length_packets,1,nn,9hvMUf-482-498788-113105-17243-63022-21827-338584,-6.56666,4.732100665565886,32.975600101053715
burst_length_packets,1,lpc,lDN6of-450-91840-427818-353502-327883-210172-489807,0.6061076,4.724741597178357,3.959099994972348
burst_length_packets,1,nn,lDN6of-450-91840-427818-353502-327883-210172-489807,-0.68609744,4.727641108044429,37.77210006956011
burst_length_packets,1,lpc,8b8sWp-275-88756-348733-183720-134118-226233-129107,23.983545,4.7321012529891044,4.803500021807849
burst_length_packets,1,nn,8b8sWp-275-88756-348733-183720-134118-226233-129107,17.206495,4.73210125099768,38.485600030981004
burst_length_packets,1,lpc,noHubp-343-163645-17243-410906-219243-161307-221798,3.7754776,4.730889975852011,4.753350047394633
burst_length_packets,1,nn,noHubp-343-163645-17243-410906-219243-161307-221798,4.092311,4.731239834116481,35.47305008396506
burst_length_packets,1,lpc,G50hup-092-363552-123056-229618-481410-299323-332402,6.392953,4.732101250636133,3.8588999304920435
burst_length_packets,1,nn,G50hup-092-363552-123056-229618-481410-299323-332402,-0.94600403,4.732101252818767,37.43215010035783
burst_length_packets,1,lpc,FPRIpe-578-474864-126584-425422-304828-148409-10737,4.2174783,4.732091154260773,4.089700058102608
burst_length_packets,1,nn,FPRIpe-578-474864-126584-425422-304828-148409-10737,6.812233,4.732095856641658,32.04945009201765
burst_length_packets,1,lpc,1zDUvp-298-108297-119460-56896-348770-68221-98443,12.643308,4.732086026013763,3.752449993044138
burst_length_packets,1,nn,1zDUvp-298-108297-119460-56896-348770-68221-98443,14.084923,4.732101174785433,37.539799930527806
burst_length_packets,1,lpc,WVKBPa-017-469001-13769-309009-430207-5054-14754,10.645411,4.732087431637444,3.8031500298529863
burst_length_packets,1,nn,WVKBPa-017-469001-13769-309009-430207-5054-14754,11.873036,4.732101006962891,37.92040003463626
burst_length_packets,1,lpc,fdXdMp-313-165684-111916-348770-380077-145384-347380,0.5517089,4.732101253042365,5.099750007502735
burst_length_packets,1,nn,fdXdMp-313-165684-111916-348770-380077-145384-347380,-11.589983,4.732101253042346,37.30209998320788
burst_length_packets,1,lpc,rkSMcp-349-162269-339484-74769-12865-363552-41411,8.764082,4.732087618331482,4.684750107116997
burst_length_packets,1,nn,rkSMcp-349-162269-339484-74769-12865-363552-41411,8.746852,4.7320972967879325,33.542599994689226
burst_length_packets,1,lpc,avuTLe-585-474206-355130-317191-361413-333474-248785,0.7654134,4.731147540823008,4.980950034223497
burst_length_packets,1,nn,avuTLe-585-474206-355130-317191-361413-333474-248785,1.186866,4.731781142792714,35.73564998805523
burst_length_packets,1,lpc,1Q0zzp-067-496080-227228-300626-311379-247007-1214,23.526054,4.73209789877043,3.784000058658421
burst_length_packets,1,nn,1Q0zzp-067-496080-227228-300626-311379-247007-1214,24.203388,4.73209873211378,35.63399997074157
burst_length_packets,1,lpc,k2rvsa-021-181149-117176-94351-2985-340579-209061,3.3118167,4.73207459800887,3.767899936065078
burst_length_packets,1,nn,k2rvsa-021-181149-117176-94351-2985-340579-209061,4.0689254,4.732094346041547,38.43495005276054
burst_length_packets,1,lpc,DmpOYi-525-91230-450251-209608-292323-92870-38506,3.5669205,4.730576869078693,4.567749914713204
burst_length_packets,1,nn,DmpOYi-525-91230-450251-209608-292323-92870-38506,7.7901764,4.73209953958287,37.53169998526573
burst_length_packets,1,lpc,cZ9D6w-670-134118-41411-423587-125189-84055-98443,-0.0792869,4.732088918674071,4.904149915091693
burst_length_packets,1,nn,cZ9D6w-670-134118-41411-423587-125189-84055-98443,0.32159466,4.732088948760417,36.97769995778799
burst_length_packets,1,lpc,wD39yw-617-350336-91230-365075-384274-339484-27577,8.345715,4.7317295118954865,4.617449943907559
burst_length_packets,1,nn,wD39yw-617-350336-91230-365075-384274-339484-27577,10.3203335,4.731969147187819,35.54069995880127
burst_length_packets,1,lpc,jFujMp-258-2985-422977-276516-270302-316694-390385,17.535913,4.73209866125752,4.2996000265702605
burst_length_packets,1,nn,jFujMp-258-2985-422977-276516-270302-316694-390385,17.832602,4.732100431247485,39.01664994191378
burst_length_packets,1,lpc,ainjFp-098-145384-88756-289593-274542-488804-292564,10.601786,4.732002945938595,4.65959997382015
burst_length_packets,1,nn,ainjFp-098-145384-88756-289593-274542-488804-292564,10.705801,4.732018696884014,37.28854993823916
burst_length_packets,1,lpc,rllgnp-282-21827-2985-183720-67455-409746-330730,-0.4453373,4.732101239762089,3.994750091806054
burst_length_packets,1,nn,rllgnp-282-21827-2985-183720-67455-409746-330730,-0.5447506,4.732101240063875,35.09009990375489
burst_length_packets,1,lpc,ck2Uxp-081-495997-135873-82313-377039-373629-268363,18.485968,4.732101250944849,3.8728498620912433
burst_length_packets,1,nn,ck2Uxp-081-495997-135873-82313-377039-373629-268363,18.941187,4.73210125187725,36.92780015990138
burst_length_packets,1,lpc,jhRr0p-088-489070-351855-386883-172725-333766-16976,14.144657,4.732099455236423,4.962399951182306
burst_length_packets,1,nn,jhRr0p-088-489070-351855-386883-172725-333766-16976,13.431598,4.732100056734536,36.157250055111945
burst_length_packets,1,lpc,oRqMra-058-167772-480197-43889-36331-135873-265166,5.68774,4.732100471667151,4.917749902233481
burst_length_packets,1,nn,oRqMra-058-167772-480197-43889-36331-135873-265166,7.284891,4.732101020892635,37.65700000803918
burst_length_packets,1,lpc,d4LtRw-656-379354-74769-192385-202921-93885-62534,-0.14052315,4.732101252994832,3.6999499425292015
burst_length_packets,1,nn,d4LtRw-656-379354-74769-192385-202921-93885-62534,-8.809352,4.732101252725675,37.058900110423565
burst_length_packets,1,lpc,tXap2p-281-298969-9753-281965-457067-162269-329331,5.0517445,4.7320679797154614,4.823800059966743
burst_length_packets,1,nn,tXap2p-281-298969-9753-281965-457067-162269-329331,6.8016033,4.732101250301675,37.920249975286424
burst_length_packets,1,lpc,IIhdup-184-282845-322947-195637-315211-10737-386302,15.716436,4.730367643897617,4.073200048878789
burst_length_packets,1,nn,IIhdup-184-282845-322947-195637-315211-10737-386302,16.312017,4.730989649515278,35.919099929742515
burst_length_packets,1,lpc,Q1VJ4p-396-67099-191485-442126-324310-384031-392966,11.41589,4.7321004126008805,4.076400073245168
burst_length_packets,1,nn,Q1VJ4p-396-67099-191485-442126-324310-384031-392966,8.658659,4.732101213762748,37.2801999328658
burst_length_packets,1,lpc,IJqofi-526-68304-236920-183720-152419-94351-316080,0.5976092,4.731861566680754,3.739649895578623
burst_length_packets,1,nn,IJqofi-526-68304-236920-183720-152419-94351-316080,0.589416,4.732101189375276,41.25414998270571
burst_length_packets,1,lpc,MJEnPs-553-484336-261033-237079-274170-257745-343308,3.561883,4.732092198416623,3.864500089548528
burst_length_packets,1,nn,MJEnPs-553-484336-261033-237079-274170-257745-343308,3.3787699,4.732097431007997,37.104050046764314
burst_length_packets,1,lpc,oK9Hxs-550-7708-104867-460359-299323-420765-264795,13.851591,4.732090992277653,4.058199934661388
burst_length_packets,1,nn,oK9Hxs-550-7708-104867-460359-299323-420765-264795,14.204233,4.732093534553505,53.004449931904674
burst_length_packets,1,lpc,ItvEYp-187-347380-151331-160943-343502-92870-286732,6.5137625,4.7318692992429465,4.700249992311001
burst_length_packets,1,nn,ItvEYp-187-347380-151331-160943-343502-92870-286732,6.6425776,4.731993963706264,38.72064989991486
burst_length_packets,2,lpc,9f3Qjw-657-129013-78427-348770-228203-60643-7188,-1.3692294,4.731685590922865,6.25690002925694
burst_length_packets,2,nn,9f3Qjw-657-129013-78427-348770-228203-60643-7188,-1.6198994,4.731757730257629,73.80699994973838
burst_length_packets,2,lpc,i0Ocoe-610-395609-211084-211212-108056-187519-202035,3.1135144,4.719517096311725,7.431300007738173
burst_length_packets,2,nn,i0Ocoe-610-395609-211084-211212-108056-187519-202035,6.8587856,4.723927449109793,65.72790001519024
burst_length_packets,2,lpc,Th8NDe-613-23535-495997-395609-270487-329331-383770,2.0913992,4.7289402686235285,5.777350044809282
burst_length_packets,2,nn,Th8NDe-613-23535-495997-395609-270487-329331-383770,2.6318038,4.730701117995993,65.63660001847893
burst_length_packets,2,lpc,ui9aDp-122-292323-379538-386883-287427-306759-88721,7.4694486,4.732096185307783,9.052250068634748
burst_length_packets,2,nn,ui9aDp-122-292323-379538-386883-287427-306759-88721,4.808419,4.732081205456861,64.85909991897643
burst_length_packets,2,lpc,DLZvmp-426-78108-128329-469130-165684-261033-84004,12.4904995,4.732101062997273,6.038400111719966
burst_length_packets,2,nn,DLZvmp-426-78108-128329-469130-165684-261033-84004,12.39966,4.732100847287123,69.51225001830608
burst_length_packets,2,lpc,amZyRf-444-7708-476924-468905-275802-405424-380077,4.009168,4.732054968752145,9.132350096479058
burst_length_packets,2,nn,amZyRf-444-7708-476924-468905-275802-405424-380077,1.403039,4.732098075210507,65.98085002042353
burst_length_packets,2,lpc,ofs2Us-561-469223-161307-229618-187519-295308-129107,9.002019,4.731868349519084,6.090100039727986
burst_length_packets,2,nn,ofs2Us-561-469223-161307-229618-187519-295308-129107,5.323448,4.7320998513782495,76.44094992429018
burst_length_packets,2,lpc,nQsrxi-500-35788-354893-151331-437270-461984-276516,-0.0045930455,4.731992441024774,6.055799894966185
burst_length_packets,2,nn,nQsrxi-500-35788-354893-151331-437270-461984-276516,0.54437274,4.7319972653437095,67.39694997668266
burst_length_packets,2,lpc,YuwChp-152-8651-147603-379354-29563-62919-345238,0.033161905,4.732101253042364,6.129099987447262
burst_length_packets,2,nn,YuwChp-152-8651-147603-379354-29563-62919-345238,-10.841627,4.7321012530422255,66.47264992352575
burst_length_packets,2,lpc,fiBRvp-155-14754-379538-407950-108056-495971-270302,2.0223262,4.732059707588908,6.178050069138408
burst_length_packets,2,nn,fiBRvp-155-14754-379538-407950-108056-495971-270302,1.6039119,4.732055666616246,67.45460000820458
burst_length_packets,2,lpc,rpdA0p-089-193291-347380-224170-426805-310105-489070,5.9288697,4.730891851653789,5.998699925839901
burst_length_packets,2,nn,rpdA0p-089-193291-347380-224170-426805-310105-489070,5.500705,4.731156039214368,68.48384998738766
burst_length_packets,2,lpc,JCRPTw-618-129107-479691-343332-355104-157595-129013,0.080451384,4.724319873494505,6.001050001941621
burst_length_packets,2,nn,JCRPTw-618-129107-479691-343332-355104-157595-129013,-0.718072,4.72428198018693,72.10314995609224
burst_length_packets,2,lpc,DfzVIp-175-379354-103913-25062-384031-343308-295308,5.400052,4.730024925963251,5.9374000411480665
burst_length_packets,2,nn,DfzVIp-175-379354-103913-25062-384031-343308-295308,5.705369,4.73053597188615,71.03685010224581
burst_length_packets,2,lpc,PBDVAf-465-366971-117533-197606-160943-60681-25579,11.789498,4.731715597355256,7.462350069545209
burst_length_packets,2,nn,PBDVAf-465-366971-117533-197606-160943-60681-25579,11.493672,4.730779899051965,68.67609999608248
burst_length_packets,2,lpc,BNXFqp-404-184495-450557-10737-129636-497448-379538,-1.7365744,4.728841497434145,6.06345001142472
burst_length_packets,2,nn,BNXFqp-404-184495-450557-10737-129636-497448-379538,-1.9479141,4.729183200204215,72.21749995369464
burst_length_packets,2,lpc,f2JFMw-634-136860-113105-22031-310105-248646-32125,2.8703218,4.731922069754676,6.5030999248847365
burst_length_packets,2,nn,f2JFMw-634-136860-113105-22031-310105-248646-32125,2.6487932,4.73189523504519,75.12249995488673
burst_length_packets,2,lpc,cedJli-522-192385-152140-262731-156368-123704-333757,-0.12044583,4.716263012018063,6.196499918587506
burst_length_packets,2,nn,cedJli-522-192385-152140-262731-156368-123704-333757,3.6320689,4.722919236827276,68.23269999586046
burst_length_packets,2,lpc,Q4PCSi-506-317415-237079-78108-78427-235375-285778,5.270406,4.611841133631458,7.4810999212786555
burst_length_packets,2,nn,Q4PCSi-506-317415-237079-78108-78427-235375-285778,7.699384,4.721770467717667,58.0858999164775
burst_length_packets,2,lpc,CrjLKf-468-374393-49022-14754-240504-316080-236920,3.5417473,4.731854074493432,6.916049984283745
burst_length_packets,2,nn,CrjLKf-468-374393-49022-14754-240504-316080-236920,3.8964593,4.732085594991352,68.73465003445745
burst_length_packets,2,lpc,m5rDOp-062-377273-156368-185152-188815-186260-486330,8.672177,4.732101159433986,7.376550114713609
burst_length_packets,2,nn,m5rDOp-062-377273-156368-185152-188815-186260-486330,9.128635,4.732101184168797,65.8996501006186
burst_length_packets,2,lpc,0mk6rp-310-146145-90733-51581-27791-50416-437215,-3.0684927,4.732101253023423,7.454049889929593
burst_length_packets,2,nn,0mk6rp-310-146145-90733-51581-27791-50416-437215,-3.08445,4.732101253014305,64.31980000343174
burst_length_packets,2,lpc,fS0Vwp-324-274170-461984-129889-218396-366126-128329,14.795409,4.732084029608947,5.891749984584749
burst_length_packets,2,nn,fS0Vwp-324-274170-461984-129889-218396-366126-128329,15.471272,4.73209529128752,70.57405007071793
burst_length_packets,2,lpc,0Rve0i-524-469450-332402-376902-283921-64116-240504,5.7829046,4.729184353056208,7.381549919955432
burst_length_packets,2,nn,0Rve0i-524-469450-332402-376902-283921-64116-240504,5.4846706,4.732101146629281,80.09030018001795
burst_length_packets,2,lpc,fZg66p-070-68221-216978-377273-239730-53784-3467,0.02826178,4.732101253041067,6.231049890629947
burst_length_packets,2,nn,fZg66p-070-68221-216978-377273-239730-53784-3467,-10.916711,4.732101252786092,63.60764999408275
burst_length_packets,2,lpc,Aal0cp-183-209061-91230-492922-2757-317191-461984,14.853368,4.73174179003289,5.90430002193898
burst_length_packets,2,nn,Aal0cp-183-209061-91230-492922-2757-317191-461984,15.109611,4.731759314912257,69.25920001231134
burst_length_packets,2,lpc,m8mjCs-533-485468-283456-486330-442126-2757-12865,1.0351455,4.728613057829899,7.30719999410212
burst_length_packets,2,nn,m8mjCs-533-485468-283456-486330-442126-2757-12865,1.0920796,4.728641978472014,73.76850000582635
burst_length_packets,2,lpc,jM2z5p-212-362995-350336-202035-87506-239730-207508,-1.3204525,4.732101253019408,7.128799916245043
burst_length_packets,2,nn,jM2z5p-212-362995-350336-202035-87506-239730-207508,-0.36531073,4.732101253042093,71.49350014515221
burst_length_packets,2,lpc,Paqf1p-119-254913-443221-90733-163645-32125-188815,9.680151,4.726292165269166,7.500299951061606
burst_length_packets,2,nn,Paqf1p-119-254913-443221-90733-163645-32125-188815,8.512222,4.731584813798888,59.62980003096163
burst_length_packets,2,lpc,87hwjf-487-426805-60643-437215-160943-182650-407728,0.4028237,4.723077222806888,6.258250097744167
burst_length_packets,2,nn,87hwjf-487-426805-60643-437215-160943-182650-407728,0.21572271,4.724767123246518,72.26030004676431
burst_length_packets,2,lpc,kDEiGp-268-254920-474864-52991-170820-165168-328121,0.0006703948,4.732101252842982,6.747950101271272
burst_length_packets,2,nn,kDEiGp-268-254920-474864-52991-170820-165168-328121,-0.8518136,4.732101252843585,63.204500009305775
burst_length_packets,2,lpc,Mtnx5i-515-495971-279778-348676-11995-306560-418034,0.10262461,4.730581119866549,7.529649999924004
burst_length_packets,2,nn,Mtnx5i-515-495971-279778-348676-11995-306560-418034,-4.58611,4.730605743964645,68.9897999400273
burst_length_packets,2,lpc,3EBeof-459-212842-454791-192385-495971-180085-113105,0.2574783,4.7308420216151195,5.771950003691018
burst_length_packets,2,nn,3EBeof-459-212842-454791-192385-495971-180085-113105,0.26729625,4.730877136775895,66.52290001511574
burst_length_packets,2,lpc,7j8l2a-034-50416-4800-287427-123375-143976-264357,0.8488596,4.732066388321888,5.940800067037344
burst_length_packets,2,nn,7j8l2a-034-50416-4800-287427-123375-143976-264357,3.7411847,4.732081971490151,72.35985004808754
burst_length_packets,2,lpc,9Mkadp-302-273892-209608-109841-324591-494783-498752,2.3415372,4.730386557079025,7.186700007878244
burst_length_packets,2,nn,9Mkadp-302-273892-209608-109841-324591-494783-498752,2.2640874,4.731485242927205,58.6584999691695
burst_length_packets,2,lpc,u3JmNp-105-377036-373629-177809-287789-419538-221798,2.2623298,4.731516873278659,7.268999936059117
burst_length_packets,2,nn,u3JmNp-105-377036-373629-177809-287789-419538-221798,6.0648613,4.732085114467273,69.92755003739148
burst_length_packets,2,lpc,PiKSIp-112-109021-465867-125189-123174-211212-334242,10.542754,4.732000516290716,7.36349995713681
burst_length_packets,2,nn,PiKSIp-112-109021-465867-125189-123174-211212-334242,11.685189,4.732097802471065,66.5692500770092
burst_length_packets,2,lpc,9a98Kf-464-298969-472051-292323-179462-78575-496080,0.2558708,4.611221795867687,6.722899968735874
burst_length_packets,2,nn,9a98Kf-464-298969-472051-292323-179462-78575-496080,0.2375534,4.619196208763734,66.518250037916
burst_length_packets,2,lpc,vAlA7f-458-390385-16661-177809-112031-325632-365075,10.979942,4.732100913580087,7.5510499300435185
burst_length_packets,2,nn,vAlA7f-458-390385-16661-177809-112031-325632-365075,11.220091,4.73210117937716,69.80445003136992
burst_length_packets,2,lpc,U5aQJe-592-437270-129013-295308-406364-103913-497087,9.290818,4.731817070285345,5.902549950405955
burst_length_packets,2,nn,U5aQJe-592-437270-129013-295308-406364-103913-497087,9.779709,4.732088119858842,69.02730010915548
burst_length_packets,2,lpc,HxFzMp-357-24999-343332-90733-489807-316694-345238,15.788947,4.731320287980772,7.334300084039569
burst_length_packets,2,nn,HxFzMp-357-24999-343332-90733-489807-316694-345238,17.918322,4.731695795527237,73.36955005303025
burst_length_packets,2,lpc,9kbanp-261-50416-108056-469001-231167-334074-209061,4.309166,4.730885267797943,6.219750037416816
burst_length_packets,2,nn,9kbanp-261-50416-108056-469001-231167-334074-209061,7.902996,4.731840160105774,62.27265007328242
burst_length_packets,2,lpc,rqqrUf-476-372299-90733-207508-318838-254913-53278,0.35336125,4.731969275555162,7.692850078456104
burst_length_packets,2,nn,rqqrUf-476-372299-90733-207508-318838-254913-53278,0.46579272,4.7319820440523,73.73579998966306
burst_length_packets,2,lpc,ie6iSp-097-407790-253414-334074-464643-167361-80351,9.489293,4.732097485393611,6.054099998436868
burst_length_packets,2,nn,ie6iSp-097-407790-253414-334074-464643-167361-80351,10.450173,4.732077247530659,69.35600005090237
burst_length_packets,2,lpc,FiS63i-513-129107-287427-185152-454791-121010-285778,-0.0009982777,4.713996685065274,7.666199933737516
burst_length_packets,2,nn,FiS63i-513-129107-287427-185152-454791-121010-285778,-0.122943476,4.714955413420588,79.44990007672459
burst_length_packets,2,lpc,BBcZPi-501-456735-480197-495997-497448-326140-134118,-0.013552235,4.731853802666501,7.718400098383427
burst_length_packets,2,nn,BBcZPi-501-456735-480197-495997-497448-326140-134118,-0.1141275,4.731851645798912,73.47229996230453
burst_length_packets,2,lpc,5OQdwp-063-348077-460359-16661-112031-224170-197606,16.453447,4.731966674768655,6.003649905323982
burst_length_packets,2,nn,5OQdwp-063-348077-460359-16661-112031-224170-197606,15.374837,4.731957007135128,67.36584997270256
burst_length_packets,2,lpc,riuiap-287-319764-286732-35325-55646-391852-1246,3.1902227,4.73048238433634,7.890900014899671
burst_length_packets,2,nn,riuiap-287-319764-286732-35325-55646-391852-1246,3.317606,4.730490041252542,69.57964994944632
burst_length_packets,2,lpc,6TUCvp-352-108130-78807-55646-250174-386302-414547,1.2658179,4.699187313084513,6.152799935080111
burst_length_packets,2,nn,6TUCvp-352-108130-78807-55646-250174-386302-414547,4.425973,4.714238336087742,75.46065002679825
burst_length_packets,2,lpc,KIklei-503-156368-5054-151331-161307-380077-177809,2.3976872,4.7320946707154565,6.673149997368455
burst_length_packets,2,nn,KIklei-503-156368-5054-151331-161307-380077-177809,0.16405484,4.732033699129755,77.60425005108118
burst_length_packets,2,lpc,zVlcap-263-274542-472051-376372-248785-476225-35325,2.3618393,4.732101251604055,6.3599999994039536
burst_length_packets,2,nn,zVlcap-263-274542-472051-376372-248785-476225-35325,-2.0610304,4.732101247602945,78.46990006510168
burst_length_packets,2,lpc,BLAVyp-401-374393-353502-276516-464643-247007-280816,-2.7236028,4.732101253042375,6.480650044977665
burst_length_packets,2,nn,BLAVyp-401-374393-353502-276516-464643-247007-280816,-12.820055,4.732101253042163,70.9830999840051
burst_length_packets,2,lpc,5Lu6ui-514-135410-151381-124082-173176-644-324310,-0.060154058,4.649382116823068,6.233450025320053
burst_length_packets,2,nn,5Lu6ui-514-135410-151381-124082-173176-644-324310,-0.0430898,4.6498413674126695,74.68685007188469
burst_length_packets,2,lpc,lzFhsp-134-377273-280816-60681-369034-268009-11995,5.245126,4.728244815594474,7.195699959993362
burst_length_packets,2,nn,lzFhsp-134-377273-280816-60681-369034-268009-11995,7.5564914,4.731822494279908,65.34325005486608
burst_length_packets,2,lpc,nSu3Cp-366-41411-362672-285778-222370-421926-202035,16.23294,4.73205769779748,7.849950110539794
burst_length_packets,2,nn,nSu3Cp-366-41411-362672-285778-222370-421926-202035,19.176287,4.7320920050526905,73.63915001042187
burst_length_packets,2,lpc,cUyODs-564-324456-286869-479691-123056-485468-274323,9.396059,4.731951757268023,6.578049971722066
burst_length_packets,2,nn,cUyODs-564-324456-286869-479691-123056-485468-274323,9.355913,4.731961425336436,78.7971499375999
burst_length_packets,2,lpc,TkK5fp-380-229618-476225-311495-339484-11995-7708,6.0220766,4.731928631929652,8.007699972949922
burst_length_packets,2,nn,TkK5fp-380-229618-476225-311495-339484-11995-7708,6.316367,4.731953925481891,74.06589994207025
burst_length_packets,2,lpc,AHwsQs-538-108297-304214-140209-237079-426805-448869,-2.005993,4.732101252289633,8.042599889449775
burst_length_packets,2,nn,AHwsQs-538-108297-304214-140209-237079-426805-448869,-2.315595,4.732101253004773,78.90770002268255
burst_length_packets,2,lpc,RkoxIi-499-395609-17243-276516-68344-191485-476225,0.924136,4.732100802452952,7.302099955268204
burst_length_packets,2,nn,RkoxIi-499-395609-17243-276516-68344-191485-476225,1.8383156,4.732101183102015,96.02155000902712
burst_length_packets,2,lpc,YLEXwp-335-240298-183720-447487-129636-202035-44660,0.29907927,4.731935518261139,6.859749904833734
burst_length_packets,2,nn,YLEXwp-335-240298-183720-447487-129636-202035-44660,0.2628318,4.7319437716795,102.7530999854207
burst_length_packets,2,lpc,rn9v1e-583-369034-383770-175927-399756-390385-383479,11.838764,4.7320216319445745,8.164250059053302
burst_length_packets,2,nn,rn9v1e-583-369034-383770-175927-399756-390385-383479,13.863796,4.732079337852868,68.33249994087964
burst_length_packets,2,lpc,SSYQ1w-650-275802-13671-144360-112336-104867-157595,9.384299,4.732062413090288,6.893450045026839
burst_length_packets,2,nn,SSYQ1w-650-275802-13671-144360-112336-104867-157595,9.335679,4.732091636665928,60.195500031113625
burst_length_packets,2,lpc,4fsgkp-253-311495-209061-229618-287427-276516-38459,6.383009,4.731946302100466,6.867999909445643
burst_length_packets,2,nn,4fsgkp-253-311495-209061-229618-287427-276516-38459,6.968541,4.732052778667859,74.1223000222817
burst_length_packets,2,lpc,44Zbvs-567-179462-358526-13671-355104-116061-343332,1.6668259,4.731452917368289,6.714849965646863
burst_length_packets,2,nn,44Zbvs-567-179462-358526-13671-355104-116061-343332,2.1607301,4.731675113765844,73.91305000055581
burst_length_packets,2,lpc,cmHjrf-493-348077-309854-224170-458554-202179-472051,6.019786,4.730574120246879,6.460999953560531
burst_length_packets,2,nn,cmHjrf-493-348077-309854-224170-458554-202179-472051,2.1953819,4.732095257097497,74.92709998041391
burst_length_packets,2,lpc,zQSXvp-215-498788-407950-152419-25062-51581-3467,7.2037134,4.727549074457407,6.444850005209446
burst_length_packets,2,nn,zQSXvp-215-498788-407950-152419-25062-51581-3467,7.808776,4.731179023512584,73.08274996466935
burst_length_packets,2,lpc,l3Lvae-611-211084-218396-212842-198509-334833-311379,8.322987,4.722802684365119,7.972099934704602
burst_length_packets,2,nn,l3Lvae-611-211084-218396-212842-198509-334833-311379,8.400213,4.73137565267678,96.91044990904629
burst_length_packets,2,lpc,LIJKja-026-447487-148409-188815-38506-78427-479691,1.0835387,4.731464860948181,7.1411499520763755
burst_length_packets,2,nn,LIJKja-026-447487-148409-188815-38506-78427-479691,2.4124973,4.731730466390674,67.26615002844483
burst_length_packets,2,lpc,tztd5w-640-23535-348077-410307-64116-151381-134118,-0.8066058,4.732101252565451,8.080550003796816
burst_length_packets,2,nn,tztd5w-640-23535-348077-410307-64116-151381-134118,-0.108617164,4.732101252624484,80.47674992121756
burst_length_packets,2,lpc,TypO9p-362-82313-390793-365346-50416-310105-275395,14.628764,4.732100648534191,8.15030001103878
burst_length_packets,2,nn,TypO9p-362-82313-390793-365346-50416-310105-275395,17.462929,4.732101226296683,67.4452498788014
burst_length_packets,2,lpc,3hvoVa-051-2307-202921-218396-175927-14787-464643,2.8478358,4.730800885875736,6.757399998605251
burst_length_packets,2,nn,3hvoVa-051-2307-202921-218396-175927-14787-464643,4.063774,4.731973257550026,72.26859999354929
burst_length_packets,2,lpc,9hvMUf-482-498788-113105-17243-63022-21827-338584,-0.24853663,4.7321010946550395,9.09089995548129
burst_length_packets,2,nn,9hvMUf-482-498788-113105-17243-63022-21827-338584,-3.8420148,4.732099228654947,65.9090499393642
burst_length_packets,2,lpc,lDN6of-450-91840-427818-353502-327883-210172-489807,0.5191169,4.720970870019913,8.917649975046515
burst_length_packets,2,nn,lDN6of-450-91840-427818-353502-327883-210172-489807,-0.43971968,4.724765830405987,74.68120008707047
burst_length_packets,2,lpc,8b8sWp-275-88756-348733-183720-134118-226233-129107,21.358385,4.73210125295596,7.935900008305907
burst_length_packets,2,nn,8b8sWp-275-88756-348733-183720-134118-226233-129107,12.565831,4.7321012310453785,75.26924996636808
burst_length_packets,2,lpc,noHubp-343-163645-17243-410906-219243-161307-221798,2.7154427,4.72663644585249,6.678299978375435
burst_length_packets,2,nn,noHubp-343-163645-17243-410906-219243-161307-221798,2.8898149,4.728253459907952,74.0225501358509
burst_length_packets,2,lpc,G50hup-092-363552-123056-229618-481410-299323-332402,2.2277906,4.732101234122258,7.357699912972748
burst_length_packets,2,nn,G50hup-092-363552-123056-229618-481410-299323-332402,-3.2099044,4.732101253015745,70.31234994065017
burst_length_packets,2,lpc,FPRIpe-578-474864-126584-425422-304828-148409-10737,2.0551887,4.732004325105418,7.850500056520104
burst_length_packets,2,nn,FPRIpe-578-474864-126584-425422-304828-148409-10737,6.7099514,4.732040891877348,75.3522498998791
burst_length_packets,2,lpc,1zDUvp-298-108297-119460-56896-348770-68221-98443,10.423092,4.73200535512776,8.42440000269562
burst_length_packets,2,nn,1zDUvp-298-108297-119460-56896-348770-68221-98443,12.826457,4.732098355007302,83.44049996230751
burst_length_packets,2,lpc,WVKBPa-017-469001-13769-309009-430207-5054-14754,10.258799,4.73206119533941,7.699350011534989
burst_length_packets,2,nn,WVKBPa-017-469001-13769-309009-430207-5054-14754,8.392897,4.732087946245315,77.8597000753507
burst_length_packets,2,lpc,fdXdMp-313-165684-111916-348770-380077-145384-347380,0.39397392,4.732101253042357,8.203000063076615
burst_length_packets,2,nn,fdXdMp-313-165684-111916-348770-380077-145384-347380,-13.345542,4.732101253042224,68.50265013054013
burst_length_packets,2,lpc,rkSMcp-349-162269-339484-74769-12865-363552-41411,3.5618935,4.7319917054878164,7.585999905131757
burst_length_packets,2,nn,rkSMcp-349-162269-339484-74769-12865-363552-41411,3.5931344,4.732061150484158,82.44840009137988
burst_length_packets,2,lpc,avuTLe-585-474206-355130-317191-361413-333474-248785,0.42996496,4.727819129017799,8.369549992494285
burst_length_packets,2,nn,avuTLe-585-474206-355130-317191-361413-333474-248785,1.3730818,4.729489205617545,76.32734999060631
burst_length_packets,2,lpc,1Q0zzp-067-496080-227228-300626-311379-247007-1214,18.134296,4.73206928926931,8.15534999128431
burst_length_packets,2,nn,1Q0zzp-067-496080-227228-300626-311379-247007-1214,19.389767,4.732077437980184,70.93215000350028
burst_length_packets,2,lpc,k2rvsa-021-181149-117176-94351-2985-340579-209061,2.0435584,4.732013251126043,11.505050002597272
burst_length_packets,2,nn,k2rvsa-021-181149-117176-94351-2985-340579-209061,2.61804,4.732072117791146,74.28325002547354
burst_length_packets,2,lpc,DmpOYi-525-91230-450251-209608-292323-92870-38506,2.361345,4.7290137841130555,6.602799985557795
burst_length_packets,2,nn,DmpOYi-525-91230-450251-209608-292323-92870-38506,7.396409,4.731875652438465,82.25485007278621
burst_length_packets,2,lpc,cZ9D6w-670-134118-41411-423587-125189-84055-98443,-1.7032626,4.732089606900869,8.269399986602366
burst_length_packets,2,nn,cZ9D6w-670-134118-41411-423587-125189-84055-98443,-1.4725442,4.732087135174316,81.35759993456304
burst_length_packets,2,lpc,wD39yw-617-350336-91230-365075-384274-339484-27577,4.8308153,4.729660663534258,6.611599936150014
burst_length_packets,2,nn,wD39yw-617-350336-91230-365075-384274-339484-27577,7.1289244,4.730747639036151,77.46964995749295
burst_length_packets,2,lpc,jFujMp-258-2985-422977-276516-270302-316694-390385,14.287271,4.73208864872834,7.31030001770705
burst_length_packets,2,nn,jFujMp-258-2985-422977-276516-270302-316694-390385,14.417509,4.732094876569436,67.90099991485476
burst_length_packets,2,lpc,ainjFp-098-145384-88756-289593-274542-488804-292564,6.8094406,4.731182767232488,6.849450059235096
burst_length_packets,2,nn,ainjFp-098-145384-88756-289593-274542-488804-292564,6.9497776,4.73126748433399,77.27514998987317
burst_length_packets,2,lpc,rllgnp-282-21827-2985-183720-67455-409746-330730,-0.01185122,4.732101222473681,8.34849989041686
burst_length_packets,2,nn,rllgnp-282-21827-2985-183720-67455-409746-330730,-0.23565361,4.7321012246727765,65.26279996614903
burst_length_packets,2,lpc,ck2Uxp-081-495997-135873-82313-377039-373629-268363,14.182219,4.732101233134683,6.9676501443609595
burst_length_packets,2,nn,ck2Uxp-081-495997-135873-82313-377039-373629-268363,15.176958,4.732101241989879,81.73494995571673
burst_length_packets,2,lpc,jhRr0p-088-489070-351855-386883-172725-333766-16976,11.293854,4.732091391272167,6.927100010216236
burst_length_packets,2,nn,jhRr0p-088-489070-351855-386883-172725-333766-16976,11.272007,4.732094421974098,79.24510003067553
burst_length_packets,2,lpc,oRqMra-058-167772-480197-43889-36331-135873-265166,2.9607997,4.732096276873902,6.480849930085242
burst_length_packets,2,nn,oRqMra-058-167772-480197-43889-36331-135873-265166,4.7481766,4.732099395338954,72.51240010373294
burst_length_packets,2,lpc,d4LtRw-656-379354-74769-192385-202921-93885-62534,0.003880126,4.732101187343934,6.873600068502128
burst_length_packets,2,nn,d4LtRw-656-379354-74769-192385-202921-93885-62534,1.7153007,4.732101211994072,82.4475500266999
burst_length_packets,2,lpc,tXap2p-281-298969-9753-281965-457067-162269-329331,4.1546483,4.731846315706848,6.937199970707297
burst_length_packets,2,nn,tXap2p-281-298969-9753-281965-457067-162269-329331,6.8186355,4.732090011924862,74.89579997491091
burst_length_packets,2,lpc,IIhdup-184-282845-322947-195637-315211-10737-386302,10.707454,4.720342795870788,6.771249929443002
burst_length_packets,2,nn,IIhdup-184-282845-322947-195637-315211-10737-386302,11.214372,4.723094377380253,70.79680007882416
burst_length_packets,2,lpc,Q1VJ4p-396-67099-191485-442126-324310-384031-392966,6.603585,4.732097591414069,7.792950025759637
burst_length_packets,2,nn,Q1VJ4p-396-67099-191485-442126-324310-384031-392966,5.465503,4.732100430187254,74.07005003187805
burst_length_packets,2,lpc,IJqofi-526-68304-236920-183720-152419-94351-316080,0.28974414,4.731447148113574,8.568849880248308
burst_length_packets,2,nn,IJqofi-526-68304-236920-183720-152419-94351-316080,-1.4303054,4.7320958138715286,71.36620010714978
burst_length_packets,2,lpc,MJEnPs-553-484336-261033-237079-274170-257745-343308,0.84998226,4.732048750285686,8.388250134885311
burst_length_packets,2,nn,MJEnPs-553-484336-261033-237079-274170-257745-343308,2.074184,4.732069518980348,73.09749990236014
burst_length_packets,2,lpc,oK9Hxs-550-7708-104867-460359-299323-420765-264795,11.826313,4.732039179847012,6.725749932229519
burst_length_packets,2,nn,oK9Hxs-550-7708-104867-460359-299323-420765-264795,12.274311,4.732051948123783,72.05060007981956
burst_length_packets,2,lpc,ItvEYp-187-347380-151331-160943-343502-92870-286732,2.532733,4.73161856260092,7.9433498904109
burst_length_packets,2,nn,ItvEYp-187-347380-151331-160943-343502-92870-286732,2.3849587,4.731858852379929,64.54685004428029
burst_length_packets,4,lpc,9f3Qjw-657-129013-78427-348770-228203-60643-7188,-0.465833,4.728915133412377,11.933750007301569
burst_length_packets,4,nn,9f3Qjw-657-129013-78427-348770-228203-60643-7188,-0.81006634,4.72918887529422,152.70975010935217
burst_length_packets,4,lpc,i0Ocoe-610-395609-211084-211212-108056-187519-202035,1.2397588,4.705882451431164,13.8242500834167
burst_length_packets,4,nn,i0Ocoe-610-395609-211084-211212-108056-187519-202035,3.1815386,4.713332120889596,159.47209997102618
burst_length_packets,4,lpc,Th8NDe-613-23535-495997-395609-270487-329331-383770,1.1667944,4.721012535626841,11.990749975666404
burst_length_packets,4,nn,Th8NDe-613-23535-495997-395609-270487-329331-383770,2.4224465,4.725296663706624,164.01315003167838
burst_length_packets,4,lpc,ui9aDp-122-292323-379538-386883-287427-306759-88721,2.9938185,4.731794693696218,12.087999959476292
burst_length_packets,4,nn,ui9aDp-122-292323-379538-386883-287427-306759-88721,1.2963214,4.732084768980999,146.14325005095452
burst_length_packets,4,lpc,DLZvmp-426-78108-128329-469130-165684-261033-84004,8.090649,4.732100542237591,14.032999984920025
burst_length_packets,4,nn,DLZvmp-426-78108-128329-469130-165684-261033-84004,5.9248834,4.73208678466654,147.83925004303455
burst_length_packets,4,lpc,amZyRf-444-7708-476924-468905-275802-405424-380077,2.367694,4.7319858306413405,13.561349944211543
burst_length_packets,4,nn,amZyRf-444-7708-476924-468905-275802-405424-380077,0.109240785,4.732097527560887,138.9428999973461
burst_length_packets,4,lpc,ofs2Us-561-469223-161307-229618-187519-295308-129107,6.700259,4.731627436968028,11.756650055758655
burst_length_packets,4,nn,ofs2Us-561-469223-161307-229618-187519-295308-129107,2.3975582,4.731787942109881,144.8773000156507
burst_length_packets,4,lpc,nQsrxi-500-35788-354893-151331-437270-461984-276516,-0.0018820587,4.730728951820806,14.284799923188984
burst_length_packets,4,nn,nQsrxi-500-35788-354893-151331-437270-461984-276516,0.27751565,4.730769460558397,143.5326999053359
burst_length_packets,4,lpc,YuwChp-152-8651-147603-379354-29563-62919-345238,0.00034012832,4.7321012530149975,11.38385001104325
burst_length_packets,4,nn,YuwChp-152-8651-147603-379354-29563-62919-345238,-1.6021202,4.732101253022042,149.67884996440262
burst_length_packets,4,lpc,fiBRvp-155-14754-379538-407950-108056-495971-270302,1.5468252,4.731812943221902,11.715900036506355
burst_length_packets,4,nn,fiBRvp-155-14754-379538-407950-108056-495971-270302,0.8090826,4.731792778181035,145.65819990821183
burst_length_packets,4,lpc,rpdA0p-089-193291-347380-224170-426805-310105-489070,4.1460805,4.725249994481434,11.835449957288802
burst_length_packets,4,nn,rpdA0p-089-193291-347380-224170-426805-310105-489070,3.632569,4.726284485999061,153.16520014312118
burst_length_packets,4,lpc,JCRPTw-618-129107-479691-343332-355104-157595-129013,-0.7023357,4.706137501866591,14.023600029759109
burst_length_packets,4,nn,JCRPTw-618-129107-479691-343332-355104-157595-129013,-1.0863454,4.70728213520792,136.91180013120174
burst_length_packets,4,lpc,DfzVIp-175-379354-103913-25062-384031-343308-295308,1.3718355,4.722842292092359,12.119200080633163
burst_length_packets,4,nn,DfzVIp-175-379354-103913-25062-384031-343308-295308,1.5462221,4.72437619989681,140.00464999116957
burst_length_packets,4,lpc,PBDVAf-465-366971-117533-197606-160943-60681-25579,10.858759,4.730552404988666,12.129249866120517
burst_length_packets,4,nn,PBDVAf-465-366971-117533-197606-160943-60681-25579,7.4960833,4.7251825306758235,146.3699999731034
burst_length_packets,4,lpc,BNXFqp-404-184495-450557-10737-129636-497448-379538,-0.780524,4.713446665648549,14.181200065650046
burst_length_packets,4,nn,BNXFqp-404-184495-450557-10737-129636-497448-379538,-0.70888454,4.7145732872976005,142.08024996332824
burst_length_packets,4,lpc,f2JFMw-634-136860-113105-22031-310105-248646-32125,0.21430027,4.731497319993574,13.176900101825595
burst_length_packets,4,nn,f2JFMw-634-136860-113105-22031-310105-248646-32125,-0.07561874,4.731456449879651,150.58334998320788
burst_length_packets,4,lpc,cedJli-522-192385-152140-262731-156368-123704-333757,-0.025348373,4.610394478802085,13.062049984000623
burst_length_packets,4,nn,cedJli-522-192385-152140-262731-156368-123704-333757,0.3576116,4.635986497879746,140.97154990304261
burst_length_packets,4,lpc,Q4PCSi-506-317415-237079-78108-78427-235375-285778,3.8203228,4.212234845186197,11.881300015375018
burst_length_packets,4,nn,Q4PCSi-506-317415-237079-78108-78427-235375-285778,4.869924,4.699088826503052,138.30039999447763
burst_length_packets,4,lpc,CrjLKf-468-374393-49022-14754-240504-316080-236920,1.1641529,4.7309817409188994,14.501900062896311
burst_length_packets,4,nn,CrjLKf-468-374393-49022-14754-240504-316080-236920,3.0597732,4.731773161859321,140.80915006343275
burst_length_packets,4,lpc,m5rDOp-062-377273-156368-185152-188815-186260-486330,8.607665,4.7321010237603875,14.385749935172498
burst_length_packets,4,nn,m5rDOp-062-377273-156368-185152-188815-186260-486330,9.509096,4.732101109149687,151.4282498974353
burst_length_packets,4,lpc,0mk6rp-310-146145-90733-51581-27791-50416-437215,-3.564837,4.732101253017438,12.129500042647123
burst_length_packets,4,nn,0mk6rp-310-146145-90733-51581-27791-50416-437215,-3.9433675,4.732101252990981,141.10695000272244
burst_length_packets,4,lpc,fS0Vwp-324-274170-461984-129889-218396-366126-128329,11.378341,4.731936393834705,13.782049994915724
burst_length_packets,4,nn,fS0Vwp-324-274170-461984-129889-218396-366126-128329,12.367696,4.7320742462723295,146.39719994738698
burst_length_packets,4,lpc,0Rve0i-524-469450-332402-376902-283921-64116-240504,1.2418368,4.672594365458677,11.878350051119924
burst_length_packets,4,nn,0Rve0i-524-469450-332402-376902-283921-64116-240504,1.5921946,4.698926245105401,144.73840000573546
burst_length_packets,4,lpc,fZg66p-070-68221-216978-377273-239730-53784-3467,0.01399984,4.732101253037887,11.49750011973083
burst_length_packets,4,nn,fZg66p-070-68221-216978-377273-239730-53784-3467,-9.879722,4.732101252484104,143.34800001233816
burst_length_packets,4,lpc,Aal0cp-183-209061-91230-492922-2757-317191-461984,9.174014,4.729498921790078,11.830949923023582
burst_length_packets,4,nn,Aal0cp-183-209061-91230-492922-2757-317191-461984,9.701834,4.729538931451452,145.90059989131987
burst_length_packets,4,lpc,m8mjCs-533-485468-283456-486330-442126-2757-12865,-0.08681318,4.729438367962559,12.215700116939843
burst_length_packets,4,nn,m8mjCs-533-485468-283456-486330-442126-2757-12865,0.249864,4.729251403755761,152.6284998981282
burst_length_packets,4,lpc,jM2z5p-212-362995-350336-202035-87506-239730-207508,-1.753009,4.732101252997355,12.740000034682453
burst_length_packets,4,nn,jM2z5p-212-362995-350336-202035-87506-239730-207508,-0.6869588,4.732101253040421,150.77910001855344
burst_length_packets,4,lpc,Paqf1p-119-254913-443221-90733-163645-32125-188815,5.9923005,4.71231708791301,11.826900066807866
burst_length_packets,4,nn,Paqf1p-119-254913-443221-90733-163645-32125-188815,4.9871483,4.731588273067665,142.38615008071065
burst_length_packets,4,lpc,87hwjf-487-426805-60643-437215-160943-182650-407728,0.17154224,4.708461585682857,11.782849906012416
burst_length_packets,4,nn,87hwjf-487-426805-60643-437215-160943-182650-407728,-0.27878183,4.711533874088868,155.7907999958843
burst_length_packets,4,lpc,kDEiGp-268-254920-474864-52991-170820-165168-328121,0.0,4.730065473964006,11.843849904835224
burst_length_packets,4,nn,kDEiGp-268-254920-474864-52991-170820-165168-328121,-0.00046260687,4.730065394205148,153.28610001597553
burst_length_packets,4,lpc,Mtnx5i-515-495971-279778-348676-11995-306560-418034,-0.00018767733,4.672380093357672,11.175299994647503
burst_length_packets,4,nn,Mtnx5i-515-495971-279778-348676-11995-306560-418034,0.030867781,4.672486857431647,144.40280001144856
burst_length_packets,4,lpc,3EBeof-459-212842-454791-192385-495971-180085-113105,0.08825465,4.724837436478511,11.821849970147014
burst_length_packets,4,nn,3EBeof-459-212842-454791-192385-495971-180085-113105,0.10120103,4.724948652248623,143.7105000950396
burst_length_packets,4,lpc,7j8l2a-034-50416-4800-287427-123375-143976-264357,0.4365239,4.731959615930029,12.036800035275519
burst_length_packets,4,nn,7j8l2a-034-50416-4800-287427-123375-143976-264357,1.743781,4.731993312854749,152.1322000771761
burst_length_packets,4,lpc,9Mkadp-302-273892-209608-109841-324591-494783-498752,-0.30369923,4.72634852503659,11.600500089116395
burst_length_packets,4,nn,9Mkadp-302-273892-209608-109841-324591-494783-498752,-0.64228225,4.7292955651117605,153.83239998482168
burst_length_packets,4,lpc,u3JmNp-105-377036-373629-177809-287789-419538-221798,1.1759317,4.729950313562226,11.564499931409955
burst_length_packets,4,nn,u3JmNp-105-377036-373629-177809-287789-419538-221798,5.0292883,4.731984437978598,160.3136999765411
burst_length_packets,4,lpc,PiKSIp-112-109021-465867-125189-123174-211212-334242,8.494398,4.731517480884043,11.727599892765284
burst_length_packets,4,nn,PiKSIp-112-109021-465867-125189-123174-211212-334242,8.046654,4.732037062278222,156.1870500445366
burst_length_packets,4,lpc,9a98Kf-464-298969-472051-292323-179462-78575-496080,0.11431569,4.458953105561569,11.039100005291402
burst_length_packets,4,nn,9a98Kf-464-298969-472051-292323-179462-78575-496080,0.14062427,4.471590397519985,157.3243000311777
burst_length_packets,4,lpc,vAlA7f-458-390385-16661-177809-112031-325632-365075,4.17337,4.732094969049863,11.833149939775467
burst_length_packets,4,nn,vAlA7f-458-390385-16661-177809-112031-325632-365075,4.256923,4.732099011543214,151.31525008473545
burst_length_packets,4,lpc,U5aQJe-592-437270-129013-295308-406364-103913-497087,7.725069,4.7305051487138625,13.962400029413402
burst_length_packets,4,nn,U5aQJe-592-437270-129013-295308-406364-103913-497087,8.375973,4.731937730527305,140.50749992020428
burst_length_packets,4,lpc,HxFzMp-357-24999-343332-90733-489807-316694-345238,11.168715,4.726131611603753,14.06704995315522
burst_length_packets,4,nn,HxFzMp-357-24999-343332-90733-489807-316694-345238,10.008293,4.726770903195144,154.72879994194955
burst_length_packets,4,lpc,9kbanp-261-50416-108056-469001-231167-334074-209061,3.5263646,4.728681745517873,13.630799949169159
burst_length_packets,4,nn,9kbanp-261-50416-108056-469001-231167-334074-209061,7.0610905,4.7317423022519325,143.66555004380643
burst_length_packets,4,lpc,rqqrUf-476-372299-90733-207508-318838-254913-53278,0.19938098,4.731654410294011,11.515549966134131
burst_length_packets,4,nn,rqqrUf-476-372299-90733-207508-318838-254913-53278,0.33569667,4.731675643237205,141.0381500609219
burst_length_packets,4,lpc,ie6iSp-097-407790-253414-334074-464643-167361-80351,5.267954,4.732023738633032,12.749499990604818
burst_length_packets,4,nn,ie6iSp-097-407790-253414-334074-464643-167361-80351,6.2460623,4.73188859267037,146.41635003499687
burst_length_packets,4,lpc,FiS63i-513-129107-287427-185152-454791-121010-285778,-0.00036992625,4.601241213673182,11.509599979035556
burst_length_packets,4,nn,FiS63i-513-129107-287427-185152-454791-121010-285778,-0.031404752,4.603061445540712,147.44294993579388
burst_length_packets,4,lpc,BBcZPi-501-456735-480197-495997-497448-326140-134118,-0.00031297264,4.730375830001689,12.250200030393898
burst_length_packets,4,nn,BBcZPi-501-456735-480197-495997-497448-326140-134118,-0.09196221,4.7304023204140275,158.28970016445965
burst_length_packets,4,lpc,5OQdwp-063-348077-460359-16661-112031-224170-197606,12.099108,4.731282982440012,14.168349909596145
burst_length_packets,4,nn,5OQdwp-063-348077-460359-16661-112031-224170-197606,8.278049,4.730658768137603,143.73764989431947
burst_length_packets,4,lpc,riuiap-287-319764-286732-35325-55646-391852-1246,0.23019524,4.723897116504995,11.64120004978031
burst_length_packets,4,nn,riuiap-287-319764-286732-35325-55646-391852-1246,0.42397976,4.723168934450483,157.97309996560216
burst_length_packets,4,lpc,6TUCvp-352-108130-78807-55646-250174-386302-414547,0.061872452,4.605589849252381,13.955000089481473
burst_length_packets,4,nn,6TUCvp-352-108130-78807-55646-250174-386302-414547,2.4357634,4.644587233172073,191.44650001544505
burst_length_packets,4,lpc,KIklei-503-156368-5054-151331-161307-380077-177809,0.46544716,4.717537002513968,13.096199952997267
burst_length_packets,4,nn,KIklei-503-156368-5054-151331-161307-380077-177809,0.2610854,4.721485631790754,150.05059994291514
burst_length_packets,4,lpc,zVlcap-263-274542-472051-376372-248785-476225-35325,-0.688069,4.73210124977839,12.55595008842647
burst_length_packets,4,nn,zVlcap-263-274542-472051-376372-248785-476225-35325,-9.121952,4.732101138380402,147.30074990075082
burst_length_packets,4,lpc,BLAVyp-401-374393-353502-276516-464643-247007-280816,-7.558768e-05,4.732093335629008,14.190349960699677
burst_length_packets,4,nn,BLAVyp-401-374393-353502-276516-464643-247007-280816,-0.0054967385,4.7320933388989,138.47320002969354
burst_length_packets,4,lpc,5Lu6ui-514-135410-151381-124082-173176-644-324310,-0.0424948,4.595049254258994,14.277099980972707
burst_length_packets,4,nn,5Lu6ui-514-135410-151381-124082-173176-644-324310,-0.008904576,4.595535401934283,146.72964997589588
burst_length_packets,4,lpc,lzFhsp-134-377273-280816-60681-369034-268009-11995,3.2873912,4.715843491097511,14.138750033453107
burst_length_packets,4,nn,lzFhsp-134-377273-280816-60681-369034-268009-11995,4.661836,4.72772893213874,136.38665014877915
burst_length_packets,4,lpc,nSu3Cp-366-41411-362672-285778-222370-421926-202035,12.408068,4.731768211732245,13.73105007223785
burst_length_packets,4,nn,nSu3Cp-366-41411-362672-285778-222370-421926-202035,14.108721,4.731970032140405,189.40359994303435
burst_length_packets,4,lpc,cUyODs-564-324456-286869-479691-123056-485468-274323,6.976421,4.731572129668516,14.636099920608103
burst_length_packets,4,nn,cUyODs-564-324456-286869-479691-123056-485468-274323,6.442026,4.731540888541067,148.6658500507474
burst_length_packets,4,lpc,TkK5fp-380-229618-476225-311495-339484-11995-7708,4.4390926,4.731421558417816,12.787000043317676
burst_length_packets,4,nn,TkK5fp-380-229618-476225-311495-339484-11995-7708,4.3374968,4.731465788096173,149.9001500196755
burst_length_packets,4,lpc,AHwsQs-538-108297-304214-140209-237079-426805-448869,-1.679343,4.732101251744842,12.13569997344166
burst_length_packets,4,nn,AHwsQs-538-108297-304214-140209-237079-426805-448869,-1.8859988,4.7321012529077,142.17065006960183
burst_length_packets,4,lpc,RkoxIi-499-395609-17243-276516-68344-191485-476225,-0.057579465,4.731904742481857,14.54510004259646
burst_length_packets,4,nn,RkoxIi-499-395609-17243-276516-68344-191485-476225,0.05877427,4.7319186440946375,143.8793499255553
burst_length_packets,4,lpc,YLEXwp-335-240298-183720-447487-129636-202035-44660,-0.39207685,4.7314594174822915,13.524750131182373
burst_length_packets,4,nn,YLEXwp-335-240298-183720-447487-129636-202035-44660,-0.4284108,4.731492032974215,153.7659999448806
burst_length_packets,4,lpc,rn9v1e-583-369034-383770-175927-399756-390385-383479,7.9731517,4.7316790216365465,13.142300071194768
burst_length_packets,4,nn,rn9v1e-583-369034-383770-175927-399756-390385-383479,9.352854,4.731975276155753,160.46159993857145
burst_length_packets,4,lpc,SSYQ1w-650-275802-13671-144360-112336-104867-157595,2.2751656,4.732089576239348,14.2236000392586
burst_length_packets,4,nn,SSYQ1w-650-275802-13671-144360-112336-104867-157595,1.2489523,4.732100473075482,142.9372999118641
burst_length_packets,4,lpc,4fsgkp-253-311495-209061-229618-287427-276516-38459,5.092717,4.73098161868114,14.196750125847757
burst_length_packets,4,nn,4fsgkp-253-311495-209061-229618-287427-276516-38459,3.487434,4.7318323470762085,128.18180001340806
burst_length_packets,4,lpc,44Zbvs-567-179462-358526-13671-355104-116061-343332,0.86225426,4.730129488966005,12.92164996266365
burst_length_packets,4,nn,44Zbvs-567-179462-358526-13671-355104-116061-343332,2.3179653,4.730883123655568,154.09440000075847
burst_length_packets,4,lpc,cmHjrf-493-348077-309854-224170-458554-202179-472051,3.0362935,4.729092052385592,14.410000061616302
burst_length_packets,4,nn,cmHjrf-493-348077-309854-224170-458554-202179-472051,-0.99318564,4.731917248183359,140.10395004879683
burst_length_packets,4,lpc,zQSXvp-215-498788-407950-152419-25062-51581-3467,5.2548814,4.722272645603896,11.772600119002163
burst_length_packets,4,nn,zQSXvp-215-498788-407950-152419-25062-51581-3467,3.93348,4.730275303827306,157.6766500947997
burst_length_packets,4,lpc,l3Lvae-611-211084-218396-212842-198509-334833-311379,4.9937634,4.690369318872962,12.063549947924912
burst_length_packets,4,nn,l3Lvae-611-211084-218396-212842-198509-334833-311379,5.083086,4.72556112511977,145.38805012125522
burst_length_packets,4,lpc,LIJKja-026-447487-148409-188815-38506-78427-479691,0.501967,4.730013516320026,12.170650064945221
burst_length_packets,4,nn,LIJKja-026-447487-148409-188815-38506-78427-479691,1.3669668,4.730480793690754,131.8857999285683
burst_length_packets,4,lpc,tztd5w-640-23535-348077-410307-64116-151381-134118,-0.618912,4.732101252081918,11.54384994879365
burst_length_packets,4,nn,tztd5w-640-23535-348077-410307-64116-151381-134118,-0.2655791,4.732101252191928,149.24379996955395
burst_length_packets,4,lpc,TypO9p-362-82313-390793-365346-50416-310105-275395,10.396116,4.7320965353894895,12.261350057087839
burst_length_packets,4,nn,TypO9p-362-82313-390793-365346-50416-310105-275395,12.837294,4.732101007666845,147.33399997930974
burst_length_packets,4,lpc,3hvoVa-051-2307-202921-218396-175927-14787-464643,2.3721216,4.722193303824692,11.988000012934208
burst_length_packets,4,nn,3hvoVa-051-2307-202921-218396-175927-14787-464643,2.8989317,4.731748907118133,153.79524987656623
burst_length_packets,4,lpc,9hvMUf-482-498788-113105-17243-63022-21827-338584,0.1999338,4.7317227316423836,13.59359989874065
burst_length_packets,4,nn,9hvMUf-482-498788-113105-17243-63022-21827-338584,-1.5800809,4.7319157242263525,141.24420005828142
burst_length_packets,4,lpc,lDN6of-450-91840-427818-353502-327883-210172-489807,0.2597816,4.704308007608626,11.198499938473105
burst_length_packets,4,nn,lDN6of-450-91840-427818-353502-327883-210172-489807,-0.35224167,4.7112690598435485,140.0116499280557
burst_length_packets,4,lpc,8b8sWp-275-88756-348733-183720-134118-226233-129107,16.163963,4.732101253038509,11.751599959097803
burst_length_packets,4,nn,8b8sWp-275-88756-348733-183720-134118-226233-129107,7.0293484,4.732101021431896,135.16704994253814
burst_length_packets,4,lpc,noHubp-343-163645-17243-410906-219243-161307-221798,1.7832527,4.701309204692707,11.895450064912438
burst_length_packets,4,nn,noHubp-343-163645-17243-410906-219243-161307-221798,1.1749451,4.707948516715625,151.66714997030795
burst_length_packets,4,lpc,G50hup-092-363552-123056-229618-481410-299323-332402,0.21433377,4.732100164472211,12.067449977621436
burst_length_packets,4,nn,G50hup-092-363552-123056-229618-481410-299323-332402,-2.232463,4.732100693327043,144.22579994425178
burst_length_packets,4,lpc,FPRIpe-578-474864-126584-425422-304828-148409-10737,0.8079927,4.731610349573303,14.642099966295063
burst_length_packets,4,nn,FPRIpe-578-474864-126584-425422-304828-148409-10737,5.960333,4.731806990058683,144.89314996171743
burst_length_packets,4,lpc,1zDUvp-298-108297-119460-56896-348770-68221-98443,7.551506,4.731634950525661,12.8069999627769
burst_length_packets,4,nn,1zDUvp-298-108297-119460-56896-348770-68221-98443,11.184612,4.732090785457901,135.86699997540563
burst_length_packets,4,lpc,WVKBPa-017-469001-13769-309009-430207-5054-14754,8.907117,4.731799409414828,11.546800029464066
burst_length_packets,4,nn,WVKBPa-017-469001-13769-309009-430207-5054-14754,5.4634814,4.732077625990952,141.15935005247593
burst_length_packets,4,lpc,fdXdMp-313-165684-111916-348770-380077-145384-347380,0.19444764,4.7321012530423685,14.077850035391748
burst_length_packets,4,nn,fdXdMp-313-165684-111916-348770-380077-145384-347380,-13.080253,4.732101253041856,152.22439996432513
burst_length_packets,4,lpc,rkSMcp-349-162269-339484-74769-12865-363552-41411,0.099368654,4.73088426090815,11.612200061790645
burst_length_packets,4,nn,rkSMcp-349-162269-339484-74769-12865-363552-41411,-0.15242924,4.731776116212824,146.13610005471855
burst_length_packets,4,lpc,avuTLe-585-474206-355130-317191-361413-333474-248785,0.19291668,4.7104687261962095,11.727400007657707
burst_length_packets,4,nn,avuTLe-585-474206-355130-317191-361413-333474-248785,0.5818192,4.714214070917441,143.92055000644177
burst_length_packets,4,lpc,1Q0zzp-067-496080-227228-300626-311379-247007-1214,13.494596,4.731766892223229,11.834000004455447
burst_length_packets,4,nn,1Q0zzp-067-496080-227228-300626-311379-247007-1214,13.897791,4.73180768725295,172.10045014508069
burst_length_packets,4,lpc,k2rvsa-021-181149-117176-94351-2985-340579-209061,0.91126144,4.731802078939488,12.684150016866624
burst_length_packets,4,nn,k2rvsa-021-181149-117176-94351-2985-340579-209061,1.421683,4.731920056294827,144.93065001443028
burst_length_packets,4,lpc,DmpOYi-525-91230-450251-209608-292323-92870-38506,1.7738663,4.727382101819471,13.459749869070947
burst_length_packets,4,nn,DmpOYi-525-91230-450251-209608-292323-92870-38506,2.4650757,4.727051958527962,145.6671500345692
burst_length_packets,4,lpc,cZ9D6w-670-134118-41411-423587-125189-84055-98443,-1.6477115,4.732020860501354,13.713450054638088
burst_length_packets,4,nn,cZ9D6w-670-134118-41411-423587-125189-84055-98443,-1.6025267,4.732020968725939,134.71429992932826
burst_length_packets,4,lpc,wD39yw-617-350336-91230-365075-384274-339484-27577,2.434617,4.715216891162518,12.184899998828769
burst_length_packets,4,nn,wD39yw-617-350336-91230-365075-384274-339484-27577,2.856916,4.720022704355454,150.30549990478903
burst_length_packets,4,lpc,jFujMp-258-2985-422977-276516-270302-316694-390385,11.465798,4.7320399528359784,11.458099936135113
burst_length_packets,4,nn,jFujMp-258-2985-422977-276516-270302-316694-390385,10.820727,4.732056769736225,151.60460001789033
burst_length_packets,4,lpc,ainjFp-098-145384-88756-289593-274542-488804-292564,4.55791,4.726530508932299,12.121450039558113
burst_length_packets,4,nn,ainjFp-098-145384-88756-289593-274542-488804-292564,4.6997166,4.726848592339954,139.64894996024668
burst_length_packets,4,lpc,rllgnp-282-21827-2985-183720-67455-409746-330730,-0.062421605,4.732101221327001,14.302449999377131
burst_length_packets,4,nn,rllgnp-282-21827-2985-183720-67455-409746-330730,-0.34498549,4.732101225577831,145.94770001713187
burst_length_packets,4,lpc,ck2Uxp-081-495997-135873-82313-377039-373629-268363,9.781169,4.732100937119361,12.732800096273422
burst_length_packets,4,nn,ck2Uxp-081-495997-135873-82313-377039-373629-268363,10.746275,4.732101052135411,161.61015001125634
burst_length_packets,4,lpc,jhRr0p-088-489070-351855-386883-172725-333766-16976,5.449646,4.7320404889201715,11.260299943387508
burst_length_packets,4,nn,jhRr0p-088-489070-351855-386883-172725-333766-16976,5.9629602,4.732056568875414,145.975949941203
burst_length_packets,4,lpc,oRqMra-058-167772-480197-43889-36331-135873-265166,1.826327,4.732063754683312,12.348899967037141
burst_length_packets,4,nn,oRqMra-058-167772-480197-43889-36331-135873-265166,4.071446,4.732090827015986,156.6101999487728
burst_length_packets,4,lpc,d4LtRw-656-379354-74769-192385-202921-93885-62534,0.0015332141,4.732100972741852,11.658450006507337
burst_length_packets,4,nn,d4LtRw-656-379354-74769-192385-202921-93885-62534,-0.12642372,4.7321010291418535,142.17609993647784
burst_length_packets,4,lpc,tXap2p-281-298969-9753-281965-457067-162269-329331,2.8513005,4.730660890193132,12.425699969753623
burst_length_packets,4,nn,tXap2p-281-298969-9753-281965-457067-162269-329331,5.6432,4.73164966738862,150.13030008412898
burst_length_packets,4,lpc,IIhdup-184-282845-322947-195637-315211-10737-386302,6.7030153,4.664448285343326,11.197549989446998
burst_length_packets,4,nn,IIhdup-184-282845-322947-195637-315211-10737-386302,6.9057913,4.66739172906191,148.40870001353323
burst_length_packets,4,lpc,Q1VJ4p-396-67099-191485-442126-324310-384031-392966,3.0706441,4.732091617397808,13.965400052256882
burst_length_packets,4,nn,Q1VJ4p-396-67099-191485-442126-324310-384031-392966,1.3754437,4.732096131023761,157.93375007342547
burst_length_packets,4,lpc,IJqofi-526-68304-236920-183720-152419-94351-316080,0.076916315,4.723437160059355,12.30439986102283
burst_length_packets,4,nn,IJqofi-526-68304-236920-183720-152419-94351-316080,-0.6351837,4.728561017750932,137.1377999894321
burst_length_packets,4,lpc,MJEnPs-553-484336-261033-237079-274170-257745-343308,0.43287408,4.731935849049381,12.501649907790124
burst_length_packets,4,nn,MJEnPs-553-484336-261033-237079-274170-257745-343308,1.2654221,4.731988756743702,141.85450004879385
burst_length_packets,4,lpc,oK9Hxs-550-7708-104867-460359-299323-420765-264795,9.704152,4.731713820759635,12.013799976557493
burst_length_packets,4,nn,oK9Hxs-550-7708-104867-460359-299323-420765-264795,9.468552,4.7317280417272425,135.6141499709338
burst_length_packets,4,lpc,ItvEYp-187-347380-151331-160943-343502-92870-286732,-0.58827347,4.732042494146329,11.707550031132996
burst_length_packets,4,nn,ItvEYp-187-347380-151331-160943-343502-92870-286732,0.027167594,4.731978418442386,142.39870011806488
burst_length_packets,8,lpc,9f3Qjw-657-129013-78427-348770-228203-60643-7188,-0.33397597,4.725944920957966,24.675400112755597
burst_length_packets,8,nn,9f3Qjw-657-129013-78427-348770-228203-60643-7188,-0.54718804,4.726275296338787,287.2826501261443
burst_length_packets,8,lpc,i0Ocoe-610-395609-211084-211212-108056-187519-202035,0.66933507,4.6261242176003226,19.68494988977909
burst_length_packets,8,nn,i0Ocoe-610-395609-211084-211212-108056-187519-202035,1.9105614,4.650935803334127,276.104349992238
burst_length_packets,8,lpc,Th8NDe-613-23535-495997-395609-270487-329331-383770,0.546255,4.644561887839403,21.150600048713386
burst_length_packets,8,nn,Th8NDe-613-23535-495997-395609-270487-329331-383770,1.4561477,4.657349517614827,302.940099965781
burst_length_packets,8,lpc,ui9aDp-122-292323-379538-386883-287427-306759-88721,0.1392512,4.705558433251344,20.38655010983348
burst_length_packets,8,nn,ui9aDp-122-292323-379538-386883-287427-306759-88721,-1.155509,4.722242133126803,331.3077499624342
burst_length_packets,8,lpc,DLZvmp-426-78108-128329-469130-165684-261033-84004,3.3377984,4.732081416239463,24.18870001565665
burst_length_packets,8,nn,DLZvmp-426-78108-128329-469130-165684-261033-84004,-0.24336405,4.731877246019805,286.3844999810681
burst_length_packets,8,lpc,amZyRf-444-7708-476924-468905-275802-405424-380077,0.29112515,4.7200199707462245,20.386399934068322
burst_length_packets,8,nn,amZyRf-444-7708-476924-468905-275802-405424-380077,-0.5714058,4.72456768461479,296.35444993618876
burst_length_packets,8,lpc,ofs2Us-561-469223-161307-229618-187519-295308-129107,2.3380332,4.728344287256764,20.47654998023063
burst_length_packets,8,nn,ofs2Us-561-469223-161307-229618-187519-295308-129107,-0.5387166,4.730322802126786,266.78305002860725
burst_length_packets,8,lpc,nQsrxi-500-35788-354893-151331-437270-461984-276516,-0.0007227964,4.708323577066695,20.611549960449338
burst_length_packets,8,nn,nQsrxi-500-35788-354893-151331-437270-461984-276516,-0.13553043,4.713826650812948,301.6427999828011
burst_length_packets,8,lpc,YuwChp-152-8651-147603-379354-29563-62919-345238,1.0354375e-05,4.732100990778971,20.918500027619302
burst_length_packets,8,nn,YuwChp-152-8651-147603-379354-29563-62919-345238,-0.06874532,4.732100966154503,342.2747498843819
burst_length_packets,8,lpc,fiBRvp-155-14754-379538-407950-108056-495971-270302,1.0045995,4.730831316008856,20.38624999113381
burst_length_packets,8,nn,fiBRvp-155-14754-379538-407950-108056-495971-270302,0.3525503,4.730788109481544,292.8610499948263
burst_length_packets,8,lpc,rpdA0p-089-193291-347380-224170-426805-310105-489070,2.5645268,4.6898241421488365,24.95084994006902
burst_length_packets,8,nn,rpdA0p-089-193291-347380-224170-426805-310105-489070,2.984291,4.694212195148664,286.8476000148803
burst_length_packets,8,lpc,JCRPTw-618-129107-479691-343332-355104-157595-129013,-0.65096015,4.685746818867374,22.294900030829012
burst_length_packets,8,nn,JCRPTw-618-129107-479691-343332-355104-157595-129013,-0.47574294,4.686893954995968,290.3051999164745
burst_length_packets,8,lpc,DfzVIp-175-379354-103913-25062-384031-343308-295308,-0.7822612,4.702906410406969,21.00309997331351
burst_length_packets,8,nn,DfzVIp-175-379354-103913-25062-384031-343308-295308,-0.8129227,4.707330517398789,289.79929990600795
burst_length_packets,8,lpc,PBDVAf-465-366971-117533-197606-160943-60681-25579,9.955551,4.721873755829625,20.046800025738776
burst_length_packets,8,nn,PBDVAf-465-366971-117533-197606-160943-60681-25579,4.271642,4.690341309123385,314.6482000593096
burst_length_packets,8,lpc,BNXFqp-404-184495-450557-10737-129636-497448-379538,-0.53373563,4.695717083589193,21.887200069613755
burst_length_packets,8,nn,BNXFqp-404-184495-450557-10737-129636-497448-379538,-0.60808015,4.697789147936659,291.76605003885925
burst_length_packets,8,lpc,f2JFMw-634-136860-113105-22031-310105-248646-32125,0.09666573,4.729623997134544,21.846349933184683
burst_length_packets,8,nn,f2JFMw-634-136860-113105-22031-310105-248646-32125,-0.16481651,4.7295026512907,276.48664987646043
burst_length_packets,8,lpc,cedJli-522-192385-152140-262731-156368-123704-333757,-0.012123515,4.352429494081251,20.30744997318834
burst_length_packets,8,nn,cedJli-522-192385-152140-262731-156368-123704-333757,0.5891968,4.404691426612027,308.070799917914
burst_length_packets,8,lpc,Q4PCSi-506-317415-237079-78108-78427-235375-285778,1.935345,3.664404992554866,20.95204987563193
burst_length_packets,8,nn,Q4PCSi-506-317415-237079-78108-78427-235375-285778,2.7445042,4.57748522593584,293.50419994443655
burst_length_packets,8,lpc,CrjLKf-468-374393-49022-14754-240504-316080-236920,0.5165155,4.72792902389129,20.851050037890673
burst_length_packets,8,nn,CrjLKf-468-374393-49022-14754-240504-316080-236920,1.9451106,4.729995117545217,289.10200006794184
burst_length_packets,8,lpc,m5rDOp-062-377273-156368-185152-188815-186260-486330,7.0324497,4.732101070013597,24.772950098849833
burst_length_packets,8,nn,m5rDOp-062-377273-156368-185152-188815-186260-486330,7.2727447,4.732101169939174,296.60175007302314
burst_length_packets,8,lpc,0mk6rp-310-146145-90733-51581-27791-50416-437215,-0.0070010643,4.731993246443441,21.90044999588281
burst_length_packets,8,nn,0mk6rp-310-146145-90733-51581-27791-50416-437215,-0.0030369682,4.731993438489065,301.1423998977989
burst_length_packets,8,lpc,fS0Vwp-324-274170-461984-129889-218396-366126-128329,7.8338666,4.692742346026725,20.214500022120774
burst_length_packets,8,nn,fS0Vwp-324-274170-461984-129889-218396-366126-128329,10.581168,4.732006375581976,283.0813500331715
burst_length_packets,8,lpc,0Rve0i-524-469450-332402-376902-283921-64116-240504,0.49918923,4.2910014452948975,20.285499980673194
burst_length_packets,8,nn,0Rve0i-524-469450-332402-376902-283921-64116-240504,0.94496006,4.3883749323955055,289.52835011295974
burst_length_packets,8,lpc,fZg66p-070-68221-216978-377273-239730-53784-3467,0.007114364,4.732101253034457,22.688800003379583
burst_length_packets,8,nn,fZg66p-070-68221-216978-377273-239730-53784-3467,-8.539504,4.732101252541238,287.2625000309199
burst_length_packets,8,lpc,Aal0cp-183-209061-91230-492922-2757-317191-461984,3.5263538,4.665248139743872,20.104199880734086
burst_length_packets,8,nn,Aal0cp-183-209061-91230-492922-2757-317191-461984,3.6550202,4.6658029679286415,294.48345000855625
burst_length_packets,8,lpc,m8mjCs-533-485468-283456-486330-442126-2757-12865,-0.7076181,4.731221334539453,22.880750009790063
burst_length_packets,8,nn,m8mjCs-533-485468-283456-486330-442126-2757-12865,-0.28419715,4.7309366214454185,297.58030001539737
burst_length_packets,8,lpc,jM2z5p-212-362995-350336-202035-87506-239730-207508,-1.8061056,4.732101252931644,22.350399871356785
burst_length_packets,8,nn,jM2z5p-212-362995-350336-202035-87506-239730-207508,-0.77500856,4.732101253036614,280.6578000308946
burst_length_packets,8,lpc,Paqf1p-119-254913-443221-90733-163645-32125-188815,2.3050501,4.705284050082698,24.951149942353368
burst_length_packets,8,nn,Paqf1p-119-254913-443221-90733-163645-32125-188815,0.87380165,4.731806423881041,275.7340499665588
burst_length_packets,8,lpc,87hwjf-487-426805-60643-437215-160943-182650-407728,0.09161323,4.66189225354486,24.61369999218732
burst_length_packets,8,nn,87hwjf-487-426805-60643-437215-160943-182650-407728,-0.19485208,4.667414255948943,282.2891999967396
burst_length_packets,8,lpc,kDEiGp-268-254920-474864-52991-170820-165168-328121,0.0,4.709236463249555,21.712849964387715
burst_length_packets,8,nn,kDEiGp-268-254920-474864-52991-170820-165168-328121,-7.532882e-05,4.7092364052299684,304.5231499709189
burst_length_packets,8,lpc,Mtnx5i-515-495971-279778-348676-11995-306560-418034,-0.000115452945,4.638163728728852,20.356799941509962
burst_length_packets,8,nn,Mtnx5i-515-495971-279778-348676-11995-306560-418034,0.020473544,4.638411238151969,301.32025002967566
burst_length_packets,8,lpc,3EBeof-459-212842-454791-192385-495971-180085-113105,0.03440405,4.704609728085318,24.615149945020676
burst_length_packets,8,nn,3EBeof-459-212842-454791-192385-495971-180085-113105,0.055190317,4.704833442444139,341.1769000813365
burst_length_packets,8,lpc,7j8l2a-034-50416-4800-287427-123375-143976-264357,0.21666995,4.68250091533884,26.389849954284728
burst_length_packets,8,nn,7j8l2a-034-50416-4800-287427-123375-143976-264357,0.8842318,4.686915989843909,398.62574997823685
burst_length_packets,8,lpc,9Mkadp-302-273892-209608-109841-324591-494783-498752,-0.6198745,4.6821817883139065,21.497800014913082
burst_length_packets,8,nn,9Mkadp-302-273892-209608-109841-324591-494783-498752,-0.80265284,4.693141368200257,729.6134500065818
burst_length_packets,8,lpc,u3JmNp-105-377036-373629-177809-287789-419538-221798,0.52613163,4.7255758386303945,25.188550003804266
burst_length_packets,8,nn,u3JmNp-105-377036-373629-177809-287789-419538-221798,3.4823382,4.729106376284912,717.8672500886023
burst_length_packets,8,lpc,PiKSIp-112-109021-465867-125189-123174-211212-334242,6.1434655,4.72547817501747,27.915499871596694
burst_length_packets,8,nn,PiKSIp-112-109021-465867-125189-123174-211212-334242,6.3200693,4.731314203954373,539.8622999200597
burst_length_packets,8,lpc,9a98Kf-464-298969-472051-292323-179462-78575-496080,0.07445741,4.303658417624957,24.628450046293437
burst_length_packets,8,nn,9a98Kf-464-298969-472051-292323-179462-78575-496080,0.10724158,4.31659966960706,382.5291000539437
burst_length_packets,8,lpc,vAlA7f-458-390385-16661-177809-112031-325632-365075,1.7825246,4.731795360596294,23.535249987617135
burst_length_packets,8,nn,vAlA7f-458-390385-16661-177809-112031-325632-365075,1.8937315,4.731969854850037,390.1801500469446
burst_length_packets,8,lpc,U5aQJe-592-437270-129013-295308-406364-103913-497087,3.697345,4.705016727401398,34.385150065645576
burst_length_packets,8,nn,U5aQJe-592-437270-129013-295308-406364-103913-497087,4.171173,4.718619789868333,446.7609499115497
burst_length_packets,8,lpc,HxFzMp-357-24999-343332-90733-489807-316694-345238,6.763399,4.66262826648364,27.11974992416799
burst_length_packets,8,nn,HxFzMp-357-24999-343332-90733-489807-316694-345238,2.8455276,4.658499707769137,493.88169997837394
burst_length_packets,8,lpc,9kbanp-261-50416-108056-469001-231167-334074-209061,1.9943334,4.721578979077659,28.225200017914176
burst_length_packets,8,nn,9kbanp-261-50416-108056-469001-231167-334074-209061,3.9137726,4.730357052648927,515.4460000339895
burst_length_packets,8,lpc,rqqrUf-476-372299-90733-207508-318838-254913-53278,0.07278834,4.731001772879233,21.501700044609606
burst_length_packets,8,nn,rqqrUf-476-372299-90733-207508-318838-254913-53278,0.13916397,4.731022229004525,434.49805001728237
burst_length_packets,8,lpc,ie6iSp-097-407790-253414-334074-464643-167361-80351,3.399577,4.729385429495141,26.18869999423623
burst_length_packets,8,nn,ie6iSp-097-407790-253414-334074-464643-167361-80351,3.5783193,4.728437128720277,409.17890006676316
burst_length_packets,8,lpc,FiS63i-513-129107-287427-185152-454791-121010-285778,-0.00014263403,4.193518603378172,24.399499990977347
burst_length_packets,8,nn,FiS63i-513-129107-287427-185152-454791-121010-285778,-0.033128574,4.19731189236032,413.10659993905574
burst_length_packets,8,lpc,BBcZPi-501-456735-480197-495997-497448-326140-134118,-0.00013849215,4.713228488338839,23.603200097568333
burst_length_packets,8,nn,BBcZPi-501-456735-480197-495997-497448-326140-134118,-0.05272752,4.71343442805887,471.9267999753356
burst_length_packets,8,lpc,5OQdwp-063-348077-460359-16661-112031-224170-197606,8.978188,4.7284371974432595,22.490649949759245
burst_length_packets,8,nn,5OQdwp-063-348077-460359-16661-112031-224170-197606,4.6083336,4.726190009712169,407.7163500478491
burst_length_packets,8,lpc,riuiap-287-319764-286732-35325-55646-391852-1246,-0.37645516,4.64371490821202,23.47384998574853
burst_length_packets,8,nn,riuiap-287-319764-286732-35325-55646-391852-1246,-0.27334982,4.640641619584713,411.5628000581637
burst_length_packets,8,lpc,6TUCvp-352-108130-78807-55646-250174-386302-414547,0.010986077,4.434993183910835,22.66934991348535
burst_length_packets,8,nn,6TUCvp-352-108130-78807-55646-250174-386302-414547,0.8377788,4.484323416378855,406.8657000316307
burst_length_packets,8,lpc,KIklei-503-156368-5054-151331-161307-380077-177809,0.01997472,4.380719886900364,22.915100096724927
burst_length_packets,8,nn,KIklei-503-156368-5054-151331-161307-380077-177809,-0.030203694,4.399742417518091,415.10984988417476
burst_length_packets,8,lpc,zVlcap-263-274542-472051-376372-248785-476225-35325,-0.22195481,4.7321010008377336,22.764549939893186
burst_length_packets,8,nn,zVlcap-263-274542-472051-376372-248785-476225-35325,-6.7017374,4.7321012529766,407.76619990356266
burst_length_packets,8,lpc,BLAVyp-401-374393-353502-276516-464643-247007-280816,-1.2942986e-06,4.712889044490437,22.155399899929762
burst_length_packets,8,nn,BLAVyp-401-374393-353502-276516-464643-247007-280816,0.00020294124,4.712889316690195,405.27874999679625
burst_length_packets,8,lpc,5Lu6ui-514-135410-151381-124082-173176-644-324310,-0.029909153,4.587309300955095,26.854500058107078
burst_length_packets,8,nn,5Lu6ui-514-135410-151381-124082-173176-644-324310,-0.008881491,4.587666996080268,439.67404996510595
burst_length_packets,8,lpc,lzFhsp-134-377273-280816-60681-369034-268009-11995,1.1000557,4.703632584606776,24.94505001232028
burst_length_packets,8,nn,lzFhsp-134-377273-280816-60681-369034-268009-11995,1.5614815,4.714621003497445,408.12765003647655
burst_length_packets,8,lpc,nSu3Cp-366-41411-362672-285778-222370-421926-202035,8.115159,4.724217292663177,23.609800031408668
burst_length_packets,8,nn,nSu3Cp-366-41411-362672-285778-222370-421926-202035,8.010946,4.725556887164579,399.9293999513611
burst_length_packets,8,lpc,cUyODs-564-324456-286869-479691-123056-485468-274323,4.739653,4.730749143041356,26.161100016906857
burst_length_packets,8,nn,cUyODs-564-324456-286869-479691-123056-485468-274323,4.5219555,4.7306442056862466,406.1754500726238
burst_length_packets,8,lpc,TkK5fp-380-229618-476225-311495-339484-11995-7708,3.1468775,4.729903953840875,23.677649907767773
burst_length_packets,8,nn,TkK5fp-380-229618-476225-311495-339484-11995-7708,2.6648383,4.729960628765763,404.3551000067964
burst_length_packets,8,lpc,AHwsQs-538-108297-304214-140209-237079-426805-448869,-0.5762095,4.732101208449436,23.421149933710694
burst_length_packets,8,nn,AHwsQs-538-108297-304214-140209-237079-426805-448869,-0.52785003,4.732101220952602,397.41499989759177
burst_length_packets,8,lpc,RkoxIi-499-395609-17243-276516-68344-191485-476225,-0.004253335,4.716568244638326,23.058800026774406
burst_length_packets,8,nn,RkoxIi-499-395609-17243-276516-68344-191485-476225,0.00888429,4.716735570431204,438.8050000416115
burst_length_packets,8,lpc,YLEXwp-335-240298-183720-447487-129636-202035-44660,-0.34897405,4.7286368488881365,26.220400002785027
burst_length_packets,8,nn,YLEXwp-335-240298-183720-447487-129636-202035-44660,-0.36028355,4.72869891831108,415.8147001871839
burst_length_packets,8,lpc,rn9v1e-583-369034-383770-175927-399756-390385-383479,3.85371,4.670776538937062,23.705899948254228
burst_length_packets,8,nn,rn9v1e-583-369034-383770-175927-399756-390385-383479,4.2719593,4.710317079048389,426.941949990578
burst_length_packets,8,lpc,SSYQ1w-650-275802-13671-144360-112336-104867-157595,0.4204787,4.731871891608762,23.240499896928668
burst_length_packets,8,nn,SSYQ1w-650-275802-13671-144360-112336-104867-157595,-0.87550336,4.73161768959527,403.5460000159219
burst_length_packets,8,lpc,4fsgkp-253-311495-209061-229618-287427-276516-38459,3.354673,4.725718931638838,23.40125013142824
burst_length_packets,8,nn,4fsgkp-253-311495-209061-229618-287427-276516-38459,0.9460132,4.732034288395591,410.26124998461455
burst_length_packets,8,lpc,44Zbvs-567-179462-358526-13671-355104-116061-343332,0.7029998,4.726939163803033,24.504399858415127
burst_length_packets,8,nn,44Zbvs-567-179462-358526-13671-355104-116061-343332,1.32215,4.7292585121788395,645.2843501465395
burst_length_packets,8,lpc,cmHjrf-493-348077-309854-224170-458554-202179-472051,0.76385665,4.697920619595383,30.892100068740547
burst_length_packets,8,nn,cmHjrf-493-348077-309854-224170-458554-202179-472051,-1.8577006,4.723149123887378,646.3642999297008
burst_length_packets,8,lpc,zQSXvp-215-498788-407950-152419-25062-51581-3467,3.260396,4.719210758798338,23.630699957720935
burst_length_packets,8,nn,zQSXvp-215-498788-407950-152419-25062-51581-3467,1.9045339,4.729817438154331,512.537500122562
burst_length_packets,8,lpc,l3Lvae-611-211084-218396-212842-198509-334833-311379,2.7248871,4.669636225920383,29.83959997072816
burst_length_packets,8,nn,l3Lvae-611-211084-218396-212842-198509-334833-311379,-0.37314788,4.690259519775145,496.3829000480473
burst_length_packets,8,lpc,LIJKja-026-447487-148409-188815-38506-78427-479691,0.26404214,4.708033731043567,25.20339994225651
burst_length_packets,8,nn,LIJKja-026-447487-148409-188815-38506-78427-479691,0.7732278,4.712079900592828,539.5947000943124
burst_length_packets,8,lpc,tztd5w-640-23535-348077-410307-64116-151381-134118,-0.38330716,4.73210125030146,32.91359997820109
burst_length_packets,8,nn,tztd5w-640-23535-348077-410307-64116-151381-134118,-0.21034586,4.7321012505613975,450.2276499988511
burst_length_packets,8,lpc,TypO9p-362-82313-390793-365346-50416-310105-275395,6.9338536,4.701558545801609,33.42224995139986
burst_length_packets,8,nn,TypO9p-362-82313-390793-365346-50416-310105-275395,9.392214,4.731328011939111,420.2319000614807
burst_length_packets,8,lpc,3hvoVa-051-2307-202921-218396-175927-14787-464643,1.6074313,4.66719785776373,30.355700058862567
burst_length_packets,8,nn,3hvoVa-051-2307-202921-218396-175927-14787-464643,-0.936788,4.730657901140834,579.8796499148011
burst_length_packets,8,lpc,9hvMUf-482-498788-113105-17243-63022-21827-338584,-0.025300983,4.660036175017449,31.627700082026422
burst_length_packets,8,nn,9hvMUf-482-498788-113105-17243-63022-21827-338584,-0.9363645,4.679584441100731,406.9247500738129
burst_length_packets,8,lpc,lDN6of-450-91840-427818-353502-327883-210172-489807,0.14190522,4.655878172635079,23.725699982605875
burst_length_packets,8,nn,lDN6of-450-91840-427818-353502-327883-210172-489807,-0.42114276,4.668887494034793,464.29155010264367
burst_length_packets,8,lpc,8b8sWp-275-88756-348733-183720-134118-226233-129107,8.042315,4.732100256723923,28.759650071151555
burst_length_packets,8,nn,8b8sWp-275-88756-348733-183720-134118-226233-129107,0.56958795,4.729831301362932,543.885949999094
burst_length_packets,8,lpc,noHubp-343-163645-17243-410906-219243-161307-221798,1.0506008,4.642839282489669,29.737550066784024
burst_length_packets,8,nn,noHubp-343-163645-17243-410906-219243-161307-221798,-0.23712227,4.656548344059901,795.7084000809118
burst_length_packets,8,lpc,G50hup-092-363552-123056-229618-481410-299323-332402,0.03952351,4.7320940379991665,33.37295004166663
burst_length_packets,8,nn,G50hup-092-363552-123056-229618-481410-299323-332402,-1.1637982,4.7320969145406675,425.89119996409863
burst_length_packets,8,lpc,FPRIpe-578-474864-126584-425422-304828-148409-10737,0.15688358,4.675143728202178,31.488250009715557
burst_length_packets,8,nn,FPRIpe-578-474864-126584-425422-304828-148409-10737,4.59722,4.698262802017332,401.4854501001537
burst_length_packets,8,lpc,1zDUvp-298-108297-119460-56896-348770-68221-98443,4.9165754,4.730143997443902,22.16029993724078
burst_length_packets,8,nn,1zDUvp-298-108297-119460-56896-348770-68221-98443,8.697058,4.7320882427026945,450.56695002131164
burst_length_packets,8,lpc,WVKBPa-017-469001-13769-309009-430207-5054-14754,6.2232494,4.725683968714741,22.328800172545016
burst_length_packets,8,nn,WVKBPa-017-469001-13769-309009-430207-5054-14754,2.482343,4.7305656733347154,423.58179995790124
burst_length_packets,8,lpc,fdXdMp-313-165684-111916-348770-380077-145384-347380,0.09840663,4.732101253042353,22.64929993543774
burst_length_packets,8,nn,fdXdMp-313-165684-111916-348770-380077-145384-347380,-11.42465,4.732101253041888,1010.6656500138342
burst_length_packets,8,lpc,rkSMcp-349-162269-339484-74769-12865-363552-41411,-0.85281086,4.58735872580052,33.38154999073595
burst_length_packets,8,nn,rkSMcp-349-162269-339484-74769-12865-363552-41411,-1.361556,4.640319218871165,565.1281999889761
burst_length_packets,8,lpc,avuTLe-585-474206-355130-317191-361413-333474-248785,0.088642225,4.680222051380946,29.449099907651544
burst_length_packets,8,nn,avuTLe-585-474206-355130-317191-361413-333474-248785,0.24583755,4.68477978418829,671.4334000134841
burst_length_packets,8,lpc,1Q0zzp-067-496080-227228-300626-311379-247007-1214,8.199076,4.724858142823059,36.18110006209463
burst_length_packets,8,nn,1Q0zzp-067-496080-227228-300626-311379-247007-1214,6.9094462,4.724428227634689,656.2895500101149
burst_length_packets,8,lpc,k2rvsa-021-181149-117176-94351-2985-340579-209061,0.535494,4.731207349501959,30.84134985692799
burst_length_packets,8,nn,k2rvsa-021-181149-117176-94351-2985-340579-209061,0.6895056,4.731447434235433,629.6321499394253
burst_length_packets,8,lpc,DmpOYi-525-91230-450251-209608-292323-92870-38506,0.2685798,4.540404470844694,28.51994999218732
burst_length_packets,8,nn,DmpOYi-525-91230-450251-209608-292323-92870-38506,-0.12681043,4.679849833773291,550.8408999303356
burst_length_packets,8,lpc,cZ9D6w-670-134118-41411-423587-125189-84055-98443,-0.7383773,4.726960650228621,28.888350003398955
burst_length_packets,8,nn,cZ9D6w-670-134118-41411-423587-125189-84055-98443,-0.78042793,4.7272378476020105,529.9148999620229
burst_length_packets,8,lpc,wD39yw-617-350336-91230-365075-384274-339484-27577,0.7520241,4.54721887918422,24.525350076146424
burst_length_packets,8,nn,wD39yw-617-350336-91230-365075-384274-339484-27577,0.74151164,4.5637742365972755,461.37540007475764
burst_length_packets,8,lpc,jFujMp-258-2985-422977-276516-270302-316694-390385,6.555086,4.732011681140701,30.13395005837083
burst_length_packets,8,nn,jFujMp-258-2985-422977-276516-270302-316694-390385,5.2807493,4.732018223447923,423.55619999580085
burst_length_packets,8,lpc,ainjFp-098-145384-88756-289593-274542-488804-292564,2.8241036,4.708840145147155,28.45979994162917
burst_length_packets,8,nn,ainjFp-098-145384-88756-289593-274542-488804-292564,2.9395127,4.7100341626367985,588.7756501324475
burst_length_packets,8,lpc,rllgnp-282-21827-2985-183720-67455-409746-330730,-0.011987235,4.7321006216493835,25.3915999783203
burst_length_packets,8,nn,rllgnp-282-21827-2985-183720-67455-409746-330730,-0.11017225,4.732100646258333,1120.6158001441509
burst_length_packets,8,lpc,ck2Uxp-081-495997-135873-82313-377039-373629-268363,5.189727,4.7320560215958665,55.17519998829812
burst_length_packets,8,nn,ck2Uxp-081-495997-135873-82313-377039-373629-268363,6.137436,4.732068243094199,454.47839982807636
burst_length_packets,8,lpc,jhRr0p-088-489070-351855-386883-172725-333766-16976,1.2358485,4.731869837825069,24.8875500401482
burst_length_packets,8,nn,jhRr0p-088-489070-351855-386883-172725-333766-16976,1.6188889,4.731916753050769,616.6131501086056
burst_length_packets,8,lpc,oRqMra-058-167772-480197-43889-36331-135873-265166,0.8230218,4.731946736449318,55.42804999276996
burst_length_packets,8,nn,oRqMra-058-167772-480197-43889-36331-135873-265166,1.7954648,4.732002002516877,662.8299999283627
burst_length_packets,8,lpc,d4LtRw-656-379354-74769-192385-202921-93885-62534,0.0013292999,4.732100891627327,29.672249918803573
burst_length_packets,8,nn,d4LtRw-656-379354-74769-192385-202921-93885-62534,-0.05401083,4.732100964079274,663.6908501386642
burst_length_packets,8,lpc,tXap2p-281-298969-9753-281965-457067-162269-329331,1.6693903,4.726925492851615,32.47414994984865
burst_length_packets,8,nn,tXap2p-281-298969-9753-281965-457067-162269-329331,2.7546427,4.728762552153661,855.564049910754
burst_length_packets,8,lpc,IIhdup-184-282845-322947-195637-315211-10737-386302,3.993498,4.590396688969518,24.36949999537319
burst_length_packets,8,nn,IIhdup-184-282845-322947-195637-315211-10737-386302,4.0063105,4.590588039247033,445.00340009108186
burst_length_packets,8,lpc,Q1VJ4p-396-67099-191485-442126-324310-384031-392966,2.0470939,4.73209368149068,24.195399950258434
burst_length_packets,8,nn,Q1VJ4p-396-67099-191485-442126-324310-384031-392966,0.42698443,4.73209655646219,444.41155006643385
burst_length_packets,8,lpc,IJqofi-526-68304-236920-183720-152419-94351-316080,0.01922483,4.538832773139651,23.603799985721707
burst_length_packets,8,nn,IJqofi-526-68304-236920-183720-152419-94351-316080,-0.18207687,4.567994484554045,465.36819997709244
burst_length_packets,8,lpc,MJEnPs-553-484336-261033-237079-274170-257745-343308,0.3064882,4.731692683534801,33.57590001542121
burst_length_packets,8,nn,MJEnPs-553-484336-261033-237079-274170-257745-343308,0.7879284,4.731802110300945,514.1057500150055
burst_length_packets,8,lpc,oK9Hxs-550-7708-104867-460359-299323-420765-264795,7.396638,4.730772389064806,28.844399843364954
burst_length_packets,8,nn,oK9Hxs-550-7708-104867-460359-299323-420765-264795,7.735717,4.731036127885773,603.2257500337437
burst_length_packets,8,lpc,ItvEYp-187-347380-151331-160943-343502-92870-286732,-0.29053774,4.7149401939791495,38.99570007342845
burst_length_packets,8,nn,ItvEYp-187-347380-151331-160943-343502-92870-286732,0.029090336,4.708892523012629,551.7280999338254
burst_length_packets,16,lpc,9f3Qjw-657-129013-78427-348770-228203-60643-7188,-0.28237823,4.720674068212633,41.80725000333041
burst_length_packets,16,nn,9f3Qjw-657-129013-78427-348770-228203-60643-7188,-0.5839086,4.721136160195192,885.2370000677183
burst_length_packets,16,lpc,i0Ocoe-610-395609-211084-211212-108056-187519-202035,0.36091834,4.476784878007112,40.738350129686296
burst_length_packets,16,nn,i0Ocoe-610-395609-211084-211212-108056-187519-202035,1.183021,4.515097854190548,811.6760000120848
burst_length_packets,16,lpc,Th8NDe-613-23535-495997-395609-270487-329331-383770,0.25956118,4.53946470174972,38.63794996868819
burst_length_packets,16,nn,Th8NDe-613-23535-495997-395609-270487-329331-383770,0.7251087,4.552502209363817,1786.9722000323236
burst_length_packets,16,lpc,ui9aDp-122-292323-379538-386883-287427-306759-88721,0.059896775,4.559633432731427,58.5358499083668
burst_length_packets,16,nn,ui9aDp-122-292323-379538-386883-287427-306759-88721,-0.5612354,4.599113354013415,1549.8656000709161
burst_length_packets,16,lpc,DLZvmp-426-78108-128329-469130-165684-261033-84004,0.08736171,4.710510242890312,55.983950034715235
burst_length_packets,16,nn,DLZvmp-426-78108-128329-469130-165684-261033-84004,-0.15306818,4.7130106676124255,790.7262000953779
burst_length_packets,16,lpc,amZyRf-444-7708-476924-468905-275802-405424-380077,0.15294142,4.676428863918089,38.26049994677305
burst_length_packets,16,nn,amZyRf-444-7708-476924-468905-275802-405424-380077,-0.28624496,4.691664987043614,746.1198001401499
burst_length_packets,16,lpc,ofs2Us-561-469223-161307-229618-187519-295308-129107,1.0448344,4.6890129298516765,39.79045001324266
burst_length_packets,16,nn,ofs2Us-561-469223-161307-229618-187519-295308-129107,-5.264535,4.641458491727185,738.8721498427913
burst_length_packets,16,lpc,nQsrxi-500-35788-354893-151331-437270-461984-276516,-0.00040927643,4.587800774902876,38.33309991750866
burst_length_packets,16,nn,nQsrxi-500-35788-354893-151331-437270-461984-276516,-0.5599822,4.668982757191719,787.7180998912081
burst_length_packets,16,lpc,YuwChp-152-8651-147603-379354-29563-62919-345238,0.0,4.698466257142197,37.99749992322177
burst_length_packets,16,nn,YuwChp-152-8651-147603-379354-29563-62919-345238,-0.0002454059,4.695440724206795,742.2421498922631
burst_length_packets,16,lpc,fiBRvp-155-14754-379538-407950-108056-495971-270302,0.4456295,4.726522618315717,39.52889994252473
burst_length_packets,16,nn,fiBRvp-155-14754-379538-407950-108056-495971-270302,0.14931932,4.726437476377184,740.8054498955607
burst_length_packets,16,lpc,rpdA0p-089-193291-347380-224170-426805-310105-489070,0.85350776,4.625891731226592,38.93239994067699
burst_length_packets,16,nn,rpdA0p-089-193291-347380-224170-426805-310105-489070,1.8689115,4.635259599061914,847.4664501845837
burst_length_packets,16,lpc,JCRPTw-618-129107-479691-343332-355104-157595-129013,-0.32297057,4.601026360489614,38.05949992965907
burst_length_packets,16,nn,JCRPTw-618-129107-479691-343332-355104-157595-129013,-0.26076195,4.602912796196117,756.5361000597477
burst_length_packets,16,lpc,DfzVIp-175-379354-103913-25062-384031-343308-295308,-0.884301,4.6425824211464635,39.44299998693168
burst_length_packets,16,nn,DfzVIp-175-379354-103913-25062-384031-343308-295308,-0.868876,4.653976189250125,749.8501499649137
burst_length_packets,16,lpc,PBDVAf-465-366971-117533-197606-160943-60681-25579,5.472823,4.70362925174576,38.96140004508197
burst_length_packets,16,nn,PBDVAf-465-366971-117533-197606-160943-60681-25579,2.7435637,4.6676790354700906,741.8678500689566
burst_length_packets,16,lpc,BNXFqp-404-184495-450557-10737-129636-497448-379538,-0.35831106,4.660607364225115,58.33370005711913
burst_length_packets,16,nn,BNXFqp-404-184495-450557-10737-129636-497448-379538,-0.42370138,4.663742869891491,750.2270000986755
burst_length_packets,16,lpc,f2JFMw-634-136860-113105-22031-310105-248646-32125,0.030793756,4.718506068077195,41.153250145725906
burst_length_packets,16,nn,f2JFMw-634-136860-113105-22031-310105-248646-32125,-0.08532213,4.718160453533953,755.3522000089288
burst_length_packets,16,lpc,cedJli-522-192385-152140-262731-156368-123704-333757,-0.006628239,3.979439202174434,39.644100004807115
burst_length_packets,16,nn,cedJli-522-192385-152140-262731-156368-123704-333757,0.7041877,4.14020373920364,731.6263500833884
burst_length_packets,16,lpc,Q4PCSi-506-317415-237079-78108-78427-235375-285778,1.5586998,3.46936167494888,38.64865005016327
burst_length_packets,16,nn,Q4PCSi-506-317415-237079-78108-78427-235375-285778,-0.29736575,4.55948141850728,796.6552000725642
burst_length_packets,16,lpc,CrjLKf-468-374393-49022-14754-240504-316080-236920,0.505827,4.727511186134304,39.6702999714762
burst_length_packets,16,nn,CrjLKf-468-374393-49022-14754-240504-316080-236920,1.7768924,4.729840095475565,747.6799000287428
burst_length_packets,16,lpc,m5rDOp-062-377273-156368-185152-188815-186260-486330,6.2233334,4.732101082499012,36.989649990573525
burst_length_packets,16,nn,m5rDOp-062-377273-156368-185152-188815-186260-486330,6.1894855,4.732101186525737,735.7257500989363
burst_length_packets,16,lpc,0mk6rp-310-146145-90733-51581-27791-50416-437215,-7.765797e-06,4.547378146304167,40.51500000059605
burst_length_packets,16,nn,0mk6rp-310-146145-90733-51581-27791-50416-437215,-4.3747503e-05,4.5385719522388275,742.4857999430969
burst_length_packets,16,lpc,fS0Vwp-324-274170-461984-129889-218396-366126-128329,5.3339567,4.515908418636659,42.27470001205802
burst_length_packets,16,nn,fS0Vwp-324-274170-461984-129889-218396-366126-128329,9.360171,4.718612120527624,1026.8337500747293
burst_length_packets,16,lpc,0Rve0i-524-469450-332402-376902-283921-64116-240504,0.20253122,3.673268083018506,58.38390009012073
burst_length_packets,16,nn,0Rve0i-524-469450-332402-376902-283921-64116-240504,0.63375354,3.761840004956108,950.4970500711352
burst_length_packets,16,lpc,fZg66p-070-68221-216978-377273-239730-53784-3467,0.0035588976,4.732101253011958,54.49274997226894
burst_length_packets,16,nn,fZg66p-070-68221-216978-377273-239730-53784-3467,-7.6606846,4.732101251913209,761.7725000018254
burst_length_packets,16,lpc,Aal0cp-183-209061-91230-492922-2757-317191-461984,1.5940644,4.564238751958962,39.27774983458221
burst_length_packets,16,nn,Aal0cp-183-209061-91230-492922-2757-317191-461984,1.6616116,4.564370652951721,755.2016000263393
burst_length_packets,16,lpc,m8mjCs-533-485468-283456-486330-442126-2757-12865,-0.04610212,4.391972810021454,40.948850102722645
burst_length_packets,16,nn,m8mjCs-533-485468-283456-486330-442126-2757-12865,0.013532787,4.389940053497937,730.5869999108836
burst_length_packets,16,lpc,jM2z5p-212-362995-350336-202035-87506-239730-207508,-0.00058635673,4.7229497960600515,40.74740002397448
burst_length_packets,16,nn,jM2z5p-212-362995-350336-202035-87506-239730-207508,-0.00018586522,4.722948314232012,767.3866499681026
burst_length_packets,16,lpc,Paqf1p-119-254913-443221-90733-163645-32125-188815,0.8055944,4.619357799408734,40.54975009057671
burst_length_packets,16,nn,Paqf1p-119-254913-443221-90733-163645-32125-188815,-0.3368658,4.6926021403716724,746.5498499805108
burst_length_packets,16,lpc,87hwjf-487-426805-60643-437215-160943-182650-407728,0.058560252,4.596407668001552,39.49829994235188
burst_length_packets,16,nn,87hwjf-487-426805-60643-437215-160943-182650-407728,-0.08070414,4.607691202615589,730.530200060457
burst_length_packets,16,lpc,kDEiGp-268-254920-474864-52991-170820-165168-328121,0.0,4.680012953273964,40.968499961309135
burst_length_packets,16,nn,kDEiGp-268-254920-474864-52991-170820-165168-328121,-3.1580996e-05,4.680012907854967,732.3472000425681
burst_length_packets,16,lpc,Mtnx5i-515-495971-279778-348676-11995-306560-418034,-7.196359e-05,4.464056439339272,37.12064994033426
burst_length_packets,16,nn,Mtnx5i-515-495971-279778-348676-11995-306560-418034,0.012356415,4.4642330040968705,721.7656000284478
burst_length_packets,16,lpc,3EBeof-459-212842-454791-192385-495971-180085-113105,0.016870212,4.671446049448655,40.01489991787821
burst_length_packets,16,nn,3EBeof-459-212842-454791-192385-495971-180085-113105,0.03395357,4.671738478161772,754.2915500234812
burst_length_packets,16,lpc,7j8l2a-034-50416-4800-287427-123375-143976-264357,0.121485524,4.643784955092057,38.71065005660057
burst_length_packets,16,nn,7j8l2a-034-50416-4800-287427-123375-143976-264357,0.4874072,4.647475622283228,732.9972500447184
burst_length_packets,16,lpc,9Mkadp-302-273892-209608-109841-324591-494783-498752,-0.66098803,4.605170025724697,38.532900041900575
burst_length_packets,16,nn,9Mkadp-302-273892-209608-109841-324591-494783-498752,-0.84773,4.628174200471859,773.3808001503348
burst_length_packets,16,lpc,u3JmNp-105-377036-373629-177809-287789-419538-221798,0.27427062,4.711070969179897,41.179549996741116
burst_length_packets,16,nn,u3JmNp-105-377036-373629-177809-287789-419538-221798,1.419829,4.722301433774094,739.9965499062091
burst_length_packets,16,lpc,PiKSIp-112-109021-465867-125189-123174-211212-334242,3.9390824,4.711322010827232,38.83944998960942
burst_length_packets,16,nn,PiKSIp-112-109021-465867-125189-123174-211212-334242,3.5205083,4.7320152613974,830.2296999609098
burst_length_packets,16,lpc,9a98Kf-464-298969-472051-292323-179462-78575-496080,0.0638202,4.196857753737371,39.629950071685016
burst_length_packets,16,nn,9a98Kf-464-298969-472051-292323-179462-78575-496080,0.09526907,4.21290941935184,745.0385499978438
burst_length_packets,16,lpc,vAlA7f-458-390385-16661-177809-112031-325632-365075,0.782181,4.73012367730575,40.799250127747655
burst_length_packets,16,nn,vAlA7f-458-390385-16661-177809-112031-325632-365075,0.16468792,4.731211724880511,733.9997000526637
burst_length_packets,16,lpc,U5aQJe-592-437270-129013-295308-406364-103913-497087,1.8742062,4.6140920462723525,39.370899903588
burst_length_packets,16,nn,U5aQJe-592-437270-129013-295308-406364-103913-497087,2.202968,4.645259074682146,731.0648501152173
burst_length_packets,16,lpc,HxFzMp-357-24999-343332-90733-489807-316694-345238,3.0767856,4.543886577390312,36.73079994041473
burst_length_packets,16,nn,HxFzMp-357-24999-343332-90733-489807-316694-345238,0.9673922,4.5406554398089405,731.7583999829367
burst_length_packets,16,lpc,9kbanp-261-50416-108056-469001-231167-334074-209061,0.8301851,4.678966301150572,37.95139992143959
burst_length_packets,16,nn,9kbanp-261-50416-108056-469001-231167-334074-209061,1.3950347,4.709979763518833,774.9920999631286
burst_length_packets,16,lpc,rqqrUf-476-372299-90733-207508-318838-254913-53278,0.03795387,4.721665947132847,44.71159994136542
burst_length_packets,16,nn,rqqrUf-476-372299-90733-207508-318838-254913-53278,0.07173383,4.721991428855974,744.8085501091555
burst_length_packets,16,lpc,ie6iSp-097-407790-253414-334074-464643-167361-80351,1.8732605,4.715110175296498,38.49329997319728
burst_length_packets,16,nn,ie6iSp-097-407790-253414-334074-464643-167361-80351,1.8337344,4.713331522932054,731.9841500138864
burst_length_packets,16,lpc,FiS63i-513-129107-287427-185152-454791-121010-285778,-7.739974e-05,3.7029774066393,38.136149873025715
burst_length_packets,16,nn,FiS63i-513-129107-287427-185152-454791-121010-285778,-0.03310066,3.7060049956870547,737.4037500703707
burst_length_packets,16,lpc,BBcZPi-501-456735-480197-495997-497448-326140-134118,-7.5846554e-05,4.68842089268328,41.562250116840005
burst_length_packets,16,nn,BBcZPi-501-456735-480197-495997-497448-326140-134118,-0.01343305,4.689188256003231,731.521800160408
burst_length_packets,16,lpc,5OQdwp-063-348077-460359-16661-112031-224170-197606,6.3618555,4.719497121316772,39.158649859018624
burst_length_packets,16,nn,5OQdwp-063-348077-460359-16661-112031-224170-197606,2.5561607,4.714621723199768,737.3509500175714
burst_length_packets,16,lpc,riuiap-287-319764-286732-35325-55646-391852-1246,-0.24303855,4.390837479173419,40.21765000652522
burst_length_packets,16,nn,riuiap-287-319764-286732-35325-55646-391852-1246,-0.14431213,4.388498541868032,756.23794994317
burst_length_packets,16,lpc,6TUCvp-352-108130-78807-55646-250174-386302-414547,0.0037523615,4.256722285410744,40.31239997129887
burst_length_packets,16,nn,6TUCvp-352-108130-78807-55646-250174-386302-414547,0.44492158,4.298797397986652,740.4707999667153
burst_length_packets,16,lpc,KIklei-503-156368-5054-151331-161307-380077-177809,0.014399763,3.9005913281336624,41.93355003371835
burst_length_packets,16,nn,KIklei-503-156368-5054-151331-161307-380077-177809,-0.02536712,3.922183997206516,743.310849997215
burst_length_packets,16,lpc,zVlcap-263-274542-472051-376372-248785-476225-35325,0.000144959,4.714319564820203,39.84265006147325
burst_length_packets,16,nn,zVlcap-263-274542-472051-376372-248785-476225-35325,-0.08294919,4.7144901169668305,743.1661001173779
burst_length_packets,16,lpc,BLAVyp-401-374393-353502-276516-464643-247007-280816,-5.177194e-07,4.587645730138599,40.69080005865544
burst_length_packets,16,nn,BLAVyp-401-374393-353502-276516-464643-247007-280816,5.798418e-05,4.587646326629249,777.1659500431269
burst_length_packets,16,lpc,5Lu6ui-514-135410-151381-124082-173176-644-324310,-0.017480724,4.47738941038342,40.411499910987914
burst_length_packets,16,nn,5Lu6ui-514-135410-151381-124082-173176-644-324310,0.002297031,4.47789384249222,732.8330499585718
burst_length_packets,16,lpc,lzFhsp-134-377273-280816-60681-369034-268009-11995,0.46764094,4.637231889453817,41.699950001202524
burst_length_packets,16,nn,lzFhsp-134-377273-280816-60681-369034-268009-11995,0.7239142,4.658039135329252,729.9036500044167
burst_length_packets,16,lpc,nSu3Cp-366-41411-362672-285778-222370-421926-202035,3.367522,4.681129333519335,38.40209997724742
burst_length_packets,16,nn,nSu3Cp-366-41411-362672-285778-222370-421926-202035,2.5782108,4.6966375046918944,780.3843499859795
burst_length_packets,16,lpc,cUyODs-564-324456-286869-479691-123056-485468-274323,4.314532,4.7306880653388825,37.03184996265918
burst_length_packets,16,nn,cUyODs-564-324456-286869-479691-123056-485468-274323,4.107675,4.7305865123813655,750.8044498972595
burst_length_packets,16,lpc,TkK5fp-380-229618-476225-311495-339484-11995-7708,1.9016558,4.727450722050994,39.49865000322461
burst_length_packets,16,nn,TkK5fp-380-229618-476225-311495-339484-11995-7708,1.6197333,4.7275120494107945,738.2658501155674
burst_length_packets,16,lpc,AHwsQs-538-108297-304214-140209-237079-426805-448869,-0.000551665,4.700911662624083,41.53275000862777
burst_length_packets,16,nn,AHwsQs-538-108297-304214-140209-237079-426805-448869,-0.0018755845,4.700918404269261,947.1083499956876
burst_length_packets,16,lpc,RkoxIi-499-395609-17243-276516-68344-191485-476225,-0.0015464443,4.636128561852193,40.13704997487366
burst_length_packets,16,nn,RkoxIi-499-395609-17243-276516-68344-191485-476225,0.0041102995,4.6365779740123205,735.0281998515129
burst_length_packets,16,lpc,YLEXwp-335-240298-183720-447487-129636-202035-44660,-0.17399287,4.707334980944875,40.41595000308007
burst_length_packets,16,nn,YLEXwp-335-240298-183720-447487-129636-202035-44660,-0.19810134,4.707525431845271,736.555099952966
burst_length_packets,16,lpc,rn9v1e-583-369034-383770-175927-399756-390385-383479,1.1453544,4.518852872966518,39.05570006463677
burst_length_packets,16,nn,rn9v1e-583-369034-383770-175927-399756-390385-383479,0.23373239,4.608410147265245,729.9149499740452
burst_length_packets,16,lpc,SSYQ1w-650-275802-13671-144360-112336-104867-157595,-0.17075917,4.726816728912464,39.21115002594888
burst_length_packets,16,nn,SSYQ1w-650-275802-13671-144360-112336-104867-157595,-2.4097261,4.7317193448427854,739.3065999494866
burst_length_packets,16,lpc,4fsgkp-253-311495-209061-229618-287427-276516-38459,1.8439697,4.7124413357730495,35.59099999256432
burst_length_packets,16,nn,4fsgkp-253-311495-209061-229618-287427-276516-38459,0.42131183,4.726207343586472,834.0798000572249
burst_length_packets,16,lpc,44Zbvs-567-179462-358526-13671-355104-116061-343332,0.6936531,4.726854495506972,42.54890000447631
burst_length_packets,16,nn,44Zbvs-567-179462-358526-13671-355104-116061-343332,0.84649706,4.729798030919653,741.6933999629691
burst_length_packets,16,lpc,cmHjrf-493-348077-309854-224170-458554-202179-472051,0.31039518,4.635948215438022,41.004549944773316
burst_length_packets,16,nn,cmHjrf-493-348077-309854-224170-458554-202179-472051,-1.4082394,4.676426336450432,755.9851000551134
burst_length_packets,16,lpc,zQSXvp-215-498788-407950-152419-25062-51581-3467,0.9717612,4.615409501619288,37.865899852477014
burst_length_packets,16,nn,zQSXvp-215-498788-407950-152419-25062-51581-3467,0.5568618,4.65312687574787,735.820550005883
burst_length_packets,16,lpc,l3Lvae-611-211084-218396-212842-198509-334833-311379,1.2729361,4.584785861370282,37.973249913193285
burst_length_packets,16,nn,l3Lvae-611-211084-218396-212842-198509-334833-311379,-1.9663404,4.693561756379694,737.6813000300899
burst_length_packets,16,lpc,LIJKja-026-447487-148409-188815-38506-78427-479691,0.13290307,4.665590980343287,37.86530008073896
burst_length_packets,16,nn,LIJKja-026-447487-148409-188815-38506-78427-479691,0.34665242,4.669391073294543,765.9678501076996
burst_length_packets,16,lpc,tztd5w-640-23535-348077-410307-64116-151381-134118,-0.0067259795,4.732089618787535,38.05875009857118
burst_length_packets,16,nn,tztd5w-640-23535-348077-410307-64116-151381-134118,-0.0065268716,4.732089638211427,729.9316000426188
burst_length_packets,16,lpc,TypO9p-362-82313-390793-365346-50416-310105-275395,4.8019943,4.643149493406581,37.27685008198023
burst_length_packets,16,nn,TypO9p-362-82313-390793-365346-50416-310105-275395,4.3708463,4.724844306010906,734.6219000173733
burst_length_packets,16,lpc,3hvoVa-051-2307-202921-218396-175927-14787-464643,0.80496436,4.521727927914865,40.847099968232214
burst_length_packets,16,nn,3hvoVa-051-2307-202921-218396-175927-14787-464643,-1.6660945,4.681892158071519,745.045299991034
burst_length_packets,16,lpc,9hvMUf-482-498788-113105-17243-63022-21827-338584,-0.016059542,4.612874945962703,37.24269999656826
burst_length_packets,16,nn,9hvMUf-482-498788-113105-17243-63022-21827-338584,-2.3401072,4.703958377550657,794.4605499505997
burst_length_packets,16,lpc,lDN6of-450-91840-427818-353502-327883-210172-489807,0.12324267,4.632048145798072,48.79034997429699
burst_length_packets,16,nn,lDN6of-450-91840-427818-353502-327883-210172-489807,-0.3727527,4.6474256562791485,848.883599974215
burst_length_packets,16,lpc,8b8sWp-275-88756-348733-183720-134118-226233-129107,4.8551326,4.732093877652501,39.473050041124225
burst_length_packets,16,nn,8b8sWp-275-88756-348733-183720-134118-226233-129107,-3.2266197,4.7280251087393825,739.8833999177441
burst_length_packets,16,lpc,noHubp-343-163645-17243-410906-219243-161307-221798,0.93330497,4.640138358139213,39.99395004939288
burst_length_packets,16,nn,noHubp-343-163645-17243-410906-219243-161307-221798,-0.37342235,4.653994340273217,757.9259499907494
burst_length_packets,16,lpc,G50hup-092-363552-123056-229618-481410-299323-332402,0.007782111,4.7320569409677535,38.70794991962612
burst_length_packets,16,nn,G50hup-092-363552-123056-229618-481410-299323-332402,-1.2051224,4.7320679224422495,753.9072500076145
burst_length_packets,16,lpc,FPRIpe-578-474864-126584-425422-304828-148409-10737,0.1082471,4.593586319671623,37.81264997087419
burst_length_packets,16,nn,FPRIpe-578-474864-126584-425422-304828-148409-10737,2.1165938,4.641190577310211,738.2601000135764
burst_length_packets,16,lpc,1zDUvp-298-108297-119460-56896-348770-68221-98443,2.1330428,4.718904449947942,40.67050002049655
burst_length_packets,16,nn,1zDUvp-298-108297-119460-56896-348770-68221-98443,5.5293493,4.730856184659553,766.6913500288501
burst_length_packets,16,lpc,WVKBPa-017-469001-13769-309009-430207-5054-14754,3.001158,4.69070060193493,40.91310012154281
burst_length_packets,16,nn,WVKBPa-017-469001-13769-309009-430207-5054-14754,1.0411937,4.700717764339082,734.2857500771061
burst_length_packets,16,lpc,fdXdMp-313-165684-111916-348770-380077-145384-347380,0.045775395,4.732101253042355,38.352300063706934
burst_length_packets,16,nn,fdXdMp-313-165684-111916-348770-380077-145384-347380,-9.405885,4.732101253041625,756.1002498259768
burst_length_packets,16,lpc,rkSMcp-349-162269-339484-74769-12865-363552-41411,-0.35031065,4.475971886759789,40.12050002347678
burst_length_packets,16,nn,rkSMcp-349-162269-339484-74769-12865-363552-41411,-0.8224026,4.498504989255338,775.3346500685439
burst_length_packets,16,lpc,avuTLe-585-474206-355130-317191-361413-333474-248785,0.04462105,4.589760372352076,39.292550180107355
burst_length_packets,16,nn,avuTLe-585-474206-355130-317191-361413-333474-248785,0.13707566,4.595686972212297,744.8604499222711
burst_length_packets,16,lpc,1Q0zzp-067-496080-227228-300626-311379-247007-1214,4.196335,4.714136068133284,38.95049984566867
burst_length_packets,16,nn,1Q0zzp-067-496080-227228-300626-311379-247007-1214,3.2529645,4.712979384193154,734.2967500444502
burst_length_packets,16,lpc,k2rvsa-021-181149-117176-94351-2985-340579-209061,0.28939593,4.728064922954603,39.816449978388846
burst_length_packets,16,nn,k2rvsa-021-181149-117176-94351-2985-340579-209061,0.3655949,4.729733129047617,755.8404001174495
burst_length_packets,16,lpc,DmpOYi-525-91230-450251-209608-292323-92870-38506,0.104259,4.082325642922836,47.155599924735725
burst_length_packets,16,nn,DmpOYi-525-91230-450251-209608-292323-92870-38506,-1.1277666,4.342052257656599,740.5760501278564
burst_length_packets,16,lpc,cZ9D6w-670-134118-41411-423587-125189-84055-98443,-0.45546526,4.715030107198553,39.25909998361021
burst_length_packets,16,nn,cZ9D6w-670-134118-41411-423587-125189-84055-98443,-0.5803783,4.716316768835791,758.0134500749409
burst_length_packets,16,lpc,wD39yw-617-350336-91230-365075-384274-339484-27577,0.33587253,4.424145127344037,38.929800037294626
burst_length_packets,16,nn,wD39yw-617-350336-91230-365075-384274-339484-27577,0.23614445,4.441696230273122,730.4164500674233
burst_length_packets,16,lpc,jFujMp-258-2985-422977-276516-270302-316694-390385,3.228919,4.731758837297171,39.92609994020313
burst_length_packets,16,nn,jFujMp-258-2985-422977-276516-270302-316694-390385,2.5803957,4.7317808434477175,652.4023999227211
burst_length_packets,16,lpc,ainjFp-098-145384-88756-289593-274542-488804-292564,1.1852748,4.648298387994501,34.24255002755672
burst_length_packets,16,nn,ainjFp-098-145384-88756-289593-274542-488804-292564,1.1106209,4.651053755124893,705.4730500094593
burst_length_packets,16,lpc,rllgnp-282-21827-2985-183720-67455-409746-330730,-0.0117679,4.732100613621917,37.74129995144904
burst_length_packets,16,nn,rllgnp-282-21827-2985-183720-67455-409746-330730,-0.20533255,4.732100670924078,633.7331499671564
burst_length_packets,16,lpc,ck2Uxp-081-495997-135873-82313-377039-373629-268363,3.5006251,4.732019082397056,34.51505000703037
burst_length_packets,16,nn,ck2Uxp-081-495997-135873-82313-377039-373629-268363,4.765525,4.73205087676424,626.4078500680625
burst_length_packets,16,lpc,jhRr0p-088-489070-351855-386883-172725-333766-16976,0.19770336,4.7248824522700374,33.37355004623532
burst_length_packets,16,nn,jhRr0p-088-489070-351855-386883-172725-333766-16976,0.1974273,4.725349771745837,661.8857000721619
burst_length_packets,16,lpc,oRqMra-058-167772-480197-43889-36331-135873-265166,0.25463718,4.707588451552352,37.52975002862513
burst_length_packets,16,nn,oRqMra-058-167772-480197-43889-36331-135873-265166,0.47373575,4.708984059743809,648.5880500404164
burst_length_packets,16,lpc,d4LtRw-656-379354-74769-192385-202921-93885-62534,0.00034685814,4.732096002641024,34.77769996970892
burst_length_packets,16,nn,d4LtRw-656-379354-74769-192385-202921-93885-62534,-0.033694897,4.73209629531341,606.2409998849034
burst_length_packets,16,lpc,tXap2p-281-298969-9753-281965-457067-162269-329331,0.7668283,4.7113712314032075,37.55869995802641
burst_length_packets,16,nn,tXap2p-281-298969-9753-281965-457067-162269-329331,1.1809372,4.715219518676223,633.8867499725893
burst_length_packets,16,lpc,IIhdup-184-282845-322947-195637-315211-10737-386302,2.0453312,4.372069776524924,35.5105500202626
burst_length_packets,16,nn,IIhdup-184-282845-322947-195637-315211-10737-386302,1.9636303,4.373177403896161,632.5357499299571
burst_length_packets,16,lpc,Q1VJ4p-396-67099-191485-442126-324310-384031-392966,0.008254951,4.67337824876846,32.76249999180436
burst_length_packets,16,nn,Q1VJ4p-396-67099-191485-442126-324310-384031-392966,0.001506302,4.673265999762309,625.0826501054689
burst_length_packets,16,lpc,IJqofi-526-68304-236920-183720-152419-94351-316080,0.009823479,4.353809369403266,32.729749917052686
burst_length_packets,16,nn,IJqofi-526-68304-236920-183720-152419-94351-316080,-0.20697042,4.405115114949809,630.6401999900118
burst_length_packets,16,lpc,MJEnPs-553-484336-261033-237079-274170-257745-343308,0.20489945,4.731290367550663,35.85985000245273
burst_length_packets,16,nn,MJEnPs-553-484336-261033-237079-274170-257745-343308,0.52926075,4.731456830544184,637.9382499726489
burst_length_packets,16,lpc,oK9Hxs-550-7708-104867-460359-299323-420765-264795,5.1578646,4.7283908812957005,33.3083001896739
burst_length_packets,16,nn,oK9Hxs-550-7708-104867-460359-299323-420765-264795,4.4161363,4.7305426431948066,697.77859991882
burst_length_packets,16,lpc,ItvEYp-187-347380-151331-160943-343502-92870-286732,-0.33466038,4.590869807028753,35.696249920874834
burst_length_packets,16,nn,ItvEYp-187-347380-151331-160943-343502-92870-286732,-0.060413912,4.576729564051936,604.571949923411
burst_length_packets,32,lpc,9f3Qjw-657-129013-78427-348770-228203-60643-7188,-0.20643644,4.711439058958485,49.78374997153878
burst_length_packets,32,nn,9f3Qjw-657-129013-78427-348770-228203-60643-7188,-0.42876166,4.712029434307337,1224.0156000480056
burst_length_packets,32,lpc,i0Ocoe-610-395609-211084-211212-108056-187519-202035,0.21925986,4.314676268248336,52.11114988196641
burst_length_packets,32,nn,i0Ocoe-610-395609-211084-211212-108056-187519-202035,1.0149307,4.348800638086347,1246.676650014706
burst_length_packets,32,lpc,Th8NDe-613-23535-495997-395609-270487-329331-383770,0.13088208,4.37301579539878,50.93030002899468
burst_length_packets,32,nn,Th8NDe-613-23535-495997-395609-270487-329331-383770,0.3521636,4.391162737382539,1257.4081500060856
burst_length_packets,32,lpc,ui9aDp-122-292323-379538-386883-287427-306759-88721,0.041915618,4.4597836667144914,51.78159999195486
burst_length_packets,32,nn,ui9aDp-122-292323-379538-386883-287427-306759-88721,-0.49370784,4.500759829247823,1263.1294999737293
burst_length_packets,32,lpc,DLZvmp-426-78108-128329-469130-165684-261033-84004,0.017780347,4.615497042859689,50.573899992741644
burst_length_packets,32,nn,DLZvmp-426-78108-128329-469130-165684-261033-84004,-0.07652258,4.619673371114244,1252.689249929972
burst_length_packets,32,lpc,amZyRf-444-7708-476924-468905-275802-405424-380077,0.08144738,4.511463152829991,52.65305005013943
burst_length_packets,32,nn,amZyRf-444-7708-476924-468905-275802-405424-380077,-0.1567055,4.539440555588568,1300.960100023076
burst_length_packets,32,lpc,ofs2Us-561-469223-161307-229618-187519-295308-129107,0.32618737,4.484564190306065,57.171400054357946
burst_length_packets,32,nn,ofs2Us-561-469223-161307-229618-187519-295308-129107,-12.658759,3.3679896926956143,1244.8963000206277
burst_length_packets,32,lpc,nQsrxi-500-35788-354893-151331-437270-461984-276516,-0.00033109417,4.53221410633561,52.09280003327876
burst_length_packets,32,nn,nQsrxi-500-35788-354893-151331-437270-461984-276516,-2.3038306,4.729166701524475,1314.7987499833107
burst_length_packets,32,lpc,YuwChp-152-8651-147603-379354-29563-62919-345238,0.0,4.547916248791987,51.368850050494075
burst_length_packets,32,nn,YuwChp-152-8651-147603-379354-29563-62919-345238,7.248011e-05,4.533402928812125,1250.1367499353364
burst_length_packets,32,lpc,fiBRvp-155-14754-379538-407950-108056-495971-270302,0.16659209,4.701437455763754,52.22580011468381
burst_length_packets,32,nn,fiBRvp-155-14754-379538-407950-108056-495971-270302,0.05719062,4.701262922206704,1301.7982998862863
burst_length_packets,32,lpc,rpdA0p-089-193291-347380-224170-426805-310105-489070,0.34601662,4.469006305671645,52.477399935014546
burst_length_packets,32,nn,rpdA0p-089-193291-347380-224170-426805-310105-489070,0.7418381,4.478826104209141,1334.2459499835968
burst_length_packets,32,lpc,JCRPTw-618-129107-479691-343332-355104-157595-129013,-0.13776982,4.298072979104016,52.10534995421767
burst_length_packets,32,nn,JCRPTw-618-129107-479691-343332-355104-157595-129013,-0.11426649,4.300342198341504,1270.1044499408454
burst_length_packets,32,lpc,DfzVIp-175-379354-103913-25062-384031-343308-295308,-0.54853743,4.457807920627149,57.25970002822578
burst_length_packets,32,nn,DfzVIp-175-379354-103913-25062-384031-343308-295308,-0.4972964,4.473792059988579,1236.1188000068069
burst_length_packets,32,lpc,PBDVAf-465-366971-117533-197606-160943-60681-25579,1.6402497,4.5594994125365975,51.20310001075268
burst_length_packets,32,nn,PBDVAf-465-366971-117533-197606-160943-60681-25579,0.9854866,4.477383913613477,1223.3255499741063
burst_length_packets,32,lpc,BNXFqp-404-184495-450557-10737-129636-497448-379538,-0.18880151,4.565227858037604,51.822799956426024
burst_length_packets,32,nn,BNXFqp-404-184495-450557-10737-129636-497448-379538,-0.18826379,4.5693974150912045,1255.5209499550983
burst_length_packets,32,lpc,f2JFMw-634-136860-113105-22031-310105-248646-32125,0.013382081,4.6750210849203295,54.47685008402914
burst_length_packets,32,nn,f2JFMw-634-136860-113105-22031-310105-248646-32125,-0.04140619,4.674396949326505,1264.9138498818502
burst_length_packets,32,lpc,cedJli-522-192385-152140-262731-156368-123704-333757,-0.003791101,3.5505691309446092,51.421899930574
burst_length_packets,32,nn,cedJli-522-192385-152140-262731-156368-123704-333757,-1.8272617,4.374570113947094,1266.8709999416023
burst_length_packets,32,lpc,Q4PCSi-506-317415-237079-78108-78427-235375-285778,0.79122496,2.863962831119224,52.39680001977831
burst_length_packets,32,nn,Q4PCSi-506-317415-237079-78108-78427-235375-285778,-0.5095326,4.196589285930802,1288.7482499936596
burst_length_packets,32,lpc,CrjLKf-468-374393-49022-14754-240504-316080-236920,0.16165426,4.681369191018601,51.758100162260234
burst_length_packets,32,nn,CrjLKf-468-374393-49022-14754-240504-316080-236920,-0.13550265,4.696785601507576,1263.2190498989075
burst_length_packets,32,lpc,m5rDOp-062-377273-156368-185152-188815-186260-486330,6.2093506,4.732101082550347,58.30750009045005
burst_length_packets,32,nn,m5rDOp-062-377273-156368-185152-188815-186260-486330,6.0078645,4.732101191841595,1250.4324500914663
burst_length_packets,32,lpc,0mk6rp-310-146145-90733-51581-27791-50416-437215,-6.471497e-06,4.510358815678584,58.052550069987774
burst_length_packets,32,nn,0mk6rp-310-146145-90733-51581-27791-50416-437215,-0.0039527738,4.5001673361076975,1271.5538500342518
burst_length_packets,32,lpc,fS0Vwp-324-274170-461984-129889-218396-366126-128329,2.918415,4.340241272663906,51.717050024308264
burst_length_packets,32,nn,fS0Vwp-324-274170-461984-129889-218396-366126-128329,2.9687557,4.639839326275445,1292.3793999943882
burst_length_packets,32,lpc,0Rve0i-524-469450-332402-376902-283921-64116-240504,0.101564184,3.1366592114708443,56.67179997544736
burst_length_packets,32,nn,0Rve0i-524-469450-332402-376902-283921-64116-240504,0.34090734,3.185949446377152,1241.3686499930918
burst_length_packets,32,lpc,fZg66p-070-68221-216978-377273-239730-53784-3467,0.0017904222,4.732101252921828,53.94469993188977
burst_length_packets,32,nn,fZg66p-070-68221-216978-377273-239730-53784-3467,-7.347984,4.732101249557916,1263.120299903676
burst_length_packets,32,lpc,Aal0cp-183-209061-91230-492922-2757-317191-461984,1.404903,4.544304999599444,57.02185013797134
burst_length_packets,32,nn,Aal0cp-183-209061-91230-492922-2757-317191-461984,1.4597558,4.544562611369342,1232.378450105898
burst_length_packets,32,lpc,m8mjCs-533-485468-283456-486330-442126-2757-12865,-0.036059335,4.292281315186562,53.07589995209128
burst_length_packets,32,nn,m8mjCs-533-485468-283456-486330-442126-2757-12865,0.006645536,4.290229904655208,1297.7066000457853
burst_length_packets,32,lpc,jM2z5p-212-362995-350336-202035-87506-239730-207508,-4.8924758e-05,4.541079678150579,53.36299992632121
burst_length_packets,32,nn,jM2z5p-212-362995-350336-202035-87506-239730-207508,-1.7602495e-05,4.5410772512114566,1220.848949975334
burst_length_packets,32,lpc,Paqf1p-119-254913-443221-90733-163645-32125-188815,0.384963,4.323782486217356,52.668899996206164
burst_length_packets,32,nn,Paqf1p-119-254913-443221-90733-163645-32125-188815,-0.39137062,4.485269386180667,1228.9236999349669
burst_length_packets,32,lpc,87hwjf-487-426805-60643-437215-160943-182650-407728,0.036918078,4.4864347088373755,50.885749980807304
burst_length_packets,32,nn,87hwjf-487-426805-60643-437215-160943-182650-407728,-0.048968613,4.496109305766961,1293.475899961777
burst_length_packets,32,lpc,kDEiGp-268-254920-474864-52991-170820-165168-328121,0.0,4.636427477750697,53.18190006073564
burst_length_packets,32,nn,kDEiGp-268-254920-474864-52991-170820-165168-328121,-2.3297434e-05,4.6364276090324505,1288.596750004217
burst_length_packets,32,lpc,Mtnx5i-515-495971-279778-348676-11995-306560-418034,-4.3488646e-05,4.331663596199318,54.72655000630766
burst_length_packets,32,nn,Mtnx5i-515-495971-279778-348676-11995-306560-418034,0.006792858,4.331825250364683,1269.9167999671772
burst_length_packets,32,lpc,3EBeof-459-212842-454791-192385-495971-180085-113105,0.013370208,4.642011315579667,67.39400012884289
burst_length_packets,32,nn,3EBeof-459-212842-454791-192385-495971-180085-113105,0.029504813,4.642365923453914,1295.572149916552
burst_length_packets,32,lpc,7j8l2a-034-50416-4800-287427-123375-143976-264357,0.052967638,4.571022673994095,50.58469995856285
burst_length_packets,32,nn,7j8l2a-034-50416-4800-287427-123375-143976-264357,0.20765035,4.573223770625853,1325.0229499535635
burst_length_packets,32,lpc,9Mkadp-302-273892-209608-109841-324591-494783-498752,-0.42037642,4.511348404605707,51.664849976077676
burst_length_packets,32,nn,9Mkadp-302-273892-209608-109841-324591-494783-498752,-0.5996999,4.528802401136033,1247.671400080435
burst_length_packets,32,lpc,u3JmNp-105-377036-373629-177809-287789-419538-221798,0.16128913,4.684448296373153,59.95644989889115
burst_length_packets,32,nn,u3JmNp-105-377036-373629-177809-287789-419538-221798,0.79260767,4.7007530734062755,1274.8192499857396
burst_length_packets,32,lpc,PiKSIp-112-109021-465867-125189-123174-211212-334242,3.1717386,4.70298482157806,51.721350057050586
burst_length_packets,32,nn,PiKSIp-112-109021-465867-125189-123174-211212-334242,3.021473,4.732033123708986,1251.8580999458209
burst_length_packets,32,lpc,9a98Kf-464-298969-472051-292323-179462-78575-496080,0.037528906,3.841694189310358,65.09825005196035
burst_length_packets,32,nn,9a98Kf-464-298969-472051-292323-179462-78575-496080,0.053647295,3.8518374148300913,1289.7032499313354
burst_length_packets,32,lpc,vAlA7f-458-390385-16661-177809-112031-325632-365075,0.3791854,4.725007231776745,51.629349938593805
burst_length_packets,32,nn,vAlA7f-458-390385-16661-177809-112031-325632-365075,-0.50377846,4.728318559832184,1230.360700050369
burst_length_packets,32,lpc,U5aQJe-592-437270-129013-295308-406364-103913-497087,0.87515026,4.402555238475129,58.29874996561557
burst_length_packets,32,nn,U5aQJe-592-437270-129013-295308-406364-103913-497087,1.074455,4.433176545007205,1307.8315500169992
burst_length_packets,32,lpc,HxFzMp-357-24999-343332-90733-489807-316694-345238,1.3142973,4.319386278345358,51.22629995457828
burst_length_packets,32,nn,HxFzMp-357-24999-343332-90733-489807-316694-345238,0.49665943,4.314176769774347,1232.3333999374881
burst_length_packets,32,lpc,9kbanp-261-50416-108056-469001-231167-334074-209061,0.40795827,4.5461967862283625,60.40285003837198
burst_length_packets,32,nn,9kbanp-261-50416-108056-469001-231167-334074-209061,0.6603776,4.603893619286209,1271.157749928534
burst_length_packets,32,lpc,rqqrUf-476-372299-90733-207508-318838-254913-53278,0.016430285,4.667704181382076,52.09380004089326
burst_length_packets,32,nn,rqqrUf-476-372299-90733-207508-318838-254913-53278,0.033988502,4.667836047697237,1249.5331498794258
burst_length_packets,32,lpc,ie6iSp-097-407790-253414-334074-464643-167361-80351,1.1884258,4.691391676628731,54.28149993531406
burst_length_packets,32,nn,ie6iSp-097-407790-253414-334074-464643-167361-80351,1.3507378,4.686190359604635,1234.5244500320405
burst_length_packets,32,lpc,FiS63i-513-129107-287427-185152-454791-121010-285778,-5.7467227e-05,3.369788075546971,52.56759992334992
burst_length_packets,32,nn,FiS63i-513-129107-287427-185152-454791-121010-285778,-0.021140669,3.3723906798570926,1239.1328499652445
burst_length_packets,32,lpc,BBcZPi-501-456735-480197-495997-497448-326140-134118,-6.290336e-05,4.677048066102417,52.12304997257888
burst_length_packets,32,nn,BBcZPi-501-456735-480197-495997-497448-326140-134118,-1.5859753,4.716287965555994,1341.9768499443308
burst_length_packets,32,lpc,5OQdwp-063-348077-460359-16661-112031-224170-197606,2.5002048,4.652173449305833,54.54939987976104
burst_length_packets,32,nn,5OQdwp-063-348077-460359-16661-112031-224170-197606,1.2152903,4.643503289207157,1235.7011998537928
burst_length_packets,32,lpc,riuiap-287-319764-286732-35325-55646-391852-1246,-0.10109491,3.8999616418237966,53.93235001247376
burst_length_packets,32,nn,riuiap-287-319764-286732-35325-55646-391852-1246,-0.056120977,3.898002938564141,1295.5941500840709
burst_length_packets,32,lpc,6TUCvp-352-108130-78807-55646-250174-386302-414547,0.002815998,4.1108781631184765,51.04385002050549
burst_length_packets,32,nn,6TUCvp-352-108130-78807-55646-250174-386302-414547,0.3131321,4.156425429437286,1245.8331000525504
burst_length_packets,32,lpc,KIklei-503-156368-5054-151331-161307-380077-177809,0.010231017,3.5318462956346957,56.782149942591786
burst_length_packets,32,nn,KIklei-503-156368-5054-151331-161307-380077-177809,-0.012514205,3.5529052946095536,1317.006399971433
burst_length_packets,32,lpc,zVlcap-263-274542-472051-376372-248785-476225-35325,9.267078e-05,4.692142241050698,55.68440002389252
burst_length_packets,32,nn,zVlcap-263-274542-472051-376372-248785-476225-35325,-0.059615504,4.692408698659724,1297.4100499413908
burst_length_packets,32,lpc,BLAVyp-401-374393-353502-276516-464643-247007-280816,-2.588597e-07,4.407927426213524,51.98700004257262
burst_length_packets,32,nn,BLAVyp-401-374393-353502-276516-464643-247007-280816,2.2261875e-05,4.407928151900247,1330.2891999483109
burst_length_packets,32,lpc,5Lu6ui-514-135410-151381-124082-173176-644-324310,-0.0125308195,4.369310971406648,51.608850015327334
burst_length_packets,32,nn,5Lu6ui-514-135410-151381-124082-173176-644-324310,-0.0033535273,4.371099123757974,1271.6975999064744
burst_length_packets,32,lpc,lzFhsp-134-377273-280816-60681-369034-268009-11995,0.22797146,4.507336218867458,56.06274993624538
burst_length_packets,32,nn,lzFhsp-134-377273-280816-60681-369034-268009-11995,0.3483863,4.523974602139636,1246.3653000304475
burst_length_packets,32,lpc,nSu3Cp-366-41411-362672-285778-222370-421926-202035,1.3594015,4.478963982073184,51.36969999875873
burst_length_packets,32,nn,nSu3Cp-366-41411-362672-285778-222370-421926-202035,0.7230464,4.502391670193022,1275.8445498766378
burst_length_packets,32,lpc,cUyODs-564-324456-286869-479691-123056-485468-274323,0.60135674,4.692071680929885,57.60380008723587
burst_length_packets,32,nn,cUyODs-564-324456-286869-479691-123056-485468-274323,0.56334937,4.692435628713987,1379.2508500628173
burst_length_packets,32,lpc,TkK5fp-380-229618-476225-311495-339484-11995-7708,0.81912386,4.720268396975209,51.49254994466901
burst_length_packets,32,nn,TkK5fp-380-229618-476225-311495-339484-11995-7708,0.6518405,4.720335065983944,1260.8466000529006
burst_length_packets,32,lpc,AHwsQs-538-108297-304214-140209-237079-426805-448869,-0.000255502,4.623820023382491,52.65139997936785
burst_length_packets,32,nn,AHwsQs-538-108297-304214-140209-237079-426805-448869,-0.00087011454,4.623832626438544,1270.2852000948042
burst_length_packets,32,lpc,RkoxIi-499-395609-17243-276516-68344-191485-476225,-0.00083179586,4.394780799542989,53.66135004442185
burst_length_packets,32,nn,RkoxIi-499-395609-17243-276516-68344-191485-476225,0.0028905005,4.3958674742380435,1229.6165999723598
burst_length_packets,32,lpc,YLEXwp-335-240298-183720-447487-129636-202035-44660,-0.08481767,4.634159033483103,56.34109990205616
burst_length_packets,32,nn,YLEXwp-335-240298-183720-447487-129636-202035-44660,-0.099199034,4.63488931582229,1333.5532998898998
burst_length_packets,32,lpc,rn9v1e-583-369034-383770-175927-399756-390385-383479,0.62629527,4.302421843459069,58.63674997817725
burst_length_packets,32,nn,rn9v1e-583-369034-383770-175927-399756-390385-383479,0.27226382,4.410078919088091,1293.004700099118
burst_length_packets,32,lpc,SSYQ1w-650-275802-13671-144360-112336-104867-157595,-0.077858,4.714543428430471,54.66090014670044
burst_length_packets,32,nn,SSYQ1w-650-275802-13671-144360-112336-104867-157595,-3.3999622,4.722296295239813,1261.8073000339791
burst_length_packets,32,lpc,4fsgkp-253-311495-209061-229618-287427-276516-38459,0.8481233,4.667799282319288,52.53370001446456
burst_length_packets,32,nn,4fsgkp-253-311495-209061-229618-287427-276516-38459,0.18137945,4.693767150950973,1300.7176999235526
burst_length_packets,32,lpc,44Zbvs-567-179462-358526-13671-355104-116061-343332,0.12105355,4.686601383063716,57.97894997522235
burst_length_packets,32,nn,44Zbvs-567-179462-358526-13671-355104-116061-343332,0.2990174,4.691726155863394,1236.0540500376374
burst_length_packets,32,lpc,cmHjrf-493-348077-309854-224170-458554-202179-472051,0.17736006,4.499269105008933,53.47475002054125
burst_length_packets,32,nn,cmHjrf-493-348077-309854-224170-458554-202179-472051,-0.8517087,4.567149715337083,1189.1873999265954
burst_length_packets,32,lpc,zQSXvp-215-498788-407950-152419-25062-51581-3467,0.5737004,4.46077599140266,51.83220002800226
burst_length_packets,32,nn,zQSXvp-215-498788-407950-152419-25062-51581-3467,0.30947348,4.519969348846256,1223.6790499882773
burst_length_packets,32,lpc,l3Lvae-611-211084-218396-212842-198509-334833-311379,0.68812495,4.4453957810642475,55.88020000141114
burst_length_packets,32,nn,l3Lvae-611-211084-218396-212842-198509-334833-311379,-1.3692595,4.698700746276803,1300.638500135392
burst_length_packets,32,lpc,LIJKja-026-447487-148409-188815-38506-78427-479691,0.052556418,4.487862700640678,52.33709991443902
burst_length_packets,32,nn,LIJKja-026-447487-148409-188815-38506-78427-479691,0.1295974,4.494552956860447,1295.6303000682965
burst_length_packets,32,lpc,tztd5w-640-23535-348077-410307-64116-151381-134118,-0.00024385267,4.725659815186548,60.46054989565164
burst_length_packets,32,nn,tztd5w-640-23535-348077-410307-64116-151381-134118,-3.9864575e-05,4.725660261709267,1353.916950058192
burst_length_packets,32,lpc,TypO9p-362-82313-390793-365346-50416-310105-275395,1.3598032,4.2916805741936415,55.62504997942597
burst_length_packets,32,nn,TypO9p-362-82313-390793-365346-50416-310105-275395,-1.3511091,4.730015561437485,1289.0782499453053
burst_length_packets,32,lpc,3hvoVa-051-2307-202921-218396-175927-14787-464643,0.45469832,4.349212308109907,54.21550013124943
burst_length_packets,32,nn,3hvoVa-051-2307-202921-218396-175927-14787-464643,-1.0516686,4.513999098167361,1192.3642499605194
burst_length_packets,32,lpc,9hvMUf-482-498788-113105-17243-63022-21827-338584,-0.013796332,4.589245656279589,54.323250078596175
burst_length_packets,32,nn,9hvMUf-482-498788-113105-17243-63022-21827-338584,-3.2003498,4.731719170571781,1210.7025500154123
burst_length_packets,32,lpc,lDN6of-450-91840-427818-353502-327883-210172-489807,0.05060976,4.317820247092884,52.45714995544404
burst_length_packets,32,nn,lDN6of-450-91840-427818-353502-327883-210172-489807,-0.1554972,4.3398855961252405,1219.4241000106558
burst_length_packets,32,lpc,8b8sWp-275-88756-348733-183720-134118-226233-129107,4.682066,4.732091908608249,51.94444989319891
burst_length_packets,32,nn,8b8sWp-275-88756-348733-183720-134118-226233-129107,-3.6836936,4.727779643739851,1270.153250079602
burst_length_packets,32,lpc,noHubp-343-163645-17243-410906-219243-161307-221798,0.33526632,4.433781751835678,50.35864992532879
burst_length_packets,32,nn,noHubp-343-163645-17243-410906-219243-161307-221798,-0.1567291,4.448961826954486,1261.6034500533715
burst_length_packets,32,lpc,G50hup-092-363552-123056-229618-481410-299323-332402,3.624034e-06,4.731833031903376,56.91475002095103
burst_length_packets,32,nn,G50hup-092-363552-123056-229618-481410-299323-332402,-0.0013983262,4.73183309768328,1261.9244499364868
burst_length_packets,32,lpc,FPRIpe-578-474864-126584-425422-304828-148409-10737,0.073541254,4.527009940798459,53.391699912026525
burst_length_packets,32,nn,FPRIpe-578-474864-126584-425422-304828-148409-10737,0.8995137,4.594677513116864,1284.3764000572264
burst_length_packets,32,lpc,1zDUvp-298-108297-119460-56896-348770-68221-98443,1.067019,4.680359590908784,52.04154993407428
burst_length_packets,32,nn,1zDUvp-298-108297-119460-56896-348770-68221-98443,1.8063619,4.717299615784146,1344.5454499451444
burst_length_packets,32,lpc,WVKBPa-017-469001-13769-309009-430207-5054-14754,1.4750291,4.635079106848379,58.41079994570464
burst_length_packets,32,nn,WVKBPa-017-469001-13769-309009-430207-5054-14754,0.59213585,4.643496871219577,1299.3030999787152
burst_length_packets,32,lpc,fdXdMp-313-165684-111916-348770-380077-145384-347380,0.0,4.678292167370308,57.426849962212145
burst_length_packets,32,nn,fdXdMp-313-165684-111916-348770-380077-145384-347380,1.3978401e-05,4.677606206077268,1285.93999997247
burst_length_packets,32,lpc,rkSMcp-349-162269-339484-74769-12865-363552-41411,-0.18463589,4.339092675110024,58.093349914997816
burst_length_packets,32,nn,rkSMcp-349-162269-339484-74769-12865-363552-41411,-0.5609983,4.389590357943224,1220.9728499874473
burst_length_packets,32,lpc,avuTLe-585-474206-355130-317191-361413-333474-248785,0.02734149,4.47183961120732,54.75074995774776
burst_length_packets,32,nn,avuTLe-585-474206-355130-317191-361413-333474-248785,0.085300624,4.479060150103843,1313.118449994363
burst_length_packets,32,lpc,1Q0zzp-067-496080-227228-300626-311379-247007-1214,2.4110458,4.6984370077578355,56.00724997930229
burst_length_packets,32,nn,1Q0zzp-067-496080-227228-300626-311379-247007-1214,1.906578,4.697653886405719,1310.3763000108302
burst_length_packets,32,lpc,k2rvsa-021-181149-117176-94351-2985-340579-209061,0.074800916,4.674005756444563,58.377600042149425
burst_length_packets,32,nn,k2rvsa-021-181149-117176-94351-2985-340579-209061,0.09424737,4.6749232027425975,1293.5379500268027
burst_length_packets,32,lpc,DmpOYi-525-91230-450251-209608-292323-92870-38506,0.050575987,3.4494569707481535,53.24869998730719
burst_length_packets,32,nn,DmpOYi-525-91230-450251-209608-292323-92870-38506,-0.6589061,3.6478052776928744,1226.800650008954
burst_length_packets,32,lpc,cZ9D6w-670-134118-41411-423587-125189-84055-98443,-0.24582821,4.68056380579649,54.077699896879494
burst_length_packets,32,nn,cZ9D6w-670-134118-41411-423587-125189-84055-98443,-0.31639147,4.682580260656158,1283.042550086975
burst_length_packets,32,lpc,wD39yw-617-350336-91230-365075-384274-339484-27577,0.16429512,4.02143942899262,51.92965001333505
burst_length_packets,32,nn,wD39yw-617-350336-91230-365075-384274-339484-27577,0.07285911,4.0398063430629225,1253.7139999913052
burst_length_packets,32,lpc,jFujMp-258-2985-422977-276516-270302-316694-390385,0.3105041,4.542339806811625,51.63390003144741
burst_length_packets,32,nn,jFujMp-258-2985-422977-276516-270302-316694-390385,0.26444066,4.54273593163245,1262.0299000991508
burst_length_packets,32,lpc,ainjFp-098-145384-88756-289593-274542-488804-292564,0.48841405,4.4710738790419144,51.40655010472983
burst_length_packets,32,nn,ainjFp-098-145384-88756-289593-274542-488804-292564,0.44187182,4.475970856567939,1223.3173499116674
burst_length_packets,32,lpc,rllgnp-282-21827-2985-183720-67455-409746-330730,-0.00012710197,4.727031232052871,60.113999992609024
burst_length_packets,32,nn,rllgnp-282-21827-2985-183720-67455-409746-330730,-0.0074418583,4.727043210254446,1303.0782998539507
burst_length_packets,32,lpc,ck2Uxp-081-495997-135873-82313-377039-373629-268363,1.5861008,4.73164144456615,59.31340006645769
burst_length_packets,32,nn,ck2Uxp-081-495997-135873-82313-377039-373629-268363,1.8034397,4.731749496480118,1286.3884000107646
burst_length_packets,32,lpc,jhRr0p-088-489070-351855-386883-172725-333766-16976,0.066411585,4.67606236077865,56.1139500932768
burst_length_packets,32,nn,jhRr0p-088-489070-351855-386883-172725-333766-16976,0.048705734,4.677653547636526,1359.5481000375003
burst_length_packets,32,lpc,oRqMra-058-167772-480197-43889-36331-135873-265166,0.14099115,4.695610061271202,55.04474998451769
burst_length_packets,32,nn,oRqMra-058-167772-480197-43889-36331-135873-265166,0.25449264,4.697022977595614,1283.6510499473661
burst_length_packets,32,lpc,d4LtRw-656-379354-74769-192385-202921-93885-62534,0.0,3.777112448200443,56.47764995228499
burst_length_packets,32,nn,d4LtRw-656-379354-74769-192385-202921-93885-62534,3.0545336e-05,3.7771388591270583,1322.7205500006676
burst_length_packets,32,lpc,tXap2p-281-298969-9753-281965-457067-162269-329331,0.37160304,4.633155937325194,52.036849898286164
burst_length_packets,32,nn,tXap2p-281-298969-9753-281965-457067-162269-329331,0.56084394,4.649876083675364,1318.7481999630108
burst_length_packets,32,lpc,IIhdup-184-282845-322947-195637-315211-10737-386302,1.0361497,4.137695418040206,56.66185019072145
burst_length_packets,32,nn,IIhdup-184-282845-322947-195637-315211-10737-386302,0.9812706,4.139416635504299,1258.0753000220284
burst_length_packets,32,lpc,Q1VJ4p-396-67099-191485-442126-324310-384031-392966,0.0026121438,4.536231974174914,57.401000056415796
burst_length_packets,32,nn,Q1VJ4p-396-67099-191485-442126-324310-384031-392966,0.0008557058,4.536108453373826,1251.1185500770807
burst_length_packets,32,lpc,IJqofi-526-68304-236920-183720-152419-94351-316080,0.006887968,4.18943980814141,54.84750005416572
burst_length_packets,32,nn,IJqofi-526-68304-236920-183720-152419-94351-316080,-1.8110023,4.562097862410049,1235.5387000134215
burst_length_packets,32,lpc,MJEnPs-553-484336-261033-237079-274170-257745-343308,0.060022384,4.723857397425267,51.63004994392395
burst_length_packets,32,nn,MJEnPs-553-484336-261033-237079-274170-257745-343308,0.1461838,4.7244030549561575,953083.0348999007
burst_length_packets,32,lpc,oK9Hxs-550-7708-104867-460359-299323-420765-264795,0.6402194,4.650653293681573,75.57310000993311
burst_length_packets,32,nn,oK9Hxs-550-7708-104867-460359-299323-420765-264795,-1.2856239,4.7075227993011115,1194.8739499785006
burst_length_packets,32,lpc,ItvEYp-187-347380-151331-160943-343502-92870-286732,-0.15885273,4.340376489219397,62.56864999886602
burst_length_packets,32,nn,ItvEYp-187-347380-151331-160943-343502-92870-286732,-0.031950247,4.318530491728984,1231.2736499588937
burst_length_packets,64,lpc,9f3Qjw-657-129013-78427-348770-228203-60643-7188,-0.13361226,4.468466699189628,111.49789998307824
burst_length_packets,64,nn,9f3Qjw-657-129013-78427-348770-228203-60643-7188,-0.2801271,4.468070803732215,2394.18179995846
burst_length_packets,64,lpc,i0Ocoe-610-395609-211084-211212-108056-187519-202035,0.15778583,3.8022639705454253,113.92250005155802
burst_length_packets,64,nn,i0Ocoe-610-395609-211084-211212-108056-187519-202035,-0.32186592,4.067222035190694,2368.2883500587195
burst_length_packets,64,lpc,Th8NDe-613-23535-495997-395609-270487-329331-383770,0.07176592,4.148243496285522,120.1568499673158
burst_length_packets,64,nn,Th8NDe-613-23535-495997-395609-270487-329331-383770,0.16978113,4.053632479835558,2360.1331000681967
burst_length_packets,64,lpc,ui9aDp-122-292323-379538-386883-287427-306759-88721,0.04037146,4.117053014253377,119.15174999739975
burst_length_packets,64,nn,ui9aDp-122-292323-379538-386883-287427-306759-88721,-0.52114165,4.178226970124477,2377.953549963422
burst_length_packets,64,lpc,DLZvmp-426-78108-128329-469130-165684-261033-84004,0.012496833,4.474630732788974,101.61724989302456
burst_length_packets,64,nn,DLZvmp-426-78108-128329-469130-165684-261033-84004,-0.06328462,4.478205300521271,2198.224149993621
burst_length_packets,64,lpc,amZyRf-444-7708-476924-468905-275802-405424-380077,0.043945618,4.262081385616673,96.93709993734956
burst_length_packets,64,nn,amZyRf-444-7708-476924-468905-275802-405424-380077,-0.115094945,4.278052587868368,2370.243600104004
burst_length_packets,64,lpc,ofs2Us-561-469223-161307-229618-187519-295308-129107,0.14879206,3.61857091966301,154.11990007851273
burst_length_packets,64,nn,ofs2Us-561-469223-161307-229618-187519-295308-129107,-16.533682,2.4382786316471314,2679.3132999446243
burst_length_packets,64,lpc,nQsrxi-500-35788-354893-151331-437270-461984-276516,-0.00017758137,3.8843654305749435,145.97075001802295
burst_length_packets,64,nn,nQsrxi-500-35788-354893-151331-437270-461984-276516,-2.0020657,4.534617035749605,3058.902999968268
burst_length_packets,64,lpc,YuwChp-152-8651-147603-379354-29563-62919-345238,0.0,3.911415249246412,127.98810005187988
burst_length_packets,64,nn,YuwChp-152-8651-147603-379354-29563-62919-345238,2.7956756e-05,3.909907140557726,2814.0476499684155
burst_length_packets,64,lpc,fiBRvp-155-14754-379538-407950-108056-495971-270302,0.10642679,4.4541338633848735,137.94505002442747
burst_length_packets,64,nn,fiBRvp-155-14754-379538-407950-108056-495971-270302,0.036689635,4.454048363787204,2880.7734500151128
burst_length_packets,64,lpc,rpdA0p-089-193291-347380-224170-426805-310105-489070,0.22045878,3.90337943819676,131.0644499026239
burst_length_packets,64,nn,rpdA0p-089-193291-347380-224170-426805-310105-489070,0.46654835,3.909392794736606,2510.4991000844166
burst_length_packets,64,lpc,JCRPTw-618-129107-479691-343332-355104-157595-129013,-0.082489856,3.574466376720424,128.12945013865829
burst_length_packets,64,nn,JCRPTw-618-129107-479691-343332-355104-157595-129013,-0.07454233,3.5765632401054805,3022.1712000202388
burst_length_packets,64,lpc,DfzVIp-175-379354-103913-25062-384031-343308-295308,-0.3487673,3.91675217223856,139.70725005492568
burst_length_packets,64,nn,DfzVIp-175-379354-103913-25062-384031-343308-295308,-0.30099672,4.021589533405103,2655.554899945855
burst_length_packets,64,lpc,PBDVAf-465-366971-117533-197606-160943-60681-25579,0.7669337,3.8900195271535125,127.4287000996992
burst_length_packets,64,nn,PBDVAf-465-366971-117533-197606-160943-60681-25579,0.4793909,3.8096333390778288,2871.7981000663713
burst_length_packets,64,lpc,BNXFqp-404-184495-450557-10737-129636-497448-379538,-0.09935529,4.321176186325399,117.99540009815246
burst_length_packets,64,nn,BNXFqp-404-184495-450557-10737-129636-497448-379538,-0.14773028,4.3282529722340035,2685.1308998884633
burst_length_packets,64,lpc,f2JFMw-634-136860-113105-22031-310105-248646-32125,0.0054864297,4.105078198509771,122.26225004997104
burst_length_packets,64,nn,f2JFMw-634-136860-113105-22031-310105-248646-32125,-0.017066456,4.085250086112074,2537.137250066735
burst_length_packets,64,lpc,cedJli-522-192385-152140-262731-156368-123704-333757,-0.0016702248,2.621022144903227,131.09865004662424
burst_length_packets,64,nn,cedJli-522-192385-152140-262731-156368-123704-333757,-1.7219251,3.3481684703627206,2586.869749939069
burst_length_packets,64,lpc,Q4PCSi-506-317415-237079-78108-78427-235375-285778,0.40311623,2.2354814762678217,173.26860001776367
burst_length_packets,64,nn,Q4PCSi-506-317415-237079-78108-78427-235375-285778,-0.22581281,2.674165118098432,2608.596000005491
burst_length_packets,64,lpc,CrjLKf-468-374393-49022-14754-240504-316080-236920,0.07514541,4.412260585037631,127.8740499401465
burst_length_packets,64,nn,CrjLKf-468-374393-49022-14754-240504-316080-236920,-1.6878827,4.531378467383686,2644.5729499682784
burst_length_packets,64,lpc,m5rDOp-062-377273-156368-185152-188815-186260-486330,6.1973352,4.676382995634016,125.69859996438026
burst_length_packets,64,nn,m5rDOp-062-377273-156368-185152-188815-186260-486330,5.961113,4.6746795318760235,2646.541399997659
burst_length_packets,64,lpc,0mk6rp-310-146145-90733-51581-27791-50416-437215,-2.5885975e-06,3.520518508343173,132.50455004163086
burst_length_packets,64,nn,0mk6rp-310-146145-90733-51581-27791-50416-437215,-0.0051092706,3.5121615914934754,2728.8865499431267
burst_length_packets,64,lpc,fS0Vwp-324-274170-461984-129889-218396-366126-128329,0.327422,3.3825437137961103,184.64120000135154
burst_length_packets,64,nn,fS0Vwp-324-274170-461984-129889-218396-366126-128329,0.31849888,3.4167926633384678,2575.6051999051124
burst_length_packets,64,lpc,0Rve0i-524-469450-332402-376902-283921-64116-240504,0.072583675,2.773497706512872,123.10180009808391
burst_length_packets,64,nn,0Rve0i-524-469450-332402-376902-283921-64116-240504,0.18244886,2.751445879457595,2673.578449874185
burst_length_packets,64,lpc,fZg66p-070-68221-216978-377273-239730-53784-3467,0.0008888332,4.732101252714058,123.42465005349368
burst_length_packets,64,nn,fZg66p-070-68221-216978-377273-239730-53784-3467,-7.2097297,4.732101244752318,2756.713849841617
burst_length_packets,64,lpc,Aal0cp-183-209061-91230-492922-2757-317191-461984,1.4045738,4.25238411187283,119.19010011479259
burst_length_packets,64,nn,Aal0cp-183-209061-91230-492922-2757-317191-461984,1.4588625,4.211134618433196,3262.943399953656
burst_length_packets,64,lpc,m8mjCs-533-485468-283456-486330-442126-2757-12865,-0.020671953,3.3978336833511786,144.78579990100116
burst_length_packets,64,nn,m8mjCs-533-485468-283456-486330-442126-2757-12865,-0.0019781385,3.39680456011493,2844.2789999535307
burst_length_packets,64,lpc,jM2z5p-212-362995-350336-202035-87506-239730-207508,-1.8637937e-05,4.235854356847641,128.99574998300523
burst_length_packets,64,nn,jM2z5p-212-362995-350336-202035-87506-239730-207508,-1.7343633e-05,4.221450214493229,2843.880550004542
burst_length_packets,64,lpc,Paqf1p-119-254913-443221-90733-163645-32125-188815,0.08274081,3.1109995615253867,126.58360006753355
burst_length_packets,64,nn,Paqf1p-119-254913-443221-90733-163645-32125-188815,-0.097190425,3.2278689478820493,2792.7148499293253
burst_length_packets,64,lpc,87hwjf-487-426805-60643-437215-160943-182650-407728,0.018764526,4.164988304763679,128.70180001482368
burst_length_packets,64,nn,87hwjf-487-426805-60643-437215-160943-182650-407728,-0.025548086,4.177342711952116,3011.964450008236
burst_length_packets,64,lpc,kDEiGp-268-254920-474864-52991-170820-165168-328121,0.0,4.345513157015315,136.4398499717936
burst_length_packets,64,nn,kDEiGp-268-254920-474864-52991-170820-165168-328121,-2.3815155e-05,4.345521888913961,3398.88420002535
burst_length_packets,64,lpc,Mtnx5i-515-495971-279778-348676-11995-306560-418034,-3.209872e-05,3.5255653093564896,122.36809998285025
burst_length_packets,64,nn,Mtnx5i-515-495971-279778-348676-11995-306560-418034,0.0050510378,3.5276640540887376,3186.8197498843074
burst_length_packets,64,lpc,3EBeof-459-212842-454791-192385-495971-180085-113105,0.008498844,3.50520051305497,124.18315000832081
burst_length_packets,64,nn,3EBeof-459-212842-454791-192385-495971-180085-113105,0.016991401,3.5043462457217895,4128.660750109702
burst_length_packets,64,lpc,7j8l2a-034-50416-4800-287427-123375-143976-264357,0.022961142,4.219988345439761,127.59165000170469
burst_length_packets,64,nn,7j8l2a-034-50416-4800-287427-123375-143976-264357,0.08913018,4.221428785112289,2815.0693000061437
burst_length_packets,64,lpc,9Mkadp-302-273892-209608-109841-324591-494783-498752,-0.26605687,3.8648655609754297,118.67920006625354
burst_length_packets,64,nn,9Mkadp-302-273892-209608-109841-324591-494783-498752,-0.4337612,3.886717879038775,2805.558249936439
burst_length_packets,64,lpc,u3JmNp-105-377036-373629-177809-287789-419538-221798,0.13397796,4.546722485241993,121.8324500368908
burst_length_packets,64,nn,u3JmNp-105-377036-373629-177809-287789-419538-221798,0.6499915,4.567015241133445,2852.25279990118
burst_length_packets,64,lpc,PiKSIp-112-109021-465867-125189-123174-211212-334242,3.1166334,4.425872808660374,132.88739998824894
burst_length_packets,64,nn,PiKSIp-112-109021-465867-125189-123174-211212-334242,-5.9049473,4.263545783456715,2847.430350026116
burst_length_packets,64,lpc,9a98Kf-464-298969-472051-292323-179462-78575-496080,0.019355748,2.8519786540896455,121.43030005972832
burst_length_packets,64,nn,9a98Kf-464-298969-472051-292323-179462-78575-496080,0.019318637,2.85892745173612,2857.0286000613123
burst_length_packets,64,lpc,vAlA7f-458-390385-16661-177809-112031-325632-365075,0.13179827,3.7379395664260144,125.3363499417901
burst_length_packets,64,nn,vAlA7f-458-390385-16661-177809-112031-325632-365075,-0.22484928,3.7643664947714566,3374.3582000024617
burst_length_packets,64,lpc,U5aQJe-592-437270-129013-295308-406364-103913-497087,0.43671682,3.767112864220504,126.70909997541457
burst_length_packets,64,nn,U5aQJe-592-437270-129013-295308-406364-103913-497087,0.4900959,3.8306000384041567,2896.252700011246
burst_length_packets,64,lpc,HxFzMp-357-24999-343332-90733-489807-316694-345238,0.7111267,3.958278209096106,142.33295002486557
burst_length_packets,64,nn,HxFzMp-357-24999-343332-90733-489807-316694-345238,0.28574872,3.9184772993099717,3282.5304999714717
burst_length_packets,64,lpc,9kbanp-261-50416-108056-469001-231167-334074-209061,0.21231286,3.998880894572771,121.99915002565831
burst_length_packets,64,nn,9kbanp-261-50416-108056-469001-231167-334074-209061,0.34031284,3.9939519253060984,3141.12094999291
burst_length_packets,64,lpc,rqqrUf-476-372299-90733-207508-318838-254913-53278,0.010119452,4.3957399607722305,117.1579499496147
burst_length_packets,64,nn,rqqrUf-476-372299-90733-207508-318838-254913-53278,0.020963551,4.386580436413899,2990.800549974665
burst_length_packets,64,lpc,ie6iSp-097-407790-253414-334074-464643-167361-80351,1.0177593,4.4337965109163395,134.1750998981297
burst_length_packets,64,nn,ie6iSp-097-407790-253414-334074-464643-167361-80351,1.3205777,4.425030257113308,2788.0280499812216
burst_length_packets,64,lpc,FiS63i-513-129107-287427-185152-454791-121010-285778,-4.2453194e-05,2.739284728708837,111.6096000187099
burst_length_packets,64,nn,FiS63i-513-129107-287427-185152-454791-121010-285778,-0.01565944,2.7450253835051335,2800.2835500519723
burst_length_packets,64,lpc,BBcZPi-501-456735-480197-495997-497448-326140-134118,-3.5722784e-05,4.277005342541356,112.97579994425178
burst_length_packets,64,nn,BBcZPi-501-456735-480197-495997-497448-326140-134118,-2.0301104,4.522992572011783,2986.1370999133214
burst_length_packets,64,lpc,5OQdwp-063-348077-460359-16661-112031-224170-197606,0.6457663,3.859991829863698,121.14380009006709
burst_length_packets,64,nn,5OQdwp-063-348077-460359-16661-112031-224170-197606,0.34268466,3.852107301369408,3084.5251999562606
burst_length_packets,64,lpc,riuiap-287-319764-286732-35325-55646-391852-1246,-0.07540196,3.6015645388572275,151.57955000177026
burst_length_packets,64,nn,riuiap-287-319764-286732-35325-55646-391852-1246,-0.042670205,3.5844924304732535,3119.976449990645
burst_length_packets,64,lpc,6TUCvp-352-108130-78807-55646-250174-386302-414547,0.0015083723,3.378905654273578,122.88179993629456
burst_length_packets,64,nn,6TUCvp-352-108130-78807-55646-250174-386302-414547,0.16426122,3.421017598942461,2946.0741500370204
burst_length_packets,64,lpc,KIklei-503-156368-5054-151331-161307-380077-177809,0.0032097092,2.2171203012711214,126.02844997309148
burst_length_packets,64,nn,KIklei-503-156368-5054-151331-161307-380077-177809,-0.03636735,2.251813436447991,3440.7946000574157
burst_length_packets,64,lpc,zVlcap-263-274542-472051-376372-248785-476225-35325,3.1580767e-05,4.00986953248392,121.48860015440732
burst_length_packets,64,nn,zVlcap-263-274542-472051-376372-248785-476225-35325,-0.021333685,4.000191232521706,2960.0693500833586
burst_length_packets,64,lpc,BLAVyp-401-374393-353502-276516-464643-247007-280816,-2.588597e-07,3.981153207462998,116.93050002213567
burst_length_packets,64,nn,BLAVyp-401-374393-353502-276516-464643-247007-280816,1.7602422e-05,3.9811537208787033,2799.370149965398
burst_length_packets,64,lpc,5Lu6ui-514-135410-151381-124082-173176-644-324310,-0.0083075,3.6461413280778157,110.2888499153778
burst_length_packets,64,nn,5Lu6ui-514-135410-151381-124082-173176-644-324310,-0.025334053,3.6437823327539913,2825.9856500662863
burst_length_packets,64,lpc,lzFhsp-134-377273-280816-60681-369034-268009-11995,0.14287418,4.3929772529639255,113.63295000046492
burst_length_packets,64,nn,lzFhsp-134-377273-280816-60681-369034-268009-11995,0.21682066,4.410441090349821,3494.1898001125082
burst_length_packets,64,lpc,nSu3Cp-366-41411-362672-285778-222370-421926-202035,0.70046663,4.269642987279704,140.1619000826031
burst_length_packets,64,nn,nSu3Cp-366-41411-362672-285778-222370-421926-202035,0.29773074,4.278238576464899,2967.5872499356046
burst_length_packets,64,lpc,cUyODs-564-324456-286869-479691-123056-485468-274323,0.5182766,3.7964459898160774,125.39980001747608
burst_length_packets,64,nn,cUyODs-564-324456-286869-479691-123056-485468-274323,0.47342005,4.229653875842816,2945.66714996472
burst_length_packets,64,lpc,TkK5fp-380-229618-476225-311495-339484-11995-7708,0.14666584,4.572651929477502,119.12080005276948
burst_length_packets,64,nn,TkK5fp-380-229618-476225-311495-339484-11995-7708,0.116533905,4.572793134846779,3403.074049972929
burst_length_packets,64,lpc,AHwsQs-538-108297-304214-140209-237079-426805-448869,-9.215502e-05,4.15119787865618,145.81779995933175
burst_length_packets,64,nn,AHwsQs-538-108297-304214-140209-237079-426805-448869,-0.00037536275,4.149628412906894,3097.9606501059607
burst_length_packets,64,lpc,RkoxIi-499-395609-17243-276516-68344-191485-476225,-0.0004882368,3.556408442813563,123.62660001963377
burst_length_packets,64,nn,RkoxIi-499-395609-17243-276516-68344-191485-476225,0.0019146218,3.55750444294012,3043.47695002798
burst_length_packets,64,lpc,YLEXwp-335-240298-183720-447487-129636-202035-44660,-0.03266821,4.11033227322298,133.02780012600124
burst_length_packets,64,nn,YLEXwp-335-240298-183720-447487-129636-202035-44660,-0.042747065,4.110064448575917,3002.79135000892
burst_length_packets,64,lpc,rn9v1e-583-369034-383770-175927-399756-390385-383479,0.38626343,3.891462837207774,127.30715016368777
burst_length_packets,64,nn,rn9v1e-583-369034-383770-175927-399756-390385-383479,0.16134499,3.990580822517339,3130.386449978687
burst_length_packets,64,lpc,SSYQ1w-650-275802-13671-144360-112336-104867-157595,-0.06752075,4.263854064016849,140.20040002651513
burst_length_packets,64,nn,SSYQ1w-650-275802-13671-144360-112336-104867-157595,-5.686422,4.24506598707513,3356.549800024368
burst_length_packets,64,lpc,4fsgkp-253-311495-209061-229618-287427-276516-38459,0.4125383,4.417674945376568,138.6179500259459
burst_length_packets,64,nn,4fsgkp-253-311495-209061-229618-287427-276516-38459,0.09177899,4.370321646861186,3218.0559498956427
burst_length_packets,64,lpc,44Zbvs-567-179462-358526-13671-355104-116061-343332,0.06131813,4.322512443366522,140.44305006973445
burst_length_packets,64,nn,44Zbvs-567-179462-358526-13671-355104-116061-343332,0.3911389,4.331095099428415,3084.0992998564616
burst_length_packets,64,lpc,cmHjrf-493-348077-309854-224170-458554-202179-472051,0.08902062,4.277165150844329,129.32990002445877
burst_length_packets,64,nn,cmHjrf-493-348077-309854-224170-458554-202179-472051,-0.44500056,4.308015532308385,3211.1833000089973
burst_length_packets,64,lpc,zQSXvp-215-498788-407950-152419-25062-51581-3467,0.36693916,3.871315711875714,135.66114997956902
burst_length_packets,64,nn,zQSXvp-215-498788-407950-152419-25062-51581-3467,0.19498473,3.9225489231263264,3209.8962500458583
burst_length_packets,64,lpc,l3Lvae-611-211084-218396-212842-198509-334833-311379,0.3987369,4.283390219674539,147.283700061962
burst_length_packets,64,nn,l3Lvae-611-211084-218396-212842-198509-334833-311379,-0.87699646,4.115551719918939,3328.447200008668
burst_length_packets,64,lpc,LIJKja-026-447487-148409-188815-38506-78427-479691,0.024698367,3.910080244913255,122.99085000995547
burst_length_packets,64,nn,LIJKja-026-447487-148409-188815-38506-78427-479691,0.043506376,3.9153041390667553,3101.7057499848306
burst_length_packets,64,lpc,tztd5w-640-23535-348077-410307-64116-151381-134118,-9.57782e-06,3.325981055604247,118.66260005626827
burst_length_packets,64,nn,tztd5w-640-23535-348077-410307-64116-151381-134118,2.3815026e-05,3.3265939762282155,3162.5472500454634
burst_length_packets,64,lpc,TypO9p-362-82313-390793-365346-50416-310105-275395,0.30671832,4.013616272058346,121.57169997226447
burst_length_packets,64,nn,TypO9p-362-82313-390793-365346-50416-310105-275395,-0.711161,4.000598521275029,3086.2122998805717
burst_length_packets,64,lpc,3hvoVa-051-2307-202921-218396-175927-14787-464643,0.27251813,3.63385217699423,124.71544998697937
burst_length_packets,64,nn,3hvoVa-051-2307-202921-218396-175927-14787-464643,-0.6758327,3.5479844591630627,2987.471550004557
burst_length_packets,64,lpc,9hvMUf-482-498788-113105-17243-63022-21827-338584,-0.0113310795,4.423497031942722,106.59999994095415
burst_length_packets,64,nn,9hvMUf-482-498788-113105-17243-63022-21827-338584,-3.7864823,4.517178756596067,2773.903149878606
burst_length_packets,64,lpc,lDN6of-450-91840-427818-353502-327883-210172-489807,0.027031254,3.6962706999474473,107.40124993026257
burst_length_packets,64,nn,lDN6of-450-91840-427818-353502-327883-210172-489807,-0.08449406,3.7155893220612306,2808.9223500574008
burst_length_packets,64,lpc,8b8sWp-275-88756-348733-183720-134118-226233-129107,1.8340571,4.704418597332959,107.02414996922016
burst_length_packets,64,nn,8b8sWp-275-88756-348733-183720-134118-226233-129107,-2.3055954,4.704286506838066,2984.4298500102013
burst_length_packets,64,lpc,noHubp-343-163645-17243-410906-219243-161307-221798,0.17412835,3.948545017925616,118.77330008428544
burst_length_packets,64,nn,noHubp-343-163645-17243-410906-219243-161307-221798,-0.08457034,3.959934769877318,3018.6414999188855
burst_length_packets,64,lpc,G50hup-092-363552-123056-229618-481410-299323-332402,3.1063153e-06,3.981351916009773,128.4188498975709
burst_length_packets,64,nn,G50hup-092-363552-123056-229618-481410-299323-332402,-0.0020866513,3.91894129268967,2758.8666500523686
burst_length_packets,64,lpc,FPRIpe-578-474864-126584-425422-304828-148409-10737,0.07008614,4.240318190982751,119.12644992116839
burst_length_packets,64,nn,FPRIpe-578-474864-126584-425422-304828-148409-10737,0.8435781,4.13834263306642,3310.1763000013307
burst_length_packets,64,lpc,1zDUvp-298-108297-119460-56896-348770-68221-98443,0.6567491,4.541186809049644,151.75954985897988
burst_length_packets,64,nn,1zDUvp-298-108297-119460-56896-348770-68221-98443,0.9299474,4.579412730393598,3154.8622499685735
burst_length_packets,64,lpc,WVKBPa-017-469001-13769-309009-430207-5054-14754,0.6105446,4.332550049599124,108.99874998722225
burst_length_packets,64,nn,WVKBPa-017-469001-13769-309009-430207-5054-14754,0.2600503,4.3210902603642545,3150.035300059244
burst_length_packets,64,lpc,fdXdMp-313-165684-111916-348770-380077-145384-347380,0.0,4.293663526529498,122.02810007147491
burst_length_packets,64,nn,fdXdMp-313-165684-111916-348770-380077-145384-347380,3.1063153e-06,4.268941046791168,3129.255200154148
burst_length_packets,64,lpc,rkSMcp-349-162269-339484-74769-12865-363552-41411,-0.112227514,3.8575259143309406,114.4853999139741
burst_length_packets,64,nn,rkSMcp-349-162269-339484-74769-12865-363552-41411,-0.2654663,3.7633329516331964,2835.4912999784574
burst_length_packets,64,lpc,avuTLe-585-474206-355130-317191-361413-333474-248785,0.01141416,3.644645857034723,109.37494994141161
burst_length_packets,64,nn,avuTLe-585-474206-355130-317191-361413-333474-248785,0.03551747,3.618697755592917,2834.8151500103995
burst_length_packets,64,lpc,1Q0zzp-067-496080-227228-300626-311379-247007-1214,2.3446462,4.605203870886399,148.06995005346835
burst_length_packets,64,nn,1Q0zzp-067-496080-227228-300626-311379-247007-1214,1.858574,4.588471626001622,2903.4396500792354
burst_length_packets,64,lpc,k2rvsa-021-181149-117176-94351-2985-340579-209061,0.028952511,4.391471231844799,116.04480003006756
burst_length_packets,64,nn,k2rvsa-021-181149-117176-94351-2985-340579-209061,0.0363929,4.3591790720400585,2902.2614000132307
burst_length_packets,64,lpc,DmpOYi-525-91230-450251-209608-292323-92870-38506,0.032234944,2.9136037801944017,110.46614998485893
burst_length_packets,64,nn,DmpOYi-525-91230-450251-209608-292323-92870-38506,-0.41159528,3.112361552100145,2912.7939000027254
burst_length_packets,64,lpc,cZ9D6w-670-134118-41411-423587-125189-84055-98443,-0.1338664,4.0972777407966845,109.21204998157918
burst_length_packets,64,nn,cZ9D6w-670-134118-41411-423587-125189-84055-98443,-0.17292036,4.099084306553532,2876.2898999266326
burst_length_packets,64,lpc,wD39yw-617-350336-91230-365075-384274-339484-27577,0.08650816,2.9868482357809274,108.93940005917102
burst_length_packets,64,nn,wD39yw-617-350336-91230-365075-384274-339484-27577,0.047516838,3.005791083843481,2863.63434989471
burst_length_packets,64,lpc,jFujMp-258-2985-422977-276516-270302-316694-390385,0.1183243,3.949125444587958,111.27384996507317
burst_length_packets,64,nn,jFujMp-258-2985-422977-276516-270302-316694-390385,0.10107559,3.955959437304017,2900.528150028549
burst_length_packets,64,lpc,ainjFp-098-145384-88756-289593-274542-488804-292564,0.11957909,3.474654883186183,109.21060002874583
burst_length_packets,64,nn,ainjFp-098-145384-88756-289593-274542-488804-292564,0.10760473,3.4668086315917606,2862.9692000104114
burst_length_packets,64,lpc,rllgnp-282-21827-2985-183720-67455-409746-330730,-3.209872e-05,3.739127542000519,159.23960006330162
burst_length_packets,64,nn,rllgnp-282-21827-2985-183720-67455-409746-330730,-0.0035343547,3.629110411022735,2853.7607500329614
burst_length_packets,64,lpc,ck2Uxp-081-495997-135873-82313-377039-373629-268363,0.4721799,3.821779762144592,108.80019993055612
burst_length_packets,64,nn,ck2Uxp-081-495997-135873-82313-377039-373629-268363,0.5207979,3.8214690938480675,2906.042949995026
burst_length_packets,64,lpc,jhRr0p-088-489070-351855-386883-172725-333766-16976,0.023378262,3.561962635683164,108.57119993306696
burst_length_packets,64,nn,jhRr0p-088-489070-351855-386883-172725-333766-16976,0.012236128,3.6043607218253886,2832.186450017616
burst_length_packets,64,lpc,oRqMra-058-167772-480197-43889-36331-135873-265166,0.101188384,4.624757593756584,110.44515005778521
burst_length_packets,64,nn,oRqMra-058-167772-480197-43889-36331-135873-265166,0.18202887,4.626391870183953,2964.8196999914944
burst_length_packets,64,lpc,d4LtRw-656-379354-74769-192385-202921-93885-62534,0.0,2.3844260852843124,111.00979999173433
burst_length_packets,64,nn,d4LtRw-656-379354-74769-192385-202921-93885-62534,3.5204772e-05,2.364495719673285,2870.154049945995
burst_length_packets,64,lpc,tXap2p-281-298969-9753-281965-457067-162269-329331,0.20258558,4.189914798817943,108.88855007942766
burst_length_packets,64,nn,tXap2p-281-298969-9753-281965-457067-162269-329331,0.30259603,4.203732009820266,2857.069200021215
burst_length_packets,64,lpc,IIhdup-184-282845-322947-195637-315211-10737-386302,0.9117978,3.9230468498287276,109.43804995622486
burst_length_packets,64,nn,IIhdup-184-282845-322947-195637-315211-10737-386302,0.8563571,3.9354212201616203,2849.2872499627993
burst_length_packets,64,lpc,Q1VJ4p-396-67099-191485-442126-324310-384031-392966,0.0007149116,3.8906270216197925,108.66415000054985
burst_length_packets,64,nn,Q1VJ4p-396-67099-191485-442126-324310-384031-392966,0.00027645333,3.825419997827291,2821.7706499854103
burst_length_packets,64,lpc,IJqofi-526-68304-236920-183720-152419-94351-316080,0.005332858,3.408799045124529,110.16985005699098
burst_length_packets,64,nn,IJqofi-526-68304-236920-183720-152419-94351-316080,-3.122047,3.7714076178298193,3136.4602498942986
burst_length_packets,64,lpc,MJEnPs-553-484336-261033-237079-274170-257745-343308,0.039496314,4.115284818445607,108.42964996118098
burst_length_packets,64,nn,MJEnPs-553-484336-261033-237079-274170-257745-343308,0.0970485,4.116275274683964,2825.178100145422
burst_length_packets,64,lpc,oK9Hxs-550-7708-104867-460359-299323-420765-264795,0.23375839,3.746196810242127,110.01015000510961
burst_length_packets,64,nn,oK9Hxs-550-7708-104867-460359-299323-420765-264795,-3.7298596,3.817316886556527,2868.891500052996
burst_length_packets,64,lpc,ItvEYp-187-347380-151331-160943-343502-92870-286732,-0.114456505,3.572105730448021,120.38460001349449
burst_length_packets,64,nn,ItvEYp-187-347380-151331-160943-343502-92870-286732,-0.021388054,3.525758412170588,2880.499850027263
burst_length_packets,96,lpc,9f3Qjw-657-129013-78427-348770-228203-60643-7188,-0.099237174,4.438346239611706,171.85695003718138
burst_length_packets,96,nn,9f3Qjw-657-129013-78427-348770-228203-60643-7188,-0.20914567,4.444160462418912,4081.995249958709
burst_length_packets,96,lpc,i0Ocoe-610-395609-211084-211212-108056-187519-202035,0.13170938,3.738357924523914,144.8599500581622
burst_length_packets,96,nn,i0Ocoe-610-395609-211084-211212-108056-187519-202035,-2.851895,4.494824116667679,3821.057849912904
burst_length_packets,96,lpc,Th8NDe-613-23535-495997-395609-270487-329331-383770,0.050270475,3.432957456805681,148.1693999376148
burst_length_packets,96,nn,Th8NDe-613-23535-495997-395609-270487-329331-383770,0.10540569,3.84356367501135,3851.931249955669
burst_length_packets,96,lpc,ui9aDp-122-292323-379538-386883-287427-306759-88721,0.01854389,3.914536183723186,143.8632500357926
burst_length_packets,96,nn,ui9aDp-122-292323-379538-386883-287427-306759-88721,-0.2709281,3.97740845225405,3824.445450096391
burst_length_packets,96,lpc,DLZvmp-426-78108-128329-469130-165684-261033-84004,0.006971188,4.179776720070409,144.69000010285527
burst_length_packets,96,nn,DLZvmp-426-78108-128329-469130-165684-261033-84004,-0.04305869,4.200319483957028,3751.5928499633446
burst_length_packets,96,lpc,amZyRf-444-7708-476924-468905-275802-405424-380077,0.027317824,3.9806116467140704,145.09880007244647
burst_length_packets,96,nn,amZyRf-444-7708-476924-468905-275802-405424-380077,-0.07797766,4.0187500736803,3911.810200079344
burst_length_packets,96,lpc,ofs2Us-561-469223-161307-229618-187519-295308-129107,0.11882505,3.5209051297660316,151.0490500368178
burst_length_packets,96,nn,ofs2Us-561-469223-161307-229618-187519-295308-129107,-16.168392,2.429834774695042,3801.9809500547126
burst_length_packets,96,lpc,nQsrxi-500-35788-354893-151331-437270-461984-276516,-0.000105098305,3.5547350272181006,146.70054998714477
burst_length_packets,96,nn,nQsrxi-500-35788-354893-151331-437270-461984-276516,-1.65439,4.363936587712201,3825.175549951382
burst_length_packets,96,lpc,YuwChp-152-8651-147603-379354-29563-62919-345238,0.0,3.741931928693127,148.43315002508461
burst_length_packets,96,nn,YuwChp-152-8651-147603-379354-29563-62919-345238,-4.9183373e-06,3.7404165072100355,3829.429449979216
burst_length_packets,96,lpc,fiBRvp-155-14754-379538-407950-108056-495971-270302,0.10079132,4.4490800063815374,142.67884998116642
burst_length_packets,96,nn,fiBRvp-155-14754-379538-407950-108056-495971-270302,0.034758445,4.448987933070049,3790.4584500938654
burst_length_packets,96,lpc,rpdA0p-089-193291-347380-224170-426805-310105-489070,0.19379957,3.8728939436211736,147.62244990561157
burst_length_packets,96,nn,rpdA0p-089-193291-347380-224170-426805-310105-489070,0.40785316,3.879126349265658,3856.6914498806
burst_length_packets,96,lpc,JCRPTw-618-129107-479691-343332-355104-157595-129013,-0.059382204,3.4671027934839334,143.99784989655018
burst_length_packets,96,nn,JCRPTw-618-129107-479691-343332-355104-157595-129013,-0.07180287,3.470066689537205,3815.7740000169724
burst_length_packets,96,lpc,DfzVIp-175-379354-103913-25062-384031-343308-295308,-0.13047382,3.5780499438625366,146.12185000441968
burst_length_packets,96,nn,DfzVIp-175-379354-103913-25062-384031-343308-295308,-0.11207425,3.676087924568741,3773.0033500120044
burst_length_packets,96,lpc,PBDVAf-465-366971-117533-197606-160943-60681-25579,0.5591501,3.7061006131062975,143.90929997898638
burst_length_packets,96,nn,PBDVAf-465-366971-117533-197606-160943-60681-25579,0.35264528,3.6479817052471244,3774.279950070195
burst_length_packets,96,lpc,BNXFqp-404-184495-450557-10737-129636-497448-379538,-0.061244495,4.166014957602615,150.529749924317
burst_length_packets,96,nn,BNXFqp-404-184495-450557-10737-129636-497448-379538,-0.100191504,4.179455552353836,3818.0484500480816
burst_length_packets,96,lpc,f2JFMw-634-136860-113105-22031-310105-248646-32125,0.0034947526,3.9925893176309675,144.39959987066686
burst_length_packets,96,nn,f2JFMw-634-136860-113105-22031-310105-248646-32125,-0.010884181,3.9715189220328977,3795.7989999558777
burst_length_packets,96,lpc,cedJli-522-192385-152140-262731-156368-123704-333757,-0.0011813374,2.4073655830920497,145.27029998134822
burst_length_packets,96,nn,cedJli-522-192385-152140-262731-156368-123704-333757,-2.340171,3.680850061247451,3829.6374500496313
burst_length_packets,96,lpc,Q4PCSi-506-317415-237079-78108-78427-235375-285778,0.32095665,2.1031319049795254,143.73814989812672
burst_length_packets,96,nn,Q4PCSi-506-317415-237079-78108-78427-235375-285778,-0.19876494,2.4714280353928615,3815.1456500636414
burst_length_packets,96,lpc,CrjLKf-468-374393-49022-14754-240504-316080-236920,0.047435418,4.072832197239499,150.0270999968052
burst_length_packets,96,nn,CrjLKf-468-374393-49022-14754-240504-316080-236920,-1.3830333,4.440408414784323,3797.5734500214458
burst_length_packets,96,lpc,m5rDOp-062-377273-156368-185152-188815-186260-486330,6.1853685,4.676382995121488,148.06549984496087
burst_length_packets,96,nn,m5rDOp-062-377273-156368-185152-188815-186260-486330,5.91578,4.67467953245494,3862.3410500586033
burst_length_packets,96,lpc,0mk6rp-310-146145-90733-51581-27791-50416-437215,-1.5531583e-06,3.3900426306682814,143.8531499588862
burst_length_packets,96,nn,0mk6rp-310-146145-90733-51581-27791-50416-437215,-0.0048760287,3.376804261614165,3850.769400014542
burst_length_packets,96,lpc,fS0Vwp-324-274170-461984-129889-218396-366126-128329,0.2761162,3.325034609099127,143.18229991476983
burst_length_packets,96,nn,fS0Vwp-324-274170-461984-129889-218396-366126-128329,0.2391628,3.4089091339696136,3796.5576000278816
burst_length_packets,96,lpc,0Rve0i-524-469450-332402-376902-283921-64116-240504,0.044756327,2.5202493500703476,151.3223999645561
burst_length_packets,96,nn,0Rve0i-524-469450-332402-376902-283921-64116-240504,0.061234415,2.5214072389579982,3818.3634500019252
burst_length_packets,96,lpc,fZg66p-070-68221-216978-377273-239730-53784-3467,0.0005968894,4.732101252317021,145.6680999835953
burst_length_packets,96,nn,fZg66p-070-68221-216978-377273-239730-53784-3467,-7.2006564,4.732101234990305,3900.374799966812
burst_length_packets,96,lpc,Aal0cp-183-209061-91230-492922-2757-317191-461984,1.4045693,4.252383889844548,157.59279998019338
burst_length_packets,96,nn,Aal0cp-183-209061-91230-492922-2757-317191-461984,1.4588493,4.211134512491961,3763.2824999745935
burst_length_packets,96,lpc,m8mjCs-533-485468-283456-486330-442126-2757-12865,-0.00711048,2.720274717063827,150.34679998643696
burst_length_packets,96,nn,m8mjCs-533-485468-283456-486330-442126-2757-12865,-0.003303011,2.7197358160186713,3823.0440000770614
burst_length_packets,96,lpc,jM2z5p-212-362995-350336-202035-87506-239730-207508,-1.2166422e-05,3.9407287315289796,146.93614991847426
burst_length_packets,96,nn,jM2z5p-212-362995-350336-202035-87506-239730-207508,-1.4496167e-05,3.9372562795303505,3761.5154999075457
burst_length_packets,96,lpc,Paqf1p-119-254913-443221-90733-163645-32125-188815,0.045699064,2.559802526748122,148.74630002304912
burst_length_packets,96,nn,Paqf1p-119-254913-443221-90733-163645-32125-188815,-0.05505778,2.5995116150085824,3865.4039999237284
burst_length_packets,96,lpc,87hwjf-487-426805-60643-437215-160943-182650-407728,0.01287573,3.8541847642416425,145.27670003008097
burst_length_packets,96,nn,87hwjf-487-426805-60643-437215-160943-182650-407728,-0.020363234,3.82599531161133,3872.884050011635
burst_length_packets,96,lpc,kDEiGp-268-254920-474864-52991-170820-165168-328121,0.0,4.345513144925485,144.54260002821684
burst_length_packets,96,nn,kDEiGp-268-254920-474864-52991-170820-165168-328121,-2.5886045e-05,4.34552607021247,3802.9212499968708
burst_length_packets,96,lpc,Mtnx5i-515-495971-279778-348676-11995-306560-418034,-2.5368321e-05,3.3789633727242254,147.23990007769316
burst_length_packets,96,nn,Mtnx5i-515-495971-279778-348676-11995-306560-418034,0.0039427136,3.373374860786843,4081.793350051157
burst_length_packets,96,lpc,3EBeof-459-212842-454791-192385-495971-180085-113105,0.005970893,3.4530645665424924,145.5383999273181
burst_length_packets,96,nn,3EBeof-459-212842-454791-192385-495971-180085-113105,0.011375949,3.452213054101426,3835.9221999999136
burst_length_packets,96,lpc,7j8l2a-034-50416-4800-287427-123375-143976-264357,0.01643699,3.5269167121914062,163.2352500455454
burst_length_packets,96,nn,7j8l2a-034-50416-4800-287427-123375-143976-264357,0.06368245,3.5414217149677034,3856.293399934657
burst_length_packets,96,lpc,9Mkadp-302-273892-209608-109841-324591-494783-498752,-0.121830516,3.55510939344958,152.5998500874266
burst_length_packets,96,nn,9Mkadp-302-273892-209608-109841-324591-494783-498752,-0.20052747,3.5784065875412043,3791.9682000065222
burst_length_packets,96,lpc,u3JmNp-105-377036-373629-177809-287789-419538-221798,0.074349,4.312148379473782,144.98959993943572
burst_length_packets,96,nn,u3JmNp-105-377036-373629-177809-287789-419538-221798,0.35113567,4.399755246596291,3851.6894000349566
burst_length_packets,96,lpc,PiKSIp-112-109021-465867-125189-123174-211212-334242,0.1296607,3.7894699833348486,144.7413000278175
burst_length_packets,96,nn,PiKSIp-112-109021-465867-125189-123174-211212-334242,-1.0800257,3.9836414722090163,3856.999299954623
burst_length_packets,96,lpc,9a98Kf-464-298969-472051-292323-179462-78575-496080,0.015007058,2.7503953989125116,144.8149000061676
burst_length_packets,96,nn,9a98Kf-464-298969-472051-292323-179462-78575-496080,0.010713918,2.7537452924496453,3823.288599960506
burst_length_packets,96,lpc,vAlA7f-458-390385-16661-177809-112031-325632-365075,0.08682078,3.7288632696688833,147.15664996765554
burst_length_packets,96,nn,vAlA7f-458-390385-16661-177809-112031-325632-365075,-0.15107632,3.758821575574979,1923572.7119999938
burst_length_packets,96,lpc,U5aQJe-592-437270-129013-295308-406364-103913-497087,0.30657792,3.5850898108748748,371.351050096564
burst_length_packets,96,nn,U5aQJe-592-437270-129013-295308-406364-103913-497087,0.34730104,3.661721904524981,3626.51980004739
burst_length_packets,96,lpc,HxFzMp-357-24999-343332-90733-489807-316694-345238,0.63063794,3.8193392937530692,173.07829984929413
burst_length_packets,96,nn,HxFzMp-357-24999-343332-90733-489807-316694-345238,0.25832668,3.7277208257736625,3664.779149927199
burst_length_packets,96,lpc,9kbanp-261-50416-108056-469001-231167-334074-209061,0.13775583,3.7071473831434734,178.22205007541925
burst_length_packets,96,nn,9kbanp-261-50416-108056-469001-231167-334074-209061,0.21960735,3.6691904765440864,3879.2344499379396
burst_length_packets,96,lpc,rqqrUf-476-372299-90733-207508-318838-254913-53278,0.009348227,4.389108094438297,185.17104990314692
burst_length_packets,96,nn,rqqrUf-476-372299-90733-207508-318838-254913-53278,0.01935214,4.378031269075224,3501.590650063008
burst_length_packets,96,lpc,ie6iSp-097-407790-253414-334074-464643-167361-80351,1.0177555,4.433796200448386,168.514349963516
burst_length_packets,96,nn,ie6iSp-097-407790-253414-334074-464643-167361-80351,1.2945987,4.425644857182703,3583.3901000441983
burst_length_packets,96,lpc,FiS63i-513-129107-287427-185152-454791-121010-285778,-3.5981644e-05,2.629531496896023,169.39419996924698
burst_length_packets,96,nn,FiS63i-513-129107-287427-185152-454791-121010-285778,-0.013317242,2.634977305584174,3546.2669999105856
burst_length_packets,96,lpc,BBcZPi-501-456735-480197-495997-497448-326140-134118,-1.993224e-05,3.839602556777903,169.7528500808403
burst_length_packets,96,nn,BBcZPi-501-456735-480197-495997-497448-326140-134118,-1.5921742,4.489352663800721,3571.747599984519
burst_length_packets,96,lpc,5OQdwp-063-348077-460359-16661-112031-224170-197606,0.29442486,3.343897836909978,183.11525008175522
burst_length_packets,96,nn,5OQdwp-063-348077-460359-16661-112031-224170-197606,0.15885158,3.334610628952783,3587.345799896866
burst_length_packets,96,lpc,riuiap-287-319764-286732-35325-55646-391852-1246,-0.0689907,3.584094282771039,179.37979998532683
burst_length_packets,96,nn,riuiap-287-319764-286732-35325-55646-391852-1246,-0.039705463,3.5691934457650287,3599.869049852714
burst_length_packets,96,lpc,6TUCvp-352-108130-78807-55646-250174-386302-414547,0.0011973198,3.269222878419484,177.43415001314133
burst_length_packets,96,nn,6TUCvp-352-108130-78807-55646-250174-386302-414547,0.12968181,3.2961595123025127,3536.8933000136167
burst_length_packets,96,lpc,KIklei-503-156368-5054-151331-161307-380077-177809,0.002785472,2.188667896428665,176.44404992461205
burst_length_packets,96,nn,KIklei-503-156368-5054-151331-161307-380077-177809,-0.0405658,2.192374444086729,3599.1511000320315
burst_length_packets,96,lpc,zVlcap-263-274542-472051-376372-248785-476225-35325,1.8637858e-05,3.915720026723638,172.00689995661378
burst_length_packets,96,nn,zVlcap-263-274542-472051-376372-248785-476225-35325,-0.013528867,3.9060211719751194,3614.261450013146
burst_length_packets,96,lpc,BLAVyp-401-374393-353502-276516-464643-247007-280816,0.0,3.987010540481924,175.07794999983162
burst_length_packets,96,nn,BLAVyp-401-374393-353502-276516-464643-247007-280816,1.8637858e-05,3.987011368638277,3580.6627499405295
burst_length_packets,96,lpc,5Lu6ui-514-135410-151381-124082-173176-644-324310,-0.0065737963,3.4419030398384773,183.4149999776855
burst_length_packets,96,nn,5Lu6ui-514-135410-151381-124082-173176-644-324310,-0.035787106,3.460932354171865,3577.3823000490665
burst_length_packets,96,lpc,lzFhsp-134-377273-280816-60681-369034-268009-11995,0.13247223,4.363608703462207,173.1405499158427
burst_length_packets,96,nn,lzFhsp-134-377273-280816-60681-369034-268009-11995,0.20038271,4.381528512450844,3611.9509999407455
burst_length_packets,96,lpc,nSu3Cp-366-41411-362672-285778-222370-421926-202035,0.49818856,4.2361948507780784,173.36745001375675
burst_length_packets,96,nn,nSu3Cp-366-41411-362672-285778-222370-421926-202035,0.28668517,4.2393626506627005,3614.6256499923766
burst_length_packets,96,lpc,cUyODs-564-324456-286869-479691-123056-485468-274323,0.12383695,3.689769731395815,180.27000001166016
burst_length_packets,96,nn,cUyODs-564-324456-286869-479691-123056-485468-274323,0.112843975,4.093110243013059,3727.578549995087
burst_length_packets,96,lpc,TkK5fp-380-229618-476225-311495-339484-11995-7708,0.117649145,4.5633994504955275,176.01655004546046
burst_length_packets,96,nn,TkK5fp-380-229618-476225-311495-339484-11995-7708,0.093480304,4.56190754538982,3645.390250138007
burst_length_packets,96,lpc,AHwsQs-538-108297-304214-140209-237079-426805-448869,-7.170472e-05,4.059335475457326,170.4715498490259
burst_length_packets,96,nn,AHwsQs-538-108297-304214-140209-237079-426805-448869,-0.00031193712,4.057746119409087,4120.640750043094
burst_length_packets,96,lpc,RkoxIi-499-395609-17243-276516-68344-191485-476225,-0.0003269521,3.024417000874065,172.87120001856238
burst_length_packets,96,nn,RkoxIi-499-395609-17243-276516-68344-191485-476225,0.001215435,3.0258731417509974,4111.645449884236
burst_length_packets,96,lpc,YLEXwp-335-240298-183720-447487-129636-202035-44660,-0.028749421,4.054278221979761,163.09625003486872
burst_length_packets,96,nn,YLEXwp-335-240298-183720-447487-129636-202035-44660,-0.038720187,4.054314612800004,3451.632449985482
burst_length_packets,96,lpc,rn9v1e-583-369034-383770-175927-399756-390385-383479,0.2554432,3.7932475517370503,155.39704996626824
burst_length_packets,96,nn,rn9v1e-583-369034-383770-175927-399756-390385-383479,0.058398843,3.8628128116301106,4127.876249956898
burst_length_packets,96,lpc,SSYQ1w-650-275802-13671-144360-112336-104867-157595,-0.061407536,4.260364555786383,173.85254986584187
burst_length_packets,96,nn,SSYQ1w-650-275802-13671-144360-112336-104867-157595,-7.0317454,4.214069200194425,3416.6167499497533
burst_length_packets,96,lpc,4fsgkp-253-311495-209061-229618-287427-276516-38459,0.27632463,4.115545321309471,177.87215008866042
burst_length_packets,96,nn,4fsgkp-253-311495-209061-229618-287427-276516-38459,0.027208239,4.119679479152582,3334.369449992664
burst_length_packets,96,lpc,44Zbvs-567-179462-358526-13671-355104-116061-343332,0.026988551,4.164512564522616,154.0880500106141
burst_length_packets,96,nn,44Zbvs-567-179462-358526-13671-355104-116061-343332,0.2066587,4.1742583371591495,3352.644650032744
burst_length_packets,96,lpc,cmHjrf-493-348077-309854-224170-458554-202179-472051,0.051356807,4.1249666930548035,140.4243999859318
burst_length_packets,96,nn,cmHjrf-493-348077-309854-224170-458554-202179-472051,-0.2610877,4.1542137957696115,3393.675550003536
burst_length_packets,96,lpc,zQSXvp-215-498788-407950-152419-25062-51581-3467,0.12185805,3.4332105000916595,152.19189994968474
burst_length_packets,96,nn,zQSXvp-215-498788-407950-152419-25062-51581-3467,0.06571046,3.434825493975329,3369.609500048682
burst_length_packets,96,lpc,l3Lvae-611-211084-218396-212842-198509-334833-311379,0.24170847,4.146865235888291,150.93870006967336
burst_length_packets,96,nn,l3Lvae-611-211084-218396-212842-198509-334833-311379,-0.5631759,3.9628896265327764,3390.9072499955073
burst_length_packets,96,lpc,LIJKja-026-447487-148409-188815-38506-78427-479691,0.015812356,3.788570887620404,156.04204998817295
burst_length_packets,96,nn,LIJKja-026-447487-148409-188815-38506-78427-479691,0.03387292,3.792777140189555,3419.2834499990568
burst_length_packets,96,lpc,tztd5w-640-23535-348077-410307-64116-151381-134118,-4.9183373e-06,3.154516692357463,139.45735001470894
burst_length_packets,96,nn,tztd5w-640-23535-348077-410307-64116-151381-134118,3.5204772e-05,3.1551080962753932,3395.8868999034166
burst_length_packets,96,lpc,TypO9p-362-82313-390793-365346-50416-310105-275395,0.19536437,4.0140598731051504,141.16330002434552
burst_length_packets,96,nn,TypO9p-362-82313-390793-365346-50416-310105-275395,-0.5610731,4.009888919190116,3477.711600018665
burst_length_packets,96,lpc,3hvoVa-051-2307-202921-218396-175927-14787-464643,0.20409584,3.523207972688745,140.38214995525777
burst_length_packets,96,nn,3hvoVa-051-2307-202921-218396-175927-14787-464643,-0.5223171,3.429885295118435,3377.597799990326
burst_length_packets,96,lpc,9hvMUf-482-498788-113105-17243-63022-21827-338584,-0.0029815335,4.164911253476772,138.38430005125701
burst_length_packets,96,nn,9hvMUf-482-498788-113105-17243-63022-21827-338584,-1.7517887,4.361247539867648,3319.5720500079915
burst_length_packets,96,lpc,lDN6of-450-91840-427818-353502-327883-210172-489807,0.014378091,2.9836200861084645,150.7045499747619
burst_length_packets,96,nn,lDN6of-450-91840-427818-353502-327883-210172-489807,-0.045172416,3.0001307631879275,3442.2592000337318
burst_length_packets,96,lpc,8b8sWp-275-88756-348733-183720-134118-226233-129107,0.02803237,4.3239572080067585,154.76825006771833
burst_length_packets,96,nn,8b8sWp-275-88756-348733-183720-134118-226233-129107,-0.056662507,4.340748016625573,3645.4053999623284
burst_length_packets,96,lpc,noHubp-343-163645-17243-410906-219243-161307-221798,0.12967075,3.837762659872833,139.37560003250837
burst_length_packets,96,nn,noHubp-343-163645-17243-410906-219243-161307-221798,-0.063402556,3.8508736712610894,3492.288399953395
burst_length_packets,96,lpc,G50hup-092-363552-123056-229618-481410-299323-332402,2.588596e-06,3.9486509646947265,156.0242499690503
burst_length_packets,96,nn,G50hup-092-363552-123056-229618-481410-299323-332402,-0.0028426917,3.954982359075112,3437.549849972129
burst_length_packets,96,lpc,FPRIpe-578-474864-126584-425422-304828-148409-10737,0.032802757,3.895403241871202,153.5485499771312
burst_length_packets,96,nn,FPRIpe-578-474864-126584-425422-304828-148409-10737,0.38843036,3.801944578559252,3559.3205000041053
burst_length_packets,96,lpc,1zDUvp-298-108297-119460-56896-348770-68221-98443,0.48452142,4.502124194921402,150.25469998363405
burst_length_packets,96,nn,1zDUvp-298-108297-119460-56896-348770-68221-98443,0.94652987,4.546116632588271,3430.7796999346465
burst_length_packets,96,lpc,WVKBPa-017-469001-13769-309009-430207-5054-14754,0.35328153,4.264110023774473,148.00599997397512
burst_length_packets,96,nn,WVKBPa-017-469001-13769-309009-430207-5054-14754,0.15304488,4.2566500631852,4355.860149953514
burst_length_packets,96,lpc,fdXdMp-313-165684-111916-348770-380077-145384-347380,0.0,4.302960675576452,172.2893000114709
burst_length_packets,96,nn,fdXdMp-313-165684-111916-348770-380077-145384-347380,5.1771934e-07,4.2913747568019165,3390.9965498605743
burst_length_packets,96,lpc,rkSMcp-349-162269-339484-74769-12865-363552-41411,-0.09500863,3.865158523395282,147.31254999060184
burst_length_packets,96,nn,rkSMcp-349-162269-339484-74769-12865-363552-41411,-0.21120048,3.737004394360776,3679.847399936989
burst_length_packets,96,lpc,avuTLe-585-474206-355130-317191-361413-333474-248785,0.00790614,3.461453706388353,159.92654988076538
burst_length_packets,96,nn,avuTLe-585-474206-355130-317191-361413-333474-248785,0.024588201,3.4086914377274926,3432.016099919565
burst_length_packets,96,lpc,1Q0zzp-067-496080-227228-300626-311379-247007-1214,0.6345624,4.542334825015152,152.92234998196363
burst_length_packets,96,nn,1Q0zzp-067-496080-227228-300626-311379-247007-1214,0.5213737,4.51303144711393,3389.8830000543967
burst_length_packets,96,lpc,k2rvsa-021-181149-117176-94351-2985-340579-209061,0.015340855,3.913011092668375,153.43369997572154
burst_length_packets,96,nn,k2rvsa-021-181149-117176-94351-2985-340579-209061,0.01926658,3.9294351786708273,3373.9216499961913
burst_length_packets,96,lpc,DmpOYi-525-91230-450251-209608-292323-92870-38506,0.018047938,2.5154454139147786,149.9671001220122
burst_length_packets,96,nn,DmpOYi-525-91230-450251-209608-292323-92870-38506,-0.17559014,2.721513112267809,3436.8281001225114
burst_length_packets,96,lpc,cZ9D6w-670-134118-41411-423587-125189-84055-98443,-0.093431994,4.049318233294603,169.1853499505669
burst_length_packets,96,nn,cZ9D6w-670-134118-41411-423587-125189-84055-98443,-0.12088446,4.05136487669679,3415.6532500637695
burst_length_packets,96,lpc,wD39yw-617-350336-91230-365075-384274-339484-27577,0.059973877,2.8959562820058653,184.9923999980092
burst_length_packets,96,nn,wD39yw-617-350336-91230-365075-384274-339484-27577,0.022288512,3.0125331031116094,3544.764699996449
burst_length_packets,96,lpc,jFujMp-258-2985-422977-276516-270302-316694-390385,0.044395063,3.768882964356173,149.11040000151843
burst_length_packets,96,nn,jFujMp-258-2985-422977-276516-270302-316694-390385,0.037985176,3.7708970808158337,3389.1015499830246
burst_length_packets,96,lpc,ainjFp-098-145384-88756-289593-274542-488804-292564,0.0615611,3.118846591198222,138.59699992462993
burst_length_packets,96,nn,ainjFp-098-145384-88756-289593-274542-488804-292564,0.055461746,3.106038252262957,3512.773649999872
burst_length_packets,96,lpc,rllgnp-282-21827-2985-183720-67455-409746-330730,-1.4496167e-05,3.5674181252113843,155.6287999264896
burst_length_packets,96,nn,rllgnp-282-21827-2985-183720-67455-409746-330730,-0.0024163506,3.5780883973492603,3451.559199951589
burst_length_packets,96,lpc,ck2Uxp-081-495997-135873-82313-377039-373629-268363,0.39226437,3.8200963288736123,151.37760003563017
burst_length_packets,96,nn,ck2Uxp-081-495997-135873-82313-377039-373629-268363,0.42751133,3.8198780878728176,3472.8122000815347
burst_length_packets,96,lpc,jhRr0p-088-489070-351855-386883-172725-333766-16976,0.010069866,3.4497705481584564,139.83104994986206
burst_length_packets,96,nn,jhRr0p-088-489070-351855-386883-172725-333766-16976,0.0046487018,3.4652360211013153,3377.470950013958
burst_length_packets,96,lpc,oRqMra-058-167772-480197-43889-36331-135873-265166,0.06887556,4.577929683263611,150.7053499808535
burst_length_packets,96,nn,oRqMra-058-167772-480197-43889-36331-135873-265166,0.12356876,4.580826464942907,3438.0795499309897
burst_length_packets,96,lpc,d4LtRw-656-379354-74769-192385-202921-93885-62534,0.0,2.1106485575016993,154.5464500086382
burst_length_packets,96,nn,d4LtRw-656-379354-74769-192385-202921-93885-62534,1.2425247e-05,2.080510271438217,3520.923150004819
burst_length_packets,96,lpc,tXap2p-281-298969-9753-281965-457067-162269-329331,0.13420086,3.9498069603036665,159.67750002164394
burst_length_packets,96,nn,tXap2p-281-298969-9753-281965-457067-162269-329331,0.19967817,3.8832562265176964,3408.024049946107
burst_length_packets,96,lpc,IIhdup-184-282845-322947-195637-315211-10737-386302,0.9117978,3.923046826712442,140.99544996861368
burst_length_packets,96,nn,IIhdup-184-282845-322947-195637-315211-10737-386302,0.8515979,3.935683845580497,3398.4289000509307
burst_length_packets,96,lpc,Q1VJ4p-396-67099-191485-442126-324310-384031-392966,0.00032822168,3.61164206480702,153.08690001256764
burst_length_packets,96,nn,Q1VJ4p-396-67099-191485-442126-324310-384031-392966,0.00017187944,3.684799885393188,3423.378700041212
burst_length_packets,96,lpc,IJqofi-526-68304-236920-183720-152419-94351-316080,0.0027502896,3.1083258558005387,173.90084988437593
burst_length_packets,96,nn,IJqofi-526-68304-236920-183720-152419-94351-316080,-2.99775,3.7741509884460864,3512.078100000508
burst_length_packets,96,lpc,MJEnPs-553-484336-261033-237079-274170-257745-343308,0.018953703,4.077274219931121,139.82729997951537
burst_length_packets,96,nn,MJEnPs-553-484336-261033-237079-274170-257745-343308,0.04450729,4.078293004600134,4087.6679500797763
burst_length_packets,96,lpc,oK9Hxs-550-7708-104867-460359-299323-420765-264795,0.19563064,3.7071296901008868,174.39270007889718
burst_length_packets,96,nn,oK9Hxs-550-7708-104867-460359-299323-420765-264795,-3.3110437,3.853780471623004,4093.7776500359178
burst_length_packets,96,lpc,ItvEYp-187-347380-151331-160943-343502-92870-286732,-0.06619376,3.314709406694454,181.19340005796403
burst_length_packets,96,nn,ItvEYp-187-347380-151331-160943-343502-92870-286732,-0.012648683,3.2760608517666885,4121.985899982974
