param,value,method,file,snr,visqol,time_ms
diagonal_load,1e-06,lpc,9f3Qjw-657-129013-78427-348770-228203-60643-7188,-0.33411658,4.72594578099028,32.9158499953337
diagonal_load,1e-06,nn,9f3Qjw-657-129013-78427-348770-228203-60643-7188,-0.5471578,4.726274797569349,898.0700499378145
diagonal_load,1e-06,lpc,i0Ocoe-610-395609-211084-211212-108056-187519-202035,0.6822854,4.625920476148044,35.35204997751862
diagonal_load,1e-06,nn,i0Ocoe-610-395609-211084-211212-108056-187519-202035,1.9130408,4.650696912689172,657.8894499689341
diagonal_load,1e-06,lpc,Th8NDe-613-23535-495997-395609-270487-329331-383770,0.5512821,4.644626220985214,35.62390001025051
diagonal_load,1e-06,nn,Th8NDe-613-23535-495997-395609-270487-329331-383770,1.4531038,4.657550768166605,634.8433500388637
diagonal_load,1e-06,lpc,ui9aDp-122-292323-379538-386883-287427-306759-88721,0.14116055,4.70553481056767,31.534150068182498
diagonal_load,1e-06,nn,ui9aDp-122-292323-379538-386883-287427-306759-88721,-1.1550545,4.722234459482335,527.8913999791257
diagonal_load,1e-06,lpc,DLZvmp-426-78108-128329-469130-165684-261033-84004,3.3200698,4.732081127639259,28.93739996943623
diagonal_load,1e-06,nn,DLZvmp-426-78108-128329-469130-165684-261033-84004,-0.29205775,4.731871559966976,411.16790007799864
diagonal_load,1e-06,lpc,amZyRf-444-7708-476924-468905-275802-405424-380077,0.28771687,4.720062709808834,28.049749962519854
diagonal_load,1e-06,nn,amZyRf-444-7708-476924-468905-275802-405424-380077,-0.57943374,4.724632145959257,455.071950040292
diagonal_load,1e-06,lpc,ofs2Us-561-469223-161307-229618-187519-295308-129107,2.4017327,4.7288454449400845,27.747449988964945
diagonal_load,1e-06,nn,ofs2Us-561-469223-161307-229618-187519-295308-129107,-1.2735391,4.727632410108737,430.57650001719594
diagonal_load,1e-06,lpc,nQsrxi-500-35788-354893-151331-437270-461984-276516,-0.0007119225,4.708323728997708,27.019400033168495
diagonal_load,1e-06,nn,nQsrxi-500-35788-354893-151331-437270-461984-276516,-0.15146336,4.7141824862558295,376.15359999472275
diagonal_load,1e-06,lpc,YuwChp-152-8651-147603-379354-29563-62919-345238,-0.0126603665,4.732100990805655,27.105950051918626
diagonal_load,1e-06,nn,YuwChp-152-8651-147603-379354-29563-62919-345238,-0.1604208,4.732100968408865,357.5254500610754
diagonal_load,1e-06,lpc,fiBRvp-155-14754-379538-407950-108056-495971-270302,1.0069646,4.7308312641709245,25.73709998978302
diagonal_load,1e-06,nn,fiBRvp-155-14754-379538-407950-108056-495971-270302,0.3712095,4.730789478787759,353.7670999648981
diagonal_load,1e-06,lpc,rpdA0p-089-193291-347380-224170-426805-310105-489070,2.5686526,4.689885790928651,26.12004999537021
diagonal_load,1e-06,nn,rpdA0p-089-193291-347380-224170-426805-310105-489070,2.986703,4.69430657871929,342.09809999447316
diagonal_load,1e-06,lpc,JCRPTw-618-129107-479691-343332-355104-157595-129013,-0.6767395,4.6859690098501465,26.208550087176263
diagonal_load,1e-06,nn,JCRPTw-618-129107-479691-343332-355104-157595-129013,-0.48607963,4.687099479339645,340.69944999646395
diagonal_load,1e-06,lpc,DfzVIp-175-379354-103913-25062-384031-343308-295308,-0.7779467,4.702850055397124,25.662200001534075
diagonal_load,1e-06,nn,DfzVIp-175-379354-103913-25062-384031-343308-295308,-0.80109704,4.707147068041051,332.55064993863925
diagonal_load,1e-06,lpc,PBDVAf-465-366971-117533-197606-160943-60681-25579,9.936216,4.721930135634755,24.64295004028827
diagonal_load,1e-06,nn,PBDVAf-465-366971-117533-197606-160943-60681-25579,4.2782297,4.69036992856967,327.74674997199327
diagonal_load,1e-06,lpc,BNXFqp-404-184495-450557-10737-129636-497448-379538,-0.5068205,4.69540555507243,26.200349966529757
diagonal_load,1e-06,nn,BNXFqp-404-184495-450557-10737-129636-497448-379538,-0.6201232,4.697673433981278,341.28140000393614
diagonal_load,1e-06,lpc,f2JFMw-634-136860-113105-22031-310105-248646-32125,0.09627584,4.729625382824773,26.397000008728355
diagonal_load,1e-06,nn,f2JFMw-634-136860-113105-22031-310105-248646-32125,-0.16556674,4.729505103738491,335.276449972298
diagonal_load,1e-06,lpc,cedJli-522-192385-152140-262731-156368-123704-333757,-0.010653743,4.352420989741314,26.283449959009886
diagonal_load,1e-06,nn,cedJli-522-192385-152140-262731-156368-123704-333757,0.591362,4.405079992494167,336.45409997552633
diagonal_load,1e-06,lpc,Q4PCSi-506-317415-237079-78108-78427-235375-285778,1.9599798,3.6655002028564763,26.553549978416413
diagonal_load,1e-06,nn,Q4PCSi-506-317415-237079-78108-78427-235375-285778,2.7718067,4.580481727882084,391.2737499922514
diagonal_load,1e-06,lpc,CrjLKf-468-374393-49022-14754-240504-316080-236920,0.51935756,4.727936247423655,25.360349973198026
diagonal_load,1e-06,nn,CrjLKf-468-374393-49022-14754-240504-316080-236920,1.9468071,4.730018307053518,321.5488499845378
diagonal_load,1e-06,lpc,m5rDOp-062-377273-156368-185152-188815-186260-486330,6.978327,4.732101066356099,25.281549955252558
diagonal_load,1e-06,nn,m5rDOp-062-377273-156368-185152-188815-186260-486330,7.221508,4.732101176978196,322.93834997108206
diagonal_load,1e-06,lpc,0mk6rp-310-146145-90733-51581-27791-50416-437215,-0.007321802,4.7319932572834915,24.674899992533028
diagonal_load,1e-06,nn,0mk6rp-310-146145-90733-51581-27791-50416-437215,-0.002540674,4.731993504398544,341.26129996730015
diagonal_load,1e-06,lpc,fS0Vwp-324-274170-461984-129889-218396-366126-128329,7.791381,4.69221214537755,25.05014999769628
diagonal_load,1e-06,nn,fS0Vwp-324-274170-461984-129889-218396-366126-128329,10.574146,4.731980780206573,317.2134000342339
diagonal_load,1e-06,lpc,0Rve0i-524-469450-332402-376902-283921-64116-240504,0.51356894,4.29175239863579,26.897049974650145
diagonal_load,1e-06,nn,0Rve0i-524-469450-332402-376902-283921-64116-240504,0.9534048,4.396072301803928,331.00119995651767
diagonal_load,1e-06,lpc,fZg66p-070-68221-216978-377273-239730-53784-3467,0.6501261,4.73210125303576,25.93185001751408
diagonal_load,1e-06,nn,fZg66p-070-68221-216978-377273-239730-53784-3467,-11.351521,4.732101250643993,359.2291499953717
diagonal_load,1e-06,lpc,Aal0cp-183-209061-91230-492922-2757-317191-461984,3.525526,4.665537383432618,26.310650049708784
diagonal_load,1e-06,nn,Aal0cp-183-209061-91230-492922-2757-317191-461984,3.6558306,4.665914466801572,335.337900032755
diagonal_load,1e-06,lpc,m8mjCs-533-485468-283456-486330-442126-2757-12865,-0.683491,4.731181336411952,25.208450038917363
diagonal_load,1e-06,nn,m8mjCs-533-485468-283456-486330-442126-2757-12865,-0.2576355,4.730889297014125,325.2838000189513
diagonal_load,1e-06,lpc,jM2z5p-212-362995-350336-202035-87506-239730-207508,-2.048901,4.732101252983801,25.927499984391034
diagonal_load,1e-06,nn,jM2z5p-212-362995-350336-202035-87506-239730-207508,-0.6532561,4.732101253034303,338.2397000095807
diagonal_load,1e-06,lpc,Paqf1p-119-254913-443221-90733-163645-32125-188815,2.3004825,4.705344574900524,26.610050001181662
diagonal_load,1e-06,nn,Paqf1p-119-254913-443221-90733-163645-32125-188815,0.86443937,4.731821713850514,323.06004996644333
diagonal_load,1e-06,lpc,87hwjf-487-426805-60643-437215-160943-182650-407728,0.09328522,4.661894213877563,25.664649961981922
diagonal_load,1e-06,nn,87hwjf-487-426805-60643-437215-160943-182650-407728,-0.19596145,4.667441858708839,350.6417000317015
diagonal_load,1e-06,lpc,kDEiGp-268-254920-474864-52991-170820-165168-328121,-5.177194e-07,4.7092364621059914,25.46259999508038
diagonal_load,1e-06,nn,kDEiGp-268-254920-474864-52991-170820-165168-328121,-0.00016127259,4.709236341187407,370.1450499938801
diagonal_load,1e-06,lpc,Mtnx5i-515-495971-279778-348676-11995-306560-418034,-0.00017706363,4.638163688282173,26.402649993542582
diagonal_load,1e-06,nn,Mtnx5i-515-495971-279778-348676-11995-306560-418034,0.018987209,4.638437968797051,329.7390000661835
diagonal_load,1e-06,lpc,3EBeof-459-212842-454791-192385-495971-180085-113105,0.031089332,4.704610372244682,25.77464998466894
diagonal_load,1e-06,nn,3EBeof-459-212842-454791-192385-495971-180085-113105,0.050978694,4.704833447525221,322.63614994008094
diagonal_load,1e-06,lpc,7j8l2a-034-50416-4800-287427-123375-143976-264357,0.21864846,4.682508015118479,26.13604994257912
diagonal_load,1e-06,nn,7j8l2a-034-50416-4800-287427-123375-143976-264357,0.8846005,4.686938333218125,321.03845005622134
diagonal_load,1e-06,lpc,9Mkadp-302-273892-209608-109841-324591-494783-498752,-0.61813504,4.68210799579598,25.26194998063147
diagonal_load,1e-06,nn,9Mkadp-302-273892-209608-109841-324591-494783-498752,-0.7931718,4.692903956788536,319.38149995403364
diagonal_load,1e-06,lpc,u3JmNp-105-377036-373629-177809-287789-419538-221798,0.54771656,4.725606848675552,25.902299967128783
diagonal_load,1e-06,nn,u3JmNp-105-377036-373629-177809-287789-419538-221798,3.3538184,4.729293064869045,323.8860999699682
diagonal_load,1e-06,lpc,PiKSIp-112-109021-465867-125189-123174-211212-334242,6.1782193,4.725501346566,26.305550010874867
diagonal_load,1e-06,nn,PiKSIp-112-109021-465867-125189-123174-211212-334242,6.3385634,4.731276979698956,363.5492500034161
diagonal_load,1e-06,lpc,9a98Kf-464-298969-472051-292323-179462-78575-496080,0.07438208,4.30377428871933,26.672300009522587
diagonal_load,1e-06,nn,9a98Kf-464-298969-472051-292323-179462-78575-496080,0.106887504,4.316737923575614,333.56015000026673
diagonal_load,1e-06,lpc,vAlA7f-458-390385-16661-177809-112031-325632-365075,1.7904009,4.731797301430806,24.059349962044507
diagonal_load,1e-06,nn,vAlA7f-458-390385-16661-177809-112031-325632-365075,1.8877199,4.731973676890295,325.77875000424683
diagonal_load,1e-06,lpc,U5aQJe-592-437270-129013-295308-406364-103913-497087,3.7000763,4.705047446194902,25.1348500023596
diagonal_load,1e-06,nn,U5aQJe-592-437270-129013-295308-406364-103913-497087,4.164394,4.718698699808977,337.25420001428574
diagonal_load,1e-06,lpc,HxFzMp-357-24999-343332-90733-489807-316694-345238,4.8805337,4.656478134366787,25.390349968802184
diagonal_load,1e-06,nn,HxFzMp-357-24999-343332-90733-489807-316694-345238,2.8094344,4.657521351538337,323.18135001696646
diagonal_load,1e-06,lpc,9kbanp-261-50416-108056-469001-231167-334074-209061,2.0126283,4.721619045955652,26.338100025895983
diagonal_load,1e-06,nn,9kbanp-261-50416-108056-469001-231167-334074-209061,3.9047728,4.730415443639025,320.86615002481267
diagonal_load,1e-06,lpc,rqqrUf-476-372299-90733-207508-318838-254913-53278,0.07716757,4.731002575435864,24.158950080163777
diagonal_load,1e-06,nn,rqqrUf-476-372299-90733-207508-318838-254913-53278,0.14537378,4.731023357725002,315.2155000134371
diagonal_load,1e-06,lpc,ie6iSp-097-407790-253414-334074-464643-167361-80351,3.3489661,4.729431103389556,26.77389996824786
diagonal_load,1e-06,nn,ie6iSp-097-407790-253414-334074-464643-167361-80351,3.5452003,4.728475905682766,323.4140999848023
diagonal_load,1e-06,lpc,FiS63i-513-129107-287427-185152-454791-121010-285778,-0.00012347782,4.193516627191245,26.182200002949685
diagonal_load,1e-06,nn,FiS63i-513-129107-287427-185152-454791-121010-285778,-0.0335522,4.197292416131784,328.3188000204973
diagonal_load,1e-06,lpc,BBcZPi-501-456735-480197-495997-497448-326140-134118,-0.00011622956,4.713228432722028,26.230549963656813
diagonal_load,1e-06,nn,BBcZPi-501-456735-480197-495997-497448-326140-134118,-0.055267517,4.7134350319922,329.0067999623716
diagonal_load,1e-06,lpc,5OQdwp-063-348077-460359-16661-112031-224170-197606,9.036722,4.7285014820755205,26.08650003094226
diagonal_load,1e-06,nn,5OQdwp-063-348077-460359-16661-112031-224170-197606,4.6969986,4.72625073479408,329.19854996725917
diagonal_load,1e-06,lpc,riuiap-287-319764-286732-35325-55646-391852-1246,-0.37772483,4.643792925688606,25.55319998646155
diagonal_load,1e-06,nn,riuiap-287-319764-286732-35325-55646-391852-1246,-0.2709838,4.640490709385025,318.4789000079036
diagonal_load,1e-06,lpc,6TUCvp-352-108130-78807-55646-250174-386302-414547,0.0076379236,4.4350209168465025,26.01764997234568
diagonal_load,1e-06,nn,6TUCvp-352-108130-78807-55646-250174-386302-414547,0.8585486,4.484734292861489,331.68750000186265
diagonal_load,1e-06,lpc,KIklei-503-156368-5054-151331-161307-380077-177809,0.01925885,4.380656092522761,26.25884994631633
diagonal_load,1e-06,nn,KIklei-503-156368-5054-151331-161307-380077-177809,-0.028604541,4.399711403984277,345.3415500698611
diagonal_load,1e-06,lpc,zVlcap-263-274542-472051-376372-248785-476225-35325,-0.22171807,4.732101000740256,25.94139997381717
diagonal_load,1e-06,nn,zVlcap-263-274542-472051-376372-248785-476225-35325,-7.019253,4.732101249458423,327.469700074289
diagonal_load,1e-06,lpc,BLAVyp-401-374393-353502-276516-464643-247007-280816,-2.8474574e-06,4.712889058322071,26.36690001236275
diagonal_load,1e-06,nn,BLAVyp-401-374393-353502-276516-464643-247007-280816,0.00016825553,4.7128893192582435,321.16694998694584
diagonal_load,1e-06,lpc,5Lu6ui-514-135410-151381-124082-173176-644-324310,-0.029884651,4.587311477179933,25.608500000089407
diagonal_load,1e-06,nn,5Lu6ui-514-135410-151381-124082-173176-644-324310,-0.00892896,4.587663501669075,339.8930999683216
diagonal_load,1e-06,lpc,lzFhsp-134-377273-280816-60681-369034-268009-11995,1.1051083,4.703683922188391,24.848799977917224
diagonal_load,1e-06,nn,lzFhsp-134-377273-280816-60681-369034-268009-11995,1.5641462,4.714731608330528,327.4497500387952
diagonal_load,1e-06,lpc,nSu3Cp-366-41411-362672-285778-222370-421926-202035,8.114492,4.724213700965595,23.313449986744672
diagonal_load,1e-06,nn,nSu3Cp-366-41411-362672-285778-222370-421926-202035,8.041772,4.725614103576935,323.9259999827482
diagonal_load,1e-06,lpc,cUyODs-564-324456-286869-479691-123056-485468-274323,4.7194967,4.7307381948846725,25.34674998605624
diagonal_load,1e-06,nn,cUyODs-564-324456-286869-479691-123056-485468-274323,4.498238,4.730634834467173,367.62009997619316
diagonal_load,1e-06,lpc,TkK5fp-380-229618-476225-311495-339484-11995-7708,3.2874026,4.72992130895325,25.42044996516779
diagonal_load,1e-06,nn,TkK5fp-380-229618-476225-311495-339484-11995-7708,2.8271186,4.729972562656053,333.2693999982439
diagonal_load,1e-06,lpc,AHwsQs-538-108297-304214-140209-237079-426805-448869,-0.5701004,4.732101208335225,25.960550061427057
diagonal_load,1e-06,nn,AHwsQs-538-108297-304214-140209-237079-426805-448869,-0.5223732,4.732101220977947,332.1979499887675
diagonal_load,1e-06,lpc,RkoxIi-499-395609-17243-276516-68344-191485-476225,-0.005035927,4.716567069846702,25.636899983510375
diagonal_load,1e-06,nn,RkoxIi-499-395609-17243-276516-68344-191485-476225,0.0071779387,4.716739020650531,315.34814997576177
diagonal_load,1e-06,lpc,YLEXwp-335-240298-183720-447487-129636-202035-44660,-0.34525174,4.728623899816478,26.505349960643798
diagonal_load,1e-06,nn,YLEXwp-335-240298-183720-447487-129636-202035-44660,-0.35572296,4.728685594691926,321.14244997501373
diagonal_load,1e-06,lpc,rn9v1e-583-369034-383770-175927-399756-390385-383479,1.4002874,4.615910612226233,25.917650025803596
diagonal_load,1e-06,nn,rn9v1e-583-369034-383770-175927-399756-390385-383479,4.2652435,4.710298435339682,328.011300007347
diagonal_load,1e-06,lpc,SSYQ1w-650-275802-13671-144360-112336-104867-157595,0.41865915,4.73187136190198,26.969450002070516
diagonal_load,1e-06,nn,SSYQ1w-650-275802-13671-144360-112336-104867-157595,-0.8768517,4.731618176225707,358.44064998673275
diagonal_load,1e-06,lpc,4fsgkp-253-311495-209061-229618-287427-276516-38459,3.3734312,4.72574815198829,25.886749965138733
diagonal_load,1e-06,nn,4fsgkp-253-311495-209061-229618-287427-276516-38459,0.8763974,4.731986221157747,327.01409998117015
diagonal_load,1e-06,lpc,44Zbvs-567-179462-358526-13671-355104-116061-343332,0.7080529,4.7269378973540235,25.836899993009865
diagonal_load,1e-06,nn,44Zbvs-567-179462-358526-13671-355104-116061-343332,1.3135352,4.729281183361396,318.8889999873936
diagonal_load,1e-06,lpc,cmHjrf-493-348077-309854-224170-458554-202179-472051,0.763927,4.697912048644405,25.033349986188114
diagonal_load,1e-06,nn,cmHjrf-493-348077-309854-224170-458554-202179-472051,-1.8330424,4.722964707866538,328.1730000162497
diagonal_load,1e-06,lpc,zQSXvp-215-498788-407950-152419-25062-51581-3467,3.2451532,4.719321825565151,26.2908999575302
diagonal_load,1e-06,nn,zQSXvp-215-498788-407950-152419-25062-51581-3467,1.8687329,4.729936083775623,320.31585002550855
diagonal_load,1e-06,lpc,l3Lvae-611-211084-218396-212842-198509-334833-311379,2.753308,4.670042651716356,25.80820000730455
diagonal_load,1e-06,nn,l3Lvae-611-211084-218396-212842-198509-334833-311379,-0.4499178,4.688750060960308,317.35239998670295
diagonal_load,1e-06,lpc,LIJKja-026-447487-148409-188815-38506-78427-479691,0.261258,4.7080720642534875,24.71974998479709
diagonal_load,1e-06,nn,LIJKja-026-447487-148409-188815-38506-78427-479691,0.7664746,4.712169285250226,322.20904994755983
diagonal_load,1e-06,lpc,tztd5w-640-23535-348077-410307-64116-151381-134118,-0.36811724,4.732101250294421,26.078199967741966
diagonal_load,1e-06,nn,tztd5w-640-23535-348077-410307-64116-151381-134118,-0.20513089,4.732101250591613,331.15330000873655
diagonal_load,1e-06,lpc,TypO9p-362-82313-390793-365346-50416-310105-275395,6.9336705,4.701553967412831,25.346500042360276
diagonal_load,1e-06,nn,TypO9p-362-82313-390793-365346-50416-310105-275395,9.363888,4.731318592421429,335.8380499994382
diagonal_load,1e-06,lpc,3hvoVa-051-2307-202921-218396-175927-14787-464643,1.6128278,4.6672667176085865,30.19670001231134
diagonal_load,1e-06,nn,3hvoVa-051-2307-202921-218396-175927-14787-464643,-0.97289854,4.7308622121228465,333.1490500131622
diagonal_load,1e-06,lpc,9hvMUf-482-498788-113105-17243-63022-21827-338584,-0.025321815,4.660036187571972,26.272249990142882
diagonal_load,1e-06,nn,9hvMUf-482-498788-113105-17243-63022-21827-338584,-0.93975353,4.679685892346997,330.9111999697052
diagonal_load,1e-06,lpc,lDN6of-450-91840-427818-353502-327883-210172-489807,0.14203148,4.655884859644717,26.13409998593852
diagonal_load,1e-06,nn,lDN6of-450-91840-427818-353502-327883-210172-489807,-0.42289233,4.668942460490394,319.17720002820715
diagonal_load,1e-06,lpc,8b8sWp-275-88756-348733-183720-134118-226233-129107,8.338598,4.732100136617186,29.304449970368296
diagonal_load,1e-06,nn,8b8sWp-275-88756-348733-183720-134118-226233-129107,0.6310148,4.729732361260473,323.1000999803655
diagonal_load,1e-06,lpc,noHubp-343-163645-17243-410906-219243-161307-221798,1.1914501,4.642439900866753,26.164199982304126
diagonal_load,1e-06,nn,noHubp-343-163645-17243-410906-219243-161307-221798,-0.012790695,4.6554988785642575,365.094649954699
diagonal_load,1e-06,lpc,G50hup-092-363552-123056-229618-481410-299323-332402,0.021047533,4.732094084033875,24.535149976145476
diagonal_load,1e-06,nn,G50hup-092-363552-123056-229618-481410-299323-332402,-1.8276482,4.732099101151151,322.78975000372157
diagonal_load,1e-06,lpc,FPRIpe-578-474864-126584-425422-304828-148409-10737,0.15428169,4.675336032398937,23.47965002991259
diagonal_load,1e-06,nn,FPRIpe-578-474864-126584-425422-304828-148409-10737,4.621399,4.698655371146846,321.9886999577284
diagonal_load,1e-06,lpc,1zDUvp-298-108297-119460-56896-348770-68221-98443,4.9336615,4.730178151771278,24.998850014526397
diagonal_load,1e-06,nn,1zDUvp-298-108297-119460-56896-348770-68221-98443,8.682985,4.732093100815456,326.23599999351427
diagonal_load,1e-06,lpc,WVKBPa-017-469001-13769-309009-430207-5054-14754,6.208124,4.725597663241958,27.174999995622784
diagonal_load,1e-06,nn,WVKBPa-017-469001-13769-309009-430207-5054-14754,2.4921656,4.7305363342197335,317.61404999997467
diagonal_load,1e-06,lpc,fdXdMp-313-165684-111916-348770-380077-145384-347380,0.06639323,4.732101253042343,26.346149970777333
diagonal_load,1e-06,nn,fdXdMp-313-165684-111916-348770-380077-145384-347380,-12.180453,4.732101253041639,316.61814998369664
diagonal_load,1e-06,lpc,rkSMcp-349-162269-339484-74769-12865-363552-41411,-0.8542136,4.587446820336604,26.34654997382313
diagonal_load,1e-06,nn,rkSMcp-349-162269-339484-74769-12865-363552-41411,-1.361378,4.640473628958114,315.3761500143446
diagonal_load,1e-06,lpc,avuTLe-585-474206-355130-317191-361413-333474-248785,0.090430446,4.680248294395659,27.243549993727356
diagonal_load,1e-06,nn,avuTLe-585-474206-355130-317191-361413-333474-248785,0.24663836,4.684828479798869,327.32744998065755
diagonal_load,1e-06,lpc,1Q0zzp-067-496080-227228-300626-311379-247007-1214,8.253698,4.724905789476525,25.881849986035377
diagonal_load,1e-06,nn,1Q0zzp-067-496080-227228-300626-311379-247007-1214,7.01477,4.724486475312884,316.2296999944374
diagonal_load,1e-06,lpc,k2rvsa-021-181149-117176-94351-2985-340579-209061,0.5312815,4.731207183501359,26.180150045547634
diagonal_load,1e-06,nn,k2rvsa-021-181149-117176-94351-2985-340579-209061,0.6888681,4.731444923037154,335.0017999764532
diagonal_load,1e-06,lpc,DmpOYi-525-91230-450251-209608-292323-92870-38506,0.27435473,4.54050671719096,25.442499958444387
diagonal_load,1e-06,nn,DmpOYi-525-91230-450251-209608-292323-92870-38506,-0.15904525,4.683880587871993,315.49614999676123
diagonal_load,1e-06,lpc,cZ9D6w-670-134118-41411-423587-125189-84055-98443,-0.7387252,4.726962011117093,26.161799964029342
diagonal_load,1e-06,nn,cZ9D6w-670-134118-41411-423587-125189-84055-98443,-0.78077126,4.727239160399396,324.25469998270273
diagonal_load,1e-06,lpc,wD39yw-617-350336-91230-365075-384274-339484-27577,0.749928,4.547334281402831,25.53195005748421
diagonal_load,1e-06,nn,wD39yw-617-350336-91230-365075-384274-339484-27577,0.7421479,4.5637834019963055,324.9449499999173
diagonal_load,1e-06,lpc,jFujMp-258-2985-422977-276516-270302-316694-390385,6.681356,4.732002594079997,25.24479996645823
diagonal_load,1e-06,nn,jFujMp-258-2985-422977-276516-270302-316694-390385,5.3039474,4.731998007304179,317.5569499726407
diagonal_load,1e-06,lpc,ainjFp-098-145384-88756-289593-274542-488804-292564,2.8398151,4.708933247837388,26.395199936814606
diagonal_load,1e-06,nn,ainjFp-098-145384-88756-289593-274542-488804-292564,2.9573507,4.7101093914159495,323.69190000463277
diagonal_load,1e-06,lpc,rllgnp-282-21827-2985-183720-67455-409746-330730,-0.014012653,4.732100622197059,26.055349968373775
diagonal_load,1e-06,nn,rllgnp-282-21827-2985-183720-67455-409746-330730,-0.11638645,4.7321006483392996,320.8343500155024
diagonal_load,1e-06,lpc,ck2Uxp-081-495997-135873-82313-377039-373629-268363,5.191875,4.732055829330557,26.338549971114844
diagonal_load,1e-06,nn,ck2Uxp-081-495997-135873-82313-377039-373629-268363,6.1466093,4.732068079287412,324.3008000426926
diagonal_load,1e-06,lpc,jhRr0p-088-489070-351855-386883-172725-333766-16976,1.2243129,4.7318712205877205,25.955200078897178
diagonal_load,1e-06,nn,jhRr0p-088-489070-351855-386883-172725-333766-16976,1.6064568,4.731919579174285,319.89929993869737
diagonal_load,1e-06,lpc,oRqMra-058-167772-480197-43889-36331-135873-265166,0.82261914,4.731946924824646,23.042250017169863
diagonal_load,1e-06,nn,oRqMra-058-167772-480197-43889-36331-135873-265166,1.7830168,4.732002376443392,336.0788499703631
diagonal_load,1e-06,lpc,d4LtRw-656-379354-74769-192385-202921-93885-62534,0.008273553,4.732100891697954,25.664450018666685
diagonal_load,1e-06,nn,d4LtRw-656-379354-74769-192385-202921-93885-62534,-0.16484098,4.732100973840675,328.7651499849744
diagonal_load,1e-06,lpc,tXap2p-281-298969-9753-281965-457067-162269-329331,1.6850489,4.726933033483254,25.703400024212897
diagonal_load,1e-06,nn,tXap2p-281-298969-9753-281965-457067-162269-329331,2.812395,4.728793981083616,321.95434998720884
diagonal_load,1e-06,lpc,IIhdup-184-282845-322947-195637-315211-10737-386302,3.993137,4.590405839378294,26.198700012173504
diagonal_load,1e-06,nn,IIhdup-184-282845-322947-195637-315211-10737-386302,3.9956608,4.590431895000428,324.4038500706665
diagonal_load,1e-06,lpc,Q1VJ4p-396-67099-191485-442126-324310-384031-392966,2.2082582,4.732093991383566,26.18495002388954
diagonal_load,1e-06,nn,Q1VJ4p-396-67099-191485-442126-324310-384031-392966,1.5752321,4.732099070114929,319.041799986735
diagonal_load,1e-06,lpc,IJqofi-526-68304-236920-183720-152419-94351-316080,0.019177925,4.538831157389405,26.981099974364042
diagonal_load,1e-06,nn,IJqofi-526-68304-236920-183720-152419-94351-316080,-0.18225478,4.567983633053238,319.744200038258
diagonal_load,1e-06,lpc,MJEnPs-553-484336-261033-237079-274170-257745-343308,0.3048553,4.7316935104585,24.698149994947016
diagonal_load,1e-06,nn,MJEnPs-553-484336-261033-237079-274170-257745-343308,0.7600703,4.731805506494128,327.85669999429956
diagonal_load,1e-06,lpc,oK9Hxs-550-7708-104867-460359-299323-420765-264795,7.4483633,4.730774009175593,24.972699990030378
diagonal_load,1e-06,nn,oK9Hxs-550-7708-104867-460359-299323-420765-264795,7.771482,4.731052719086355,356.7206999869086
diagonal_load,1e-06,lpc,ItvEYp-187-347380-151331-160943-343502-92870-286732,-0.28975317,4.7149382759749585,25.90195002267137
diagonal_load,1e-06,nn,ItvEYp-187-347380-151331-160943-343502-92870-286732,0.03043647,4.7088635652146245,320.7830499741249
diagonal_load,1e-05,lpc,9f3Qjw-657-129013-78427-348770-228203-60643-7188,-0.33411548,4.725945781007772,24.96254997095093
diagonal_load,1e-05,nn,9f3Qjw-657-129013-78427-348770-228203-60643-7188,-0.5471878,4.726274868113895,317.86254997132346
diagonal_load,1e-05,lpc,i0Ocoe-610-395609-211084-211212-108056-187519-202035,0.64913243,4.626122414158061,25.04274999955669
diagonal_load,1e-05,nn,i0Ocoe-610-395609-211084-211212-108056-187519-202035,1.9129294,4.650679481621875,327.06515002064407
diagonal_load,1e-05,lpc,Th8NDe-613-23535-495997-395609-270487-329331-383770,0.55074716,4.64462805331192,26.334249996580184
diagonal_load,1e-05,nn,Th8NDe-613-23535-495997-395609-270487-329331-383770,1.4530108,4.657545781088908,322.29904999257997
diagonal_load,1e-05,lpc,ui9aDp-122-292323-379538-386883-287427-306759-88721,0.14142165,4.705533040245465,25.836250046268106
diagonal_load,1e-05,nn,ui9aDp-122-292323-379538-386883-287427-306759-88721,-1.1552979,4.722235913797883,351.10585001530126
diagonal_load,1e-05,lpc,DLZvmp-426-78108-128329-469130-165684-261033-84004,3.3227072,4.732081167008866,26.345499965827912
diagonal_load,1e-05,nn,DLZvmp-426-78108-128329-469130-165684-261033-84004,-0.2929092,4.731871485851441,327.7838500216603
diagonal_load,1e-05,lpc,amZyRf-444-7708-476924-468905-275802-405424-380077,0.28779197,4.720061582168583,26.39705000910908
diagonal_load,1e-05,nn,amZyRf-444-7708-476924-468905-275802-405424-380077,-0.57932603,4.724630838563108,317.3767499974929
diagonal_load,1e-05,lpc,ofs2Us-561-469223-161307-229618-187519-295308-129107,2.399774,4.728831316895956,21.93724998505786
diagonal_load,1e-05,nn,ofs2Us-561-469223-161307-229618-187519-295308-129107,-1.2590756,4.727705194806715,309.46515005780384
diagonal_load,1e-05,lpc,nQsrxi-500-35788-354893-151331-437270-461984-276516,-0.0007124403,4.708323725254328,25.446899991948158
diagonal_load,1e-05,nn,nQsrxi-500-35788-354893-151331-437270-461984-276516,-0.15050708,4.71416107386326,325.2593500073999
diagonal_load,1e-05,lpc,YuwChp-152-8651-147603-379354-29563-62919-345238,-0.005674804,4.732100990787384,24.35009996406734
diagonal_load,1e-05,nn,YuwChp-152-8651-147603-379354-29563-62919-345238,-0.11324874,4.732100966954381,327.72170001408085
diagonal_load,1e-05,lpc,fiBRvp-155-14754-379538-407950-108056-495971-270302,1.006958,4.730831273841142,25.604700029361993
diagonal_load,1e-05,nn,fiBRvp-155-14754-379538-407950-108056-495971-270302,0.36529362,4.730788992762301,331.43109997035936
diagonal_load,1e-05,lpc,rpdA0p-089-193291-347380-224170-426805-310105-489070,2.56863,4.689885355817735,25.58149996912107
diagonal_load,1e-05,nn,rpdA0p-089-193291-347380-224170-426805-310105-489070,2.9869497,4.694306539268627,319.42080007866025
diagonal_load,1e-05,lpc,JCRPTw-618-129107-479691-343332-355104-157595-129013,-0.67611367,4.685964717608185,26.052699948195368
diagonal_load,1e-05,nn,JCRPTw-618-129107-479691-343332-355104-157595-129013,-0.48592073,4.687097143756873,327.1287499810569
diagonal_load,1e-05,lpc,DfzVIp-175-379354-103913-25062-384031-343308-295308,-0.7779578,4.702848687242941,24.898200063034892
diagonal_load,1e-05,nn,DfzVIp-175-379354-103913-25062-384031-343308-295308,-0.80076486,4.707147271260824,314.63814998278394
diagonal_load,1e-05,lpc,PBDVAf-465-366971-117533-197606-160943-60681-25579,9.938433,4.721931571470727,26.601749996189028
diagonal_load,1e-05,nn,PBDVAf-465-366971-117533-197606-160943-60681-25579,4.2786508,4.690374641372381,312.0755000272766
diagonal_load,1e-05,lpc,BNXFqp-404-184495-450557-10737-129636-497448-379538,-0.50731504,4.695410853801288,24.7086999588646
diagonal_load,1e-05,nn,BNXFqp-404-184495-450557-10737-129636-497448-379538,-0.6198043,4.697678004874184,327.3864000220783
diagonal_load,1e-05,lpc,f2JFMw-634-136860-113105-22031-310105-248646-32125,0.09625307,4.729625359341531,26.3687499682419
diagonal_load,1e-05,nn,f2JFMw-634-136860-113105-22031-310105-248646-32125,-0.16553043,4.729505086434099,315.3961000498384
diagonal_load,1e-05,lpc,cedJli-522-192385-152140-262731-156368-123704-333757,-0.010578231,4.352420653775505,25.55750001920387
diagonal_load,1e-05,nn,cedJli-522-192385-152140-262731-156368-123704-333757,0.5909793,4.405074355846118,337.0277000358328
diagonal_load,1e-05,lpc,Q4PCSi-506-317415-237079-78108-78427-235375-285778,1.9590317,3.6654676799101704,26.497149956412613
diagonal_load,1e-05,nn,Q4PCSi-506-317415-237079-78108-78427-235375-285778,2.771107,4.580371787563552,329.7012000111863
diagonal_load,1e-05,lpc,CrjLKf-468-374393-49022-14754-240504-316080-236920,0.5195671,4.727936346755888,26.04540000902489
diagonal_load,1e-05,nn,CrjLKf-468-374393-49022-14754-240504-316080-236920,1.9461154,4.730016234056281,316.6654499946162
diagonal_load,1e-05,lpc,m5rDOp-062-377273-156368-185152-188815-186260-486330,6.9847183,4.7321010671238835,25.97840002272278
diagonal_load,1e-05,nn,m5rDOp-062-377273-156368-185152-188815-186260-486330,7.226137,4.732101177096759,313.3613499812782
diagonal_load,1e-05,lpc,0mk6rp-310-146145-90733-51581-27791-50416-437215,-0.0073238765,4.731993255105245,25.521099974866956
diagonal_load,1e-05,nn,0mk6rp-310-146145-90733-51581-27791-50416-437215,-0.0025528478,4.731993494080809,330.8211999828927
diagonal_load,1e-05,lpc,fS0Vwp-324-274170-461984-129889-218396-366126-128329,7.7921987,4.692223216710242,26.105299941264093
diagonal_load,1e-05,nn,fS0Vwp-324-274170-461984-129889-218396-366126-128329,10.574446,4.7319808794655565,331.39779994962737
diagonal_load,1e-05,lpc,0Rve0i-524-469450-332402-376902-283921-64116-240504,0.51325524,4.291737981148438,24.723250011447817
diagonal_load,1e-05,nn,0Rve0i-524-469450-332402-376902-283921-64116-240504,0.9533778,4.3960390255380215,321.7253499897197
diagonal_load,1e-05,lpc,fZg66p-070-68221-216978-377273-239730-53784-3467,0.36205116,4.732101253035023,25.901100016199052
diagonal_load,1e-05,nn,fZg66p-070-68221-216978-377273-239730-53784-3467,-9.642238,4.732101252067583,323.4779500053264
diagonal_load,1e-05,lpc,Aal0cp-183-209061-91230-492922-2757-317191-461984,3.525742,4.665520935685114,23.28574995044619
diagonal_load,1e-05,nn,Aal0cp-183-209061-91230-492922-2757-317191-461984,3.6555908,4.6659059589843555,319.01604996528476
diagonal_load,1e-05,lpc,m8mjCs-533-485468-283456-486330-442126-2757-12865,-0.68376887,4.731181799329641,24.76305002346635
diagonal_load,1e-05,nn,m8mjCs-533-485468-283456-486330-442126-2757-12865,-0.2576951,4.7308894758430515,339.2693499918096
diagonal_load,1e-05,lpc,jM2z5p-212-362995-350336-202035-87506-239730-207508,-1.994389,4.732101252981904,26.270050031598657
diagonal_load,1e-05,nn,jM2z5p-212-362995-350336-202035-87506-239730-207508,-0.62315977,4.73210125303621,333.26655003475025
diagonal_load,1e-05,lpc,Paqf1p-119-254913-443221-90733-163645-32125-188815,2.3005433,4.705344226074484,24.666849989444017
diagonal_load,1e-05,nn,Paqf1p-119-254913-443221-90733-163645-32125-188815,0.8645349,4.73182177327401,322.79915001709014
diagonal_load,1e-05,lpc,87hwjf-487-426805-60643-437215-160943-182650-407728,0.09333234,4.661894264356577,25.985400017816573
diagonal_load,1e-05,nn,87hwjf-487-426805-60643-437215-160943-182650-407728,-0.19593002,4.667440585001438,323.74214997980744
diagonal_load,1e-05,lpc,kDEiGp-268-254920-474864-52991-170820-165168-328121,-1.0354388e-06,4.709236464024061,29.04485003091395
diagonal_load,1e-05,nn,kDEiGp-268-254920-474864-52991-170820-165168-328121,-0.00011208769,4.709236430873556,320.30749996192753
diagonal_load,1e-05,lpc,Mtnx5i-515-495971-279778-348676-11995-306560-418034,-0.00017499267,4.638163687752348,25.165500002913177
diagonal_load,1e-05,nn,Mtnx5i-515-495971-279778-348676-11995-306560-418034,0.019161431,4.638434331529117,342.79390005394816
diagonal_load,1e-05,lpc,3EBeof-459-212842-454791-192385-495971-180085-113105,0.031145874,4.704610033887189,26.31245000520721
diagonal_load,1e-05,nn,3EBeof-459-212842-454791-192385-495971-180085-113105,0.051080003,4.704832939253684,319.63169999653473
diagonal_load,1e-05,lpc,7j8l2a-034-50416-4800-287427-123375-143976-264357,0.21864158,4.682507937165552,25.102099985815585
diagonal_load,1e-05,nn,7j8l2a-034-50416-4800-287427-123375-143976-264357,0.8847183,4.686938243899606,322.003900015261
diagonal_load,1e-05,lpc,9Mkadp-302-273892-209608-109841-324591-494783-498752,-0.61819595,4.682109747528051,25.958599988371134
diagonal_load,1e-05,nn,9Mkadp-302-273892-209608-109841-324591-494783-498752,-0.7937193,4.69291539579474,342.15084998868406
diagonal_load,1e-05,lpc,u3JmNp-105-377036-373629-177809-287789-419538-221798,0.54696935,4.725605992211027,25.153249967843294
diagonal_load,1e-05,nn,u3JmNp-105-377036-373629-177809-287789-419538-221798,3.349855,4.729297958743857,330.79345006262884
diagonal_load,1e-05,lpc,PiKSIp-112-109021-465867-125189-123174-211212-334242,6.1781163,4.72550161542531,25.57914995122701
diagonal_load,1e-05,nn,PiKSIp-112-109021-465867-125189-123174-211212-334242,6.337888,4.731278026865384,313.31140000838786
diagonal_load,1e-05,lpc,9a98Kf-464-298969-472051-292323-179462-78575-496080,0.074382596,4.3037729392340776,25.501100055407733
diagonal_load,1e-05,nn,9a98Kf-464-298969-472051-292323-179462-78575-496080,0.10689154,4.316737624502762,337.9220000351779
diagonal_load,1e-05,lpc,vAlA7f-458-390385-16661-177809-112031-325632-365075,1.7902988,4.731797276171026,25.185199978295714
diagonal_load,1e-05,nn,vAlA7f-458-390385-16661-177809-112031-325632-365075,1.887795,4.731973631603938,321.13110000500455
diagonal_load,1e-05,lpc,U5aQJe-592-437270-129013-295308-406364-103913-497087,3.700078,4.705045990403756,23.955949989613146
diagonal_load,1e-05,nn,U5aQJe-592-437270-129013-295308-406364-103913-497087,4.164334,4.718697511454511,346.56919998815283
diagonal_load,1e-05,lpc,HxFzMp-357-24999-343332-90733-489807-316694-345238,4.908933,4.65708476194931,26.078049966599792
diagonal_load,1e-05,nn,HxFzMp-357-24999-343332-90733-489807-316694-345238,2.9158165,4.658216338657563,312.69250001059845
diagonal_load,1e-05,lpc,9kbanp-261-50416-108056-469001-231167-334074-209061,2.0129056,4.72161984077948,26.383399963378906
diagonal_load,1e-05,nn,9kbanp-261-50416-108056-469001-231167-334074-209061,3.9055278,4.730418020493493,337.70765003282577
diagonal_load,1e-05,lpc,rqqrUf-476-372299-90733-207508-318838-254913-53278,0.076988034,4.731002586411673,25.94149997457862
diagonal_load,1e-05,nn,rqqrUf-476-372299-90733-207508-318838-254913-53278,0.14523159,4.731023343533357,329.7247000155039
diagonal_load,1e-05,lpc,ie6iSp-097-407790-253414-334074-464643-167361-80351,3.3503213,4.7294304908342895,24.140149995218962
diagonal_load,1e-05,nn,ie6iSp-097-407790-253414-334074-464643-167361-80351,3.5461912,4.728475338794711,333.59064999967813
diagonal_load,1e-05,lpc,FiS63i-513-129107-287427-185152-454791-121010-285778,-0.00012244235,4.1935164146320325,25.052350014448166
diagonal_load,1e-05,nn,FiS63i-513-129107-287427-185152-454791-121010-285778,-0.033282995,4.197291441984586,321.46484998520464
diagonal_load,1e-05,lpc,BBcZPi-501-456735-480197-495997-497448-326140-134118,-0.00011597069,4.713228429574496,25.96275001997128
diagonal_load,1e-05,nn,BBcZPi-501-456735-480197-495997-497448-326140-134118,-0.05526437,4.7134350201150585,330.019699933473
diagonal_load,1e-05,lpc,5OQdwp-063-348077-460359-16661-112031-224170-197606,9.035837,4.728500568245321,24.841699982061982
diagonal_load,1e-05,nn,5OQdwp-063-348077-460359-16661-112031-224170-197606,4.695561,4.726250051809075,312.583299994003
diagonal_load,1e-05,lpc,riuiap-287-319764-286732-35325-55646-391852-1246,-0.37802446,4.643808531343431,26.07040002476424
diagonal_load,1e-05,nn,riuiap-287-319764-286732-35325-55646-391852-1246,-0.27104938,4.640488689163165,319.82370000332594
diagonal_load,1e-05,lpc,6TUCvp-352-108130-78807-55646-250174-386302-414547,0.008011561,4.435020341822364,24.926449987106025
diagonal_load,1e-05,nn,6TUCvp-352-108130-78807-55646-250174-386302-414547,0.8583803,4.4847304380192785,325.3493999945931
diagonal_load,1e-05,lpc,KIklei-503-156368-5054-151331-161307-380077-177809,0.019264517,4.380660175220563,26.14645002176985
diagonal_load,1e-05,nn,KIklei-503-156368-5054-151331-161307-380077-177809,-0.028714241,4.399720593530342,367.7101999637671
diagonal_load,1e-05,lpc,zVlcap-263-274542-472051-376372-248785-476225-35325,-0.22176927,4.732101000742423,25.63160000136122
diagonal_load,1e-05,nn,zVlcap-263-274542-472051-376372-248785-476225-35325,-7.002203,4.732101249791574,325.47804998466745
diagonal_load,1e-05,lpc,BLAVyp-401-374393-353502-276516-464643-247007-280816,-2.8474574e-06,4.7128890566256345,25.234350003302097
diagonal_load,1e-05,nn,BLAVyp-401-374393-353502-276516-464643-247007-280816,0.00015168914,4.712889315122828,327.98455003648996
diagonal_load,1e-05,lpc,5Lu6ui-514-135410-151381-124082-173176-644-324310,-0.029900812,4.587311497917199,26.44090005196631
diagonal_load,1e-05,nn,5Lu6ui-514-135410-151381-124082-173176-644-324310,-0.009024676,4.587664358113864,327.21004995983094
diagonal_load,1e-05,lpc,lzFhsp-134-377273-280816-60681-369034-268009-11995,1.1043146,4.703682407125601,25.563750008586794
diagonal_load,1e-05,nn,lzFhsp-134-377273-280816-60681-369034-268009-11995,1.5637972,4.714733849269477,315.373899997212
diagonal_load,1e-05,lpc,nSu3Cp-366-41411-362672-285778-222370-421926-202035,8.114612,4.724214139893917,25.916850019712
diagonal_load,1e-05,nn,nSu3Cp-366-41411-362672-285778-222370-421926-202035,8.035273,4.725606074902242,318.77449998864904
diagonal_load,1e-05,lpc,cUyODs-564-324456-286869-479691-123056-485468-274323,4.7207174,4.730738931479939,25.27535002445802
diagonal_load,1e-05,nn,cUyODs-564-324456-286869-479691-123056-485468-274323,4.50053,4.730634899543103,324.906799942255
diagonal_load,1e-05,lpc,TkK5fp-380-229618-476225-311495-339484-11995-7708,3.2836354,4.72992070045578,26.347750041168183
diagonal_load,1e-05,nn,TkK5fp-380-229618-476225-311495-339484-11995-7708,2.822816,4.72997160926321,328.8505999953486
diagonal_load,1e-05,lpc,AHwsQs-538-108297-304214-140209-237079-426805-448869,-0.57011753,4.732101208327204,24.55105003900826
diagonal_load,1e-05,nn,AHwsQs-538-108297-304214-140209-237079-426805-448869,-0.52369124,4.73210122098604,323.8176999730058
diagonal_load,1e-05,lpc,RkoxIi-499-395609-17243-276516-68344-191485-476225,-0.0049589574,4.71656723977263,25.278300046920776
diagonal_load,1e-05,nn,RkoxIi-499-395609-17243-276516-68344-191485-476225,0.007340748,4.71673884558769,355.9565999894403
diagonal_load,1e-05,lpc,YLEXwp-335-240298-183720-447487-129636-202035-44660,-0.34535545,4.728624186395914,24.3327499483712
diagonal_load,1e-05,nn,YLEXwp-335-240298-183720-447487-129636-202035-44660,-0.3559466,4.728686072499037,312.20220000250265
diagonal_load,1e-05,lpc,rn9v1e-583-369034-383770-175927-399756-390385-383479,1.40028,4.615909811069942,26.79009997518733
diagonal_load,1e-05,nn,rn9v1e-583-369034-383770-175927-399756-390385-383479,4.2656894,4.710312831700039,326.47104997886345
diagonal_load,1e-05,lpc,SSYQ1w-650-275802-13671-144360-112336-104867-157595,0.4183606,4.731871581183107,25.64969996456057
diagonal_load,1e-05,nn,SSYQ1w-650-275802-13671-144360-112336-104867-157595,-0.8768897,4.731618238200943,318.884749955032
diagonal_load,1e-05,lpc,4fsgkp-253-311495-209061-229618-287427-276516-38459,3.3738527,4.725748355742015,25.686950015369803
diagonal_load,1e-05,nn,4fsgkp-253-311495-209061-229618-287427-276516-38459,0.87683225,4.731985745048277,327.3323000757955
diagonal_load,1e-05,lpc,44Zbvs-567-179462-358526-13671-355104-116061-343332,0.70796365,4.726937913593091,25.454699993133545
diagonal_load,1e-05,nn,44Zbvs-567-179462-358526-13671-355104-116061-343332,1.3121178,4.729284509473286,325.05734998267144
diagonal_load,1e-05,lpc,cmHjrf-493-348077-309854-224170-458554-202179-472051,0.7644128,4.697910173965807,26.00745001109317
diagonal_load,1e-05,nn,cmHjrf-493-348077-309854-224170-458554-202179-472051,-1.8329492,4.7229621029084505,354.6530500170775
diagonal_load,1e-05,lpc,zQSXvp-215-498788-407950-152419-25062-51581-3467,3.2460175,4.719320642354338,26.593999995384365
diagonal_load,1e-05,nn,zQSXvp-215-498788-407950-152419-25062-51581-3467,1.8701837,4.729933799764835,318.2566500036046
diagonal_load,1e-05,lpc,l3Lvae-611-211084-218396-212842-198509-334833-311379,2.752874,4.670036651986184,26.26129996497184
diagonal_load,1e-05,nn,l3Lvae-611-211084-218396-212842-198509-334833-311379,-0.44880137,4.688769600992685,324.3989500333555
diagonal_load,1e-05,lpc,LIJKja-026-447487-148409-188815-38506-78427-479691,0.2613428,4.708071704366555,26.280999998562038
diagonal_load,1e-05,nn,LIJKja-026-447487-148409-188815-38506-78427-479691,0.76715326,4.712167362509902,326.20105001842603
diagonal_load,1e-05,lpc,tztd5w-640-23535-348077-410307-64116-151381-134118,-0.36826238,4.732101250294315,26.270700036548078
diagonal_load,1e-05,nn,tztd5w-640-23535-348077-410307-64116-151381-134118,-0.20474991,4.7321012505889,321.1602999945171
diagonal_load,1e-05,lpc,TypO9p-362-82313-390793-365346-50416-310105-275395,6.933958,4.701556666300347,26.018699980340898
diagonal_load,1e-05,nn,TypO9p-362-82313-390793-365346-50416-310105-275395,9.367479,4.731319134981985,324.7908499906771
diagonal_load,1e-05,lpc,3hvoVa-051-2307-202921-218396-175927-14787-464643,1.6131114,4.667270412850682,24.48629995342344
diagonal_load,1e-05,nn,3hvoVa-051-2307-202921-218396-175927-14787-464643,-0.96980685,4.7308569001074465,318.383649981115
diagonal_load,1e-05,lpc,9hvMUf-482-498788-113105-17243-63022-21827-338584,-0.025337439,4.660036236276518,25.480850017629564
diagonal_load,1e-05,nn,9hvMUf-482-498788-113105-17243-63022-21827-338584,-0.94009995,4.679693691631007,333.16879998892546
diagonal_load,1e-05,lpc,lDN6of-450-91840-427818-353502-327883-210172-489807,0.14214422,4.655881724665992,25.163850048556924
diagonal_load,1e-05,nn,lDN6of-450-91840-427818-353502-327883-210172-489807,-0.4241466,4.668938670422989,315.66149997524917
diagonal_load,1e-05,lpc,8b8sWp-275-88756-348733-183720-134118-226233-129107,8.3353405,4.732100141818556,23.653450014535338
diagonal_load,1e-05,nn,8b8sWp-275-88756-348733-183720-134118-226233-129107,0.62962,4.729731789577746,317.68224999541417
diagonal_load,1e-05,lpc,noHubp-343-163645-17243-410906-219243-161307-221798,1.1921315,4.642470396595018,27.128449990414083
diagonal_load,1e-05,nn,noHubp-343-163645-17243-410906-219243-161307-221798,-0.012963088,4.655537391203682,327.17414997750893
diagonal_load,1e-05,lpc,G50hup-092-363552-123056-229618-481410-299323-332402,0.005012771,4.732094137341328,25.87770001264289
diagonal_load,1e-05,nn,G50hup-092-363552-123056-229618-481410-299323-332402,-1.8833153,4.732099233584966,327.3615500074811
diagonal_load,1e-05,lpc,FPRIpe-578-474864-126584-425422-304828-148409-10737,0.15479329,4.675304053452857,26.71009994810447
diagonal_load,1e-05,nn,FPRIpe-578-474864-126584-425422-304828-148409-10737,4.621071,4.698648537290359,322.6077500730753
diagonal_load,1e-05,lpc,1zDUvp-298-108297-119460-56896-348770-68221-98443,4.9332833,4.730178031249925,24.399249989073724
diagonal_load,1e-05,nn,1zDUvp-298-108297-119460-56896-348770-68221-98443,8.684978,4.732093240217079,327.41940004052594
diagonal_load,1e-05,lpc,WVKBPa-017-469001-13769-309009-430207-5054-14754,6.210396,4.725603630599016,24.274450028315187
diagonal_load,1e-05,nn,WVKBPa-017-469001-13769-309009-430207-5054-14754,2.4928124,4.730534818659352,327.90299999760464
diagonal_load,1e-05,lpc,fdXdMp-313-165684-111916-348770-380077-145384-347380,0.0706205,4.732101253042361,26.469849981367588
diagonal_load,1e-05,nn,fdXdMp-313-165684-111916-348770-380077-145384-347380,-11.90732,4.732101253041728,334.29379999870434
diagonal_load,1e-05,lpc,rkSMcp-349-162269-339484-74769-12865-363552-41411,-0.8544808,4.587451799704416,26.492449978832155
diagonal_load,1e-05,nn,rkSMcp-349-162269-339484-74769-12865-363552-41411,-1.3607259,4.640452511411024,316.29220000468194
diagonal_load,1e-05,lpc,avuTLe-585-474206-355130-317191-361413-333474-248785,0.09039242,4.6802480267978686,26.286199979949743
diagonal_load,1e-05,nn,avuTLe-585-474206-355130-317191-361413-333474-248785,0.24652877,4.684828130556211,324.7713999589905
diagonal_load,1e-05,lpc,1Q0zzp-067-496080-227228-300626-311379-247007-1214,8.250983,4.72490315901665,25.383499974850565
diagonal_load,1e-05,nn,1Q0zzp-067-496080-227228-300626-311379-247007-1214,7.0169425,4.7244879179936214,329.70850000856444
diagonal_load,1e-05,lpc,k2rvsa-021-181149-117176-94351-2985-340579-209061,0.53152287,4.731207170039632,24.67920002527535
diagonal_load,1e-05,nn,k2rvsa-021-181149-117176-94351-2985-340579-209061,0.6883905,4.731445031976731,327.11834996007383
diagonal_load,1e-05,lpc,DmpOYi-525-91230-450251-209608-292323-92870-38506,0.27427062,4.540505102096234,25.240649993065745
diagonal_load,1e-05,nn,DmpOYi-525-91230-450251-209608-292323-92870-38506,-0.15857214,4.683838363122884,313.19794995943084
diagonal_load,1e-05,lpc,cZ9D6w-670-134118-41411-423587-125189-84055-98443,-0.73873013,4.726962002309831,26.070000079926103
diagonal_load,1e-05,nn,cZ9D6w-670-134118-41411-423587-125189-84055-98443,-0.78076315,4.727239136343872,316.22939999215305
diagonal_load,1e-05,lpc,wD39yw-617-350336-91230-365075-384274-339484-27577,0.74996763,4.547333124842384,25.599499989766628
diagonal_load,1e-05,nn,wD39yw-617-350336-91230-365075-384274-339484-27577,0.7420908,4.563784012471952,321.98629999766126
diagonal_load,1e-05,lpc,jFujMp-258-2985-422977-276516-270302-316694-390385,6.676322,4.732002851836134,23.910350049845874
diagonal_load,1e-05,nn,jFujMp-258-2985-422977-276516-270302-316694-390385,5.2987695,4.731998081832868,316.3076999480836
diagonal_load,1e-05,lpc,ainjFp-098-145384-88756-289593-274542-488804-292564,2.8393826,4.708932611980865,25.96369996899739
diagonal_load,1e-05,nn,ainjFp-098-145384-88756-289593-274542-488804-292564,2.9560044,4.710110974414755,319.57614998100325
diagonal_load,1e-05,lpc,rllgnp-282-21827-2985-183720-67455-409746-330730,-0.013988762,4.732100622190379,24.916000082157552
diagonal_load,1e-05,nn,rllgnp-282-21827-2985-183720-67455-409746-330730,-0.11617985,4.732100648277733,328.5553999594413
diagonal_load,1e-05,lpc,ck2Uxp-081-495997-135873-82313-377039-373629-268363,5.1919723,4.73205583059751,25.728449982125312
diagonal_load,1e-05,nn,ck2Uxp-081-495997-135873-82313-377039-373629-268363,6.146052,4.732068079048157,320.0586999882944
diagonal_load,1e-05,lpc,jhRr0p-088-489070-351855-386883-172725-333766-16976,1.2241036,4.731871208197095,25.757549970876426
diagonal_load,1e-05,nn,jhRr0p-088-489070-351855-386883-172725-333766-16976,1.6066839,4.73191944468279,335.7704500085674
diagonal_load,1e-05,lpc,oRqMra-058-167772-480197-43889-36331-135873-265166,0.82288086,4.73194690211608,25.20274999551475
diagonal_load,1e-05,nn,oRqMra-058-167772-480197-43889-36331-135873-265166,1.7857705,4.732002435103682,333.45339994411916
diagonal_load,1e-05,lpc,d4LtRw-656-379354-74769-192385-202921-93885-62534,0.008416169,4.732100891702213,21.946849999949336
diagonal_load,1e-05,nn,d4LtRw-656-379354-74769-192385-202921-93885-62534,-0.13662902,4.7321009709074335,324.8968500411138
diagonal_load,1e-05,lpc,tXap2p-281-298969-9753-281965-457067-162269-329331,1.6816093,4.726931397462346,25.6521999835968
diagonal_load,1e-05,nn,tXap2p-281-298969-9753-281965-457067-162269-329331,2.808069,4.728792050979537,319.99904999975115
diagonal_load,1e-05,lpc,IIhdup-184-282845-322947-195637-315211-10737-386302,3.9932623,4.590401339422449,23.171850014477968
diagonal_load,1e-05,nn,IIhdup-184-282845-322947-195637-315211-10737-386302,3.995809,4.590432332066056,325.3404501010664
diagonal_load,1e-05,lpc,Q1VJ4p-396-67099-191485-442126-324310-384031-392966,2.20735,4.732093992950642,26.364250050392002
diagonal_load,1e-05,nn,Q1VJ4p-396-67099-191485-442126-324310-384031-392966,1.5449077,4.732099006164974,324.143500009086
diagonal_load,1e-05,lpc,IJqofi-526-68304-236920-183720-152419-94351-316080,0.019177925,4.538831099632041,26.477649982552975
diagonal_load,1e-05,nn,IJqofi-526-68304-236920-183720-152419-94351-316080,-0.18224047,4.567981102123271,358.90250001102686
diagonal_load,1e-05,lpc,MJEnPs-553-484336-261033-237079-274170-257745-343308,0.30487412,4.731693498856218,25.904549984261394
diagonal_load,1e-05,nn,MJEnPs-553-484336-261033-237079-274170-257745-343308,0.7606591,4.731805430792392,353.7687500938773
diagonal_load,1e-05,lpc,oK9Hxs-550-7708-104867-460359-299323-420765-264795,7.445056,4.730773590260343,27.09089999552816
diagonal_load,1e-05,nn,oK9Hxs-550-7708-104867-460359-299323-420765-264795,7.7714205,4.731051429267026,325.62129996949807
diagonal_load,1e-05,lpc,ItvEYp-187-347380-151331-160943-343502-92870-286732,-0.28979772,4.714936867016807,24.899399955756962
diagonal_load,1e-05,nn,ItvEYp-187-347380-151331-160943-343502-92870-286732,0.03046166,4.7088644066969385,313.99299995973706
diagonal_load,0.0001,lpc,9f3Qjw-657-129013-78427-348770-228203-60643-7188,-0.33407938,4.725945618120307,26.336499955505133
diagonal_load,0.0001,nn,9f3Qjw-657-129013-78427-348770-228203-60643-7188,-0.5471872,4.726274840939423,332.70794997224584
diagonal_load,0.0001,lpc,i0Ocoe-610-395609-211084-211212-108056-187519-202035,0.65723693,4.626121536259925,24.966099997982383
diagonal_load,0.0001,nn,i0Ocoe-610-395609-211084-211212-108056-187519-202035,1.91236,4.6507578924645205,330.93699999153614
diagonal_load,0.0001,lpc,Th8NDe-613-23535-495997-395609-270487-329331-383770,0.55051184,4.644620678429844,25.35340003669262
diagonal_load,0.0001,nn,Th8NDe-613-23535-495997-395609-270487-329331-383770,1.4540081,4.657531330430436,547.7227999945171
diagonal_load,0.0001,lpc,ui9aDp-122-292323-379538-386883-287427-306759-88721,0.14095357,4.705537185926639,33.38445001281798
diagonal_load,0.0001,nn,ui9aDp-122-292323-379538-386883-287427-306759-88721,-1.1552317,4.722236205920309,467.55564998602495
diagonal_load,0.0001,lpc,DLZvmp-426-78108-128329-469130-165684-261033-84004,3.3321743,4.732081308647652,27.71124994615093
diagonal_load,0.0001,nn,DLZvmp-426-78108-128329-469130-165684-261033-84004,-0.28714615,4.731872178952867,367.32379999011755
diagonal_load,0.0001,lpc,amZyRf-444-7708-476924-468905-275802-405424-380077,0.28822994,4.720055844757054,27.103349973913282
diagonal_load,0.0001,nn,amZyRf-444-7708-476924-468905-275802-405424-380077,-0.5782285,4.724621611203029,388.42039997689426
diagonal_load,0.0001,lpc,ofs2Us-561-469223-161307-229618-187519-295308-129107,2.3877568,4.728717071509228,27.711749949958175
diagonal_load,0.0001,nn,ofs2Us-561-469223-161307-229618-187519-295308-129107,-1.1274418,4.728332445731075,381.4206999959424
diagonal_load,0.0001,lpc,nQsrxi-500-35788-354893-151331-437270-461984-276516,-0.000713217,4.708323691906733,28.150999976787716
diagonal_load,0.0001,nn,nQsrxi-500-35788-354893-151331-437270-461984-276516,-0.14591914,4.714058161215519,442.15550005901605
diagonal_load,0.0001,lpc,YuwChp-152-8651-147603-379354-29563-62919-345238,7.8692625e-05,4.732100990779763,26.338849973399192
diagonal_load,0.0001,nn,YuwChp-152-8651-147603-379354-29563-62919-345238,-0.06057482,4.732100966232501,353.61165000358596
diagonal_load,0.0001,lpc,fiBRvp-155-14754-379538-407950-108056-495971-270302,1.0065955,4.730831228987469,26.439699984621257
diagonal_load,0.0001,nn,fiBRvp-155-14754-379538-407950-108056-495971-270302,0.36076587,4.730788508818694,324.41619999008253
diagonal_load,0.0001,lpc,rpdA0p-089-193291-347380-224170-426805-310105-489070,2.5680313,4.689882069278397,26.468349969945848
diagonal_load,0.0001,nn,rpdA0p-089-193291-347380-224170-426805-310105-489070,2.9865575,4.694298513157262,329.14059999166057
diagonal_load,0.0001,lpc,JCRPTw-618-129107-479691-343332-355104-157595-129013,-0.67158544,4.685928110133904,26.02664998266846
diagonal_load,0.0001,nn,JCRPTw-618-129107-479691-343332-355104-157595-129013,-0.48433885,4.687073957312142,333.5148499463685
diagonal_load,0.0001,lpc,DfzVIp-175-379354-103913-25062-384031-343308-295308,-0.7781548,4.702850033698825,26.625749946106225
diagonal_load,0.0001,nn,DfzVIp-175-379354-103913-25062-384031-343308-295308,-0.8022452,4.707164195133222,317.7308500162326
diagonal_load,0.0001,lpc,PBDVAf-465-366971-117533-197606-160943-60681-25579,9.939569,4.721918000312356,25.33635002328083
diagonal_load,0.0001,nn,PBDVAf-465-366971-117533-197606-160943-60681-25579,4.276391,4.690359844892027,327.99735001754016
diagonal_load,0.0001,lpc,BNXFqp-404-184495-450557-10737-129636-497448-379538,-0.511107,4.69545507946856,26.295899995602667
diagonal_load,0.0001,nn,BNXFqp-404-184495-450557-10737-129636-497448-379538,-0.6180888,4.697697115184804,380.2846500184387
diagonal_load,0.0001,lpc,f2JFMw-634-136860-113105-22031-310105-248646-32125,0.096331544,4.729625200737837,25.6836999906227
diagonal_load,0.0001,nn,f2JFMw-634-136860-113105-22031-310105-248646-32125,-0.1654495,4.72950474978267,316.71749998349696
diagonal_load,0.0001,lpc,cedJli-522-192385-152140-262731-156368-123704-333757,-0.010962813,4.352422116839055,26.246849971357733
diagonal_load,0.0001,nn,cedJli-522-192385-152140-262731-156368-123704-333757,0.5899973,4.405015928165326,331.18420001119375
diagonal_load,0.0001,lpc,Q4PCSi-506-317415-237079-78108-78427-235375-285778,1.9568834,3.6653739239234326,22.501599974930286
diagonal_load,0.0001,nn,Q4PCSi-506-317415-237079-78108-78427-235375-285778,2.7682354,4.580020376392154,331.960599985905
diagonal_load,0.0001,lpc,CrjLKf-468-374393-49022-14754-240504-316080-236920,0.51912147,4.727935420565945,25.660199986305088
diagonal_load,0.0001,nn,CrjLKf-468-374393-49022-14754-240504-316080-236920,1.9468975,4.730014642975745,317.07220000680536
diagonal_load,0.0001,lpc,m5rDOp-062-377273-156368-185152-188815-186260-486330,7.007119,4.732101070643109,26.31554997060448
diagonal_load,0.0001,nn,m5rDOp-062-377273-156368-185152-188815-186260-486330,7.2359715,4.732101177345857,322.7443000068888
diagonal_load,0.0001,lpc,0mk6rp-310-146145-90733-51581-27791-50416-437215,-0.0070381407,4.731993247681613,26.246549969073385
diagonal_load,0.0001,nn,0mk6rp-310-146145-90733-51581-27791-50416-437215,-0.0012771426,4.73199346364818,324.0198999992572
diagonal_load,0.0001,lpc,fS0Vwp-324-274170-461984-129889-218396-366126-128329,7.7999687,4.692312982983937,28.298849996645004
diagonal_load,0.0001,nn,fS0Vwp-324-274170-461984-129889-218396-366126-128329,10.574917,4.731985110026646,321.1880999733694
diagonal_load,0.0001,lpc,0Rve0i-524-469450-332402-376902-283921-64116-240504,0.51042336,4.291614759035804,26.143199997022748
diagonal_load,0.0001,nn,0Rve0i-524-469450-332402-376902-283921-64116-240504,0.9522387,4.394656528540629,323.4218999859877
diagonal_load,0.0001,lpc,fZg66p-070-68221-216978-377273-239730-53784-3467,0.059286017,4.732101253034507,21.662049985025078
diagonal_load,0.0001,nn,fZg66p-070-68221-216978-377273-239730-53784-3467,-8.720068,4.732101252494436,339.4699999480508
diagonal_load,0.0001,lpc,Aal0cp-183-209061-91230-492922-2757-317191-461984,3.525089,4.665508037836881,26.04100009193644
diagonal_load,0.0001,nn,Aal0cp-183-209061-91230-492922-2757-317191-461984,3.6545162,4.665909533755599,330.13725001364946
diagonal_load,0.0001,lpc,m8mjCs-533-485468-283456-486330-442126-2757-12865,-0.68683296,4.731186826881727,24.663300020620227
diagonal_load,0.0001,nn,m8mjCs-533-485468-283456-486330-442126-2757-12865,-0.26079056,4.7308952158124775,319.9414000264369
diagonal_load,0.0001,lpc,jM2z5p-212-362995-350336-202035-87506-239730-207508,-1.8733252,4.732101252973081,24.785749963484704
diagonal_load,0.0001,nn,jM2z5p-212-362995-350336-202035-87506-239730-207508,-0.59396404,4.7321012530408755,329.69330000923946
diagonal_load,0.0001,lpc,Paqf1p-119-254913-443221-90733-163645-32125-188815,2.3011293,4.705340817409111,25.202499993611127
diagonal_load,0.0001,nn,Paqf1p-119-254913-443221-90733-163645-32125-188815,0.86586004,4.731820677917955,333.5829499992542
diagonal_load,0.0001,lpc,87hwjf-487-426805-60643-437215-160943-182650-407728,0.09313978,4.661894017367915,26.394849992357194
diagonal_load,0.0001,nn,87hwjf-487-426805-60643-437215-160943-182650-407728,-0.19584987,4.667438215339933,327.69174996064976
diagonal_load,0.0001,lpc,kDEiGp-268-254920-474864-52991-170820-165168-328121,0.0,4.709236463259325,26.00145002361387
diagonal_load,0.0001,nn,kDEiGp-268-254920-474864-52991-170820-165168-328121,-7.558768e-05,4.7092364096532915,323.2560000033118
diagonal_load,0.0001,lpc,Mtnx5i-515-495971-279778-348676-11995-306560-418034,-0.00016463788,4.6381636892745455,26.666700025089085
diagonal_load,0.0001,nn,Mtnx5i-515-495971-279778-348676-11995-306560-418034,0.01970158,4.638423373338211,318.9922499586828
diagonal_load,0.0001,lpc,3EBeof-459-212842-454791-192385-495971-180085-113105,0.03181148,4.704608461755921,28.3363499911502
diagonal_load,0.0001,nn,3EBeof-459-212842-454791-192385-495971-180085-113105,0.052057687,4.7048308475003555,324.03079996583983
diagonal_load,0.0001,lpc,7j8l2a-034-50416-4800-287427-123375-143976-264357,0.21838999,4.682507227677677,25.76220006449148
diagonal_load,0.0001,nn,7j8l2a-034-50416-4800-287427-123375-143976-264357,0.88511777,4.686936456781118,322.4915000027977
diagonal_load,0.0001,lpc,9Mkadp-302-273892-209608-109841-324591-494783-498752,-0.6173177,4.682092791800303,25.466950028203428
diagonal_load,0.0001,nn,9Mkadp-302-273892-209608-109841-324591-494783-498752,-0.7906991,4.692869254195573,366.74525000853464
diagonal_load,0.0001,lpc,u3JmNp-105-377036-373629-177809-287789-419538-221798,0.54464036,4.725602277735083,25.267449964303523
diagonal_load,0.0001,nn,u3JmNp-105-377036-373629-177809-287789-419538-221798,3.3814278,4.7292619749867235,330.05589997628704
diagonal_load,0.0001,lpc,PiKSIp-112-109021-465867-125189-123174-211212-334242,6.1729712,4.725498301508411,26.163450034800917
diagonal_load,0.0001,nn,PiKSIp-112-109021-465867-125189-123174-211212-334242,6.3363786,4.731282902082652,321.09225005842745
diagonal_load,0.0001,lpc,9a98Kf-464-298969-472051-292323-179462-78575-496080,0.07438107,4.303761710095939,25.40884999325499
diagonal_load,0.0001,nn,9a98Kf-464-298969-472051-292323-179462-78575-496080,0.1069168,4.31672641069737,331.4883999992162
diagonal_load,0.0001,lpc,vAlA7f-458-390385-16661-177809-112031-325632-365075,1.7894834,4.731797067008717,26.136650005355477
diagonal_load,0.0001,nn,vAlA7f-458-390385-16661-177809-112031-325632-365075,1.8883832,4.731973269589686,317.73889996111393
diagonal_load,0.0001,lpc,U5aQJe-592-437270-129013-295308-406364-103913-497087,3.699647,4.705042389916921,25.638499995693564
diagonal_load,0.0001,nn,U5aQJe-592-437270-129013-295308-406364-103913-497087,4.1646237,4.718688234166486,318.8049499876797
diagonal_load,0.0001,lpc,HxFzMp-357-24999-343332-90733-489807-316694-345238,6.807618,4.66297330219148,25.318500003777444
diagonal_load,0.0001,nn,HxFzMp-357-24999-343332-90733-489807-316694-345238,2.9130125,4.658431575915369,343.7694500316866
diagonal_load,0.0001,lpc,9kbanp-261-50416-108056-469001-231167-334074-209061,2.010596,4.721614421688779,25.689149973914027
diagonal_load,0.0001,nn,9kbanp-261-50416-108056-469001-231167-334074-209061,3.9055185,4.73041013910017,325.47929999418557
diagonal_load,0.0001,lpc,rqqrUf-476-372299-90733-207508-318838-254913-53278,0.07602256,4.731002564680969,25.25144995888695
diagonal_load,0.0001,nn,rqqrUf-476-372299-90733-207508-318838-254913-53278,0.14420204,4.731023203304497,325.3353000036441
diagonal_load,0.0001,lpc,ie6iSp-097-407790-253414-334074-464643-167361-80351,3.357179,4.729422627556259,25.353349978104234
diagonal_load,0.0001,nn,ie6iSp-097-407790-253414-334074-464643-167361-80351,3.5506763,4.728469568866341,325.32519998494536
diagonal_load,0.0001,lpc,FiS63i-513-129107-287427-185152-454791-121010-285778,-0.00011959483,4.193515521012945,26.46985003957525
diagonal_load,0.0001,nn,FiS63i-513-129107-287427-185152-454791-121010-285778,-0.032189906,4.197288379597475,312.3576000216417
diagonal_load,0.0001,lpc,BBcZPi-501-456735-480197-495997-497448-326140-134118,-0.00011493522,4.713228412576079,25.28930001426488
diagonal_load,0.0001,nn,BBcZPi-501-456735-480197-495997-497448-326140-134118,-0.055139318,4.713434677512563,318.6910499352962
diagonal_load,0.0001,lpc,5OQdwp-063-348077-460359-16661-112031-224170-197606,9.027645,4.728491600824832,26.45625005243346
diagonal_load,0.0001,nn,5OQdwp-063-348077-460359-16661-112031-224170-197606,4.682887,4.7262427255120105,315.2732499875128
diagonal_load,0.0001,lpc,riuiap-287-319764-286732-35325-55646-391852-1246,-0.37864947,4.643827674186189,24.665850040037185
diagonal_load,0.0001,nn,riuiap-287-319764-286732-35325-55646-391852-1246,-0.27221859,4.640537398328851,325.4375499673188
diagonal_load,0.0001,lpc,6TUCvp-352-108130-78807-55646-250174-386302-414547,0.00940557,4.435014733365312,26.79565001744777
diagonal_load,0.0001,nn,6TUCvp-352-108130-78807-55646-250174-386302-414547,0.8552713,4.484684773225311,319.35815000906587
diagonal_load,0.0001,lpc,KIklei-503-156368-5054-151331-161307-380077-177809,0.019226892,4.380688548442153,27.213049994315952
diagonal_load,0.0001,nn,KIklei-503-156368-5054-151331-161307-380077-177809,-0.029517675,4.3997880483259255,333.09729996835813
diagonal_load,0.0001,lpc,zVlcap-263-274542-472051-376372-248785-476225-35325,-0.22123346,4.73210100073816,26.43909998005256
diagonal_load,0.0001,nn,zVlcap-263-274542-472051-376372-248785-476225-35325,-6.9139915,4.732101251253674,334.5353999757208
diagonal_load,0.0001,lpc,BLAVyp-401-374393-353502-276516-464643-247007-280816,-1.2942986e-06,4.712889048724813,25.37689998280257
diagonal_load,0.0001,nn,BLAVyp-401-374393-353502-276516-464643-247007-280816,0.00015790154,4.71288931528448,328.76060000853613
diagonal_load,0.0001,lpc,5Lu6ui-514-135410-151381-124082-173176-644-324310,-0.029939909,4.5873114026988455,24.600900011137128
diagonal_load,0.0001,nn,5Lu6ui-514-135410-151381-124082-173176-644-324310,-0.009235572,4.587667568228529,330.1454500760883
diagonal_load,0.0001,lpc,lzFhsp-134-377273-280816-60681-369034-268009-11995,1.1032835,4.703683003047809,26.18709998205304
diagonal_load,0.0001,nn,lzFhsp-134-377273-280816-60681-369034-268009-11995,1.5624018,4.714734175324722,316.22179999249056
diagonal_load,0.0001,lpc,nSu3Cp-366-41411-362672-285778-222370-421926-202035,8.1146965,4.724213397085796,25.14760004123673
diagonal_load,0.0001,nn,nSu3Cp-366-41411-362672-285778-222370-421926-202035,8.029864,4.7255935319564255,467.5900499569252
diagonal_load,0.0001,lpc,cUyODs-564-324456-286869-479691-123056-485468-274323,4.731624,4.730744901031877,26.21420001378283
diagonal_load,0.0001,nn,cUyODs-564-324456-286869-479691-123056-485468-274323,4.5102654,4.730640214947964,326.5201500034891
diagonal_load,0.0001,lpc,TkK5fp-380-229618-476225-311495-339484-11995-7708,3.2601013,4.7299176122384665,25.263199990149587
diagonal_load,0.0001,nn,TkK5fp-380-229618-476225-311495-339484-11995-7708,2.7948425,4.7299688044616195,333.9986000210047
diagonal_load,0.0001,lpc,AHwsQs-538-108297-304214-140209-237079-426805-448869,-0.56981057,4.7321012083165055,25.913350051268935
diagonal_load,0.0001,nn,AHwsQs-538-108297-304214-140209-237079-426805-448869,-0.5231262,4.732101220931999,331.14680001745
diagonal_load,0.0001,lpc,RkoxIi-499-395609-17243-276516-68344-191485-476225,-0.0046054837,4.716568054765657,26.190750009845942
diagonal_load,0.0001,nn,RkoxIi-499-395609-17243-276516-68344-191485-476225,0.008223946,4.716737771836456,329.3259999481961
diagonal_load,0.0001,lpc,YLEXwp-335-240298-183720-447487-129636-202035-44660,-0.34605232,4.728626139701587,26.206750015262514
diagonal_load,0.0001,nn,YLEXwp-335-240298-183720-447487-129636-202035-44660,-0.35697088,4.72868836014076,335.65749996341765
diagonal_load,0.0001,lpc,rn9v1e-583-369034-383770-175927-399756-390385-383479,3.858839,4.670920200945362,25.836449989583343
diagonal_load,0.0001,nn,rn9v1e-583-369034-383770-175927-399756-390385-383479,4.265314,4.710402413290845,328.73775000916794
diagonal_load,0.0001,lpc,SSYQ1w-650-275802-13671-144360-112336-104867-157595,0.41828537,4.73187176178887,24.617400020360947
diagonal_load,0.0001,nn,SSYQ1w-650-275802-13671-144360-112336-104867-157595,-0.8778002,4.731616850027299,316.915949981194
diagonal_load,0.0001,lpc,4fsgkp-253-311495-209061-229618-287427-276516-38459,3.3723493,4.725745985341174,24.62410001317039
diagonal_load,0.0001,nn,4fsgkp-253-311495-209061-229618-287427-276516-38459,0.8859572,4.731992338412274,545.3489499632269
diagonal_load,0.0001,lpc,44Zbvs-567-179462-358526-13671-355104-116061-343332,0.7067689,4.726938150032703,25.546899996697903
diagonal_load,0.0001,nn,44Zbvs-567-179462-358526-13671-355104-116061-343332,1.3183533,4.729274001607944,363.602300058119
diagonal_load,0.0001,lpc,cmHjrf-493-348077-309854-224170-458554-202179-472051,0.76456434,4.697910696523432,26.355749985668808
diagonal_load,0.0001,nn,cmHjrf-493-348077-309854-224170-458554-202179-472051,-1.8348255,4.722972536296378,385.24395000422373
diagonal_load,0.0001,lpc,zQSXvp-215-498788-407950-152419-25062-51581-3467,3.2538962,4.719315638450464,21.810549951624125
diagonal_load,0.0001,nn,zQSXvp-215-498788-407950-152419-25062-51581-3467,1.879679,4.729927718960576,354.8286500154063
diagonal_load,0.0001,lpc,l3Lvae-611-211084-218396-212842-198509-334833-311379,2.749148,4.669985370957299,21.798849978949875
diagonal_load,0.0001,nn,l3Lvae-611-211084-218396-212842-198509-334833-311379,-0.4432332,4.6888807199740885,343.4016999672167
diagonal_load,0.0001,lpc,LIJKja-026-447487-148409-188815-38506-78427-479691,0.26178932,4.708067590091389,21.57605002867058
diagonal_load,0.0001,nn,LIJKja-026-447487-148409-188815-38506-78427-479691,0.767368,4.712155991979939,357.3638999951072
diagonal_load,0.0001,lpc,tztd5w-640-23535-348077-410307-64116-151381-134118,-0.37121657,4.732101250295207,21.764349949080497
diagonal_load,0.0001,nn,tztd5w-640-23535-348077-410307-64116-151381-134118,-0.20564005,4.73210125057903,349.15384999476373
diagonal_load,0.0001,lpc,TypO9p-362-82313-390793-365346-50416-310105-275395,6.933804,4.7015571824789735,22.718499996699393
diagonal_load,0.0001,nn,TypO9p-362-82313-390793-365346-50416-310105-275395,9.374143,4.73132736244513,340.65455000381917
diagonal_load,0.0001,lpc,3hvoVa-051-2307-202921-218396-175927-14787-464643,1.612561,4.6672626538544275,21.767300029750913
diagonal_load,0.0001,nn,3hvoVa-051-2307-202921-218396-175927-14787-464643,-0.9636787,4.730816237628151,390.3326000436209
diagonal_load,0.0001,lpc,9hvMUf-482-498788-113105-17243-63022-21827-338584,-0.02533197,4.660036170785498,22.25939999334514
diagonal_load,0.0001,nn,9hvMUf-482-498788-113105-17243-63022-21827-338584,-0.9394607,4.679677764305816,344.61169998394325
diagonal_load,0.0001,lpc,lDN6of-450-91840-427818-353502-327883-210172-489807,0.14221436,4.655880696403564,22.23890001187101
diagonal_load,0.0001,nn,lDN6of-450-91840-427818-353502-327883-210172-489807,-0.42195228,4.668911656070536,395.48950002063066
diagonal_load,0.0001,lpc,8b8sWp-275-88756-348733-183720-134118-226233-129107,8.297169,4.732100190420374,21.928699978161603
diagonal_load,0.0001,nn,8b8sWp-275-88756-348733-183720-134118-226233-129107,0.61829036,4.729743602767117,346.12569998716936
diagonal_load,0.0001,lpc,noHubp-343-163645-17243-410906-219243-161307-221798,1.1791716,4.6426015905827995,21.82390005327761
diagonal_load,0.0001,nn,noHubp-343-163645-17243-410906-219243-161307-221798,-0.037768558,4.655772629012137,349.45485001662746
diagonal_load,0.0001,lpc,G50hup-092-363552-123056-229618-481410-299323-332402,-0.0055221384,4.732094183878418,21.84480003779754
diagonal_load,0.0001,nn,G50hup-092-363552-123056-229618-481410-299323-332402,-1.5774392,4.732098478000239,345.8548500202596
diagonal_load,0.0001,lpc,FPRIpe-578-474864-126584-425422-304828-148409-10737,0.15494117,4.6752965058844165,22.5186999887228
diagonal_load,0.0001,nn,FPRIpe-578-474864-126584-425422-304828-148409-10737,4.6192665,4.698625620024237,365.49905000720173
diagonal_load,0.0001,lpc,1zDUvp-298-108297-119460-56896-348770-68221-98443,4.928937,4.7301760050778405,22.086250013671815
diagonal_load,0.0001,nn,1zDUvp-298-108297-119460-56896-348770-68221-98443,8.695587,4.732093603981928,350.0343000050634
diagonal_load,0.0001,lpc,WVKBPa-017-469001-13769-309009-430207-5054-14754,6.212722,4.725613041849366,21.778149995952845
diagonal_load,0.0001,nn,WVKBPa-017-469001-13769-309009-430207-5054-14754,2.4919088,4.730536887814496,382.0191000122577
diagonal_load,0.0001,lpc,fdXdMp-313-165684-111916-348770-380077-145384-347380,0.09247743,4.732101253042364,27.24369999486953
diagonal_load,0.0001,nn,fdXdMp-313-165684-111916-348770-380077-145384-347380,-11.706834,4.732101253041799,340.8238999545574
diagonal_load,0.0001,lpc,rkSMcp-349-162269-339484-74769-12865-363552-41411,-0.85321975,4.587422028364648,21.86539996182546
diagonal_load,0.0001,nn,rkSMcp-349-162269-339484-74769-12865-363552-41411,-1.3611959,4.640449355107057,340.34414996858686
diagonal_load,0.0001,lpc,avuTLe-585-474206-355130-317191-361413-333474-248785,0.0901617,4.680245198360592,21.862549998331815
diagonal_load,0.0001,nn,avuTLe-585-474206-355130-317191-361413-333474-248785,0.24639133,4.684823348922881,348.90290000475943
diagonal_load,0.0001,lpc,1Q0zzp-067-496080-227228-300626-311379-247007-1214,8.24447,4.72489768927368,21.849450014997274
diagonal_load,0.0001,nn,1Q0zzp-067-496080-227228-300626-311379-247007-1214,7.000496,4.724478656069627,346.5414500096813
diagonal_load,0.0001,lpc,k2rvsa-021-181149-117176-94351-2985-340579-209061,0.5327573,4.73120706098012,21.999199991114438
diagonal_load,0.0001,nn,k2rvsa-021-181149-117176-94351-2985-340579-209061,0.68718284,4.731445523488006,378.8303999463096
diagonal_load,0.0001,lpc,DmpOYi-525-91230-450251-209608-292323-92870-38506,0.27353424,4.5404916863491875,22.288049978669733
diagonal_load,0.0001,nn,DmpOYi-525-91230-450251-209608-292323-92870-38506,-0.15492818,4.683396370970611,354.5668500009924
diagonal_load,0.0001,lpc,cZ9D6w-670-134118-41411-423587-125189-84055-98443,-0.73866045,4.726961791327813,27.421350008808076
diagonal_load,0.0001,nn,cZ9D6w-670-134118-41411-423587-125189-84055-98443,-0.7806901,4.7272389429249975,343.8941999920644
diagonal_load,0.0001,lpc,wD39yw-617-350336-91230-365075-384274-339484-27577,0.7503562,4.5473087750810155,21.79204998537898
diagonal_load,0.0001,nn,wD39yw-617-350336-91230-365075-384274-339484-27577,0.7417879,4.563790884211481,348.4111499856226
diagonal_load,0.0001,lpc,jFujMp-258-2985-422977-276516-270302-316694-390385,6.642086,4.732005039932892,21.791249979287386
diagonal_load,0.0001,nn,jFujMp-258-2985-422977-276516-270302-316694-390385,5.2921157,4.732004267710684,350.4279999760911
diagonal_load,0.0001,lpc,ainjFp-098-145384-88756-289593-274542-488804-292564,2.8359675,4.7089270049331,25.511200015898794
diagonal_load,0.0001,nn,ainjFp-098-145384-88756-289593-274542-488804-292564,2.9505796,4.710110600361224,346.89385001547635
diagonal_load,0.0001,lpc,rllgnp-282-21827-2985-183720-67455-409746-330730,-0.013752965,4.732100622126336,21.70934999594465
diagonal_load,0.0001,nn,rllgnp-282-21827-2985-183720-67455-409746-330730,-0.114784226,4.732100647870248,341.94154996657744
diagonal_load,0.0001,lpc,ck2Uxp-081-495997-135873-82313-377039-373629-268363,5.1915474,4.732055860873068,21.75524999620393
diagonal_load,0.0001,nn,ck2Uxp-081-495997-135873-82313-377039-373629-268363,6.144552,4.732068112197616,363.45684999832883
diagonal_load,0.0001,lpc,jhRr0p-088-489070-351855-386883-172725-333766-16976,1.2252059,4.731871022245376,22.351849998813123
diagonal_load,0.0001,nn,jhRr0p-088-489070-351855-386883-172725-333766-16976,1.6084033,4.73191879415035,353.04150002775714
diagonal_load,0.0001,lpc,oRqMra-058-167772-480197-43889-36331-135873-265166,0.82293487,4.731946948719072,27.763199992477894
diagonal_load,0.0001,nn,oRqMra-058-167772-480197-43889-36331-135873-265166,1.7867601,4.73200240665548,355.55769997881725
diagonal_load,0.0001,lpc,d4LtRw-656-379354-74769-192385-202921-93885-62534,0.0063617337,4.732100891694921,26.267000008374453
diagonal_load,0.0001,nn,d4LtRw-656-379354-74769-192385-202921-93885-62534,-0.09799868,4.732100967375551,343.54505001101643
diagonal_load,0.0001,lpc,tXap2p-281-298969-9753-281965-457067-162269-329331,1.6808845,4.726931313746428,25.59800003655255
diagonal_load,0.0001,nn,tXap2p-281-298969-9753-281965-457067-162269-329331,2.7959397,4.72878669949559,347.9448999860324
diagonal_load,0.0001,lpc,IIhdup-184-282845-322947-195637-315211-10737-386302,3.993589,4.590395181963304,22.070799954235554
diagonal_load,0.0001,nn,IIhdup-184-282845-322947-195637-315211-10737-386302,3.9997196,4.590493618548459,374.43245004396886
diagonal_load,0.0001,lpc,Q1VJ4p-396-67099-191485-442126-324310-384031-392966,2.1995358,4.73209400134901,28.016950003802776
diagonal_load,0.0001,nn,Q1VJ4p-396-67099-191485-442126-324310-384031-392966,1.250968,4.732098409619573,352.18590003205463
diagonal_load,0.0001,lpc,IJqofi-526-68304-236920-183720-152419-94351-316080,0.019176895,4.5388308359636635,22.066699981223792
diagonal_load,0.0001,nn,IJqofi-526-68304-236920-183720-152419-94351-316080,-0.18220079,4.567984744100664,346.79415001301095
diagonal_load,0.0001,lpc,MJEnPs-553-484336-261033-237079-274170-257745-343308,0.30514243,4.731693390490268,22.200250008609146
diagonal_load,0.0001,nn,MJEnPs-553-484336-261033-237079-274170-257745-343308,0.7652663,4.731804904414089,346.56320000067353
diagonal_load,0.0001,lpc,oK9Hxs-550-7708-104867-460359-299323-420765-264795,7.429138,4.730772443143687,21.833999955561012
diagonal_load,0.0001,nn,oK9Hxs-550-7708-104867-460359-299323-420765-264795,7.7664905,4.731044288455118,386.97559997672215
diagonal_load,0.0001,lpc,ItvEYp-187-347380-151331-160943-343502-92870-286732,-0.2898528,4.7149338008669375,21.809550002217293
diagonal_load,0.0001,nn,ItvEYp-187-347380-151331-160943-343502-92870-286732,0.030618457,4.708865788272346,351.8023999640718
diagonal_load,0.001,lpc,9f3Qjw-657-129013-78427-348770-228203-60643-7188,-0.33397597,4.725944920957955,21.693449991289526
diagonal_load,0.001,nn,9f3Qjw-657-129013-78427-348770-228203-60643-7188,-0.54718804,4.726275296338784,346.38335002819076
diagonal_load,0.001,lpc,i0Ocoe-610-395609-211084-211212-108056-187519-202035,0.66933507,4.626124217600343,22.280749981291592
diagonal_load,0.001,nn,i0Ocoe-610-395609-211084-211212-108056-187519-202035,1.9105614,4.650935803334127,349.09695002716035
diagonal_load,0.001,lpc,Th8NDe-613-23535-495997-395609-270487-329331-383770,0.546255,4.644561887839406,22.18570001423359
diagonal_load,0.001,nn,Th8NDe-613-23535-495997-395609-270487-329331-383770,1.4561477,4.657349517614854,344.2185000167228
diagonal_load,0.001,lpc,ui9aDp-122-292323-379538-386883-287427-306759-88721,0.1392512,4.705558433251339,21.782350027933717
diagonal_load,0.001,nn,ui9aDp-122-292323-379538-386883-287427-306759-88721,-1.155509,4.722242133126794,344.896049995441
diagonal_load,0.001,lpc,DLZvmp-426-78108-128329-469130-165684-261033-84004,3.3377984,4.732081416239453,22.019650030415505
diagonal_load,0.001,nn,DLZvmp-426-78108-128329-469130-165684-261033-84004,-0.24336405,4.731877246019819,402.7349000098184
diagonal_load,0.001,lpc,amZyRf-444-7708-476924-468905-275802-405424-380077,0.29112515,4.720019970746222,22.27419998962432
diagonal_load,0.001,nn,amZyRf-444-7708-476924-468905-275802-405424-380077,-0.5714058,4.724567684614788,345.46015004161745
diagonal_load,0.001,lpc,ofs2Us-561-469223-161307-229618-187519-295308-129107,2.3380332,4.728344287256758,22.316849965136498
diagonal_load,0.001,nn,ofs2Us-561-469223-161307-229618-187519-295308-129107,-0.5387166,4.730322802126784,341.19935001945123
diagonal_load,0.001,lpc,nQsrxi-500-35788-354893-151331-437270-461984-276516,-0.0007227964,4.7083235770667,21.621149964630604
diagonal_load,0.001,nn,nQsrxi-500-35788-354893-151331-437270-461984-276516,-0.13553043,4.7138266508129565,344.12430005613714
diagonal_load,0.001,lpc,YuwChp-152-8651-147603-379354-29563-62919-345238,1.0354375e-05,4.73210099077896,25.821799994446337
diagonal_load,0.001,nn,YuwChp-152-8651-147603-379354-29563-62919-345238,-0.06874532,4.732100966154473,354.58000004291534
diagonal_load,0.001,lpc,fiBRvp-155-14754-379538-407950-108056-495971-270302,1.0045995,4.730831316008875,21.68459998210892
diagonal_load,0.001,nn,fiBRvp-155-14754-379538-407950-108056-495971-270302,0.3525503,4.730788109481548,359.6501500578597
diagonal_load,0.001,lpc,rpdA0p-089-193291-347380-224170-426805-310105-489070,2.5645268,4.68982414214883,21.78795001236722
diagonal_load,0.001,nn,rpdA0p-089-193291-347380-224170-426805-310105-489070,2.984291,4.694212195148671,392.8984999656677
diagonal_load,0.001,lpc,JCRPTw-618-129107-479691-343332-355104-157595-129013,-0.65096015,4.685746818867395,21.646799985319376
diagonal_load,0.001,nn,JCRPTw-618-129107-479691-343332-355104-157595-129013,-0.47574294,4.686893954995958,340.96419997513294
diagonal_load,0.001,lpc,DfzVIp-175-379354-103913-25062-384031-343308-295308,-0.7822612,4.702906410406969,22.284449951257557
diagonal_load,0.001,nn,DfzVIp-175-379354-103913-25062-384031-343308-295308,-0.8129227,4.707330517398787,373.5999499913305
diagonal_load,0.001,lpc,PBDVAf-465-366971-117533-197606-160943-60681-25579,9.955551,4.721873755829643,21.951849979814142
diagonal_load,0.001,nn,PBDVAf-465-366971-117533-197606-160943-60681-25579,4.271642,4.690341309123374,352.2618500282988
diagonal_load,0.001,lpc,BNXFqp-404-184495-450557-10737-129636-497448-379538,-0.53373563,4.695717083589198,22.00825000181794
diagonal_load,0.001,nn,BNXFqp-404-184495-450557-10737-129636-497448-379538,-0.60808015,4.697789147936648,441.62379996851087
diagonal_load,0.001,lpc,f2JFMw-634-136860-113105-22031-310105-248646-32125,0.09666573,4.7296239971345475,21.5846499777399
diagonal_load,0.001,nn,f2JFMw-634-136860-113105-22031-310105-248646-32125,-0.16481651,4.729502651290708,373.0018999776803
diagonal_load,0.001,lpc,cedJli-522-192385-152140-262731-156368-123704-333757,-0.012123515,4.352429494081258,22.590500011574477
diagonal_load,0.001,nn,cedJli-522-192385-152140-262731-156368-123704-333757,0.5891968,4.404691426612025,386.42400002572685
diagonal_load,0.001,lpc,Q4PCSi-506-317415-237079-78108-78427-235375-285778,1.935345,3.664404992554866,21.939100057352334
diagonal_load,0.001,nn,Q4PCSi-506-317415-237079-78108-78427-235375-285778,2.7445042,4.577485225935844,364.69135008519515
diagonal_load,0.001,lpc,CrjLKf-468-374393-49022-14754-240504-316080-236920,0.5165155,4.727929023891299,22.05605001654476
diagonal_load,0.001,nn,CrjLKf-468-374393-49022-14754-240504-316080-236920,1.9451106,4.7299951175451955,358.6471499875188
diagonal_load,0.001,lpc,m5rDOp-062-377273-156368-185152-188815-186260-486330,7.0324497,4.732101070013595,21.90334995975718
diagonal_load,0.001,nn,m5rDOp-062-377273-156368-185152-188815-186260-486330,7.2727447,4.732101169939179,353.25315000955015
diagonal_load,0.001,lpc,0mk6rp-310-146145-90733-51581-27791-50416-437215,-0.0070010643,4.7319932464434284,22.08009996684268
diagonal_load,0.001,nn,0mk6rp-310-146145-90733-51581-27791-50416-437215,-0.0030369682,4.7319934384890665,353.8645500084385
diagonal_load,0.001,lpc,fS0Vwp-324-274170-461984-129889-218396-366126-128329,7.8338666,4.692742346026735,23.007399984635413
diagonal_load,0.001,nn,fS0Vwp-324-274170-461984-129889-218396-366126-128329,10.581168,4.732006375581969,360.2456499938853
diagonal_load,0.001,lpc,0Rve0i-524-469450-332402-376902-283921-64116-240504,0.49918923,4.291001445294883,22.621700016316026
diagonal_load,0.001,nn,0Rve0i-524-469450-332402-376902-283921-64116-240504,0.94496006,4.388374932395525,355.5023999651894
diagonal_load,0.001,lpc,fZg66p-070-68221-216978-377273-239730-53784-3467,0.007114364,4.732101253034451,23.3165500103496
diagonal_load,0.001,nn,fZg66p-070-68221-216978-377273-239730-53784-3467,-8.539504,4.732101252541234,360.86625000461936
diagonal_load,0.001,lpc,Aal0cp-183-209061-91230-492922-2757-317191-461984,3.5263538,4.66524813974387,22.37165003316477
diagonal_load,0.001,nn,Aal0cp-183-209061-91230-492922-2757-317191-461984,3.6550202,4.66580296792864,373.861100000795
diagonal_load,0.001,lpc,m8mjCs-533-485468-283456-486330-442126-2757-12865,-0.7076181,4.731221334539464,22.248699970077723
diagonal_load,0.001,nn,m8mjCs-533-485468-283456-486330-442126-2757-12865,-0.28419715,4.730936621445414,358.3611500216648
diagonal_load,0.001,lpc,jM2z5p-212-362995-350336-202035-87506-239730-207508,-1.8061056,4.732101252931637,21.706650033593178
diagonal_load,0.001,nn,jM2z5p-212-362995-350336-202035-87506-239730-207508,-0.77500856,4.732101253036614,351.3733000145294
diagonal_load,0.001,lpc,Paqf1p-119-254913-443221-90733-163645-32125-188815,2.3050501,4.705284050082694,22.041199961677194
diagonal_load,0.001,nn,Paqf1p-119-254913-443221-90733-163645-32125-188815,0.87380165,4.731806423881048,363.9018000103533
diagonal_load,0.001,lpc,87hwjf-487-426805-60643-437215-160943-182650-407728,0.09161323,4.661892253544865,25.988099980168045
diagonal_load,0.001,nn,87hwjf-487-426805-60643-437215-160943-182650-407728,-0.19485208,4.667414255948932,372.9340000427328
diagonal_load,0.001,lpc,kDEiGp-268-254920-474864-52991-170820-165168-328121,0.0,4.70923646324956,22.044649987947196
diagonal_load,0.001,nn,kDEiGp-268-254920-474864-52991-170820-165168-328121,-7.532882e-05,4.709236405229963,429.1347999824211
diagonal_load,0.001,lpc,Mtnx5i-515-495971-279778-348676-11995-306560-418034,-0.000115452945,4.638163728728852,23.724600090645254
diagonal_load,0.001,nn,Mtnx5i-515-495971-279778-348676-11995-306560-418034,0.020473544,4.638411238151951,358.90455008484423
diagonal_load,0.001,lpc,3EBeof-459-212842-454791-192385-495971-180085-113105,0.03440405,4.704609728085325,22.351349995005876
diagonal_load,0.001,nn,3EBeof-459-212842-454791-192385-495971-180085-113105,0.055190317,4.704833442444151,370.84104999667034
diagonal_load,0.001,lpc,7j8l2a-034-50416-4800-287427-123375-143976-264357,0.21666995,4.682500915338837,23.723350022919476
diagonal_load,0.001,nn,7j8l2a-034-50416-4800-287427-123375-143976-264357,0.8842318,4.686915989843917,353.24524994939566
diagonal_load,0.001,lpc,9Mkadp-302-273892-209608-109841-324591-494783-498752,-0.6198745,4.682181788313893,22.280050034169108
diagonal_load,0.001,nn,9Mkadp-302-273892-209608-109841-324591-494783-498752,-0.80265284,4.693141368200269,380.8212500298396
diagonal_load,0.001,lpc,u3JmNp-105-377036-373629-177809-287789-419538-221798,0.52613163,4.725575838630403,23.53325003059581
diagonal_load,0.001,nn,u3JmNp-105-377036-373629-177809-287789-419538-221798,3.4823382,4.729106376284898,356.27629997907206
diagonal_load,0.001,lpc,PiKSIp-112-109021-465867-125189-123174-211212-334242,6.1434655,4.725478175017463,22.191999945789576
diagonal_load,0.001,nn,PiKSIp-112-109021-465867-125189-123174-211212-334242,6.3200693,4.731314203954364,351.716149947606
diagonal_load,0.001,lpc,9a98Kf-464-298969-472051-292323-179462-78575-496080,0.07445741,4.303658417624954,22.110599966254085
diagonal_load,0.001,nn,9a98Kf-464-298969-472051-292323-179462-78575-496080,0.10724158,4.316599669607038,349.69255002215505
diagonal_load,0.001,lpc,vAlA7f-458-390385-16661-177809-112031-325632-365075,1.7825246,4.731795360596289,22.347599966451526
diagonal_load,0.001,nn,vAlA7f-458-390385-16661-177809-112031-325632-365075,1.8937315,4.731969854850021,379.4242499861866
diagonal_load,0.001,lpc,U5aQJe-592-437270-129013-295308-406364-103913-497087,3.697345,4.705016727401405,31.93579998333007
diagonal_load,0.001,nn,U5aQJe-592-437270-129013-295308-406364-103913-497087,4.171173,4.718619789868335,353.50349999498576
diagonal_load,0.001,lpc,HxFzMp-357-24999-343332-90733-489807-316694-345238,6.763399,4.662628266483653,22.18324999557808
diagonal_load,0.001,nn,HxFzMp-357-24999-343332-90733-489807-316694-345238,2.8455276,4.658499707769119,369.42559998715296
diagonal_load,0.001,lpc,9kbanp-261-50416-108056-469001-231167-334074-209061,1.9943334,4.721578979077668,25.786400015931576
diagonal_load,0.001,nn,9kbanp-261-50416-108056-469001-231167-334074-209061,3.9137726,4.7303570526489285,349.54160009510815
diagonal_load,0.001,lpc,rqqrUf-476-372299-90733-207508-318838-254913-53278,0.07278834,4.731001772879237,24.407299992162734
diagonal_load,0.001,nn,rqqrUf-476-372299-90733-207508-318838-254913-53278,0.13916397,4.731022229004536,369.4359999499284
diagonal_load,0.001,lpc,ie6iSp-097-407790-253414-334074-464643-167361-80351,3.399577,4.729385429495158,21.99869998730719
diagonal_load,0.001,nn,ie6iSp-097-407790-253414-334074-464643-167361-80351,3.5783193,4.728437128720278,360.3502999758348
diagonal_load,0.001,lpc,FiS63i-513-129107-287427-185152-454791-121010-285778,-0.00014263403,4.19351860337818,21.71634999103844
diagonal_load,0.001,nn,FiS63i-513-129107-287427-185152-454791-121010-285778,-0.033128574,4.1973118923603145,358.19249995984137
diagonal_load,0.001,lpc,BBcZPi-501-456735-480197-495997-497448-326140-134118,-0.00013849215,4.713228488338827,21.649900008924305
diagonal_load,0.001,nn,BBcZPi-501-456735-480197-495997-497448-326140-134118,-0.05272752,4.713434428058878,342.6968000130728
diagonal_load,0.001,lpc,5OQdwp-063-348077-460359-16661-112031-224170-197606,8.978188,4.728437197443251,22.065000026486814
diagonal_load,0.001,nn,5OQdwp-063-348077-460359-16661-112031-224170-197606,4.6083336,4.726190009712171,343.6314000864513
diagonal_load,0.001,lpc,riuiap-287-319764-286732-35325-55646-391852-1246,-0.37645516,4.643714908212006,23.045399982947856
diagonal_load,0.001,nn,riuiap-287-319764-286732-35325-55646-391852-1246,-0.27334982,4.640641619584697,349.2306499974802
diagonal_load,0.001,lpc,6TUCvp-352-108130-78807-55646-250174-386302-414547,0.010986077,4.434993183910839,21.730650041718036
diagonal_load,0.001,nn,6TUCvp-352-108130-78807-55646-250174-386302-414547,0.8377788,4.484323416378865,363.20269998395815
diagonal_load,0.001,lpc,KIklei-503-156368-5054-151331-161307-380077-177809,0.01997472,4.380719886900368,29.34469998581335
diagonal_load,0.001,nn,KIklei-503-156368-5054-151331-161307-380077-177809,-0.030203694,4.399742417518076,354.8753500217572
diagonal_load,0.001,lpc,zVlcap-263-274542-472051-376372-248785-476225-35325,-0.22195481,4.732101000837742,21.703000005800277
diagonal_load,0.001,nn,zVlcap-263-274542-472051-376372-248785-476225-35325,-6.7017374,4.732101252976606,350.07004998624325
diagonal_load,0.001,lpc,BLAVyp-401-374393-353502-276516-464643-247007-280816,-1.2942986e-06,4.712889044490447,22.72995002567768
diagonal_load,0.001,nn,BLAVyp-401-374393-353502-276516-464643-247007-280816,0.00020294124,4.71288931669017,393.20069999666885
diagonal_load,0.001,lpc,5Lu6ui-514-135410-151381-124082-173176-644-324310,-0.029909153,4.587309300955085,21.760999981779605
diagonal_load,0.001,nn,5Lu6ui-514-135410-151381-124082-173176-644-324310,-0.008881491,4.587666996080298,342.23620005650446
diagonal_load,0.001,lpc,lzFhsp-134-377273-280816-60681-369034-268009-11995,1.1000557,4.703632584606774,22.19280001008883
diagonal_load,0.001,nn,lzFhsp-134-377273-280816-60681-369034-268009-11995,1.5614815,4.714621003497445,348.63449999829754
diagonal_load,0.001,lpc,nSu3Cp-366-41411-362672-285778-222370-421926-202035,8.115159,4.724217292663168,29.430349997710437
diagonal_load,0.001,nn,nSu3Cp-366-41411-362672-285778-222370-421926-202035,8.010946,4.725556887164578,357.0802499889396
diagonal_load,0.001,lpc,cUyODs-564-324456-286869-479691-123056-485468-274323,4.739653,4.7307491430413595,21.929049980826676
diagonal_load,0.001,nn,cUyODs-564-324456-286869-479691-123056-485468-274323,4.5219555,4.730644205686248,360.1402499480173
diagonal_load,0.001,lpc,TkK5fp-380-229618-476225-311495-339484-11995-7708,3.1468775,4.729903953840873,21.78604999789968
diagonal_load,0.001,nn,TkK5fp-380-229618-476225-311495-339484-11995-7708,2.6648383,4.7299606287657685,350.5950000253506
diagonal_load,0.001,lpc,AHwsQs-538-108297-304214-140209-237079-426805-448869,-0.5762095,4.732101208449418,22.241749975364655
diagonal_load,0.001,nn,AHwsQs-538-108297-304214-140209-237079-426805-448869,-0.52785003,4.732101220952591,389.0811000019312
diagonal_load,0.001,lpc,RkoxIi-499-395609-17243-276516-68344-191485-476225,-0.004253335,4.7165682446383315,22.883549972902983
diagonal_load,0.001,nn,RkoxIi-499-395609-17243-276516-68344-191485-476225,0.00888429,4.71673557043122,362.7958999713883
diagonal_load,0.001,lpc,YLEXwp-335-240298-183720-447487-129636-202035-44660,-0.34897405,4.728636848888135,22.61210000142455
diagonal_load,0.001,nn,YLEXwp-335-240298-183720-447487-129636-202035-44660,-0.36028355,4.728698918311073,357.3912500287406
diagonal_load,0.001,lpc,rn9v1e-583-369034-383770-175927-399756-390385-383479,3.85371,4.670776538937053,21.742849959991872
diagonal_load,0.001,nn,rn9v1e-583-369034-383770-175927-399756-390385-383479,4.2719593,4.7103170790483855,384.3271500081755
diagonal_load,0.001,lpc,SSYQ1w-650-275802-13671-144360-112336-104867-157595,0.4204787,4.731871891608762,24.437300045974553
diagonal_load,0.001,nn,SSYQ1w-650-275802-13671-144360-112336-104867-157595,-0.87550336,4.731617689595264,340.1692499755882
diagonal_load,0.001,lpc,4fsgkp-253-311495-209061-229618-287427-276516-38459,3.354673,4.7257189316388395,21.988699969369918
diagonal_load,0.001,nn,4fsgkp-253-311495-209061-229618-287427-276516-38459,0.9460132,4.7320342883955835,340.8600499969907
diagonal_load,0.001,lpc,44Zbvs-567-179462-358526-13671-355104-116061-343332,0.7029998,4.726939163803017,21.72329998575151
diagonal_load,0.001,nn,44Zbvs-567-179462-358526-13671-355104-116061-343332,1.32215,4.729258512178841,385.04874997306615
diagonal_load,0.001,lpc,cmHjrf-493-348077-309854-224170-458554-202179-472051,0.76385665,4.697920619595367,22.24320004461333
diagonal_load,0.001,nn,cmHjrf-493-348077-309854-224170-458554-202179-472051,-1.8577006,4.72314912388738,355.6703500216827
diagonal_load,0.001,lpc,zQSXvp-215-498788-407950-152419-25062-51581-3467,3.260396,4.719210758798364,22.210650029592216
diagonal_load,0.001,nn,zQSXvp-215-498788-407950-152419-25062-51581-3467,1.9045339,4.729817438154319,362.1728000580333
diagonal_load,0.001,lpc,l3Lvae-611-211084-218396-212842-198509-334833-311379,2.7248871,4.669636225920386,22.670899983495474
diagonal_load,0.001,nn,l3Lvae-611-211084-218396-212842-198509-334833-311379,-0.37314788,4.690259519775148,348.5414999886416
diagonal_load,0.001,lpc,LIJKja-026-447487-148409-188815-38506-78427-479691,0.26404214,4.708033731043585,21.943500032648444
diagonal_load,0.001,nn,LIJKja-026-447487-148409-188815-38506-78427-479691,0.7732278,4.712079900592824,339.0518000232987
diagonal_load,0.001,lpc,tztd5w-640-23535-348077-410307-64116-151381-134118,-0.38330716,4.732101250301459,21.97939995676279
diagonal_load,0.001,nn,tztd5w-640-23535-348077-410307-64116-151381-134118,-0.21034586,4.732101250561392,352.5926499860361
diagonal_load,0.001,lpc,TypO9p-362-82313-390793-365346-50416-310105-275395,6.9338536,4.701558545801607,22.30259997304529
diagonal_load,0.001,nn,TypO9p-362-82313-390793-365346-50416-310105-275395,9.392214,4.731328011939101,374.4536999729462
diagonal_load,0.001,lpc,3hvoVa-051-2307-202921-218396-175927-14787-464643,1.6074313,4.66719785776373,22.06400007707998
diagonal_load,0.001,nn,3hvoVa-051-2307-202921-218396-175927-14787-464643,-0.936788,4.73065790114085,341.6076499852352
diagonal_load,0.001,lpc,9hvMUf-482-498788-113105-17243-63022-21827-338584,-0.025300983,4.660036175017451,22.00920000905171
diagonal_load,0.001,nn,9hvMUf-482-498788-113105-17243-63022-21827-338584,-0.9363645,4.679584441100712,349.51754997018725
diagonal_load,0.001,lpc,lDN6of-450-91840-427818-353502-327883-210172-489807,0.14190522,4.655878172635077,22.440749977249652
diagonal_load,0.001,nn,lDN6of-450-91840-427818-353502-327883-210172-489807,-0.42114276,4.668887494034795,349.7428999398835
diagonal_load,0.001,lpc,8b8sWp-275-88756-348733-183720-134118-226233-129107,8.042315,4.732100256723954,22.35954999923706
diagonal_load,0.001,nn,8b8sWp-275-88756-348733-183720-134118-226233-129107,0.56958795,4.729831301362967,342.5044500036165
diagonal_load,0.001,lpc,noHubp-343-163645-17243-410906-219243-161307-221798,1.0506008,4.642839282489666,21.75719995284453
diagonal_load,0.001,nn,noHubp-343-163645-17243-410906-219243-161307-221798,-0.23712227,4.656548344059898,342.77794999070466
diagonal_load,0.001,lpc,G50hup-092-363552-123056-229618-481410-299323-332402,0.03952351,4.732094037999176,22.18194998567924
diagonal_load,0.001,nn,G50hup-092-363552-123056-229618-481410-299323-332402,-1.1637982,4.7320969145406675,349.89454998867586
diagonal_load,0.001,lpc,FPRIpe-578-474864-126584-425422-304828-148409-10737,0.15688358,4.675143728202171,22.987799951806664
diagonal_load,0.001,nn,FPRIpe-578-474864-126584-425422-304828-148409-10737,4.59722,4.698262802017326,388.74274998670444
diagonal_load,0.001,lpc,1zDUvp-298-108297-119460-56896-348770-68221-98443,4.9165754,4.730143997443896,21.804450021591038
diagonal_load,0.001,nn,1zDUvp-298-108297-119460-56896-348770-68221-98443,8.697058,4.732088242702696,338.6199999367818
diagonal_load,0.001,lpc,WVKBPa-017-469001-13769-309009-430207-5054-14754,6.2232494,4.725683968714744,22.219299979042262
diagonal_load,0.001,nn,WVKBPa-017-469001-13769-309009-430207-5054-14754,2.482343,4.730565673334725,340.09780001360923
diagonal_load,0.001,lpc,fdXdMp-313-165684-111916-348770-380077-145384-347380,0.09840663,4.732101253042357,22.336450056172907
diagonal_load,0.001,nn,fdXdMp-313-165684-111916-348770-380077-145384-347380,-11.42465,4.73210125304187,342.61905000312254
diagonal_load,0.001,lpc,rkSMcp-349-162269-339484-74769-12865-363552-41411,-0.85281086,4.587358725800512,21.999999997206032
diagonal_load,0.001,nn,rkSMcp-349-162269-339484-74769-12865-363552-41411,-1.361556,4.640319218871157,341.6396999382414
diagonal_load,0.001,lpc,avuTLe-585-474206-355130-317191-361413-333474-248785,0.088642225,4.680222051380937,21.670899994205683
diagonal_load,0.001,nn,avuTLe-585-474206-355130-317191-361413-333474-248785,0.24583755,4.684779784188278,348.755799990613
diagonal_load,0.001,lpc,1Q0zzp-067-496080-227228-300626-311379-247007-1214,8.199076,4.724858142823068,22.10925001418218
diagonal_load,0.001,nn,1Q0zzp-067-496080-227228-300626-311379-247007-1214,6.9094462,4.724428227634691,388.66840000264347
diagonal_load,0.001,lpc,k2rvsa-021-181149-117176-94351-2985-340579-209061,0.535494,4.731207349501956,22.707049967721105
diagonal_load,0.001,nn,k2rvsa-021-181149-117176-94351-2985-340579-209061,0.6895056,4.731447434235433,335.7474999502301
diagonal_load,0.001,lpc,DmpOYi-525-91230-450251-209608-292323-92870-38506,0.2685798,4.5404044708447255,22.00234995689243
diagonal_load,0.001,nn,DmpOYi-525-91230-450251-209608-292323-92870-38506,-0.12681043,4.679849833773295,338.67590001318604
diagonal_load,0.001,lpc,cZ9D6w-670-134118-41411-423587-125189-84055-98443,-0.7383773,4.726960650228614,23.164650017861277
diagonal_load,0.001,nn,cZ9D6w-670-134118-41411-423587-125189-84055-98443,-0.78042793,4.727237847602028,376.4339499757625
diagonal_load,0.001,lpc,wD39yw-617-350336-91230-365075-384274-339484-27577,0.7520241,4.547218879184223,22.010300017427653
diagonal_load,0.001,nn,wD39yw-617-350336-91230-365075-384274-339484-27577,0.74151164,4.5637742365972676,338.2717499625869
diagonal_load,0.001,lpc,jFujMp-258-2985-422977-276516-270302-316694-390385,6.555086,4.732011681140694,21.796499961055815
diagonal_load,0.001,nn,jFujMp-258-2985-422977-276516-270302-316694-390385,5.2807493,4.732018223447929,343.8142500235699
diagonal_load,0.001,lpc,ainjFp-098-145384-88756-289593-274542-488804-292564,2.8241036,4.7088401451471515,21.699249977245927
diagonal_load,0.001,nn,ainjFp-098-145384-88756-289593-274542-488804-292564,2.9395127,4.710034162636799,392.22284994320944
diagonal_load,0.001,lpc,rllgnp-282-21827-2985-183720-67455-409746-330730,-0.011987235,4.732100621649401,21.622449974529445
diagonal_load,0.001,nn,rllgnp-282-21827-2985-183720-67455-409746-330730,-0.11017225,4.732100646258337,336.1492999829352
diagonal_load,0.001,lpc,ck2Uxp-081-495997-135873-82313-377039-373629-268363,5.189727,4.7320560215958745,21.888399962335825
diagonal_load,0.001,nn,ck2Uxp-081-495997-135873-82313-377039-373629-268363,6.137436,4.732068243094213,347.90809999685735
diagonal_load,0.001,lpc,jhRr0p-088-489070-351855-386883-172725-333766-16976,1.2358485,4.731869837825064,21.90024999435991
diagonal_load,0.001,nn,jhRr0p-088-489070-351855-386883-172725-333766-16976,1.6188889,4.731916753050777,341.79400000721216
diagonal_load,0.001,lpc,oRqMra-058-167772-480197-43889-36331-135873-265166,0.8230218,4.73194673644932,21.84339996892959
diagonal_load,0.001,nn,oRqMra-058-167772-480197-43889-36331-135873-265166,1.7954648,4.732002002516863,373.28509998042136
diagonal_load,0.001,lpc,d4LtRw-656-379354-74769-192385-202921-93885-62534,0.0013292999,4.732100891627304,21.829050092492253
diagonal_load,0.001,nn,d4LtRw-656-379354-74769-192385-202921-93885-62534,-0.05401083,4.732100964079278,340.57939995545894
diagonal_load,0.001,lpc,tXap2p-281-298969-9753-281965-457067-162269-329331,1.6693903,4.726925492851603,21.984399994835258
diagonal_load,0.001,nn,tXap2p-281-298969-9753-281965-457067-162269-329331,2.7546427,4.728762552153659,387.94609997421503
diagonal_load,0.001,lpc,IIhdup-184-282845-322947-195637-315211-10737-386302,3.993498,4.590396688969506,21.738999988883734
diagonal_load,0.001,nn,IIhdup-184-282845-322947-195637-315211-10737-386302,4.0063105,4.590588039247045,342.2450500074774
diagonal_load,0.001,lpc,Q1VJ4p-396-67099-191485-442126-324310-384031-392966,2.0470939,4.732093681490689,22.384700016118586
diagonal_load,0.001,nn,Q1VJ4p-396-67099-191485-442126-324310-384031-392966,0.42698443,4.732096556462183,334.9909999524243
diagonal_load,0.001,lpc,IJqofi-526-68304-236920-183720-152419-94351-316080,0.01922483,4.538832773139662,22.174799989443272
diagonal_load,0.001,nn,IJqofi-526-68304-236920-183720-152419-94351-316080,-0.18207687,4.567994484554047,337.706150021404
diagonal_load,0.001,lpc,MJEnPs-553-484336-261033-237079-274170-257745-343308,0.3064882,4.731692683534799,22.113699989859015
diagonal_load,0.001,nn,MJEnPs-553-484336-261033-237079-274170-257745-343308,0.7879284,4.731802110300952,337.1041999780573
diagonal_load,0.001,lpc,oK9Hxs-550-7708-104867-460359-299323-420765-264795,7.396638,4.730772389064809,21.660200029145926
diagonal_load,0.001,nn,oK9Hxs-550-7708-104867-460359-299323-420765-264795,7.735717,4.731036127885747,344.3879000842571
diagonal_load,0.001,lpc,ItvEYp-187-347380-151331-160943-343502-92870-286732,-0.29053774,4.714940193979156,22.043150034733117
diagonal_load,0.001,nn,ItvEYp-187-347380-151331-160943-343502-92870-286732,0.029090336,4.708892523012645,377.8882000478916
diagonal_load,0.01,lpc,9f3Qjw-657-129013-78427-348770-228203-60643-7188,-0.33217657,4.725938508383511,21.530349971726537
diagonal_load,0.01,nn,9f3Qjw-657-129013-78427-348770-228203-60643-7188,-0.54503846,4.726266813716457,340.9985000034794
diagonal_load,0.01,lpc,i0Ocoe-610-395609-211084-211212-108056-187519-202035,0.685702,4.626142501877569,21.863100002519786
diagonal_load,0.01,nn,i0Ocoe-610-395609-211084-211212-108056-187519-202035,1.9205271,4.650761136737513,337.33965002465993
diagonal_load,0.01,lpc,Th8NDe-613-23535-495997-395609-270487-329331-383770,0.52167404,4.644247453672346,22.153800004161894
diagonal_load,0.01,nn,Th8NDe-613-23535-495997-395609-270487-329331-383770,1.4528296,4.656574294486507,341.72115003457293
diagonal_load,0.01,lpc,ui9aDp-122-292323-379538-386883-287427-306759-88721,0.13467067,4.705639222985701,22.04115001950413
diagonal_load,0.01,nn,ui9aDp-122-292323-379538-386883-287427-306759-88721,-1.1567001,4.7222734497143914,335.98025009268895
diagonal_load,0.01,lpc,DLZvmp-426-78108-128329-469130-165684-261033-84004,3.4100437,4.732082576209649,22.0264500239864
diagonal_load,0.01,nn,DLZvmp-426-78108-128329-469130-165684-261033-84004,-0.09936032,4.73189256909153,349.00955006014556
diagonal_load,0.01,lpc,amZyRf-444-7708-476924-468905-275802-405424-380077,0.3028394,4.71983906498148,22.35835004830733
diagonal_load,0.01,nn,amZyRf-444-7708-476924-468905-275802-405424-380077,-0.5413827,4.724322865929439,396.4810999459587
diagonal_load,0.01,lpc,ofs2Us-561-469223-161307-229618-187519-295308-129107,2.2836127,4.728036422861254,22.142999980133027
diagonal_load,0.01,nn,ofs2Us-561-469223-161307-229618-187519-295308-129107,0.28648016,4.731986716888185,335.9192500356585
diagonal_load,0.01,lpc,nQsrxi-500-35788-354893-151331-437270-461984-276516,-0.0007455799,4.708324227373032,22.283250000327826
diagonal_load,0.01,nn,nQsrxi-500-35788-354893-151331-437270-461984-276516,-0.11187344,4.713296185322671,338.32394995260984
diagonal_load,0.01,lpc,YuwChp-152-8651-147603-379354-29563-62919-345238,1.0354386e-06,4.732100990778953,22.21284998813644
diagonal_load,0.01,nn,YuwChp-152-8651-147603-379354-29563-62919-345238,-0.075121194,4.732100966126728,343.3147000032477
diagonal_load,0.01,lpc,fiBRvp-155-14754-379538-407950-108056-495971-270302,1.0232722,4.730836434927744,21.686649997718632
diagonal_load,0.01,nn,fiBRvp-155-14754-379538-407950-108056-495971-270302,0.38037986,4.7307884190675695,344.5363499922678
diagonal_load,0.01,lpc,rpdA0p-089-193291-347380-224170-426805-310105-489070,2.5536013,4.689728488977218,21.68350003194064
diagonal_load,0.01,nn,rpdA0p-089-193291-347380-224170-426805-310105-489070,2.9821715,4.694001617897318,343.3394000749104
diagonal_load,0.01,lpc,JCRPTw-618-129107-479691-343332-355104-157595-129013,-0.6268635,4.685489908048266,22.364199976436794
diagonal_load,0.01,nn,JCRPTw-618-129107-479691-343332-355104-157595-129013,-0.46893567,4.6867270128682215,399.51264997944236
diagonal_load,0.01,lpc,DfzVIp-175-379354-103913-25062-384031-343308-295308,-0.8074583,4.703394783251837,22.25164999254048
diagonal_load,0.01,nn,DfzVIp-175-379354-103913-25062-384031-343308-295308,-0.8479481,4.708000771663349,343.94915000302717
diagonal_load,0.01,lpc,PBDVAf-465-366971-117533-197606-160943-60681-25579,9.961925,4.7219172043640025,21.790900034829974
diagonal_load,0.01,nn,PBDVAf-465-366971-117533-197606-160943-60681-25579,4.271629,4.6904428182628575,339.02810007566586
diagonal_load,0.01,lpc,BNXFqp-404-184495-450557-10737-129636-497448-379538,-0.5929987,4.6964150220031335,21.87365002464503
diagonal_load,0.01,nn,BNXFqp-404-184495-450557-10737-129636-497448-379538,-0.62976885,4.698134781963233,343.58074999181554
diagonal_load,0.01,lpc,f2JFMw-634-136860-113105-22031-310105-248646-32125,0.101602614,4.729615776688677,22.22710003843531
diagonal_load,0.01,nn,f2JFMw-634-136860-113105-22031-310105-248646-32125,-0.15917951,4.729492652850409,349.1108500165865
diagonal_load,0.01,lpc,cedJli-522-192385-152140-262731-156368-123704-333757,-0.014216259,4.352470603569607,22.702550049871206
diagonal_load,0.01,nn,cedJli-522-192385-152140-262731-156368-123704-333757,0.58847934,4.404108997016069,346.4930999907665
diagonal_load,0.01,lpc,Q4PCSi-506-317415-237079-78108-78427-235375-285778,1.8207724,3.6592220225375813,27.376849961001426
diagonal_load,0.01,nn,Q4PCSi-506-317415-237079-78108-78427-235375-285778,2.6590455,4.554922846718963,382.3133999831043
diagonal_load,0.01,lpc,CrjLKf-468-374393-49022-14754-240504-316080-236920,0.5045938,4.727899930421566,22.7153500309214
diagonal_load,0.01,nn,CrjLKf-468-374393-49022-14754-240504-316080-236920,1.9047382,4.729902852683589,340.4152999864891
diagonal_load,0.01,lpc,m5rDOp-062-377273-156368-185152-188815-186260-486330,6.8930726,4.732101003040315,21.922049985732883
diagonal_load,0.01,nn,m5rDOp-062-377273-156368-185152-188815-186260-486330,7.3604465,4.732101101255562,343.0728000239469
diagonal_load,0.01,lpc,0mk6rp-310-146145-90733-51581-27791-50416-437215,-0.007214455,4.731993257321812,22.48524996684864
diagonal_load,0.01,nn,0mk6rp-310-146145-90733-51581-27791-50416-437215,-0.0067856098,4.731993380298315,345.7571000326425
diagonal_load,0.01,lpc,fS0Vwp-324-274170-461984-129889-218396-366126-128329,7.856588,4.693033866601161,21.658050012774765
diagonal_load,0.01,nn,fS0Vwp-324-274170-461984-129889-218396-366126-128329,10.602065,4.732014775260902,348.24429999571294
diagonal_load,0.01,lpc,0Rve0i-524-469450-332402-376902-283921-64116-240504,0.4731596,4.289538538852362,22.825299995020032
diagonal_load,0.01,nn,0Rve0i-524-469450-332402-376902-283921-64116-240504,0.916709,4.3765758591427595,345.949099981226
diagonal_load,0.01,lpc,fZg66p-070-68221-216978-377273-239730-53784-3467,0.00074286375,4.732101253034459,21.840550005435944
diagonal_load,0.01,nn,fZg66p-070-68221-216978-377273-239730-53784-3467,-8.395444,4.732101252568409,394.40819999435917
diagonal_load,0.01,lpc,Aal0cp-183-209061-91230-492922-2757-317191-461984,3.5313287,4.664521800988366,22.73690002039075
diagonal_load,0.01,nn,Aal0cp-183-209061-91230-492922-2757-317191-461984,3.665334,4.665085587455378,344.8765999637544
diagonal_load,0.01,lpc,m8mjCs-533-485468-283456-486330-442126-2757-12865,-0.748013,4.731288716539332,21.466500067617744
diagonal_load,0.01,nn,m8mjCs-533-485468-283456-486330-442126-2757-12865,-0.33340657,4.731021436298912,340.01560002798215
diagonal_load,0.01,lpc,jM2z5p-212-362995-350336-202035-87506-239730-207508,-2.103528,4.732101252894031,22.504499997012317
diagonal_load,0.01,nn,jM2z5p-212-362995-350336-202035-87506-239730-207508,-0.8241767,4.732101253038046,336.304199998267
diagonal_load,0.01,lpc,Paqf1p-119-254913-443221-90733-163645-32125-188815,2.3103034,4.704606142243275,21.786500001326203
diagonal_load,0.01,nn,Paqf1p-119-254913-443221-90733-163645-32125-188815,0.88743997,4.731686151275197,334.22259998042136
diagonal_load,0.01,lpc,87hwjf-487-426805-60643-437215-160943-182650-407728,0.08497115,4.661882881464008,24.46270000655204
diagonal_load,0.01,nn,87hwjf-487-426805-60643-437215-160943-182650-407728,-0.19107638,4.667313986063577,337.3090499662794
diagonal_load,0.01,lpc,kDEiGp-268-254920-474864-52991-170820-165168-328121,0.0,4.709236463249325,22.090399987064302
diagonal_load,0.01,nn,kDEiGp-268-254920-474864-52991-170820-165168-328121,-7.869406e-05,4.709236406949421,442.17070000013337
diagonal_load,0.01,lpc,Mtnx5i-515-495971-279778-348676-11995-306560-418034,4.659472e-06,4.638163822540543,21.889250027015805
diagonal_load,0.01,nn,Mtnx5i-515-495971-279778-348676-11995-306560-418034,0.02207836,4.638383457703334,345.16939998138696
diagonal_load,0.01,lpc,3EBeof-459-212842-454791-192385-495971-180085-113105,0.03509124,4.704606085593065,21.637049969285727
diagonal_load,0.01,nn,3EBeof-459-212842-454791-192385-495971-180085-113105,0.05481867,4.704833693399301,352.8689999948256
diagonal_load,0.01,lpc,7j8l2a-034-50416-4800-287427-123375-143976-264357,0.21203825,4.682466806914416,21.86390000861138
diagonal_load,0.01,nn,7j8l2a-034-50416-4800-287427-123375-143976-264357,0.87356114,4.686825603816981,339.237249980215
diagonal_load,0.01,lpc,9Mkadp-302-273892-209608-109841-324591-494783-498752,-0.6224472,4.682370056240469,22.188099974300712
diagonal_load,0.01,nn,9Mkadp-302-273892-209608-109841-324591-494783-498752,-0.83741516,4.693843537009872,343.4193499851972
diagonal_load,0.01,lpc,u3JmNp-105-377036-373629-177809-287789-419538-221798,0.44178015,4.725475415427193,22.082250041421503
diagonal_load,0.01,nn,u3JmNp-105-377036-373629-177809-287789-419538-221798,3.5181766,4.728487474455266,340.83930001361296
diagonal_load,0.01,lpc,PiKSIp-112-109021-465867-125189-123174-211212-334242,5.9565535,4.725289168629144,25.313600024674088
diagonal_load,0.01,nn,PiKSIp-112-109021-465867-125189-123174-211212-334242,6.1754694,4.73149251886576,350.1917500398122
diagonal_load,0.01,lpc,9a98Kf-464-298969-472051-292323-179462-78575-496080,0.07474392,4.30319096241668,22.310799977276474
diagonal_load,0.01,nn,9a98Kf-464-298969-472051-292323-179462-78575-496080,0.10846525,4.315809759783017,344.361650000792
diagonal_load,0.01,lpc,vAlA7f-458-390385-16661-177809-112031-325632-365075,1.7595146,4.731789692002424,21.808499994222075
diagonal_load,0.01,nn,vAlA7f-458-390385-16661-177809-112031-325632-365075,1.908876,4.731957389932701,350.89130006963387
diagonal_load,0.01,lpc,U5aQJe-592-437270-129013-295308-406364-103913-497087,3.687849,4.704897931472657,21.85369998915121
diagonal_load,0.01,nn,U5aQJe-592-437270-129013-295308-406364-103913-497087,4.1952934,4.718425651021512,339.84474994940683
diagonal_load,0.01,lpc,HxFzMp-357-24999-343332-90733-489807-316694-345238,6.658291,4.662036153683127,23.043050023261458
diagonal_load,0.01,nn,HxFzMp-357-24999-343332-90733-489807-316694-345238,2.7485137,4.658739809389797,337.2568499762565
diagonal_load,0.01,lpc,9kbanp-261-50416-108056-469001-231167-334074-209061,1.8791585,4.721332544003568,21.982899983413517
diagonal_load,0.01,nn,9kbanp-261-50416-108056-469001-231167-334074-209061,3.875925,4.729676893351579,346.45404998445883
diagonal_load,0.01,lpc,rqqrUf-476-372299-90733-207508-318838-254913-53278,0.0625793,4.730997964297307,22.406000061891973
diagonal_load,0.01,nn,rqqrUf-476-372299-90733-207508-318838-254913-53278,0.11943756,4.7310185810301935,343.64375000586733
diagonal_load,0.01,lpc,ie6iSp-097-407790-253414-334074-464643-167361-80351,3.5294774,4.729311630754357,21.987500018440187
diagonal_load,0.01,nn,ie6iSp-097-407790-253414-334074-464643-167361-80351,3.6662292,4.728377794435177,343.74664997449145
diagonal_load,0.01,lpc,FiS63i-513-129107-287427-185152-454791-121010-285778,-0.00013926874,4.193513593951698,21.705449966248125
diagonal_load,0.01,nn,FiS63i-513-129107-287427-185152-454791-121010-285778,-0.03710197,4.197208671362334,349.2582999751903
diagonal_load,0.01,lpc,BBcZPi-501-456735-480197-495997-497448-326140-134118,-0.00024074617,4.713229025213304,22.002400015480816
diagonal_load,0.01,nn,BBcZPi-501-456735-480197-495997-497448-326140-134118,-0.03946278,4.713429026201236,346.85510001145303
diagonal_load,0.01,lpc,5OQdwp-063-348077-460359-16661-112031-224170-197606,9.025455,4.728411223613458,21.826449956279248
diagonal_load,0.01,nn,5OQdwp-063-348077-460359-16661-112031-224170-197606,4.618057,4.726092992395243,353.16644998965785
diagonal_load,0.01,lpc,riuiap-287-319764-286732-35325-55646-391852-1246,-0.37986216,4.64392193135091,25.348450057208538
diagonal_load,0.01,nn,riuiap-287-319764-286732-35325-55646-391852-1246,-0.28895658,4.641611549099417,344.1714500077069
diagonal_load,0.01,lpc,6TUCvp-352-108130-78807-55646-250174-386302-414547,0.011791088,4.435021475974947,24.156400002539158
diagonal_load,0.01,nn,6TUCvp-352-108130-78807-55646-250174-386302-414547,0.8167888,4.483934022740373,340.31219995813444
diagonal_load,0.01,lpc,KIklei-503-156368-5054-151331-161307-380077-177809,0.023778865,4.38051871563692,21.85789996292442
diagonal_load,0.01,nn,KIklei-503-156368-5054-151331-161307-380077-177809,-0.02319066,4.398607525036846,341.0606500110589
diagonal_load,0.01,lpc,zVlcap-263-274542-472051-376372-248785-476225-35325,-0.2335596,4.732101001522219,22.203100030310452
diagonal_load,0.01,nn,zVlcap-263-274542-472051-376372-248785-476225-35325,-6.687766,4.732101253004926,404.23260000534356
diagonal_load,0.01,lpc,BLAVyp-401-374393-353502-276516-464643-247007-280816,-5.177194e-07,4.712889041586303,22.340400028042495
diagonal_load,0.01,nn,BLAVyp-401-374393-353502-276516-464643-247007-280816,0.00023866206,4.712889312141902,338.78650004044175
diagonal_load,0.01,lpc,5Lu6ui-514-135410-151381-124082-173176-644-324310,-0.03049513,4.587304319549473,21.834350016433746
diagonal_load,0.01,nn,5Lu6ui-514-135410-151381-124082-173176-644-324310,-0.010198093,4.587655775272703,343.3566500316374
diagonal_load,0.01,lpc,lzFhsp-134-377273-280816-60681-369034-268009-11995,1.0357524,4.703202749050261,22.080249967984855
diagonal_load,0.01,nn,lzFhsp-134-377273-280816-60681-369034-268009-11995,1.5465226,4.713592122029293,346.96230007102713
diagonal_load,0.01,lpc,nSu3Cp-366-41411-362672-285778-222370-421926-202035,8.111275,4.724232535894982,26.621149969287217
diagonal_load,0.01,nn,nSu3Cp-366-41411-362672-285778-222370-421926-202035,8.070643,4.7255998260227745,341.5745999664068
diagonal_load,0.01,lpc,cUyODs-564-324456-286869-479691-123056-485468-274323,4.7291303,4.7307424811016485,21.824149996973574
diagonal_load,0.01,nn,cUyODs-564-324456-286869-479691-123056-485468-274323,4.5121756,4.730638349102341,421.9925500219688
diagonal_load,0.01,lpc,TkK5fp-380-229618-476225-311495-339484-11995-7708,2.816134,4.729867664311135,21.696950076147914
diagonal_load,0.01,nn,TkK5fp-380-229618-476225-311495-339484-11995-7708,2.2971687,4.729943368801049,338.39464996708557
diagonal_load,0.01,lpc,AHwsQs-538-108297-304214-140209-237079-426805-448869,-0.59403354,4.7321012088419785,21.995950024574995
diagonal_load,0.01,nn,AHwsQs-538-108297-304214-140209-237079-426805-448869,-0.54899657,4.732101221274494,360.68384995451197
diagonal_load,0.01,lpc,RkoxIi-499-395609-17243-276516-68344-191485-476225,-0.0042017717,4.716568329100478,21.90410002367571
diagonal_load,0.01,nn,RkoxIi-499-395609-17243-276516-68344-191485-476225,0.009274868,4.7167376715713,347.62690000934526
diagonal_load,0.01,lpc,YLEXwp-335-240298-183720-447487-129636-202035-44660,-0.3445688,4.728647044806433,22.265149978920817
diagonal_load,0.01,nn,YLEXwp-335-240298-183720-447487-129636-202035-44660,-0.3569796,4.728709526706952,384.98000003164634
diagonal_load,0.01,lpc,rn9v1e-583-369034-383770-175927-399756-390385-383479,3.8927975,4.670085237028422,22.0871499623172
diagonal_load,0.01,nn,rn9v1e-583-369034-383770-175927-399756-390385-383479,4.3688183,4.709345698063999,342.89595001609996
diagonal_load,0.01,lpc,SSYQ1w-650-275802-13671-144360-112336-104867-157595,0.43460476,4.731873351622243,22.359699942171574
diagonal_load,0.01,nn,SSYQ1w-650-275802-13671-144360-112336-104867-157595,-0.868856,4.73161362999654,342.3177999793552
diagonal_load,0.01,lpc,4fsgkp-253-311495-209061-229618-287427-276516-38459,3.2489047,4.725548094927564,22.07030006684363
diagonal_load,0.01,nn,4fsgkp-253-311495-209061-229618-287427-276516-38459,1.3318443,4.732064561918007,336.1709000309929
diagonal_load,0.01,lpc,44Zbvs-567-179462-358526-13671-355104-116061-343332,0.7083225,4.726937384825158,28.327099978923798
diagonal_load,0.01,nn,44Zbvs-567-179462-358526-13671-355104-116061-343332,1.3458866,4.729211126133162,342.11309999227524
diagonal_load,0.01,lpc,cmHjrf-493-348077-309854-224170-458554-202179-472051,0.7544517,4.6979746635168205,22.148899966850877
diagonal_load,0.01,nn,cmHjrf-493-348077-309854-224170-458554-202179-472051,-1.971944,4.724177590346074,335.4747500270605
diagonal_load,0.01,lpc,zQSXvp-215-498788-407950-152419-25062-51581-3467,3.2344642,4.718746764473009,21.727850020397455
diagonal_load,0.01,nn,zQSXvp-215-498788-407950-152419-25062-51581-3467,1.9501108,4.729362624592717,368.31925000296906
diagonal_load,0.01,lpc,l3Lvae-611-211084-218396-212842-198509-334833-311379,2.6649716,4.668545914990052,21.890449977945536
diagonal_load,0.01,nn,l3Lvae-611-211084-218396-212842-198509-334833-311379,-0.17537263,4.693779419957301,337.9673500894569
diagonal_load,0.01,lpc,LIJKja-026-447487-148409-188815-38506-78427-479691,0.2659018,4.70790663507083,21.993400005158037
diagonal_load,0.01,nn,LIJKja-026-447487-148409-188815-38506-78427-479691,0.7890299,4.711841444006572,343.31894997740164
diagonal_load,0.01,lpc,tztd5w-640-23535-348077-410307-64116-151381-134118,-0.36794004,4.732101250280431,21.893249999266118
diagonal_load,0.01,nn,tztd5w-640-23535-348077-410307-64116-151381-134118,-0.19164449,4.732101250552778,347.1389999613166
diagonal_load,0.01,lpc,TypO9p-362-82313-390793-365346-50416-310105-275395,6.9333405,4.701445525838283,22.296899987850338
diagonal_load,0.01,nn,TypO9p-362-82313-390793-365346-50416-310105-275395,9.475871,4.731169333624662,334.7380500053987
diagonal_load,0.01,lpc,3hvoVa-051-2307-202921-218396-175927-14787-464643,1.5886538,4.666960826682309,29.07340001547709
diagonal_load,0.01,nn,3hvoVa-051-2307-202921-218396-175927-14787-464643,-0.87987787,4.7300800850276,341.5041500120424
diagonal_load,0.01,lpc,9hvMUf-482-498788-113105-17243-63022-21827-338584,-0.025196837,4.6600363613221685,23.608799965586513
diagonal_load,0.01,nn,9hvMUf-482-498788-113105-17243-63022-21827-338584,-0.9210104,4.679149646905675,332.25924998987466
diagonal_load,0.01,lpc,lDN6of-450-91840-427818-353502-327883-210172-489807,0.13998567,4.655872537056032,21.98365004733205
diagonal_load,0.01,nn,lDN6of-450-91840-427818-353502-327883-210172-489807,-0.42165446,4.6688635002135435,350.2017999999225
diagonal_load,0.01,lpc,8b8sWp-275-88756-348733-183720-134118-226233-129107,7.2269177,4.7320986097073,21.919949969742447
diagonal_load,0.01,nn,8b8sWp-275-88756-348733-183720-134118-226233-129107,0.116888724,4.729656743474701,338.5693000163883
diagonal_load,0.01,lpc,noHubp-343-163645-17243-410906-219243-161307-221798,0.74119604,4.643759460294927,22.092550003435463
diagonal_load,0.01,nn,noHubp-343-163645-17243-410906-219243-161307-221798,-0.6304401,4.658282154529173,342.93169993907213
diagonal_load,0.01,lpc,G50hup-092-363552-123056-229618-481410-299323-332402,0.025438562,4.732093893897174,21.945349988527596
diagonal_load,0.01,nn,G50hup-092-363552-123056-229618-481410-299323-332402,-0.64437395,4.7320950719509165,345.24599998258054
diagonal_load,0.01,lpc,FPRIpe-578-474864-126584-425422-304828-148409-10737,0.16721086,4.674331899027674,22.009700012858957
diagonal_load,0.01,nn,FPRIpe-578-474864-126584-425422-304828-148409-10737,4.483269,4.696225334167423,340.19184997305274
diagonal_load,0.01,lpc,1zDUvp-298-108297-119460-56896-348770-68221-98443,4.873284,4.729981312060159,22.09454996045679
diagonal_load,0.01,nn,1zDUvp-298-108297-119460-56896-348770-68221-98443,8.413183,4.732031266775974,383.0399499856867
diagonal_load,0.01,lpc,WVKBPa-017-469001-13769-309009-430207-5054-14754,6.2664537,4.726035953216666,21.86035003978759
diagonal_load,0.01,nn,WVKBPa-017-469001-13769-309009-430207-5054-14754,2.4252992,4.7307649511066305,341.21240000240505
diagonal_load,0.01,lpc,fdXdMp-313-165684-111916-348770-380077-145384-347380,0.013608137,4.732101253042352,22.025200014468282
diagonal_load,0.01,nn,fdXdMp-313-165684-111916-348770-380077-145384-347380,-10.74093,4.732101253042021,338.8816000078805
diagonal_load,0.01,lpc,rkSMcp-349-162269-339484-74769-12865-363552-41411,-0.8449524,4.586863320583388,21.72770001925528
diagonal_load,0.01,nn,rkSMcp-349-162269-339484-74769-12865-363552-41411,-1.3467245,4.639083571692435,349.9339999980293
diagonal_load,0.01,lpc,avuTLe-585-474206-355130-317191-361413-333474-248785,0.08372764,4.6801192952353246,21.71924995491281
diagonal_load,0.01,nn,avuTLe-585-474206-355130-317191-361413-333474-248785,0.24099591,4.684600708847453,377.17709998833016
diagonal_load,0.01,lpc,1Q0zzp-067-496080-227228-300626-311379-247007-1214,8.061399,4.724738100534845,28.438900015316904
diagonal_load,0.01,nn,1Q0zzp-067-496080-227228-300626-311379-247007-1214,6.749381,4.724328181245047,345.8463500137441
diagonal_load,0.01,lpc,k2rvsa-021-181149-117176-94351-2985-340579-209061,0.5375814,4.731206741268942,22.44909998262301
diagonal_load,0.01,nn,k2rvsa-021-181149-117176-94351-2985-340579-209061,0.68839276,4.731451277799481,342.2940999735147
diagonal_load,0.01,lpc,DmpOYi-525-91230-450251-209608-292323-92870-38506,0.24874601,4.540033097518815,30.533700017258525
diagonal_load,0.01,nn,DmpOYi-525-91230-450251-209608-292323-92870-38506,-0.010354295,4.663182580366984,344.0468499902636
diagonal_load,0.01,lpc,cZ9D6w-670-134118-41411-423587-125189-84055-98443,-0.74001265,4.726963802313745,21.782249968964607
diagonal_load,0.01,nn,cZ9D6w-670-134118-41411-423587-125189-84055-98443,-0.7833322,4.727242711135469,346.2292000185698
diagonal_load,0.01,lpc,wD39yw-617-350336-91230-365075-384274-339484-27577,0.7504224,4.547334904452567,21.829700039234012
diagonal_load,0.01,nn,wD39yw-617-350336-91230-365075-384274-339484-27577,0.74641556,4.563585231328298,355.4098000167869
diagonal_load,0.01,lpc,jFujMp-258-2985-422977-276516-270302-316694-390385,6.5203466,4.7320143688298995,21.487949998117983
diagonal_load,0.01,nn,jFujMp-258-2985-422977-276516-270302-316694-390385,5.2099953,4.732020898378602,337.4521999503486
diagonal_load,0.01,lpc,ainjFp-098-145384-88756-289593-274542-488804-292564,2.79125,4.708627632912288,22.028399980627
diagonal_load,0.01,nn,ainjFp-098-145384-88756-289593-274542-488804-292564,2.9081154,4.70979844652916,340.1816999539733
diagonal_load,0.01,lpc,rllgnp-282-21827-2985-183720-67455-409746-330730,-0.0062875915,4.732100619819599,21.94225008133799
diagonal_load,0.01,nn,rllgnp-282-21827-2985-183720-67455-409746-330730,-0.09432394,4.732100640529431,340.25275002932176
diagonal_load,0.01,lpc,ck2Uxp-081-495997-135873-82313-377039-373629-268363,5.163785,4.732056313526197,26.432400045450777
diagonal_load,0.01,nn,ck2Uxp-081-495997-135873-82313-377039-373629-268363,6.1271806,4.73206825837509,342.5676000188105
diagonal_load,0.01,lpc,jhRr0p-088-489070-351855-386883-172725-333766-16976,1.2926446,4.731864147709485,22.019199968781322
diagonal_load,0.01,nn,jhRr0p-088-489070-351855-386883-172725-333766-16976,1.6603065,4.731910418255639,342.45659998850897
diagonal_load,0.01,lpc,oRqMra-058-167772-480197-43889-36331-135873-265166,0.8136829,4.731946314950006,22.23870001034811
diagonal_load,0.01,nn,oRqMra-058-167772-480197-43889-36331-135873-265166,1.7817802,4.732001795120789,353.8882499560714
diagonal_load,0.01,lpc,d4LtRw-656-379354-74769-192385-202921-93885-62534,7.610408e-05,4.732100891555804,22.168249997776
diagonal_load,0.01,nn,d4LtRw-656-379354-74769-192385-202921-93885-62534,-0.027391497,4.732100964383145,361.57140001887456
diagonal_load,0.01,lpc,tXap2p-281-298969-9753-281965-457067-162269-329331,1.5823108,4.726884596766796,32.327800057828426
diagonal_load,0.01,nn,tXap2p-281-298969-9753-281965-457067-162269-329331,2.56135,4.728615596954784,417.34429995995015
diagonal_load,0.01,lpc,IIhdup-184-282845-322947-195637-315211-10737-386302,3.9998436,4.59045431415773,32.24540001247078
diagonal_load,0.01,nn,IIhdup-184-282845-322947-195637-315211-10737-386302,4.038626,4.590765894027557,428.9600499905646
diagonal_load,0.01,lpc,Q1VJ4p-396-67099-191485-442126-324310-384031-392966,2.3999767,4.732094542731244,21.97069994872436
diagonal_load,0.01,nn,Q1VJ4p-396-67099-191485-442126-324310-384031-392966,0.42986974,4.732096733500997,343.06844999082386
diagonal_load,0.01,lpc,IJqofi-526-68304-236920-183720-152419-94351-316080,0.019091846,4.538800427964041,21.75430004717782
diagonal_load,0.01,nn,IJqofi-526-68304-236920-183720-152419-94351-316080,-0.18011808,4.568133009989798,343.2281499844976
diagonal_load,0.01,lpc,MJEnPs-553-484336-261033-237079-274170-257745-343308,0.3079121,4.731689874666545,21.922949992585927
diagonal_load,0.01,nn,MJEnPs-553-484336-261033-237079-274170-257745-343308,0.83770204,4.731794486328015,341.41579997958615
diagonal_load,0.01,lpc,oK9Hxs-550-7708-104867-460359-299323-420765-264795,7.3346615,4.730741600202812,21.863650006707758
diagonal_load,0.01,nn,oK9Hxs-550-7708-104867-460359-299323-420765-264795,7.649168,4.7309925563029775,344.4634999614209
diagonal_load,0.01,lpc,ItvEYp-187-347380-151331-160943-343502-92870-286732,-0.29376966,4.715053282449922,25.958949991036206
diagonal_load,0.01,nn,ItvEYp-187-347380-151331-160943-343502-92870-286732,0.02353274,4.709005370372084,367.4369999789633
diagonal_load,0.1,lpc,9f3Qjw-657-129013-78427-348770-228203-60643-7188,-0.32445845,4.725910300138523,21.7714500031434
diagonal_load,0.1,nn,9f3Qjw-657-129013-78427-348770-228203-60643-7188,-0.53603524,4.726225342795109,384.16210003197193
diagonal_load,0.1,lpc,i0Ocoe-610-395609-211084-211212-108056-187519-202035,0.640122,4.625990774458101,22.455399972386658
diagonal_load,0.1,nn,i0Ocoe-610-395609-211084-211212-108056-187519-202035,1.9014968,4.646886409898661,340.95639997394755
diagonal_load,0.1,lpc,Th8NDe-613-23535-495997-395609-270487-329331-383770,0.5179489,4.644428852790268,23.414249997586012
diagonal_load,0.1,nn,Th8NDe-613-23535-495997-395609-270487-329331-383770,1.5292091,4.656862645177254,345.32050002599135
diagonal_load,0.1,lpc,ui9aDp-122-292323-379538-386883-287427-306759-88721,0.13292769,4.7057580621585675,21.80320001207292
diagonal_load,0.1,nn,ui9aDp-122-292323-379538-386883-287427-306759-88721,-1.1629407,4.722362683100718,341.50524996221066
diagonal_load,0.1,lpc,DLZvmp-426-78108-128329-469130-165684-261033-84004,3.2851598,4.732080326251404,22.258799988776445
diagonal_load,0.1,nn,DLZvmp-426-78108-128329-469130-165684-261033-84004,-0.10613969,4.731891445358799,339.66524997958913
diagonal_load,0.1,lpc,amZyRf-444-7708-476924-468905-275802-405424-380077,0.33504397,4.719243494011874,22.416899970266968
diagonal_load,0.1,nn,amZyRf-444-7708-476924-468905-275802-405424-380077,-0.4368064,4.723441101238194,335.87685000384226
diagonal_load,0.1,lpc,ofs2Us-561-469223-161307-229618-187519-295308-129107,2.2599185,4.727884148404607,22.53660006681457
diagonal_load,0.1,nn,ofs2Us-561-469223-161307-229618-187519-295308-129107,0.7200855,4.732089832165617,400.4580500186421
diagonal_load,0.1,lpc,nQsrxi-500-35788-354893-151331-437270-461984-276516,-0.0008336082,4.708328256484671,22.23654999397695
diagonal_load,0.1,nn,nQsrxi-500-35788-354893-151331-437270-461984-276516,-0.09390783,4.712886550123719,345.97975003998727
diagonal_load,0.1,lpc,YuwChp-152-8651-147603-379354-29563-62919-345238,0.0,4.732100990778958,21.87664998928085
diagonal_load,0.1,nn,YuwChp-152-8651-147603-379354-29563-62919-345238,-0.07543094,4.732100966123099,347.9133000364527
diagonal_load,0.1,lpc,fiBRvp-155-14754-379538-407950-108056-495971-270302,1.1188127,4.730855307374123,21.964750019833446
diagonal_load,0.1,nn,fiBRvp-155-14754-379538-407950-108056-495971-270302,0.50050664,4.730794019125577,348.5589500050992
diagonal_load,0.1,lpc,rpdA0p-089-193291-347380-224170-426805-310105-489070,2.5093725,4.690548748277328,21.974500035867095
diagonal_load,0.1,nn,rpdA0p-089-193291-347380-224170-426805-310105-489070,2.9941745,4.694799052357073,341.38810000149533
diagonal_load,0.1,lpc,JCRPTw-618-129107-479691-343332-355104-157595-129013,-0.6393418,4.685605311040577,21.678549994248897
diagonal_load,0.1,nn,JCRPTw-618-129107-479691-343332-355104-157595-129013,-0.4798679,4.687159815279475,344.41209997748956
diagonal_load,0.1,lpc,DfzVIp-175-379354-103913-25062-384031-343308-295308,-0.8460827,4.704025220804466,22.641399991698563
diagonal_load,0.1,nn,DfzVIp-175-379354-103913-25062-384031-343308-295308,-0.8700324,4.708682626921918,356.15429998142645
diagonal_load,0.1,lpc,PBDVAf-465-366971-117533-197606-160943-60681-25579,9.848567,4.7213902325489965,21.42840001033619
diagonal_load,0.1,nn,PBDVAf-465-366971-117533-197606-160943-60681-25579,4.174815,4.690090877938131,354.9138499656692
diagonal_load,0.1,lpc,BNXFqp-404-184495-450557-10737-129636-497448-379538,-0.65085644,4.697195460638465,22.951350081712008
diagonal_load,0.1,nn,BNXFqp-404-184495-450557-10737-129636-497448-379538,-0.68904155,4.698684345159778,354.37414998887107
diagonal_load,0.1,lpc,f2JFMw-634-136860-113105-22031-310105-248646-32125,0.16105266,4.729575575707628,22.257849981542677
diagonal_load,0.1,nn,f2JFMw-634-136860-113105-22031-310105-248646-32125,-0.10362703,4.7294460440885615,335.5866000056267
diagonal_load,0.1,lpc,cedJli-522-192385-152140-262731-156368-123704-333757,-0.014294173,4.352577800077222,21.96535002440214
diagonal_load,0.1,nn,cedJli-522-192385-152140-262731-156368-123704-333757,0.5758285,4.403178734428819,349.1043500835076
diagonal_load,0.1,lpc,Q4PCSi-506-317415-237079-78108-78427-235375-285778,1.5187888,3.645247437501423,21.687300002668053
diagonal_load,0.1,nn,Q4PCSi-506-317415-237079-78108-78427-235375-285778,2.4877658,4.439929483871811,355.2600999828428
diagonal_load,0.1,lpc,CrjLKf-468-374393-49022-14754-240504-316080-236920,0.46547505,4.727816786115138,21.80789998965338
diagonal_load,0.1,nn,CrjLKf-468-374393-49022-14754-240504-316080-236920,1.6968989,4.729625732126873,344.9924500309862
diagonal_load,0.1,lpc,m5rDOp-062-377273-156368-185152-188815-186260-486330,6.6358414,4.732100933326973,21.725500002503395
diagonal_load,0.1,nn,m5rDOp-062-377273-156368-185152-188815-186260-486330,7.235611,4.732101026929991,341.751049971208
diagonal_load,0.1,lpc,0mk6rp-310-146145-90733-51581-27791-50416-437215,-0.007886846,4.731993282585241,22.25660003023222
diagonal_load,0.1,nn,0mk6rp-310-146145-90733-51581-27791-50416-437215,-0.0121448,4.7319933596027735,342.63234998798
diagonal_load,0.1,lpc,fS0Vwp-324-274170-461984-129889-218396-366126-128329,7.6839595,4.6900570087939375,21.386400039773434
diagonal_load,0.1,nn,fS0Vwp-324-274170-461984-129889-218396-366126-128329,10.753086,4.731663144273755,321.7174999881536
diagonal_load,0.1,lpc,0Rve0i-524-469450-332402-376902-283921-64116-240504,0.4070693,4.2869193936252135,21.619900013320148
diagonal_load,0.1,nn,0Rve0i-524-469450-332402-376902-283921-64116-240504,0.8245683,4.354417295758582,321.7754000215791
diagonal_load,0.1,lpc,fZg66p-070-68221-216978-377273-239730-53784-3467,7.4550946e-05,4.7321012530344415,21.448049985338002
diagonal_load,0.1,nn,fZg66p-070-68221-216978-377273-239730-53784-3467,-8.38122,4.7321012525712,329.13734996691346
diagonal_load,0.1,lpc,Aal0cp-183-209061-91230-492922-2757-317191-461984,3.5437307,4.664043884925089,21.079849975649267
diagonal_load,0.1,nn,Aal0cp-183-209061-91230-492922-2757-317191-461984,3.6834657,4.6643354419222565,316.52675004443154
diagonal_load,0.1,lpc,m8mjCs-533-485468-283456-486330-442126-2757-12865,-0.80827427,4.73138195561178,21.225650038104504
diagonal_load,0.1,nn,m8mjCs-533-485468-283456-486330-442126-2757-12865,-0.40003744,4.731131889412365,328.4952499670908
diagonal_load,0.1,lpc,jM2z5p-212-362995-350336-202035-87506-239730-207508,-2.4078276,4.732101252878449,21.14045002963394
diagonal_load,0.1,nn,jM2z5p-212-362995-350336-202035-87506-239730-207508,-0.7747651,4.732101253042362,312.5658500357531
diagonal_load,0.1,lpc,Paqf1p-119-254913-443221-90733-163645-32125-188815,2.3909013,4.700782011258623,25.877100008074194
diagonal_load,0.1,nn,Paqf1p-119-254913-443221-90733-163645-32125-188815,1.0620917,4.730514416524109,310.0994000560604
diagonal_load,0.1,lpc,87hwjf-487-426805-60643-437215-160943-182650-407728,0.066191316,4.661859243982505,21.334950055461377
diagonal_load,0.1,nn,87hwjf-487-426805-60643-437215-160943-182650-407728,-0.1802395,4.667289692866348,313.665849971585
diagonal_load,0.1,lpc,kDEiGp-268-254920-474864-52991-170820-165168-328121,0.0,4.7092364632493595,21.402050042524934
diagonal_load,0.1,nn,kDEiGp-268-254920-474864-52991-170820-165168-328121,-8.024725e-05,4.709236407929092,315.2062500012107
diagonal_load,0.1,lpc,Mtnx5i-515-495971-279778-348676-11995-306560-418034,0.00011803841,4.63816386155313,21.188699989579618
diagonal_load,0.1,nn,Mtnx5i-515-495971-279778-348676-11995-306560-418034,0.023761358,4.638358750852529,308.7510499753989
diagonal_load,0.1,lpc,3EBeof-459-212842-454791-192385-495971-180085-113105,0.033248734,4.704555090809475,23.862399975769222
diagonal_load,0.1,nn,3EBeof-459-212842-454791-192385-495971-180085-113105,0.050686,4.704774301950232,316.02245004614815
diagonal_load,0.1,lpc,7j8l2a-034-50416-4800-287427-123375-143976-264357,0.22046515,4.6823864724155,21.18829998653382
diagonal_load,0.1,nn,7j8l2a-034-50416-4800-287427-123375-143976-264357,0.87011844,4.686782561000927,307.441100012511
diagonal_load,0.1,lpc,9Mkadp-302-273892-209608-109841-324591-494783-498752,-0.60968983,4.682260059161164,21.492150030098855
diagonal_load,0.1,nn,9Mkadp-302-273892-209608-109841-324591-494783-498752,-0.86801285,4.694341335076378,314.47155005298555
diagonal_load,0.1,lpc,u3JmNp-105-377036-373629-177809-287789-419538-221798,0.3221081,4.725360120075816,21.245699957944453
diagonal_load,0.1,nn,u3JmNp-105-377036-373629-177809-287789-419538-221798,3.0500314,4.727718402821912,317.76199996238574
diagonal_load,0.1,lpc,PiKSIp-112-109021-465867-125189-123174-211212-334242,5.2116795,4.724583823194882,21.079849975649267
diagonal_load,0.1,nn,PiKSIp-112-109021-465867-125189-123174-211212-334242,5.5665774,4.731921873756033,313.3097999962047
diagonal_load,0.1,lpc,9a98Kf-464-298969-472051-292323-179462-78575-496080,0.07142624,4.302613819938706,20.944150048308074
diagonal_load,0.1,nn,9a98Kf-464-298969-472051-292323-179462-78575-496080,0.10197635,4.314222126481063,314.113250002265
diagonal_load,0.1,lpc,vAlA7f-458-390385-16661-177809-112031-325632-365075,1.7432969,4.7317852441708705,21.19195001432672
diagonal_load,0.1,nn,vAlA7f-458-390385-16661-177809-112031-325632-365075,1.9322337,4.731943719360837,316.6396500309929
diagonal_load,0.1,lpc,U5aQJe-592-437270-129013-295308-406364-103913-497087,3.6065679,4.704463757782419,26.214150013402104
diagonal_load,0.1,nn,U5aQJe-592-437270-129013-295308-406364-103913-497087,4.1385765,4.717579881473336,322.56739999866113
diagonal_load,0.1,lpc,HxFzMp-357-24999-343332-90733-489807-316694-345238,6.482073,4.659573926697405,21.22335002059117
diagonal_load,0.1,nn,HxFzMp-357-24999-343332-90733-489807-316694-345238,2.7774487,4.655841184421602,315.09585003368556
diagonal_load,0.1,lpc,9kbanp-261-50416-108056-469001-231167-334074-209061,1.4752226,4.720606327505093,25.739650009199977
diagonal_load,0.1,nn,9kbanp-261-50416-108056-469001-231167-334074-209061,3.2039273,4.727476697616896,310.3951499797404
diagonal_load,0.1,lpc,rqqrUf-476-372299-90733-207508-318838-254913-53278,0.040999755,4.730989237491789,21.101600024849176
diagonal_load,0.1,nn,rqqrUf-476-372299-90733-207508-318838-254913-53278,0.074133724,4.73101165991228,314.3697500345297
diagonal_load,0.1,lpc,ie6iSp-097-407790-253414-334074-464643-167361-80351,3.578913,4.729280056203661,21.621249965392053
diagonal_load,0.1,nn,ie6iSp-097-407790-253414-334074-464643-167361-80351,3.7039492,4.728370466295676,324.7667000396177
diagonal_load,0.1,lpc,FiS63i-513-129107-287427-185152-454791-121010-285778,-2.9768966e-05,4.193475554541102,22.98399998107925
diagonal_load,0.1,nn,FiS63i-513-129107-287427-185152-454791-121010-285778,-0.039964095,4.19671543089464,342.28759998222813
diagonal_load,0.1,lpc,BBcZPi-501-456735-480197-495997-497448-326140-134118,-0.00030753616,4.7132292081257,21.381300000939518
diagonal_load,0.1,nn,BBcZPi-501-456735-480197-495997-497448-326140-134118,-0.029318303,4.7133961318314315,309.38450002577156
diagonal_load,0.1,lpc,5OQdwp-063-348077-460359-16661-112031-224170-197606,9.236985,4.728387517310976,21.155450027436018
diagonal_load,0.1,nn,5OQdwp-063-348077-460359-16661-112031-224170-197606,4.702693,4.726156789809744,309.46884996956214
diagonal_load,0.1,lpc,riuiap-287-319764-286732-35325-55646-391852-1246,-0.37003902,4.643771614300533,21.157799987122416
diagonal_load,0.1,nn,riuiap-287-319764-286732-35325-55646-391852-1246,-0.3035865,4.642871293596135,323.06234998395666
diagonal_load,0.1,lpc,6TUCvp-352-108130-78807-55646-250174-386302-414547,0.025534809,4.435312493571871,21.2946500396356
diagonal_load,0.1,nn,6TUCvp-352-108130-78807-55646-250174-386302-414547,0.81033635,4.485521742249945,318.2738499599509
diagonal_load,0.1,lpc,KIklei-503-156368-5054-151331-161307-380077-177809,0.02815222,4.380175221899298,21.06355002615601
diagonal_load,0.1,nn,KIklei-503-156368-5054-151331-161307-380077-177809,-0.012739031,4.395890878202447,308.5971500258893
diagonal_load,0.1,lpc,zVlcap-263-274542-472051-376372-248785-476225-35325,-0.22756046,4.732101000331172,21.391650079749525
diagonal_load,0.1,nn,zVlcap-263-274542-472051-376372-248785-476225-35325,-6.517209,4.732101252620458,315.99459995049983
diagonal_load,0.1,lpc,BLAVyp-401-374393-353502-276516-464643-247007-280816,-5.177194e-07,4.71288903826519,21.282200003042817
diagonal_load,0.1,nn,BLAVyp-401-374393-353502-276516-464643-247007-280816,0.00024383896,4.712889278639455,364.9487500078976
diagonal_load,0.1,lpc,5Lu6ui-514-135410-151381-124082-173176-644-324310,-0.031454552,4.5873003143556845,21.157899987883866
diagonal_load,0.1,nn,5Lu6ui-514-135410-151381-124082-173176-644-324310,-0.029860672,4.587662665360841,304.1220500599593
diagonal_load,0.1,lpc,lzFhsp-134-377273-280816-60681-369034-268009-11995,0.82310194,4.701597638432217,21.159149997401983
diagonal_load,0.1,nn,lzFhsp-134-377273-280816-60681-369034-268009-11995,1.4967248,4.709577564096286,307.8732999856584
diagonal_load,0.1,lpc,nSu3Cp-366-41411-362672-285778-222370-421926-202035,8.018251,4.724084437076543,24.599700001999736
diagonal_load,0.1,nn,nSu3Cp-366-41411-362672-285778-222370-421926-202035,7.6466436,4.725119637468239,319.8833499918692
diagonal_load,0.1,lpc,cUyODs-564-324456-286869-479691-123056-485468-274323,4.719322,4.730819178491325,21.161200013011694
diagonal_load,0.1,nn,cUyODs-564-324456-286869-479691-123056-485468-274323,4.525763,4.730704096149099,317.5303499447182
diagonal_load,0.1,lpc,TkK5fp-380-229618-476225-311495-339484-11995-7708,2.4107733,4.7297345206649535,20.917049958370626
diagonal_load,0.1,nn,TkK5fp-380-229618-476225-311495-339484-11995-7708,1.9693885,4.729815736995192,314.1182999825105
diagonal_load,0.1,lpc,AHwsQs-538-108297-304214-140209-237079-426805-448869,-0.54061776,4.732101207645604,21.639599988702685
diagonal_load,0.1,nn,AHwsQs-538-108297-304214-140209-237079-426805-448869,-0.4653558,4.732101219347022,342.82324998639524
diagonal_load,0.1,lpc,RkoxIi-499-395609-17243-276516-68344-191485-476225,-0.004058227,4.716567125234169,21.304249996319413
diagonal_load,0.1,nn,RkoxIi-499-395609-17243-276516-68344-191485-476225,0.009448447,4.7167339671803195,308.87730000540614
diagonal_load,0.1,lpc,YLEXwp-335-240298-183720-447487-129636-202035-44660,-0.32299817,4.728618826140342,21.202150033786893
diagonal_load,0.1,nn,YLEXwp-335-240298-183720-447487-129636-202035-44660,-0.33654356,4.728674153925022,305.5058500613086
diagonal_load,0.1,lpc,rn9v1e-583-369034-383770-175927-399756-390385-383479,3.9830894,4.667393696110986,21.297749946825206
diagonal_load,0.1,nn,rn9v1e-583-369034-383770-175927-399756-390385-383479,4.6351633,4.705589984468879,319.7696499992162
diagonal_load,0.1,lpc,SSYQ1w-650-275802-13671-144360-112336-104867-157595,0.47016397,4.73188277806081,27.300150017254055
diagonal_load,0.1,nn,SSYQ1w-650-275802-13671-144360-112336-104867-157595,-0.895783,4.7315389171228786,362.7457500551827
diagonal_load,0.1,lpc,4fsgkp-253-311495-209061-229618-287427-276516-38459,2.9099903,4.725006579315631,21.146500075701624
diagonal_load,0.1,nn,4fsgkp-253-311495-209061-229618-287427-276516-38459,2.377454,4.730295249731718,305.10644998867065
diagonal_load,0.1,lpc,44Zbvs-567-179462-358526-13671-355104-116061-343332,0.640142,4.72692590048164,21.28534996882081
diagonal_load,0.1,nn,44Zbvs-567-179462-358526-13671-355104-116061-343332,1.4820498,4.728888146667272,322.46304996078834
diagonal_load,0.1,lpc,cmHjrf-493-348077-309854-224170-458554-202179-472051,0.8064399,4.697790455171088,26.693399995565414
diagonal_load,0.1,nn,cmHjrf-493-348077-309854-224170-458554-202179-472051,-2.0502641,4.724887352937886,311.9838499696925
diagonal_load,0.1,lpc,zQSXvp-215-498788-407950-152419-25062-51581-3467,3.32617,4.717906825884837,21.633399999700487
diagonal_load,0.1,nn,zQSXvp-215-498788-407950-152419-25062-51581-3467,2.2149196,4.7282993427490485,307.3711999459192
diagonal_load,0.1,lpc,l3Lvae-611-211084-218396-212842-198509-334833-311379,2.617056,4.66746684559198,21.186600031796843
diagonal_load,0.1,nn,l3Lvae-611-211084-218396-212842-198509-334833-311379,0.14778186,4.69951281530855,359.106799995061
diagonal_load,0.1,lpc,LIJKja-026-447487-148409-188815-38506-78427-479691,0.25649843,4.7078875690673385,21.935350028797984
diagonal_load,0.1,nn,LIJKja-026-447487-148409-188815-38506-78427-479691,0.7940236,4.711896440000196,304.6254999935627
diagonal_load,0.1,lpc,tztd5w-640-23535-348077-410307-64116-151381-134118,-0.21785064,4.73210125015814,21.58634999068454
diagonal_load,0.1,nn,tztd5w-640-23535-348077-410307-64116-151381-134118,-0.13746949,4.732101250634788,306.5562999690883
diagonal_load,0.1,lpc,TypO9p-362-82313-390793-365346-50416-310105-275395,6.898298,4.700465753085885,21.55300002777949
diagonal_load,0.1,nn,TypO9p-362-82313-390793-365346-50416-310105-275395,9.962669,4.728483833386944,306.6495500388555
diagonal_load,0.1,lpc,3hvoVa-051-2307-202921-218396-175927-14787-464643,1.6030604,4.6672084807152165,21.040000021457672
diagonal_load,0.1,nn,3hvoVa-051-2307-202921-218396-175927-14787-464643,-0.9238802,4.730529605042987,335.8172000735067
diagonal_load,0.1,lpc,9hvMUf-482-498788-113105-17243-63022-21827-338584,-0.024184395,4.660036423558586,21.17434999672696
diagonal_load,0.1,nn,9hvMUf-482-498788-113105-17243-63022-21827-338584,-0.87305933,4.677824457180256,310.4324499727227
diagonal_load,0.1,lpc,lDN6of-450-91840-427818-353502-327883-210172-489807,0.13583043,4.655861230214375,23.104249965399504
diagonal_load,0.1,nn,lDN6of-450-91840-427818-353502-327883-210172-489807,-0.4201275,4.668800037939004,308.02855000365525
diagonal_load,0.1,lpc,8b8sWp-275-88756-348733-183720-134118-226233-129107,7.8110785,4.732100357689985,27.935349964536726
diagonal_load,0.1,nn,8b8sWp-275-88756-348733-183720-134118-226233-129107,0.84069484,4.730119502076076,310.99104997701943
diagonal_load,0.1,lpc,noHubp-343-163645-17243-410906-219243-161307-221798,0.6849057,4.6435883065046575,21.177600021474063
diagonal_load,0.1,nn,noHubp-343-163645-17243-410906-219243-161307-221798,-0.71657765,4.658440707073657,307.211350009311
diagonal_load,0.1,lpc,G50hup-092-363552-123056-229618-481410-299323-332402,0.0034725084,4.732093878284887,21.264249982777983
diagonal_load,0.1,nn,G50hup-092-363552-123056-229618-481410-299323-332402,-0.266042,4.732094216636211,309.3261499889195
diagonal_load,0.1,lpc,FPRIpe-578-474864-126584-425422-304828-148409-10737,0.19678068,4.671666187122085,21.405300067272037
diagonal_load,0.1,nn,FPRIpe-578-474864-126584-425422-304828-148409-10737,4.013439,4.689468258264231,310.72670000139624
diagonal_load,0.1,lpc,1zDUvp-298-108297-119460-56896-348770-68221-98443,4.6595235,4.729749223202213,21.423399972263724
diagonal_load,0.1,nn,1zDUvp-298-108297-119460-56896-348770-68221-98443,7.8144655,4.731843690386416,310.18844997743145
diagonal_load,0.1,lpc,WVKBPa-017-469001-13769-309009-430207-5054-14754,6.2796307,4.7261196167112605,20.905899989884347
diagonal_load,0.1,nn,WVKBPa-017-469001-13769-309009-430207-5054-14754,2.5522933,4.730464789245033,308.4051500190981
diagonal_load,0.1,lpc,fdXdMp-313-165684-111916-348770-380077-145384-347380,0.000105613464,4.732101253042358,25.849799974821508
diagonal_load,0.1,nn,fdXdMp-313-165684-111916-348770-380077-145384-347380,-9.954073,4.732101253042128,312.012100010179
diagonal_load,0.1,lpc,rkSMcp-349-162269-339484-74769-12865-363552-41411,-0.8182981,4.585756174440229,21.153300011064857
diagonal_load,0.1,nn,rkSMcp-349-162269-339484-74769-12865-363552-41411,-1.2980599,4.636363716212122,307.4046999681741
diagonal_load,0.1,lpc,avuTLe-585-474206-355130-317191-361413-333474-248785,0.07609836,4.679927255802877,21.153799956664443
diagonal_load,0.1,nn,avuTLe-585-474206-355130-317191-361413-333474-248785,0.23253812,4.684260475606381,303.0979000031948
diagonal_load,0.1,lpc,1Q0zzp-067-496080-227228-300626-311379-247007-1214,8.121037,4.724798474712824,21.75890002399683
diagonal_load,0.1,nn,1Q0zzp-067-496080-227228-300626-311379-247007-1214,7.007867,4.724414851800795,316.1889499751851
diagonal_load,0.1,lpc,k2rvsa-021-181149-117176-94351-2985-340579-209061,0.5298071,4.731196091395728,21.065450040623546
diagonal_load,0.1,nn,k2rvsa-021-181149-117176-94351-2985-340579-209061,0.6732935,4.7314360483285185,348.4574000467546
diagonal_load,0.1,lpc,DmpOYi-525-91230-450251-209608-292323-92870-38506,0.1963982,4.538952448429777,21.054949960671365
diagonal_load,0.1,nn,DmpOYi-525-91230-450251-209608-292323-92870-38506,0.2040593,4.625086372337446,313.35700006457046
diagonal_load,0.1,lpc,cZ9D6w-670-134118-41411-423587-125189-84055-98443,-0.74649477,4.726981303245241,21.61080000223592
diagonal_load,0.1,nn,cZ9D6w-670-134118-41411-423587-125189-84055-98443,-0.7932035,4.727265445302455,308.63954999949783
diagonal_load,0.1,lpc,wD39yw-617-350336-91230-365075-384274-339484-27577,0.7670439,4.548022655406992,20.602400007192045
diagonal_load,0.1,nn,wD39yw-617-350336-91230-365075-384274-339484-27577,0.7676405,4.563814832362702,319.957549974788
diagonal_load,0.1,lpc,jFujMp-258-2985-422977-276516-270302-316694-390385,6.5588145,4.7320078622908195,21.348899987060577
diagonal_load,0.1,nn,jFujMp-258-2985-422977-276516-270302-316694-390385,5.1971908,4.73200819531114,308.2548000384122
diagonal_load,0.1,lpc,ainjFp-098-145384-88756-289593-274542-488804-292564,2.6147985,4.707066062603468,22.19899999909103
diagonal_load,0.1,nn,ainjFp-098-145384-88756-289593-274542-488804-292564,2.7113674,4.708027377112146,314.3660500063561
diagonal_load,0.1,lpc,rllgnp-282-21827-2985-183720-67455-409746-330730,-0.0002505834,4.732100617569948,21.189749997574836
diagonal_load,0.1,nn,rllgnp-282-21827-2985-183720-67455-409746-330730,-0.048754733,4.73210062763081,308.074000000488
diagonal_load,0.1,lpc,ck2Uxp-081-495997-135873-82313-377039-373629-268363,5.0228333,4.732056060463844,21.211849991232157
diagonal_load,0.1,nn,ck2Uxp-081-495997-135873-82313-377039-373629-268363,6.0431046,4.732067340989403,315.6145499669947
diagonal_load,0.1,lpc,jhRr0p-088-489070-351855-386883-172725-333766-16976,1.4420953,4.731851316781487,20.95750003354624
diagonal_load,0.1,nn,jhRr0p-088-489070-351855-386883-172725-333766-16976,1.7731189,4.731892868771638,317.8241500281729
diagonal_load,0.1,lpc,oRqMra-058-167772-480197-43889-36331-135873-265166,0.78991175,4.731945984894503,21.485849982127547
diagonal_load,0.1,nn,oRqMra-058-167772-480197-43889-36331-135873-265166,1.7032622,4.732005118503227,316.26295001478866
diagonal_load,0.1,lpc,d4LtRw-656-379354-74769-192385-202921-93885-62534,2.5368174e-05,4.732100891547828,22.715100087225437
diagonal_load,0.1,nn,d4LtRw-656-379354-74769-192385-202921-93885-62534,0.006437726,4.732100963751375,309.9492499604821
diagonal_load,0.1,lpc,tXap2p-281-298969-9753-281965-457067-162269-329331,1.3094974,4.726765512528038,21.268449956551194
diagonal_load,0.1,nn,tXap2p-281-298969-9753-281965-457067-162269-329331,2.0899575,4.728261264407928,312.7838500076905
diagonal_load,0.1,lpc,IIhdup-184-282845-322947-195637-315211-10737-386302,4.007494,4.590356757312838,20.95385000575334
diagonal_load,0.1,nn,IIhdup-184-282845-322947-195637-315211-10737-386302,4.055964,4.58990920396919,309.749300009571
diagonal_load,0.1,lpc,Q1VJ4p-396-67099-191485-442126-324310-384031-392966,2.576037,4.732095094889271,21.351350005716085
diagonal_load,0.1,nn,Q1VJ4p-396-67099-191485-442126-324310-384031-392966,0.40700284,4.732097046079128,307.3259000084363
diagonal_load,0.1,lpc,IJqofi-526-68304-236920-183720-152419-94351-316080,0.01810929,4.5386350265023925,25.452099973335862
diagonal_load,0.1,nn,IJqofi-526-68304-236920-183720-152419-94351-316080,-0.17112939,4.569508467901743,316.39615003950894
diagonal_load,0.1,lpc,MJEnPs-553-484336-261033-237079-274170-257745-343308,0.3061741,4.73168394327946,21.129800006747246
diagonal_load,0.1,nn,MJEnPs-553-484336-261033-237079-274170-257745-343308,0.89345074,4.731782891719989,310.260450001806
diagonal_load,0.1,lpc,oK9Hxs-550-7708-104867-460359-299323-420765-264795,7.109309,4.730655206096424,20.969700010027736
diagonal_load,0.1,nn,oK9Hxs-550-7708-104867-460359-299323-420765-264795,7.1765804,4.730794013116736,312.6162499538623
diagonal_load,0.1,lpc,ItvEYp-187-347380-151331-160943-343502-92870-286732,-0.30904233,4.715211719763007,21.788200014270842
diagonal_load,0.1,nn,ItvEYp-187-347380-151331-160943-343502-92870-286732,0.015788112,4.709198146665512,307.8408500296064
diagonal_load,1.0,lpc,9f3Qjw-657-129013-78427-348770-228203-60643-7188,-0.3334616,4.725899546134358,21.284749964252114
diagonal_load,1.0,nn,9f3Qjw-657-129013-78427-348770-228203-60643-7188,-0.55343723,4.726219922865033,307.12854996090755
diagonal_load,1.0,lpc,i0Ocoe-610-395609-211084-211212-108056-187519-202035,0.60024047,4.6251809010653755,21.206800010986626
diagonal_load,1.0,nn,i0Ocoe-610-395609-211084-211212-108056-187519-202035,1.7707671,4.642095613112967,320.31265005934983
diagonal_load,1.0,lpc,Th8NDe-613-23535-495997-395609-270487-329331-383770,0.5320437,4.645067925244854,21.475649962667376
diagonal_load,1.0,nn,Th8NDe-613-23535-495997-395609-270487-329331-383770,1.7119784,4.658516354250197,312.1790999430232
diagonal_load,1.0,lpc,ui9aDp-122-292323-379538-386883-287427-306759-88721,0.12205336,4.705851243052946,21.02345001185313
diagonal_load,1.0,nn,ui9aDp-122-292323-379538-386883-287427-306759-88721,-1.1819913,4.722463907591568,309.0812499867752
diagonal_load,1.0,lpc,DLZvmp-426-78108-128329-469130-165684-261033-84004,3.9780118,4.732089668193245,21.503950003534555
diagonal_load,1.0,nn,DLZvmp-426-78108-128329-469130-165684-261033-84004,0.7033794,4.731959480783113,307.21504997927696
diagonal_load,1.0,lpc,amZyRf-444-7708-476924-468905-275802-405424-380077,0.35606936,4.718225951076766,21.06015000026673
diagonal_load,1.0,nn,amZyRf-444-7708-476924-468905-275802-405424-380077,-0.23484585,4.721601927987958,319.89914999576285
diagonal_load,1.0,lpc,ofs2Us-561-469223-161307-229618-187519-295308-129107,1.8145835,4.726130405489309,21.27675001975149
diagonal_load,1.0,nn,ofs2Us-561-469223-161307-229618-187519-295308-129107,1.8501747,4.729376535264194,315.5228999676183
diagonal_load,1.0,lpc,nQsrxi-500-35788-354893-151331-437270-461984-276516,-0.0011254088,4.708336592790976,21.169550018385053
diagonal_load,1.0,nn,nQsrxi-500-35788-354893-151331-437270-461984-276516,-0.09106466,4.712705299244563,308.51314996834844
diagonal_load,1.0,lpc,YuwChp-152-8651-147603-379354-29563-62919-345238,0.0,4.732100990778967,21.238100016489625
diagonal_load,1.0,nn,YuwChp-152-8651-147603-379354-29563-62919-345238,-0.07546886,4.732100966123459,333.6562999757007
diagonal_load,1.0,lpc,fiBRvp-155-14754-379538-407950-108056-495971-270302,1.2696713,4.730892430438072,21.2774999672547
diagonal_load,1.0,nn,fiBRvp-155-14754-379538-407950-108056-495971-270302,0.6748078,4.730809836452176,308.8065999909304
diagonal_load,1.0,lpc,rpdA0p-089-193291-347380-224170-426805-310105-489070,2.343705,4.692449507376008,21.07934997184202
diagonal_load,1.0,nn,rpdA0p-089-193291-347380-224170-426805-310105-489070,2.8678198,4.6973851690376645,311.6596500040032
diagonal_load,1.0,lpc,JCRPTw-618-129107-479691-343332-355104-157595-129013,-0.60799766,4.686179588493525,21.81155001744628
diagonal_load,1.0,nn,JCRPTw-618-129107-479691-343332-355104-157595-129013,-0.4018217,4.68850037615808,314.8766499944031
diagonal_load,1.0,lpc,DfzVIp-175-379354-103913-25062-384031-343308-295308,-0.94980425,4.7048905438201984,20.943400042597204
diagonal_load,1.0,nn,DfzVIp-175-379354-103913-25062-384031-343308-295308,-0.96451515,4.71050328561047,308.3706499892287
diagonal_load,1.0,lpc,PBDVAf-465-366971-117533-197606-160943-60681-25579,9.719981,4.72060167043678,25.9076000074856
diagonal_load,1.0,nn,PBDVAf-465-366971-117533-197606-160943-60681-25579,4.1466465,4.68916436463962,314.7946000099182
diagonal_load,1.0,lpc,BNXFqp-404-184495-450557-10737-129636-497448-379538,-0.63495743,4.697097159328935,21.58100000815466
diagonal_load,1.0,nn,BNXFqp-404-184495-450557-10737-129636-497448-379538,-0.7077135,4.698881483446751,311.8709500413388
diagonal_load,1.0,lpc,f2JFMw-634-136860-113105-22031-310105-248646-32125,0.4515649,4.729395744137088,21.19109994964674
diagonal_load,1.0,nn,f2JFMw-634-136860-113105-22031-310105-248646-32125,0.16320425,4.729213070598156,311.9406499899924
diagonal_load,1.0,lpc,cedJli-522-192385-152140-262731-156368-123704-333757,-0.0140175875,4.352524473797333,21.531899983529
diagonal_load,1.0,nn,cedJli-522-192385-152140-262731-156368-123704-333757,0.5110926,4.400199609923005,311.50904996320605
diagonal_load,1.0,lpc,Q4PCSi-506-317415-237079-78108-78427-235375-285778,1.0470768,3.6295348493900814,21.16544998716563
diagonal_load,1.0,nn,Q4PCSi-506-317415-237079-78108-78427-235375-285778,2.1880262,4.169329058159109,313.2620999822393
diagonal_load,1.0,lpc,CrjLKf-468-374393-49022-14754-240504-316080-236920,0.41007197,4.727695447980364,23.64520000992343
diagonal_load,1.0,nn,CrjLKf-468-374393-49022-14754-240504-316080-236920,1.2739444,4.729233921380974,307.94035003054887
diagonal_load,1.0,lpc,m5rDOp-062-377273-156368-185152-188815-186260-486330,5.6715755,4.732100779753557,21.73660002881661
diagonal_load,1.0,nn,m5rDOp-062-377273-156368-185152-188815-186260-486330,6.407759,4.732100849357254,306.9554999819957
diagonal_load,1.0,lpc,0mk6rp-310-146145-90733-51581-27791-50416-437215,-0.0019815052,4.731993074703878,21.18979999795556
diagonal_load,1.0,nn,0mk6rp-310-146145-90733-51581-27791-50416-437215,-0.008271968,4.731993113273424,319.300849980209
diagonal_load,1.0,lpc,fS0Vwp-324-274170-461984-129889-218396-366126-128329,6.863554,4.679237841517871,20.884249999653548
diagonal_load,1.0,nn,fS0Vwp-324-274170-461984-129889-218396-366126-128329,9.792967,4.721095912912309,353.78880001371726
diagonal_load,1.0,lpc,0Rve0i-524-469450-332402-376902-283921-64116-240504,0.2877905,4.2816171177086915,21.232649974990636
diagonal_load,1.0,nn,0Rve0i-524-469450-332402-376902-283921-64116-240504,0.61657655,4.32157941592917,309.1771000181325
diagonal_load,1.0,lpc,fZg66p-070-68221-216978-377273-239730-53784-3467,7.2480652e-06,4.732101253034463,21.17369999177754
diagonal_load,1.0,nn,fZg66p-070-68221-216978-377273-239730-53784-3467,-8.379816,4.7321012525714705,311.5846000146121
diagonal_load,1.0,lpc,Aal0cp-183-209061-91230-492922-2757-317191-461984,3.51927,4.6634975660603555,20.96019999589771
diagonal_load,1.0,nn,Aal0cp-183-209061-91230-492922-2757-317191-461984,3.6555686,4.662782893047471,308.8717499631457
diagonal_load,1.0,lpc,m8mjCs-533-485468-283456-486330-442126-2757-12865,-0.60153365,4.731071408051379,21.628999966196716
diagonal_load,1.0,nn,m8mjCs-533-485468-283456-486330-442126-2757-12865,-0.108897716,4.730697802414448,305.6585000013001
diagonal_load,1.0,lpc,jM2z5p-212-362995-350336-202035-87506-239730-207508,-2.1755958,4.7321012529912245,21.27119997749105
diagonal_load,1.0,nn,jM2z5p-212-362995-350336-202035-87506-239730-207508,-0.5045352,4.7321012530151,306.7948499810882
diagonal_load,1.0,lpc,Paqf1p-119-254913-443221-90733-163645-32125-188815,2.5714662,4.680212658030172,21.087650035042316
diagonal_load,1.0,nn,Paqf1p-119-254913-443221-90733-163645-32125-188815,1.7548531,4.706659110091625,313.5461999918334
diagonal_load,1.0,lpc,87hwjf-487-426805-60643-437215-160943-182650-407728,0.0328156,4.6618469602954455,21.231850027106702
diagonal_load,1.0,nn,87hwjf-487-426805-60643-437215-160943-182650-407728,-0.19800597,4.667087584938557,315.9096499439329
diagonal_load,1.0,lpc,kDEiGp-268-254920-474864-52991-170820-165168-328121,0.0,4.709236463249377,21.3083999697119
diagonal_load,1.0,nn,kDEiGp-268-254920-474864-52991-170820-165168-328121,-8.024725e-05,4.70923640688034,311.2112999660894
diagonal_load,1.0,lpc,Mtnx5i-515-495971-279778-348676-11995-306560-418034,4.659449e-05,4.638163787629056,20.970100013073534
diagonal_load,1.0,nn,Mtnx5i-515-495971-279778-348676-11995-306560-418034,0.025469959,4.638347179909337,310.716149979271
diagonal_load,1.0,lpc,3EBeof-459-212842-454791-192385-495971-180085-113105,0.08180659,4.7041933843567865,21.05265000136569
diagonal_load,1.0,nn,3EBeof-459-212842-454791-192385-495971-180085-113105,0.101125166,4.704372717243311,316.5040500462055
diagonal_load,1.0,lpc,7j8l2a-034-50416-4800-287427-123375-143976-264357,0.23427986,4.682211270663563,21.24254999216646
diagonal_load,1.0,nn,7j8l2a-034-50416-4800-287427-123375-143976-264357,0.8613496,4.686730969344055,308.92479995964095
diagonal_load,1.0,lpc,9Mkadp-302-273892-209608-109841-324591-494783-498752,-0.5412085,4.680604330435642,21.13595005357638
diagonal_load,1.0,nn,9Mkadp-302-273892-209608-109841-324591-494783-498752,-0.65749156,4.690446797319086,303.43534995336086
diagonal_load,1.0,lpc,u3JmNp-105-377036-373629-177809-287789-419538-221798,0.22815175,4.725281028700747,21.144250000361353
diagonal_load,1.0,nn,u3JmNp-105-377036-373629-177809-287789-419538-221798,2.3124485,4.727077230869467,339.6891000447795
diagonal_load,1.0,lpc,PiKSIp-112-109021-465867-125189-123174-211212-334242,3.463658,4.723277192079172,21.05575002497062
diagonal_load,1.0,nn,PiKSIp-112-109021-465867-125189-123174-211212-334242,4.08784,4.731980503977365,304.53389999456704
diagonal_load,1.0,lpc,9a98Kf-464-298969-472051-292323-179462-78575-496080,0.060688175,4.303234406174911,21.76029997644946
diagonal_load,1.0,nn,9a98Kf-464-298969-472051-292323-179462-78575-496080,0.08349556,4.314425224463605,312.36685009207577
diagonal_load,1.0,lpc,vAlA7f-458-390385-16661-177809-112031-325632-365075,1.6602327,4.731777768617415,20.777650002855808
diagonal_load,1.0,nn,vAlA7f-458-390385-16661-177809-112031-325632-365075,1.9961911,4.731908037495718,316.30099995527416
diagonal_load,1.0,lpc,U5aQJe-592-437270-129013-295308-406364-103913-497087,3.2626178,4.702588828239626,21.05959999607876
diagonal_load,1.0,nn,U5aQJe-592-437270-129013-295308-406364-103913-497087,3.8199272,4.71363874540093,309.9449999863282
diagonal_load,1.0,lpc,HxFzMp-357-24999-343332-90733-489807-316694-345238,6.283879,4.656022499475183,26.197099999990314
diagonal_load,1.0,nn,HxFzMp-357-24999-343332-90733-489807-316694-345238,2.747359,4.6499956706774945,314.4564999965951
diagonal_load,1.0,lpc,9kbanp-261-50416-108056-469001-231167-334074-209061,0.9052392,4.719856677067754,21.59460005350411
diagonal_load,1.0,nn,9kbanp-261-50416-108056-469001-231167-334074-209061,1.9933074,4.725213618008654,310.22944999858737
diagonal_load,1.0,lpc,rqqrUf-476-372299-90733-207508-318838-254913-53278,0.02466645,4.730978323908068,21.545100025832653
diagonal_load,1.0,nn,rqqrUf-476-372299-90733-207508-318838-254913-53278,0.045794863,4.731002020282892,319.2056000698358
diagonal_load,1.0,lpc,ie6iSp-097-407790-253414-334074-464643-167361-80351,3.1845725,4.729307329009004,21.072349976748228
diagonal_load,1.0,nn,ie6iSp-097-407790-253414-334074-464643-167361-80351,3.4087367,4.728312564080371,310.62140001449734
diagonal_load,1.0,lpc,FiS63i-513-129107-287427-185152-454791-121010-285778,9.059994e-05,4.193458949278796,21.06389997061342
diagonal_load,1.0,nn,FiS63i-513-129107-287427-185152-454791-121010-285778,-0.032594923,4.196341939577296,310.3549500228837
diagonal_load,1.0,lpc,BBcZPi-501-456735-480197-495997-497448-326140-134118,-0.00022728475,4.713228327737946,20.92814998468384
diagonal_load,1.0,nn,BBcZPi-501-456735-480197-495997-497448-326140-134118,-0.01599173,4.713399122321727,308.106750017032
diagonal_load,1.0,lpc,5OQdwp-063-348077-460359-16661-112031-224170-197606,9.194433,4.727488120560443,21.288499992806464
diagonal_load,1.0,nn,5OQdwp-063-348077-460359-16661-112031-224170-197606,4.606451,4.725619386103952,316.82624999666587
diagonal_load,1.0,lpc,riuiap-287-319764-286732-35325-55646-391852-1246,-0.5186011,4.652472357407724,21.012549987062812
diagonal_load,1.0,nn,riuiap-287-319764-286732-35325-55646-391852-1246,-0.48288313,4.652960958261731,318.410900013987
diagonal_load,1.0,lpc,6TUCvp-352-108130-78807-55646-250174-386302-414547,0.03497055,4.434918707569475,21.03045000694692
diagonal_load,1.0,nn,6TUCvp-352-108130-78807-55646-250174-386302-414547,0.64891577,4.4819002235553125,341.70279995305464
diagonal_load,1.0,lpc,KIklei-503-156368-5054-151331-161307-380077-177809,0.026767302,4.378858667410211,21.121550060342997
diagonal_load,1.0,nn,KIklei-503-156368-5054-151331-161307-380077-177809,0.0005415007,4.389531101732034,310.84995000856
diagonal_load,1.0,lpc,zVlcap-263-274542-472051-376372-248785-476225-35325,-0.3536239,4.732101005254222,21.05585008393973
diagonal_load,1.0,nn,zVlcap-263-274542-472051-376372-248785-476225-35325,-5.908423,4.7321012412715255,308.9439499890432
diagonal_load,1.0,lpc,BLAVyp-401-374393-353502-276516-464643-247007-280816,0.0,4.7128890360974705,21.262200025375932
diagonal_load,1.0,nn,BLAVyp-401-374393-353502-276516-464643-247007-280816,0.00024383896,4.7128892508570335,326.0354499798268
diagonal_load,1.0,lpc,5Lu6ui-514-135410-151381-124082-173176-644-324310,-0.029862756,4.5872919611673355,21.642400010023266
diagonal_load,1.0,nn,5Lu6ui-514-135410-151381-124082-173176-644-324310,-0.025716558,4.587617284316758,309.2568500433117
diagonal_load,1.0,lpc,lzFhsp-134-377273-280816-60681-369034-268009-11995,0.5046325,4.699189093651177,21.32264996180311
diagonal_load,1.0,nn,lzFhsp-134-377273-280816-60681-369034-268009-11995,1.2597351,4.704096741187749,314.82109997887164
diagonal_load,1.0,lpc,nSu3Cp-366-41411-362672-285778-222370-421926-202035,7.962164,4.724043136739284,20.87120001669973
diagonal_load,1.0,nn,nSu3Cp-366-41411-362672-285778-222370-421926-202035,7.3954973,4.724465478082333,365.84375001257285
diagonal_load,1.0,lpc,cUyODs-564-324456-286869-479691-123056-485468-274323,4.410848,4.730931782568993,29.359449981711805
diagonal_load,1.0,nn,cUyODs-564-324456-286869-479691-123056-485468-274323,4.2498207,4.730813996478723,305.958750017453
diagonal_load,1.0,lpc,TkK5fp-380-229618-476225-311495-339484-11995-7708,1.4357632,4.729217414033943,25.037750019691885
diagonal_load,1.0,nn,TkK5fp-380-229618-476225-311495-339484-11995-7708,1.3522841,4.7292685357086715,313.38860001415014
diagonal_load,1.0,lpc,AHwsQs-538-108297-304214-140209-237079-426805-448869,-0.34201574,4.732101203006896,20.921849994920194
diagonal_load,1.0,nn,AHwsQs-538-108297-304214-140209-237079-426805-448869,-0.14702944,4.732101211446821,309.71765000140294
diagonal_load,1.0,lpc,RkoxIi-499-395609-17243-276516-68344-191485-476225,-0.0033273622,4.716540932738459,21.1604000069201
diagonal_load,1.0,nn,RkoxIi-499-395609-17243-276516-68344-191485-476225,0.0065219887,4.716670281375672,308.0317000276409
diagonal_load,1.0,lpc,YLEXwp-335-240298-183720-447487-129636-202035-44660,-0.2616026,4.7285138558672095,21.04449999751523
diagonal_load,1.0,nn,YLEXwp-335-240298-183720-447487-129636-202035-44660,-0.27335092,4.728557769117209,312.71520000882447
diagonal_load,1.0,lpc,rn9v1e-583-369034-383770-175927-399756-390385-383479,3.9503531,4.66039946314933,21.005399990826845
diagonal_load,1.0,nn,rn9v1e-583-369034-383770-175927-399756-390385-383479,4.78439,4.6974756709073375,316.9236499816179
diagonal_load,1.0,lpc,SSYQ1w-650-275802-13671-144360-112336-104867-157595,0.49207255,4.73190440585881,21.176149952225387
diagonal_load,1.0,nn,SSYQ1w-650-275802-13671-144360-112336-104867-157595,-1.0502238,4.73124394993828,310.1367500494234
diagonal_load,1.0,lpc,4fsgkp-253-311495-209061-229618-287427-276516-38459,2.2074785,4.724316628236899,22.42054999805987
diagonal_load,1.0,nn,4fsgkp-253-311495-209061-229618-287427-276516-38459,2.5572615,4.72732341281327,316.87435001367703
diagonal_load,1.0,lpc,44Zbvs-567-179462-358526-13671-355104-116061-343332,0.5045122,4.726936666954736,20.973949984181672
diagonal_load,1.0,nn,44Zbvs-567-179462-358526-13671-355104-116061-343332,1.6395993,4.728575944118359,310.3965999907814
diagonal_load,1.0,lpc,cmHjrf-493-348077-309854-224170-458554-202179-472051,0.98870426,4.69721460826591,21.028349990956485
diagonal_load,1.0,nn,cmHjrf-493-348077-309854-224170-458554-202179-472051,-1.1054202,4.714784297884884,313.83015000028536
diagonal_load,1.0,lpc,zQSXvp-215-498788-407950-152419-25062-51581-3467,3.4947214,4.716832789756966,21.661250037141144
diagonal_load,1.0,nn,zQSXvp-215-498788-407950-152419-25062-51581-3467,2.6770556,4.726177332761276,304.5877999975346
diagonal_load,1.0,lpc,l3Lvae-611-211084-218396-212842-198509-334833-311379,2.3740892,4.663528191679113,21.365599997807294
diagonal_load,1.0,nn,l3Lvae-611-211084-218396-212842-198509-334833-311379,1.0948218,4.717801357155739,306.93614995107055
diagonal_load,1.0,lpc,LIJKja-026-447487-148409-188815-38506-78427-479691,0.2408191,4.707899655576552,21.059249993413687
diagonal_load,1.0,nn,LIJKja-026-447487-148409-188815-38506-78427-479691,0.7613683,4.712010790229341,313.10874997870997
diagonal_load,1.0,lpc,tztd5w-640-23535-348077-410307-64116-151381-134118,-0.026839796,4.732101250079548,21.096749987918884
diagonal_load,1.0,nn,tztd5w-640-23535-348077-410307-64116-151381-134118,-0.10464624,4.7321012508010565,311.7405500379391
diagonal_load,1.0,lpc,TypO9p-362-82313-390793-365346-50416-310105-275395,6.5629244,4.698819286312785,20.994350023102015
diagonal_load,1.0,nn,TypO9p-362-82313-390793-365346-50416-310105-275395,10.057565,4.722217788380411,316.93829997675493
diagonal_load,1.0,lpc,3hvoVa-051-2307-202921-218396-175927-14787-464643,1.5494643,4.666444862361821,21.261250076349825
diagonal_load,1.0,nn,3hvoVa-051-2307-202921-218396-175927-14787-464643,-0.6779007,4.728745288797649,305.3666999912821
diagonal_load,1.0,lpc,9hvMUf-482-498788-113105-17243-63022-21827-338584,-0.016294945,4.660029151648457,21.145450067706406
diagonal_load,1.0,nn,9hvMUf-482-498788-113105-17243-63022-21827-338584,-0.74142337,4.674199682363954,305.19589997129515
diagonal_load,1.0,lpc,lDN6of-450-91840-427818-353502-327883-210172-489807,0.12675634,4.655837413137155,21.094150084536523
diagonal_load,1.0,nn,lDN6of-450-91840-427818-353502-327883-210172-489807,-0.42257395,4.668721884277033,307.11529997643083
diagonal_load,1.0,lpc,8b8sWp-275-88756-348733-183720-134118-226233-129107,7.3511686,4.7320994429518235,21.529049961827695
diagonal_load,1.0,nn,8b8sWp-275-88756-348733-183720-134118-226233-129107,1.0878303,4.730381199622647,308.90940001700073
diagonal_load,1.0,lpc,noHubp-343-163645-17243-410906-219243-161307-221798,1.0231613,4.6421910804047695,25.576949992682785
diagonal_load,1.0,nn,noHubp-343-163645-17243-410906-219243-161307-221798,-0.258186,4.654036591093972,341.71740006422624
diagonal_load,1.0,lpc,G50hup-092-363552-123056-229618-481410-299323-332402,0.00036394148,4.7320938779042425,20.828899985644966
diagonal_load,1.0,nn,G50hup-092-363552-123056-229618-481410-299323-332402,-0.2502389,4.732094199476122,313.0244000349194
diagonal_load,1.0,lpc,FPRIpe-578-474864-126584-425422-304828-148409-10737,0.20565793,4.668348029873334,21.32974995765835
diagonal_load,1.0,nn,FPRIpe-578-474864-126584-425422-304828-148409-10737,3.3602018,4.68191824417754,310.12784998165444
diagonal_load,1.0,lpc,1zDUvp-298-108297-119460-56896-348770-68221-98443,3.2603967,4.728693069089255,21.142899990081787
diagonal_load,1.0,nn,1zDUvp-298-108297-119460-56896-348770-68221-98443,5.0983105,4.7303434760258245,315.30274997930974
diagonal_load,1.0,lpc,WVKBPa-017-469001-13769-309009-430207-5054-14754,5.5013866,4.720339460303141,21.057649981230497
diagonal_load,1.0,nn,WVKBPa-017-469001-13769-309009-430207-5054-14754,3.4522185,4.725011617235572,309.03440003748983
diagonal_load,1.0,lpc,fdXdMp-313-165684-111916-348770-380077-145384-347380,-0.0037978375,4.732101253042371,21.667800028808415
diagonal_load,1.0,nn,fdXdMp-313-165684-111916-348770-380077-145384-347380,-9.498458,4.732101253042185,315.52830000873655
diagonal_load,1.0,lpc,rkSMcp-349-162269-339484-74769-12865-363552-41411,-0.9026731,4.586998786108852,21.39130001887679
diagonal_load,1.0,nn,rkSMcp-349-162269-339484-74769-12865-363552-41411,-1.4205065,4.640758702567835,318.86800000211224
diagonal_load,1.0,lpc,avuTLe-585-474206-355130-317191-361413-333474-248785,0.06105268,4.679686814809541,24.938650021795183
diagonal_load,1.0,nn,avuTLe-585-474206-355130-317191-361413-333474-248785,0.21818863,4.683769282976408,342.59140002541244
diagonal_load,1.0,lpc,1Q0zzp-067-496080-227228-300626-311379-247007-1214,7.749774,4.72452997667221,22.120449983049184
diagonal_load,1.0,nn,1Q0zzp-067-496080-227228-300626-311379-247007-1214,6.740039,4.724025218334342,315.44385000597686
diagonal_load,1.0,lpc,k2rvsa-021-181149-117176-94351-2985-340579-209061,0.4895534,4.731169113994534,21.047300018835813
diagonal_load,1.0,nn,k2rvsa-021-181149-117176-94351-2985-340579-209061,0.68187,4.731393758467936,312.6967999851331
diagonal_load,1.0,lpc,DmpOYi-525-91230-450251-209608-292323-92870-38506,0.10754109,4.53704327336399,21.284350019413978
diagonal_load,1.0,nn,DmpOYi-525-91230-450251-209608-292323-92870-38506,0.37948143,4.584539133046125,310.6649999972433
diagonal_load,1.0,lpc,cZ9D6w-670-134118-41411-423587-125189-84055-98443,-0.72980917,4.726908450472864,21.157149982172996
diagonal_load,1.0,nn,cZ9D6w-670-134118-41411-423587-125189-84055-98443,-0.774745,4.727186060391708,320.27829997241497
diagonal_load,1.0,lpc,wD39yw-617-350336-91230-365075-384274-339484-27577,0.8128363,4.552333890956048,20.99195000482723
diagonal_load,1.0,nn,wD39yw-617-350336-91230-365075-384274-339484-27577,0.8129179,4.56675967642555,310.5225499602966
diagonal_load,1.0,lpc,jFujMp-258-2985-422977-276516-270302-316694-390385,6.7399836,4.731950317926653,21.164099976886064
diagonal_load,1.0,nn,jFujMp-258-2985-422977-276516-270302-316694-390385,5.0363703,4.731893437496846,313.5859000030905
diagonal_load,1.0,lpc,ainjFp-098-145384-88756-289593-274542-488804-292564,1.7498477,4.7007085942577085,25.90245002647862
diagonal_load,1.0,nn,ainjFp-098-145384-88756-289593-274542-488804-292564,1.7733067,4.701040357138249,343.6891000601463
diagonal_load,1.0,lpc,rllgnp-282-21827-2985-183720-67455-409746-330730,0.0022333846,4.732100615750474,20.92674997402355
diagonal_load,1.0,nn,rllgnp-282-21827-2985-183720-67455-409746-330730,-0.028444294,4.732100621807492,310.1907499949448
diagonal_load,1.0,lpc,ck2Uxp-081-495997-135873-82313-377039-373629-268363,4.6485624,4.73205406567684,20.72405006038025
diagonal_load,1.0,nn,ck2Uxp-081-495997-135873-82313-377039-373629-268363,5.7196455,4.732063558846353,306.1849500518292
diagonal_load,1.0,lpc,jhRr0p-088-489070-351855-386883-172725-333766-16976,1.6294612,4.731806816103214,22.085150005295873
diagonal_load,1.0,nn,jhRr0p-088-489070-351855-386883-172725-333766-16976,1.9184905,4.731833070486145,309.03040000703186
diagonal_load,1.0,lpc,oRqMra-058-167772-480197-43889-36331-135873-265166,0.80617756,4.731944178766808,20.737749990075827
diagonal_load,1.0,nn,oRqMra-058-167772-480197-43889-36331-135873-265166,1.6293054,4.732001877234895,308.7908000452444
diagonal_load,1.0,lpc,d4LtRw-656-379354-74769-192385-202921-93885-62534,3.1063153e-06,4.732100891547693,21.23235003091395
diagonal_load,1.0,nn,d4LtRw-656-379354-74769-192385-202921-93885-62534,0.023987394,4.732100963458353,303.69469994911924
diagonal_load,1.0,lpc,tXap2p-281-298969-9753-281965-457067-162269-329331,1.1027758,4.726637636394759,31.89985000062734
diagonal_load,1.0,nn,tXap2p-281-298969-9753-281965-457067-162269-329331,1.8000578,4.727970449914684,314.9025000166148
diagonal_load,1.0,lpc,IIhdup-184-282845-322947-195637-315211-10737-386302,3.5160923,4.59230832133403,26.973949978128076
diagonal_load,1.0,nn,IIhdup-184-282845-322947-195637-315211-10737-386302,3.6029372,4.589672807915358,321.1337499669753
diagonal_load,1.0,lpc,Q1VJ4p-396-67099-191485-442126-324310-384031-392966,2.0134325,4.732093938847887,21.65854995837435
diagonal_load,1.0,nn,Q1VJ4p-396-67099-191485-442126-324310-384031-392966,-0.024398629,4.7320959337898625,309.5280000125058
diagonal_load,1.0,lpc,IJqofi-526-68304-236920-183720-152419-94351-316080,0.0058566323,4.538421067126363,21.352400013711303
diagonal_load,1.0,nn,IJqofi-526-68304-236920-183720-152419-94351-316080,-0.1728557,4.570890415344143,309.6405499964021
diagonal_load,1.0,lpc,MJEnPs-553-484336-261033-237079-274170-257745-343308,0.3092633,4.731676459832645,21.151099994312972
diagonal_load,1.0,nn,MJEnPs-553-484336-261033-237079-274170-257745-343308,0.96887857,4.731762045964501,310.45165000250563
diagonal_load,1.0,lpc,oK9Hxs-550-7708-104867-460359-299323-420765-264795,5.940724,4.73036486867281,20.829600049182773
diagonal_load,1.0,nn,oK9Hxs-550-7708-104867-460359-299323-420765-264795,5.2655797,4.730071082284082,322.1551500027999
diagonal_load,1.0,lpc,ItvEYp-187-347380-151331-160943-343502-92870-286732,-0.34993243,4.715320566171844,21.3101000408642
diagonal_load,1.0,nn,ItvEYp-187-347380-151331-160943-343502-92870-286732,0.009111099,4.7093558568091956,315.08740002755076
