param,value,method,file,snr,visqol,time_ms
context_length_packets,1,lpc,9f3Qjw-657-129013-78427-348770-228203-60643-7188,0.24691911,4.724340413030879,18.634699983522296
context_length_packets,1,nn,9f3Qjw-657-129013-78427-348770-228203-60643-7188,0.21569662,4.7243320083526275,256.80994999129325
context_length_packets,1,lpc,i0Ocoe-610-395609-211084-211212-108056-187519-202035,0.1039436,4.615064438648568,26.46234998246655
context_length_packets,1,nn,i0Ocoe-610-395609-211084-211212-108056-187519-202035,0.10386929,4.614942014627715,209.00640002219006
context_length_packets,1,lpc,Th8NDe-613-23535-495997-395609-270487-329331-383770,-0.0140194055,4.641775616350662,19.658049975987524
context_length_packets,1,nn,Th8NDe-613-23535-495997-395609-270487-329331-383770,0.11441402,4.642021176448077,209.1175999958068
context_length_packets,1,lpc,ui9aDp-122-292323-379538-386883-287427-306759-88721,0.20991465,4.691008166854202,19.70710005844012
context_length_packets,1,nn,ui9aDp-122-292323-379538-386883-287427-306759-88721,0.20031744,4.690895349715339,208.1281499704346
context_length_packets,1,lpc,DLZvmp-426-78108-128329-469130-165684-261033-84004,2.431763,4.7320163212656805,19.79729998856783
context_length_packets,1,nn,DLZvmp-426-78108-128329-469130-165684-261033-84004,2.1740103,4.732015224917444,209.71199998166412
context_length_packets,1,lpc,amZyRf-444-7708-476924-468905-275802-405424-380077,0.11272342,4.716192639204925,33.459250000305474
context_length_packets,1,nn,amZyRf-444-7708-476924-468905-275802-405424-380077,-0.020646203,4.716079762928215,212.7944999956526
context_length_packets,1,lpc,ofs2Us-561-469223-161307-229618-187519-295308-129107,0.70139086,4.722273715501252,18.01950001390651
context_length_packets,1,nn,ofs2Us-561-469223-161307-229618-187519-295308-129107,0.55007035,4.722281544082312,209.87524994416162
context_length_packets,1,lpc,nQsrxi-500-35788-354893-151331-437270-461984-276516,-0.0015775185,4.708318527308313,17.892250034492463
context_length_packets,1,nn,nQsrxi-500-35788-354893-151331-437270-461984-276516,0.00037118891,4.708315304342677,220.87010001996532
context_length_packets,1,lpc,YuwChp-152-8651-147603-379354-29563-62919-345238,1.0354386e-06,4.732100990778947,20.08225000463426
context_length_packets,1,nn,YuwChp-152-8651-147603-379354-29563-62919-345238,0.031111434,4.732100990900127,206.4522499567829
context_length_packets,1,lpc,fiBRvp-155-14754-379538-407950-108056-495971-270302,0.06573341,4.730760050454928,25.049649993889034
context_length_packets,1,nn,fiBRvp-155-14754-379538-407950-108056-495971-270302,0.03637801,4.7307622673598075,215.6338999629952
context_length_packets,1,lpc,rpdA0p-089-193291-347380-224170-426805-310105-489070,0.4907059,4.667299828980658,17.976150033064187
context_length_packets,1,nn,rpdA0p-089-193291-347380-224170-426805-310105-489070,0.49329874,4.667471068678985,205.39534999988973
context_length_packets,1,lpc,JCRPTw-618-129107-479691-343332-355104-157595-129013,0.26708207,4.6793701140271935,18.90519994776696
context_length_packets,1,nn,JCRPTw-618-129107-479691-343332-355104-157595-129013,0.26176983,4.679377646141907,206.7169500514865
context_length_packets,1,lpc,DfzVIp-175-379354-103913-25062-384031-343308-295308,0.57560176,4.660168120624013,24.73830000963062
context_length_packets,1,nn,DfzVIp-175-379354-103913-25062-384031-343308-295308,0.60204816,4.6603166084299845,208.4677999955602
context_length_packets,1,lpc,PBDVAf-465-366971-117533-197606-160943-60681-25579,0.8320522,4.665749693590437,18.75099999597296
context_length_packets,1,nn,PBDVAf-465-366971-117533-197606-160943-60681-25579,0.7683389,4.66534308612253,211.27150004031137
context_length_packets,1,lpc,BNXFqp-404-184495-450557-10737-129636-497448-379538,-0.14556819,4.692635963651485,18.584700010251254
context_length_packets,1,nn,BNXFqp-404-184495-450557-10737-129636-497448-379538,-0.17579633,4.692612352494164,209.9872500402853
context_length_packets,1,lpc,f2JFMw-634-136860-113105-22031-310105-248646-32125,0.6039033,4.728118367304954,19.61359998676926
context_length_packets,1,nn,f2JFMw-634-136860-113105-22031-310105-248646-32125,0.55697155,4.728121698639251,216.10459999646991
context_length_packets,1,lpc,cedJli-522-192385-152140-262731-156368-123704-333757,-0.059648044,4.352664623289236,19.502999959513545
context_length_packets,1,nn,cedJli-522-192385-152140-262731-156368-123704-333757,-0.082851574,4.3528773134581815,205.87114995578304
context_length_packets,1,lpc,Q4PCSi-506-317415-237079-78108-78427-235375-285778,0.23035236,3.52253738375626,19.999300013296306
context_length_packets,1,nn,Q4PCSi-506-317415-237079-78108-78427-235375-285778,0.21424901,3.517858967250229,209.03264998923987
context_length_packets,1,lpc,CrjLKf-468-374393-49022-14754-240504-316080-236920,0.13656245,4.727396039421409,17.754799977410585
context_length_packets,1,nn,CrjLKf-468-374393-49022-14754-240504-316080-236920,0.14147428,4.727389183859636,209.33595002861694
context_length_packets,1,lpc,m5rDOp-062-377273-156368-185152-188815-186260-486330,1.0484316,4.732100208258569,19.260550034232438
context_length_packets,1,nn,m5rDOp-062-377273-156368-185152-188815-186260-486330,0.98020196,4.732100186419734,264.4669500296004
context_length_packets,1,lpc,0mk6rp-310-146145-90733-51581-27791-50416-437215,0.001892887,4.7319929332953325,18.879699986428022
context_length_packets,1,nn,0mk6rp-310-146145-90733-51581-27791-50416-437215,0.004191504,4.731992868639674,213.7403999804519
context_length_packets,1,lpc,fS0Vwp-324-274170-461984-129889-218396-366126-128329,0.42540982,4.585373751037528,18.271350010763854
context_length_packets,1,nn,fS0Vwp-324-274170-461984-129889-218396-366126-128329,0.4488886,4.585123102140537,208.63259996986017
context_length_packets,1,lpc,0Rve0i-524-469450-332402-376902-283921-64116-240504,0.06593586,4.269789650031692,19.122949976008385
context_length_packets,1,nn,0Rve0i-524-469450-332402-376902-283921-64116-240504,0.0052185813,4.270171256089855,207.80739997280762
context_length_packets,1,lpc,fZg66p-070-68221-216978-377273-239730-53784-3467,0.0006807476,4.732101253034466,17.964850005228072
context_length_packets,1,nn,fZg66p-070-68221-216978-377273-239730-53784-3467,-7.2957664,4.732101252923425,213.22049997979775
context_length_packets,1,lpc,Aal0cp-183-209061-91230-492922-2757-317191-461984,0.432494,4.580811752092891,20.107400021515787
context_length_packets,1,nn,Aal0cp-183-209061-91230-492922-2757-317191-461984,0.42518687,4.580958675028391,223.28805009601638
context_length_packets,1,lpc,m8mjCs-533-485468-283456-486330-442126-2757-12865,0.57704216,4.726826759187381,18.50649999687448
context_length_packets,1,nn,m8mjCs-533-485468-283456-486330-442126-2757-12865,0.39706272,4.726652863985959,215.48579999944195
context_length_packets,1,lpc,jM2z5p-212-362995-350336-202035-87506-239730-207508,4.06427,4.732101252859504,18.21780001046136
context_length_packets,1,nn,jM2z5p-212-362995-350336-202035-87506-239730-207508,3.7973027,4.73210125286551,217.02240000013262
context_length_packets,1,lpc,Paqf1p-119-254913-443221-90733-163645-32125-188815,0.7551396,4.623437129198793,18.523499951697886
context_length_packets,1,nn,Paqf1p-119-254913-443221-90733-163645-32125-188815,0.73921525,4.623444639935852,204.83714999863878
context_length_packets,1,lpc,87hwjf-487-426805-60643-437215-160943-182650-407728,-0.013112119,4.66126697089218,17.970799992326647
context_length_packets,1,nn,87hwjf-487-426805-60643-437215-160943-182650-407728,-0.007826682,4.661136557426934,209.4836999895051
context_length_packets,1,lpc,kDEiGp-268-254920-474864-52991-170820-165168-328121,0.0,4.709236463249361,18.346850003581494
context_length_packets,1,nn,kDEiGp-268-254920-474864-52991-170820-165168-328121,1.8637858e-05,4.709236624949677,207.70469994749874
context_length_packets,1,lpc,Mtnx5i-515-495971-279778-348676-11995-306560-418034,-4.6336132e-05,4.638164546324999,18.703349982388318
context_length_packets,1,nn,Mtnx5i-515-495971-279778-348676-11995-306560-418034,-0.0005387204,4.638163248315161,210.36705002188683
context_length_packets,1,lpc,3EBeof-459-212842-454791-192385-495971-180085-113105,0.030695055,4.7037687298800295,18.146949994843453
context_length_packets,1,nn,3EBeof-459-212842-454791-192385-495971-180085-113105,0.027225219,4.703775410478853,213.51349994074553
context_length_packets,1,lpc,7j8l2a-034-50416-4800-287427-123375-143976-264357,0.16733092,4.681669288629824,17.689899948891252
context_length_packets,1,nn,7j8l2a-034-50416-4800-287427-123375-143976-264357,0.27033442,4.681902524126539,239.77639997610822
context_length_packets,1,lpc,9Mkadp-302-273892-209608-109841-324591-494783-498752,0.42217955,4.643184810962056,20.176249963697046
context_length_packets,1,nn,9Mkadp-302-273892-209608-109841-324591-494783-498752,0.40197,4.64330724188615,217.68380008870736
context_length_packets,1,lpc,u3JmNp-105-377036-373629-177809-287789-419538-221798,0.11359654,4.725205807679274,18.84674996836111
context_length_packets,1,nn,u3JmNp-105-377036-373629-177809-287789-419538-221798,0.16210765,4.72523153826733,215.37829999579117
context_length_packets,1,lpc,PiKSIp-112-109021-465867-125189-123174-211212-334242,0.14344124,4.718029420970774,18.84504995541647
context_length_packets,1,nn,PiKSIp-112-109021-465867-125189-123174-211212-334242,0.11714876,4.717738007236173,206.29744994221255
context_length_packets,1,lpc,9a98Kf-464-298969-472051-292323-179462-78575-496080,0.041570522,4.295029926537881,20.435400016140193
context_length_packets,1,nn,9a98Kf-464-298969-472051-292323-179462-78575-496080,0.0493963,4.295492592233439,206.71419997233897
context_length_packets,1,lpc,vAlA7f-458-390385-16661-177809-112031-325632-365075,0.20124234,4.731640085180876,19.7453000000678
context_length_packets,1,nn,vAlA7f-458-390385-16661-177809-112031-325632-365075,0.1898095,4.731639083797182,205.17994998954237
context_length_packets,1,lpc,U5aQJe-592-437270-129013-295308-406364-103913-497087,0.20096257,4.684383776123092,18.69704999262467
context_length_packets,1,nn,U5aQJe-592-437270-129013-295308-406364-103913-497087,0.23781711,4.68439705870985,216.92859998438507
context_length_packets,1,lpc,HxFzMp-357-24999-343332-90733-489807-316694-345238,0.34176785,4.598549758096983,18.535999988671392
context_length_packets,1,nn,HxFzMp-357-24999-343332-90733-489807-316694-345238,0.39871278,4.598617923138997,212.11520000360906
context_length_packets,1,lpc,9kbanp-261-50416-108056-469001-231167-334074-209061,0.012728615,4.718393017864077,23.907499969936907
context_length_packets,1,nn,9kbanp-261-50416-108056-469001-231167-334074-209061,0.027768994,4.718396217037919,211.46354998927563
context_length_packets,1,lpc,rqqrUf-476-372299-90733-207508-318838-254913-53278,0.06202506,4.730983959377965,21.661450038664043
context_length_packets,1,nn,rqqrUf-476-372299-90733-207508-318838-254913-53278,0.07264884,4.730982489369341,211.9284499785863
context_length_packets,1,lpc,ie6iSp-097-407790-253414-334074-464643-167361-80351,0.4576506,4.725307685797621,18.177349993493408
context_length_packets,1,nn,ie6iSp-097-407790-253414-334074-464643-167361-80351,0.45621246,4.725299529749341,208.29954999499023
context_length_packets,1,lpc,FiS63i-513-129107-287427-185152-454791-121010-285778,0.00014961831,4.193464303026458,23.740300035569817
context_length_packets,1,nn,FiS63i-513-129107-287427-185152-454791-121010-285778,0.0015151002,4.193473946001939,208.77719996497035
context_length_packets,1,lpc,BBcZPi-501-456735-480197-495997-497448-326140-134118,0.0024750289,4.713229614790373,17.890550021547824
context_length_packets,1,nn,BBcZPi-501-456735-480197-495997-497448-326140-134118,0.0036866674,4.71323001531503,218.05984998354688
context_length_packets,1,lpc,5OQdwp-063-348077-460359-16661-112031-224170-197606,0.5981154,4.7075753891476975,18.752999952994287
context_length_packets,1,nn,5OQdwp-063-348077-460359-16661-112031-224170-197606,0.48875454,4.707147578586683,210.70155000779778
context_length_packets,1,lpc,riuiap-287-319764-286732-35325-55646-391852-1246,0.38668305,4.585459712019902,22.902450000401586
context_length_packets,1,nn,riuiap-287-319764-286732-35325-55646-391852-1246,0.38761172,4.585568072441406,207.8845500946045
context_length_packets,1,lpc,6TUCvp-352-108130-78807-55646-250174-386302-414547,0.15720217,4.4257314997013655,18.01459997659549
context_length_packets,1,nn,6TUCvp-352-108130-78807-55646-250174-386302-414547,0.14659277,4.42572874902161,209.75734997773543
context_length_packets,1,lpc,KIklei-503-156368-5054-151331-161307-380077-177809,0.013320144,4.371387223735553,18.296850030310452
context_length_packets,1,nn,KIklei-503-156368-5054-151331-161307-380077-177809,0.004645599,4.371197936888963,209.14714998798445
context_length_packets,1,lpc,zVlcap-263-274542-472051-376372-248785-476225-35325,0.6565204,4.732100929093994,18.032950058113784
context_length_packets,1,nn,zVlcap-263-274542-472051-376372-248785-476225-35325,0.59109044,4.732100928286904,222.81150001799688
context_length_packets,1,lpc,BLAVyp-401-374393-353502-276516-464643-247007-280816,0.0,4.712889035843214,17.92105002095923
context_length_packets,1,nn,BLAVyp-401-374393-353502-276516-464643-247007-280816,-0.00016929753,4.712889314731791,206.88035001512617
context_length_packets,1,lpc,5Lu6ui-514-135410-151381-124082-173176-644-324310,-0.029841905,4.587303726346393,18.534549977630377
context_length_packets,1,nn,5Lu6ui-514-135410-151381-124082-173176-644-324310,-0.020167919,4.587290931805989,215.55009996518493
context_length_packets,1,lpc,lzFhsp-134-377273-280816-60681-369034-268009-11995,0.10671878,4.694699619053619,17.887649999465793
context_length_packets,1,nn,lzFhsp-134-377273-280816-60681-369034-268009-11995,0.057930406,4.694736603695281,220.7075500045903
context_length_packets,1,lpc,nSu3Cp-366-41411-362672-285778-222370-421926-202035,0.46671247,4.708645782269801,19.636950048152357
context_length_packets,1,nn,nSu3Cp-366-41411-362672-285778-222370-421926-202035,0.5212695,4.7088264338564745,206.84354996774346
context_length_packets,1,lpc,cUyODs-564-324456-286869-479691-123056-485468-274323,0.92004126,4.728940396720675,19.089150009676814
context_length_packets,1,nn,cUyODs-564-324456-286869-479691-123056-485468-274323,0.8417096,4.7289481906572295,209.3581500230357
context_length_packets,1,lpc,TkK5fp-380-229618-476225-311495-339484-11995-7708,0.3527613,4.7289327577927605,19.237049971707165
context_length_packets,1,nn,TkK5fp-380-229618-476225-311495-339484-11995-7708,0.2918833,4.728923842848156,210.48009995138273
context_length_packets,1,lpc,AHwsQs-538-108297-304214-140209-237079-426805-448869,0.19823758,4.732101197969195,18.437600054312497
context_length_packets,1,nn,AHwsQs-538-108297-304214-140209-237079-426805-448869,0.1505647,4.732101197883271,212.2687500086613
context_length_packets,1,lpc,RkoxIi-499-395609-17243-276516-68344-191485-476225,0.007318007,4.71652210012396,18.829550070222467
context_length_packets,1,nn,RkoxIi-499-395609-17243-276516-68344-191485-476225,0.0070482036,4.716516585421067,209.25404998706654
context_length_packets,1,lpc,YLEXwp-335-240298-183720-447487-129636-202035-44660,0.53141207,4.726309800650795,18.30809999955818
context_length_packets,1,nn,YLEXwp-335-240298-183720-447487-129636-202035-44660,0.5320744,4.7263189374010395,215.56199999758974
context_length_packets,1,lpc,rn9v1e-583-369034-383770-175927-399756-390385-383479,0.43756932,4.581840291981179,19.1068000276573
context_length_packets,1,nn,rn9v1e-583-369034-383770-175927-399756-390385-383479,0.41850728,4.581905323034816,218.15764997154474
context_length_packets,1,lpc,SSYQ1w-650-275802-13671-144360-112336-104867-157595,0.97519875,4.726978163816526,18.592100066598505
context_length_packets,1,nn,SSYQ1w-650-275802-13671-144360-112336-104867-157595,0.7824681,4.726851266531966,210.2367499610409
context_length_packets,1,lpc,4fsgkp-253-311495-209061-229618-287427-276516-38459,0.48264372,4.722249140928154,18.316849949769676
context_length_packets,1,nn,4fsgkp-253-311495-209061-229618-287427-276516-38459,0.413195,4.722277902390168,218.04489998612553
context_length_packets,1,lpc,44Zbvs-567-179462-358526-13671-355104-116061-343332,0.44153976,4.726576412244109,18.931100028567016
context_length_packets,1,nn,44Zbvs-567-179462-358526-13671-355104-116061-343332,0.30669034,4.726510027091918,214.23690003575757
context_length_packets,1,lpc,cmHjrf-493-348077-309854-224170-458554-202179-472051,0.6987871,4.688789631943516,18.35100003518164
context_length_packets,1,nn,cmHjrf-493-348077-309854-224170-458554-202179-472051,0.6940215,4.688738737250027,212.15744997607544
context_length_packets,1,lpc,zQSXvp-215-498788-407950-152419-25062-51581-3467,1.1499379,4.705484007697129,18.86949996696785
context_length_packets,1,nn,zQSXvp-215-498788-407950-152419-25062-51581-3467,1.1519374,4.705403640753675,214.58250004798174
context_length_packets,1,lpc,l3Lvae-611-211084-218396-212842-198509-334833-311379,0.33610973,4.646506103814621,19.582750042900443
context_length_packets,1,nn,l3Lvae-611-211084-218396-212842-198509-334833-311379,0.3923145,4.6468640304884765,258.0337999970652
context_length_packets,1,lpc,LIJKja-026-447487-148409-188815-38506-78427-479691,0.035174947,4.707783739234728,18.325649958569556
context_length_packets,1,nn,LIJKja-026-447487-148409-188815-38506-78427-479691,0.053170167,4.707857590585163,212.58120000129566
context_length_packets,1,lpc,tztd5w-640-23535-348077-410307-64116-151381-134118,-0.53914773,4.732101250245364,17.94414996402338
context_length_packets,1,nn,tztd5w-640-23535-348077-410307-64116-151381-134118,-0.6645066,4.732101250296315,209.35169997392222
context_length_packets,1,lpc,TypO9p-362-82313-390793-365346-50416-310105-275395,0.4421823,4.656451107603301,17.833849997259676
context_length_packets,1,nn,TypO9p-362-82313-390793-365346-50416-310105-275395,0.43395457,4.656482332196541,218.55260006850585
context_length_packets,1,lpc,3hvoVa-051-2307-202921-218396-175927-14787-464643,0.15156673,4.650610155569165,18.510300025809556
context_length_packets,1,nn,3hvoVa-051-2307-202921-218396-175927-14787-464643,0.17764336,4.650561814797161,214.66895000776276
context_length_packets,1,lpc,9hvMUf-482-498788-113105-17243-63022-21827-338584,0.0014876707,4.6576310182017036,22.06934994319454
context_length_packets,1,nn,9hvMUf-482-498788-113105-17243-63022-21827-338584,0.0016522459,4.657623508227244,209.44875007262453
context_length_packets,1,lpc,lDN6of-450-91840-427818-353502-327883-210172-489807,-0.0026191552,4.655648434282986,18.452349992003292
context_length_packets,1,nn,lDN6of-450-91840-427818-353502-327883-210172-489807,-0.038899098,4.655697649008376,219.48054997483268
context_length_packets,1,lpc,8b8sWp-275-88756-348733-183720-134118-226233-129107,0.9552666,4.731635803507951,18.10799998929724
context_length_packets,1,nn,8b8sWp-275-88756-348733-183720-134118-226233-129107,0.92175835,4.731632768956361,207.98040000954643
context_length_packets,1,lpc,noHubp-343-163645-17243-410906-219243-161307-221798,0.18314579,4.633262393598953,18.630600068718195
context_length_packets,1,nn,noHubp-343-163645-17243-410906-219243-161307-221798,0.19401643,4.633452527798296,211.44849999109283
context_length_packets,1,lpc,G50hup-092-363552-123056-229618-481410-299323-332402,0.043716013,4.732093922595968,20.521449972875416
context_length_packets,1,nn,G50hup-092-363552-123056-229618-481410-299323-332402,0.07129943,4.732093957626299,213.34849996492267
context_length_packets,1,lpc,FPRIpe-578-474864-126584-425422-304828-148409-10737,0.2441675,4.660292566665165,18.419599975459278
context_length_packets,1,nn,FPRIpe-578-474864-126584-425422-304828-148409-10737,0.23808569,4.660071098951976,204.20765003655106
context_length_packets,1,lpc,1zDUvp-298-108297-119460-56896-348770-68221-98443,0.42789134,4.726452284014053,18.451749987434596
context_length_packets,1,nn,1zDUvp-298-108297-119460-56896-348770-68221-98443,0.4139359,4.726441337255823,214.0808500116691
context_length_packets,1,lpc,WVKBPa-017-469001-13769-309009-430207-5054-14754,0.63984007,4.703472796226123,18.295700021553785
context_length_packets,1,nn,WVKBPa-017-469001-13769-309009-430207-5054-14754,0.6836962,4.703326005706342,218.94610003801063
context_length_packets,1,lpc,fdXdMp-313-165684-111916-348770-380077-145384-347380,0.0008189548,4.732101253042355,18.251550034619868
context_length_packets,1,nn,fdXdMp-313-165684-111916-348770-380077-145384-347380,-7.9592047,4.732101253042321,208.7371499510482
context_length_packets,1,lpc,rkSMcp-349-162269-339484-74769-12865-363552-41411,0.38191587,4.499609301765037,18.22754996828735
context_length_packets,1,nn,rkSMcp-349-162269-339484-74769-12865-363552-41411,0.41760027,4.500171293125268,216.09589998843148
context_length_packets,1,lpc,avuTLe-585-474206-355130-317191-361413-333474-248785,-0.10235813,4.6803159236099265,19.93329997640103
context_length_packets,1,nn,avuTLe-585-474206-355130-317191-361413-333474-248785,-0.11210559,4.681201938277612,211.9973500375636
context_length_packets,1,lpc,1Q0zzp-067-496080-227228-300626-311379-247007-1214,0.55871356,4.718305253628201,18.546099949162453
context_length_packets,1,nn,1Q0zzp-067-496080-227228-300626-311379-247007-1214,0.51824206,4.7182734537517925,213.73964997474104
context_length_packets,1,lpc,k2rvsa-021-181149-117176-94351-2985-340579-209061,0.12508613,4.73106913213824,23.400200007017702
context_length_packets,1,nn,k2rvsa-021-181149-117176-94351-2985-340579-209061,0.16359967,4.731074757321194,212.84375007962808
context_length_packets,1,lpc,DmpOYi-525-91230-450251-209608-292323-92870-38506,0.036207046,4.536080818785496,17.985600046813488
context_length_packets,1,nn,DmpOYi-525-91230-450251-209608-292323-92870-38506,0.05631017,4.53593247447289,214.81934998882934
context_length_packets,1,lpc,cZ9D6w-670-134118-41411-423587-125189-84055-98443,0.28993833,4.72444001234256,18.15720001468435
context_length_packets,1,nn,cZ9D6w-670-134118-41411-423587-125189-84055-98443,0.3035496,4.724464064766076,211.13329997751862
context_length_packets,1,lpc,wD39yw-617-350336-91230-365075-384274-339484-27577,0.29185617,4.5228213997999696,18.225899955723435
context_length_packets,1,nn,wD39yw-617-350336-91230-365075-384274-339484-27577,0.29353556,4.523035092117233,220.95355001511052
context_length_packets,1,lpc,jFujMp-258-2985-422977-276516-270302-316694-390385,0.8174455,4.72955550290599,18.707749957684427
context_length_packets,1,nn,jFujMp-258-2985-422977-276516-270302-316694-390385,0.8031699,4.729555096525555,210.5969000258483
context_length_packets,1,lpc,ainjFp-098-145384-88756-289593-274542-488804-292564,0.31013873,4.691500390635275,19.0465499763377
context_length_packets,1,nn,ainjFp-098-145384-88756-289593-274542-488804-292564,0.3163969,4.69155339808591,215.120000008028
context_length_packets,1,lpc,rllgnp-282-21827-2985-183720-67455-409746-330730,-0.0052899118,4.732100613436513,18.505650048609823
context_length_packets,1,nn,rllgnp-282-21827-2985-183720-67455-409746-330730,-0.0043126717,4.732100613609379,209.10910004749894
context_length_packets,1,lpc,ck2Uxp-081-495997-135873-82313-377039-373629-268363,0.47293767,4.731961111319199,21.185550023801625
context_length_packets,1,nn,ck2Uxp-081-495997-135873-82313-377039-373629-268363,0.4697119,4.731960855698061,268.65780004300177
context_length_packets,1,lpc,jhRr0p-088-489070-351855-386883-172725-333766-16976,0.47886604,4.731548523477448,37.045100005343556
context_length_packets,1,nn,jhRr0p-088-489070-351855-386883-172725-333766-16976,0.48165685,4.73154835342485,282.06860000500455
context_length_packets,1,lpc,oRqMra-058-167772-480197-43889-36331-135873-265166,0.19862385,4.731396720863103,20.734849967993796
context_length_packets,1,nn,oRqMra-058-167772-480197-43889-36331-135873-265166,0.14220485,4.731382482175119,207.42420002352446
context_length_packets,1,lpc,d4LtRw-656-379354-74769-192385-202921-93885-62534,5.4877906e-05,4.732100891547601,18.129699979908764
context_length_packets,1,nn,d4LtRw-656-379354-74769-192385-202921-93885-62534,0.028400654,4.732100895956265,213.44310004496947
context_length_packets,1,lpc,tXap2p-281-298969-9753-281965-457067-162269-329331,0.3302811,4.725882242263397,20.37755004130304
context_length_packets,1,nn,tXap2p-281-298969-9753-281965-457067-162269-329331,0.38489193,4.725949912079535,209.02319997549057
context_length_packets,1,lpc,IIhdup-184-282845-322947-195637-315211-10737-386302,0.37244368,4.51113206140475,18.596050038468093
context_length_packets,1,nn,IIhdup-184-282845-322947-195637-315211-10737-386302,0.3944751,4.510799915922643,213.40654999949038
context_length_packets,1,lpc,Q1VJ4p-396-67099-191485-442126-324310-384031-392966,3.4292243,4.732099876299772,18.115449987817556
context_length_packets,1,nn,Q1VJ4p-396-67099-191485-442126-324310-384031-392966,3.1560616,4.732099687884384,215.8073999453336
context_length_packets,1,lpc,IJqofi-526-68304-236920-183720-152419-94351-316080,0.008301973,4.538359205247409,18.41725007398054
context_length_packets,1,nn,IJqofi-526-68304-236920-183720-152419-94351-316080,0.055682044,4.538919265706951,214.1275499598123
context_length_packets,1,lpc,MJEnPs-553-484336-261033-237079-274170-257745-343308,0.12633444,4.731643635847215,20.008750027045608
context_length_packets,1,nn,MJEnPs-553-484336-261033-237079-274170-257745-343308,0.18445493,4.731643897587135,248.83614998543635
context_length_packets,1,lpc,oK9Hxs-550-7708-104867-460359-299323-420765-264795,0.47424638,4.727936927299671,18.45599996158853
context_length_packets,1,nn,oK9Hxs-550-7708-104867-460359-299323-420765-264795,0.3938018,4.727883356164172,296.1976499645971
context_length_packets,1,lpc,ItvEYp-187-347380-151331-160943-343502-92870-286732,0.6014284,4.688227849721828,19.631800067145377
context_length_packets,1,nn,ItvEYp-187-347380-151331-160943-343502-92870-286732,0.5335449,4.688537830319019,274.8297500074841
context_length_packets,2,lpc,9f3Qjw-657-129013-78427-348770-228203-60643-7188,0.05929164,4.724816995065458,20.737749990075827
context_length_packets,2,nn,9f3Qjw-657-129013-78427-348770-228203-60643-7188,0.10699913,4.72482424399959,261.28274999791756
context_length_packets,2,lpc,i0Ocoe-610-395609-211084-211212-108056-187519-202035,0.52585,4.621844758709009,21.097500051837415
context_length_packets,2,nn,i0Ocoe-610-395609-211084-211212-108056-187519-202035,0.49296504,4.620898928361038,259.4334000023082
context_length_packets,2,lpc,Th8NDe-613-23535-495997-395609-270487-329331-383770,0.1321443,4.643080446570826,20.923250005580485
context_length_packets,2,nn,Th8NDe-613-23535-495997-395609-270487-329331-383770,0.29965094,4.642676449117557,254.39445005031303
context_length_packets,2,lpc,ui9aDp-122-292323-379538-386883-287427-306759-88721,0.47310856,4.694261165398258,19.81370005523786
context_length_packets,2,nn,ui9aDp-122-292323-379538-386883-287427-306759-88721,0.43857372,4.692592146581886,253.90294997487217
context_length_packets,2,lpc,DLZvmp-426-78108-128329-469130-165684-261033-84004,5.403033,4.732047590461313,20.443349960260093
context_length_packets,2,nn,DLZvmp-426-78108-128329-469130-165684-261033-84004,3.634322,4.7320380104135715,261.9309999863617
context_length_packets,2,lpc,amZyRf-444-7708-476924-468905-275802-405424-380077,0.2253779,4.716380977746733,20.94624994788319
context_length_packets,2,nn,amZyRf-444-7708-476924-468905-275802-405424-380077,0.1201784,4.716107860711736,250.02199999289587
context_length_packets,2,lpc,ofs2Us-561-469223-161307-229618-187519-295308-129107,1.2907697,4.72420557121315,21.03020006325096
context_length_packets,2,nn,ofs2Us-561-469223-161307-229618-187519-295308-129107,0.5358052,4.724996817820417,251.63564999820665
context_length_packets,2,lpc,nQsrxi-500-35788-354893-151331-437270-461984-276516,0.017806644,4.708366701973313,20.14699997380376
context_length_packets,2,nn,nQsrxi-500-35788-354893-151331-437270-461984-276516,0.019291837,4.708368795524283,256.27024995628744
context_length_packets,2,lpc,YuwChp-152-8651-147603-379354-29563-62919-345238,2.070877e-06,4.732100990778953,20.010649983305484
context_length_packets,2,nn,YuwChp-152-8651-147603-379354-29563-62919-345238,-0.048263654,4.73210096594852,246.32114998530596
context_length_packets,2,lpc,fiBRvp-155-14754-379538-407950-108056-495971-270302,0.14803706,4.73077834916432,20.024849975015968
context_length_packets,2,nn,fiBRvp-155-14754-379538-407950-108056-495971-270302,-0.05920507,4.730801921675127,286.0581499990076
context_length_packets,2,lpc,rpdA0p-089-193291-347380-224170-426805-310105-489070,1.2703376,4.673134251061844,20.28085000347346
context_length_packets,2,nn,rpdA0p-089-193291-347380-224170-426805-310105-489070,0.9565644,4.673609324777759,263.13129998743534
context_length_packets,2,lpc,JCRPTw-618-129107-479691-343332-355104-157595-129013,0.2906904,4.683388266703312,20.05694998661056
context_length_packets,2,nn,JCRPTw-618-129107-479691-343332-355104-157595-129013,0.11255291,4.683101508076861,250.343449995853
context_length_packets,2,lpc,DfzVIp-175-379354-103913-25062-384031-343308-295308,1.5335739,4.669460390981827,20.25349996984005
context_length_packets,2,nn,DfzVIp-175-379354-103913-25062-384031-343308-295308,1.3320683,4.671015938398363,251.4632500242442
context_length_packets,2,lpc,PBDVAf-465-366971-117533-197606-160943-60681-25579,2.4377441,4.673835017558671,28.91360002104193
context_length_packets,2,nn,PBDVAf-465-366971-117533-197606-160943-60681-25579,1.3593163,4.668118835765126,242.25454998668283
context_length_packets,2,lpc,BNXFqp-404-184495-450557-10737-129636-497448-379538,-0.28227574,4.69361574009589,19.41445004194975
context_length_packets,2,nn,BNXFqp-404-184495-450557-10737-129636-497448-379538,-0.36776763,4.693364737905945,252.96675000572577
context_length_packets,2,lpc,f2JFMw-634-136860-113105-22031-310105-248646-32125,0.17655982,4.728942760560434,20.815799944102764
context_length_packets,2,nn,f2JFMw-634-136860-113105-22031-310105-248646-32125,0.10427012,4.728903596744378,257.8007999691181
context_length_packets,2,lpc,cedJli-522-192385-152140-262731-156368-123704-333757,-0.024498852,4.352098271920795,19.386600062716752
context_length_packets,2,nn,cedJli-522-192385-152140-262731-156368-123704-333757,-0.034663636,4.35129352823223,252.78829998569563
context_length_packets,2,lpc,Q4PCSi-506-317415-237079-78108-78427-235375-285778,0.45596266,3.5563678386566018,19.57564998883754
context_length_packets,2,nn,Q4PCSi-506-317415-237079-78108-78427-235375-285778,0.33973163,3.5399001604837945,251.48679997073486
context_length_packets,2,lpc,CrjLKf-468-374393-49022-14754-240504-316080-236920,0.21114968,4.727419084593254,19.880549982190132
context_length_packets,2,nn,CrjLKf-468-374393-49022-14754-240504-316080-236920,0.12888479,4.7273897357964625,251.41205004183576
context_length_packets,2,lpc,m5rDOp-062-377273-156368-185152-188815-186260-486330,2.7536428,4.732100421959958,19.767350051552057
context_length_packets,2,nn,m5rDOp-062-377273-156368-185152-188815-186260-486330,2.0071013,4.732100285152802,284.251100034453
context_length_packets,2,lpc,0mk6rp-310-146145-90733-51581-27791-50416-437215,0.001188521,4.731993002908239,20.204300002660602
context_length_packets,2,nn,0mk6rp-310-146145-90733-51581-27791-50416-437215,-0.0074926815,4.731993051469951,247.01730004744604
context_length_packets,2,lpc,fS0Vwp-324-274170-461984-129889-218396-366126-128329,1.393777,4.610336377529043,20.70409996667877
context_length_packets,2,nn,fS0Vwp-324-274170-461984-129889-218396-366126-128329,1.22535,4.606463593518328,263.49914993625134
context_length_packets,2,lpc,0Rve0i-524-469450-332402-376902-283921-64116-240504,0.16160238,4.272803085161733,22.402249975129962
context_length_packets,2,nn,0Rve0i-524-469450-332402-376902-283921-64116-240504,0.09931806,4.270705531845207,260.71419997606426
context_length_packets,2,lpc,fZg66p-070-68221-216978-377273-239730-53784-3467,0.0015720292,4.732101253034457,20.151350006926805
context_length_packets,2,nn,fZg66p-070-68221-216978-377273-239730-53784-3467,-10.03591,4.732101252351983,255.09189994772896
context_length_packets,2,lpc,Aal0cp-183-209061-91230-492922-2757-317191-461984,1.3369949,4.594788126689105,21.228350000455976
context_length_packets,2,nn,Aal0cp-183-209061-91230-492922-2757-317191-461984,1.1463016,4.593967030449768,246.80234998231754
context_length_packets,2,lpc,m8mjCs-533-485468-283456-486330-442126-2757-12865,0.9354042,4.727828483925104,22.038649942260236
context_length_packets,2,nn,m8mjCs-533-485468-283456-486330-442126-2757-12865,0.6308291,4.727107769921007,244.88670006394386
context_length_packets,2,lpc,jM2z5p-212-362995-350336-202035-87506-239730-207508,2.0961885,4.732101253016511,20.17480001086369
context_length_packets,2,nn,jM2z5p-212-362995-350336-202035-87506-239730-207508,2.249631,4.7321012530043,243.48935001762584
context_length_packets,2,lpc,Paqf1p-119-254913-443221-90733-163645-32125-188815,1.94583,4.635315391015827,22.919700073543936
context_length_packets,2,nn,Paqf1p-119-254913-443221-90733-163645-32125-188815,1.8166552,4.636576441364779,242.09700000938028
context_length_packets,2,lpc,87hwjf-487-426805-60643-437215-160943-182650-407728,0.038905777,4.661533093836805,20.01350000500679
context_length_packets,2,nn,87hwjf-487-426805-60643-437215-160943-182650-407728,0.022586212,4.661186959154618,243.64499998046085
context_length_packets,2,lpc,kDEiGp-268-254920-474864-52991-170820-165168-328121,0.0,4.709236463249331,20.277149975299835
context_length_packets,2,nn,kDEiGp-268-254920-474864-52991-170820-165168-328121,-7.015154e-05,4.709236072669572,250.7240500417538
context_length_packets,2,lpc,Mtnx5i-515-495971-279778-348676-11995-306560-418034,6.730299e-05,4.638164425380216,26.90739999525249
context_length_packets,2,nn,Mtnx5i-515-495971-279778-348676-11995-306560-418034,-9.836779e-05,4.638161003564603,243.3531999704428
context_length_packets,2,lpc,3EBeof-459-212842-454791-192385-495971-180085-113105,0.047048252,4.703960658429386,20.548100059386343
context_length_packets,2,nn,3EBeof-459-212842-454791-192385-495971-180085-113105,0.04545981,4.703987460679167,251.0020500048995
context_length_packets,2,lpc,7j8l2a-034-50416-4800-287427-123375-143976-264357,0.19948533,4.682021686024571,20.869650063104928
context_length_packets,2,nn,7j8l2a-034-50416-4800-287427-123375-143976-264357,0.26262373,4.682263149348239,259.29795001866296
context_length_packets,2,lpc,9Mkadp-302-273892-209608-109841-324591-494783-498752,0.7393616,4.651840727485771,19.892999960575253
context_length_packets,2,nn,9Mkadp-302-273892-209608-109841-324591-494783-498752,0.67194015,4.652823230156159,254.0382500155829
context_length_packets,2,lpc,u3JmNp-105-377036-373629-177809-287789-419538-221798,0.26520538,4.725306071547754,19.233050057664514
context_length_packets,2,nn,u3JmNp-105-377036-373629-177809-287789-419538-221798,0.28788644,4.725322464677687,237.47319995891303
context_length_packets,2,lpc,PiKSIp-112-109021-465867-125189-123174-211212-334242,0.7765853,4.719339212389238,21.26165002118796
context_length_packets,2,nn,PiKSIp-112-109021-465867-125189-123174-211212-334242,0.7540052,4.71819629961149,241.60379997920245
context_length_packets,2,lpc,9a98Kf-464-298969-472051-292323-179462-78575-496080,0.037688013,4.295626106870554,20.063200034201145
context_length_packets,2,nn,9a98Kf-464-298969-472051-292323-179462-78575-496080,0.048540886,4.296818977818878,239.67149999225512
context_length_packets,2,lpc,vAlA7f-458-390385-16661-177809-112031-325632-365075,0.5748158,4.731667745934789,21.231549966614693
context_length_packets,2,nn,vAlA7f-458-390385-16661-177809-112031-325632-365075,0.40276092,4.731659544812491,249.0197999868542
context_length_packets,2,lpc,U5aQJe-592-437270-129013-295308-406364-103913-497087,0.7979945,4.6875590291075415,19.62550001917407
context_length_packets,2,nn,U5aQJe-592-437270-129013-295308-406364-103913-497087,0.6664673,4.688749776551889,253.37589997798204
context_length_packets,2,lpc,HxFzMp-357-24999-343332-90733-489807-316694-345238,1.150925,4.606907223701382,19.396000017877668
context_length_packets,2,nn,HxFzMp-357-24999-343332-90733-489807-316694-345238,1.1967815,4.60950130740404,247.6822500466369
context_length_packets,2,lpc,9kbanp-261-50416-108056-469001-231167-334074-209061,0.5123093,4.718815529048857,20.802749961148947
context_length_packets,2,nn,9kbanp-261-50416-108056-469001-231167-334074-209061,0.506327,4.719095670887521,249.19850000878796
context_length_packets,2,lpc,rqqrUf-476-372299-90733-207508-318838-254913-53278,0.06761724,4.730992560157597,19.534849969204515
context_length_packets,2,nn,rqqrUf-476-372299-90733-207508-318838-254913-53278,0.14698766,4.730997212882761,244.59224997553974
context_length_packets,2,lpc,ie6iSp-097-407790-253414-334074-464643-167361-80351,1.2262625,4.726022789177101,25.551549973897636
context_length_packets,2,nn,ie6iSp-097-407790-253414-334074-464643-167361-80351,0.7971906,4.72583711217249,266.8971000239253
context_length_packets,2,lpc,FiS63i-513-129107-287427-185152-454791-121010-285778,-3.365189e-05,4.193457111417667,24.591850000433624
context_length_packets,2,nn,FiS63i-513-129107-287427-185152-454791-121010-285778,0.0019684406,4.193480366933588,285.5369999888353
context_length_packets,2,lpc,BBcZPi-501-456735-480197-495997-497448-326140-134118,0.0032769623,4.71323005963731,24.284749990329146
context_length_packets,2,nn,BBcZPi-501-456735-480197-495997-497448-326140-134118,0.0028439367,4.713229211130818,244.73400006536394
context_length_packets,2,lpc,5OQdwp-063-348077-460359-16661-112031-224170-197606,1.6646904,4.711919759909948,28.170800011139363
context_length_packets,2,nn,5OQdwp-063-348077-460359-16661-112031-224170-197606,0.85027516,4.709406947994767,255.48614998115227
context_length_packets,2,lpc,riuiap-287-319764-286732-35325-55646-391852-1246,0.51130754,4.597460466427975,22.89134997408837
context_length_packets,2,nn,riuiap-287-319764-286732-35325-55646-391852-1246,0.49731374,4.598357122248082,259.4029500032775
context_length_packets,2,lpc,6TUCvp-352-108130-78807-55646-250174-386302-414547,0.26713172,4.427331607258887,19.899599952623248
context_length_packets,2,nn,6TUCvp-352-108130-78807-55646-250174-386302-414547,0.3171636,4.428634832621189,259.35260008554906
context_length_packets,2,lpc,KIklei-503-156368-5054-151331-161307-380077-177809,0.027841525,4.373141050243522,21.234599989838898
context_length_packets,2,nn,KIklei-503-156368-5054-151331-161307-380077-177809,0.0038946092,4.371733266316863,270.94090002356097
context_length_packets,2,lpc,zVlcap-263-274542-472051-376372-248785-476225-35325,0.9840522,4.732100944004336,24.988249992020428
context_length_packets,2,nn,zVlcap-263-274542-472051-376372-248785-476225-35325,0.7860777,4.732100954987972,246.16019998211414
context_length_packets,2,lpc,BLAVyp-401-374393-353502-276516-464643-247007-280816,0.0,4.712889036684031,26.741850015241653
context_length_packets,2,nn,BLAVyp-401-374393-353502-276516-464643-247007-280816,0.00022313133,4.712888877071476,247.61025002226233
context_length_packets,2,lpc,5Lu6ui-514-135410-151381-124082-173176-644-324310,-0.02834919,4.587314571153135,20.12910001212731
context_length_packets,2,nn,5Lu6ui-514-135410-151381-124082-173176-644-324310,-0.021280097,4.587293567994367,248.08834999566898
context_length_packets,2,lpc,lzFhsp-134-377273-280816-60681-369034-268009-11995,0.4206958,4.696398723705096,20.454399986192584
context_length_packets,2,nn,lzFhsp-134-377273-280816-60681-369034-268009-11995,0.23176172,4.695984436288219,244.0400499617681
context_length_packets,2,lpc,nSu3Cp-366-41411-362672-285778-222370-421926-202035,1.3790705,4.7150329525683485,20.883499993942678
context_length_packets,2,nn,nSu3Cp-366-41411-362672-285778-222370-421926-202035,1.0977398,4.714447601645861,241.1009999923408
context_length_packets,2,lpc,cUyODs-564-324456-286869-479691-123056-485468-274323,2.6069756,4.729706732897407,20.774300035554916
context_length_packets,2,nn,cUyODs-564-324456-286869-479691-123056-485468-274323,2.2396169,4.729713032599156,246.06909998692572
context_length_packets,2,lpc,TkK5fp-380-229618-476225-311495-339484-11995-7708,0.6573758,4.729052108952655,21.019250038079917
context_length_packets,2,nn,TkK5fp-380-229618-476225-311495-339484-11995-7708,0.49681184,4.729035378162365,244.83065004460514
context_length_packets,2,lpc,AHwsQs-538-108297-304214-140209-237079-426805-448869,0.09739427,4.732101197787619,26.623799989465624
context_length_packets,2,nn,AHwsQs-538-108297-304214-140209-237079-426805-448869,-0.0017779532,4.732101197964342,267.72900007199496
context_length_packets,2,lpc,RkoxIi-499-395609-17243-276516-68344-191485-476225,0.015737044,4.716551122410381,19.288700015749782
context_length_packets,2,nn,RkoxIi-499-395609-17243-276516-68344-191485-476225,0.015672047,4.716524593592556,242.3338499502279
context_length_packets,2,lpc,YLEXwp-335-240298-183720-447487-129636-202035-44660,0.25553593,4.727255740263693,19.808700017165393
context_length_packets,2,nn,YLEXwp-335-240298-183720-447487-129636-202035-44660,0.24163796,4.727312298349112,241.5735000395216
context_length_packets,2,lpc,rn9v1e-583-369034-383770-175927-399756-390385-383479,1.3068027,4.593902330691877,19.96180001879111
context_length_packets,2,nn,rn9v1e-583-369034-383770-175927-399756-390385-383479,1.0370003,4.594747169852534,238.37019997881725
context_length_packets,2,lpc,SSYQ1w-650-275802-13671-144360-112336-104867-157595,2.1820319,4.727998149186671,20.104499999433756
context_length_packets,2,nn,SSYQ1w-650-275802-13671-144360-112336-104867-157595,1.3762736,4.727636756244831,240.37364998366684
context_length_packets,2,lpc,4fsgkp-253-311495-209061-229618-287427-276516-38459,1.047648,4.722967349500811,19.992400018963963
context_length_packets,2,nn,4fsgkp-253-311495-209061-229618-287427-276516-38459,0.7365764,4.7228847423197635,242.85354994935915
context_length_packets,2,lpc,44Zbvs-567-179462-358526-13671-355104-116061-343332,0.42523566,4.726601920559241,19.532700011041015
context_length_packets,2,nn,44Zbvs-567-179462-358526-13671-355104-116061-343332,0.03606842,4.726567361321594,241.53274996206164
context_length_packets,2,lpc,cmHjrf-493-348077-309854-224170-458554-202179-472051,0.726167,4.690268245782157,19.739900017157197
context_length_packets,2,nn,cmHjrf-493-348077-309854-224170-458554-202179-472051,0.734402,4.691412967450825,243.76069998834282
context_length_packets,2,lpc,zQSXvp-215-498788-407950-152419-25062-51581-3467,2.6821983,4.711197454517473,24.038500036112964
context_length_packets,2,nn,zQSXvp-215-498788-407950-152419-25062-51581-3467,2.5001347,4.712145155705246,240.88230007328093
context_length_packets,2,lpc,l3Lvae-611-211084-218396-212842-198509-334833-311379,0.7374,4.651715080031554,19.80920002097264
context_length_packets,2,nn,l3Lvae-611-211084-218396-212842-198509-334833-311379,0.61086804,4.652402440711864,251.12689996603876
context_length_packets,2,lpc,LIJKja-026-447487-148409-188815-38506-78427-479691,0.026100926,4.707467099048825,20.143750007264316
context_length_packets,2,nn,LIJKja-026-447487-148409-188815-38506-78427-479691,0.0006175953,4.707733641118818,242.6879499689676
context_length_packets,2,lpc,tztd5w-640-23535-348077-410307-64116-151381-134118,-0.23321077,4.732101250124977,20.733150013256818
context_length_packets,2,nn,tztd5w-640-23535-348077-410307-64116-151381-134118,-0.3532257,4.732101250196449,247.07390007097274
context_length_packets,2,lpc,TypO9p-362-82313-390793-365346-50416-310105-275395,1.3321118,4.668335036529914,20.208199974149466
context_length_packets,2,nn,TypO9p-362-82313-390793-365346-50416-310105-275395,1.03573,4.668154388059982,243.10234998119995
context_length_packets,2,lpc,3hvoVa-051-2307-202921-218396-175927-14787-464643,0.44986755,4.6558860835440825,20.073399995453656
context_length_packets,2,nn,3hvoVa-051-2307-202921-218396-175927-14787-464643,0.38896766,4.6573296367574795,241.4176000165753
context_length_packets,2,lpc,9hvMUf-482-498788-113105-17243-63022-21827-338584,0.00064813625,4.659985514889309,21.2187499855645
context_length_packets,2,nn,9hvMUf-482-498788-113105-17243-63022-21827-338584,0.008586683,4.659925116773286,250.68895000731573
context_length_packets,2,lpc,lDN6of-450-91840-427818-353502-327883-210172-489807,0.15485674,4.655912512202329,21.12275001127273
context_length_packets,2,nn,lDN6of-450-91840-427818-353502-327883-210172-489807,0.019748993,4.655806877305048,257.92049994925037
context_length_packets,2,lpc,8b8sWp-275-88756-348733-183720-134118-226233-129107,2.6749816,4.731757393558642,20.15214995481074
context_length_packets,2,nn,8b8sWp-275-88756-348733-183720-134118-226233-129107,2.6251688,4.731795966186008,249.3716499884613
context_length_packets,2,lpc,noHubp-343-163645-17243-410906-219243-161307-221798,0.49461144,4.63613991336466,19.591249991208315
context_length_packets,2,nn,noHubp-343-163645-17243-410906-219243-161307-221798,0.29156765,4.634782764428282,248.66699997801334
context_length_packets,2,lpc,G50hup-092-363552-123056-229618-481410-299323-332402,0.053481102,4.732093983636453,19.791000057011843
context_length_packets,2,nn,G50hup-092-363552-123056-229618-481410-299323-332402,0.06773804,4.73209403474554,265.81855001859367
context_length_packets,2,lpc,FPRIpe-578-474864-126584-425422-304828-148409-10737,0.25450927,4.664821291827014,20.021900010760874
context_length_packets,2,nn,FPRIpe-578-474864-126584-425422-304828-148409-10737,0.27441937,4.663599356008027,243.83449996821582
context_length_packets,2,lpc,1zDUvp-298-108297-119460-56896-348770-68221-98443,1.3159747,4.727128535328934,20.464800007175654
context_length_packets,2,nn,1zDUvp-298-108297-119460-56896-348770-68221-98443,1.2183902,4.727080052775358,274.50310002313927
context_length_packets,2,lpc,WVKBPa-017-469001-13769-309009-430207-5054-14754,1.6035246,4.707716647077271,20.044700067956
context_length_packets,2,nn,WVKBPa-017-469001-13769-309009-430207-5054-14754,1.178623,4.7065216228876725,264.9286499945447
context_length_packets,2,lpc,fdXdMp-313-165684-111916-348770-380077-145384-347380,0.0022804728,4.7321012530423605,21.089549991302192
context_length_packets,2,nn,fdXdMp-313-165684-111916-348770-380077-145384-347380,-10.7021885,4.73210125304214,270.3341000014916
context_length_packets,2,lpc,rkSMcp-349-162269-339484-74769-12865-363552-41411,1.1402198,4.510958037644521,26.72004996566102
context_length_packets,2,nn,rkSMcp-349-162269-339484-74769-12865-363552-41411,0.97219706,4.511260131126333,256.0296499868855
context_length_packets,2,lpc,avuTLe-585-474206-355130-317191-361413-333474-248785,-0.06693712,4.6795813748267605,26.418900000862777
context_length_packets,2,nn,avuTLe-585-474206-355130-317191-361413-333474-248785,-0.09640242,4.680570968888199,277.8262000065297
context_length_packets,2,lpc,1Q0zzp-067-496080-227228-300626-311379-247007-1214,1.5416744,4.719416930933123,19.757799978833646
context_length_packets,2,nn,1Q0zzp-067-496080-227228-300626-311379-247007-1214,1.047811,4.719121058275432,240.55890005547553
context_length_packets,2,lpc,k2rvsa-021-181149-117176-94351-2985-340579-209061,0.5162277,4.731110156345959,20.67035000072792
context_length_packets,2,nn,k2rvsa-021-181149-117176-94351-2985-340579-209061,0.47136295,4.731128061142323,244.82535000424832
context_length_packets,2,lpc,DmpOYi-525-91230-450251-209608-292323-92870-38506,0.09695281,4.535909119229414,19.31464998051524
context_length_packets,2,nn,DmpOYi-525-91230-450251-209608-292323-92870-38506,0.10603425,4.5352817841544555,240.98000000230968
context_length_packets,2,lpc,cZ9D6w-670-134118-41411-423587-125189-84055-98443,0.23333842,4.725071863976067,20.756950019858778
context_length_packets,2,nn,cZ9D6w-670-134118-41411-423587-125189-84055-98443,0.28913534,4.7250656781147224,245.6597999553196
context_length_packets,2,lpc,wD39yw-617-350336-91230-365075-384274-339484-27577,0.44738594,4.531272343226972,19.619899976532906
context_length_packets,2,nn,wD39yw-617-350336-91230-365075-384274-339484-27577,0.47575045,4.5314937090938825,246.1565500125289
context_length_packets,2,lpc,jFujMp-258-2985-422977-276516-270302-316694-390385,2.422584,4.730078846636046,20.50174999749288
context_length_packets,2,nn,jFujMp-258-2985-422977-276516-270302-316694-390385,2.3056529,4.730172191713368,241.84134998358786
context_length_packets,2,lpc,ainjFp-098-145384-88756-289593-274542-488804-292564,1.0240881,4.694454927612756,20.049150043632835
context_length_packets,2,nn,ainjFp-098-145384-88756-289593-274542-488804-292564,0.99917054,4.694471175411326,251.14879995817319
context_length_packets,2,lpc,rllgnp-282-21827-2985-183720-67455-409746-330730,-0.045091067,4.732100614226033,20.529049972537905
context_length_packets,2,nn,rllgnp-282-21827-2985-183720-67455-409746-330730,-0.042390764,4.73210061469509,243.96145000355318
context_length_packets,2,lpc,ck2Uxp-081-495997-135873-82313-377039-373629-268363,1.3843209,4.731979231109657,19.40330001525581
context_length_packets,2,nn,ck2Uxp-081-495997-135873-82313-377039-373629-268363,1.1572556,4.731978027375186,246.63524999050424
context_length_packets,2,lpc,jhRr0p-088-489070-351855-386883-172725-333766-16976,1.1925124,4.731611546493817,25.923149951267987
context_length_packets,2,nn,jhRr0p-088-489070-351855-386883-172725-333766-16976,1.0928429,4.731621682974387,251.4922499540262
context_length_packets,2,lpc,oRqMra-058-167772-480197-43889-36331-135873-265166,0.2223844,4.731666936605355,19.920149992685765
context_length_packets,2,nn,oRqMra-058-167772-480197-43889-36331-135873-265166,0.09320313,4.731649168336292,236.47824994986877
context_length_packets,2,lpc,d4LtRw-656-379354-74769-192385-202921-93885-62534,3.624034e-06,4.732100891561965,23.656549979932606
context_length_packets,2,nn,d4LtRw-656-379354-74769-192385-202921-93885-62534,-0.061767235,4.732100900446216,249.83329995302483
context_length_packets,2,lpc,tXap2p-281-298969-9753-281965-457067-162269-329331,0.51713276,4.7261141397034905,23.944650019984692
context_length_packets,2,nn,tXap2p-281-298969-9753-281965-457067-162269-329331,0.5639682,4.726169052603501,298.47820004215464
context_length_packets,2,lpc,IIhdup-184-282845-322947-195637-315211-10737-386302,1.112976,4.5243054884135,26.614149974193424
context_length_packets,2,nn,IIhdup-184-282845-322947-195637-315211-10737-386302,1.1707015,4.5272218708633485,241.08955002157018
context_length_packets,2,lpc,Q1VJ4p-396-67099-191485-442126-324310-384031-392966,10.846199,4.732101048163754,20.106650015804917
context_length_packets,2,nn,Q1VJ4p-396-67099-191485-442126-324310-384031-392966,6.445288,4.732100250724814,251.30760000320151
context_length_packets,2,lpc,IJqofi-526-68304-236920-183720-152419-94351-316080,0.0011139892,4.53853816022537,21.185699966736138
context_length_packets,2,nn,IJqofi-526-68304-236920-183720-152419-94351-316080,-0.027927373,4.539709383126269,254.54955000896007
context_length_packets,2,lpc,MJEnPs-553-484336-261033-237079-274170-257745-343308,0.20416749,4.731656895872484,19.490950042381883
context_length_packets,2,nn,MJEnPs-553-484336-261033-237079-274170-257745-343308,0.077889726,4.731662550492121,267.69505004631355
context_length_packets,2,lpc,oK9Hxs-550-7708-104867-460359-299323-420765-264795,1.3720273,4.7283417822649145,27.331699966453016
context_length_packets,2,nn,oK9Hxs-550-7708-104867-460359-299323-420765-264795,1.14002,4.728199439366824,252.46625003637746
context_length_packets,2,lpc,ItvEYp-187-347380-151331-160943-343502-92870-286732,0.62309176,4.6942138371427635,19.738900009542704
context_length_packets,2,nn,ItvEYp-187-347380-151331-160943-343502-92870-286732,0.5882673,4.694785850001409,248.1372999609448
context_length_packets,4,lpc,9f3Qjw-657-129013-78427-348770-228203-60643-7188,-0.25871158,4.725405025554251,24.813099997118115
context_length_packets,4,nn,9f3Qjw-657-129013-78427-348770-228203-60643-7188,-0.23468599,4.725473781318845,316.7880499968305
context_length_packets,4,lpc,i0Ocoe-610-395609-211084-211212-108056-187519-202035,0.6296187,4.625911616423428,26.735199964605272
context_length_packets,4,nn,i0Ocoe-610-395609-211084-211212-108056-187519-202035,0.6621938,4.624596120085902,281.4447499695234
context_length_packets,4,lpc,Th8NDe-613-23535-495997-395609-270487-329331-383770,0.5249073,4.6434210425427045,25.444299972150475
context_length_packets,4,nn,Th8NDe-613-23535-495997-395609-270487-329331-383770,0.69519424,4.643213407856239,287.0930000208318
context_length_packets,4,lpc,ui9aDp-122-292323-379538-386883-287427-306759-88721,0.47149625,4.699589977838178,24.857999989762902
context_length_packets,4,nn,ui9aDp-122-292323-379538-386883-287427-306759-88721,0.56139356,4.693477164924968,288.8941000564955
context_length_packets,4,lpc,DLZvmp-426-78108-128329-469130-165684-261033-84004,7.5448413,4.732097764027935,23.473899986129254
context_length_packets,4,nn,DLZvmp-426-78108-128329-469130-165684-261033-84004,6.4795227,4.73207007257018,276.76519996020943
context_length_packets,4,lpc,amZyRf-444-7708-476924-468905-275802-405424-380077,0.3739649,4.717003361682333,24.314099980983883
context_length_packets,4,nn,amZyRf-444-7708-476924-468905-275802-405424-380077,0.20962164,4.716341302447823,277.33325003646314
context_length_packets,4,lpc,ofs2Us-561-469223-161307-229618-187519-295308-129107,2.0718017,4.7263749986193115,25.578250002581626
context_length_packets,4,nn,ofs2Us-561-469223-161307-229618-187519-295308-129107,1.2322496,4.725814660814182,286.47014999296516
context_length_packets,4,lpc,nQsrxi-500-35788-354893-151331-437270-461984-276516,0.03899762,4.708688394949537,26.07149997493252
context_length_packets,4,nn,nQsrxi-500-35788-354893-151331-437270-461984-276516,0.049545247,4.708691110616455,517.6346499938518
context_length_packets,4,lpc,YuwChp-152-8651-147603-379354-29563-62919-345238,5.1771904e-06,4.732100990778951,29.020350018981844
context_length_packets,4,nn,YuwChp-152-8651-147603-379354-29563-62919-345238,0.025741193,4.73210099502291,362.6098500099033
context_length_packets,4,lpc,fiBRvp-155-14754-379538-407950-108056-495971-270302,0.44185454,4.730794594017722,26.13584994105622
context_length_packets,4,nn,fiBRvp-155-14754-379538-407950-108056-495971-270302,0.03620448,4.730815962254516,384.46234998991713
context_length_packets,4,lpc,rpdA0p-089-193291-347380-224170-426805-310105-489070,2.2379396,4.685097713769552,26.44894999684766
context_length_packets,4,nn,rpdA0p-089-193291-347380-224170-426805-310105-489070,1.6726279,4.683008115029807,368.5412000049837
context_length_packets,4,lpc,JCRPTw-618-129107-479691-343332-355104-157595-129013,0.35107788,4.685888455869114,25.455850001890212
context_length_packets,4,nn,JCRPTw-618-129107-479691-343332-355104-157595-129013,0.5233862,4.6866138503646795,358.16519998479635
context_length_packets,4,lpc,DfzVIp-175-379354-103913-25062-384031-343308-295308,1.5826166,4.686489319619116,34.07215001061559
context_length_packets,4,nn,DfzVIp-175-379354-103913-25062-384031-343308-295308,0.81723833,4.689742990431673,385.0525999441743
context_length_packets,4,lpc,PBDVAf-465-366971-117533-197606-160943-60681-25579,5.3144474,4.691919336038223,25.197550014127046
context_length_packets,4,nn,PBDVAf-465-366971-117533-197606-160943-60681-25579,1.8024074,4.67060753129334,361.8995000142604
context_length_packets,4,lpc,BNXFqp-404-184495-450557-10737-129636-497448-379538,-0.298607,4.693817846304039,26.69304999290034
context_length_packets,4,nn,BNXFqp-404-184495-450557-10737-129636-497448-379538,-0.33593717,4.6934089152038885,363.65164996823296
context_length_packets,4,lpc,f2JFMw-634-136860-113105-22031-310105-248646-32125,-0.5924023,4.73017956601239,24.9982500099577
context_length_packets,4,nn,f2JFMw-634-136860-113105-22031-310105-248646-32125,-1.0743667,4.730587539015003,355.45270005241036
context_length_packets,4,lpc,cedJli-522-192385-152140-262731-156368-123704-333757,-0.0129288165,4.351970489549251,25.588999968022108
context_length_packets,4,nn,cedJli-522-192385-152140-262731-156368-123704-333757,0.025200767,4.3505062482016985,367.83760000253096
context_length_packets,4,lpc,Q4PCSi-506-317415-237079-78108-78427-235375-285778,1.1847305,3.638175956628684,35.37805000087246
context_length_packets,4,nn,Q4PCSi-506-317415-237079-78108-78427-235375-285778,1.0374599,3.6199753592257995,471.0361500037834
context_length_packets,4,lpc,CrjLKf-468-374393-49022-14754-240504-316080-236920,0.29143453,4.727463417853265,24.3597500375472
context_length_packets,4,nn,CrjLKf-468-374393-49022-14754-240504-316080-236920,0.19003153,4.727451830255307,287.27545007131994
context_length_packets,4,lpc,m5rDOp-062-377273-156368-185152-188815-186260-486330,6.5580297,4.732100919282551,26.000650017522275
context_length_packets,4,nn,m5rDOp-062-377273-156368-185152-188815-186260-486330,3.973464,4.732100613038099,277.5091500370763
context_length_packets,4,lpc,0mk6rp-310-146145-90733-51581-27791-50416-437215,-0.003906655,4.73199317390055,25.141249992884696
context_length_packets,4,nn,0mk6rp-310-146145-90733-51581-27791-50416-437215,-0.023556843,4.73199321273844,283.4776999661699
context_length_packets,4,lpc,fS0Vwp-324-274170-461984-129889-218396-366126-128329,3.9688337,4.64959240499802,26.1799999861978
context_length_packets,4,nn,fS0Vwp-324-274170-461984-129889-218396-366126-128329,1.1733185,4.619839373876626,282.27314999094233
context_length_packets,4,lpc,0Rve0i-524-469450-332402-376902-283921-64116-240504,0.34920514,4.281728979673057,26.30515000782907
context_length_packets,4,nn,0Rve0i-524-469450-332402-376902-283921-64116-240504,0.15586129,4.274821670386009,283.39765005512163
context_length_packets,4,lpc,fZg66p-070-68221-216978-377273-239730-53784-3467,0.003568726,4.732101253034456,29.793199966661632
context_length_packets,4,nn,fZg66p-070-68221-216978-377273-239730-53784-3467,-12.769355,4.732101250510199,284.2475999495946
context_length_packets,4,lpc,Aal0cp-183-209061-91230-492922-2757-317191-461984,2.8504124,4.622683393967255,26.66834997944534
context_length_packets,4,nn,Aal0cp-183-209061-91230-492922-2757-317191-461984,2.5790167,4.621380943798398,323.87705007568
context_length_packets,4,lpc,m8mjCs-533-485468-283456-486330-442126-2757-12865,0.3285439,4.729554412986767,24.946499965153635
context_length_packets,4,nn,m8mjCs-533-485468-283456-486330-442126-2757-12865,0.75776935,4.7280240641522155,278.31439999863505
context_length_packets,4,lpc,jM2z5p-212-362995-350336-202035-87506-239730-207508,1.1989686,4.732101253005159,25.061999971512705
context_length_packets,4,nn,jM2z5p-212-362995-350336-202035-87506-239730-207508,1.6490166,4.732101252952804,283.48104999167845
context_length_packets,4,lpc,Paqf1p-119-254913-443221-90733-163645-32125-188815,3.1617937,4.6678272358162385,24.41594994161278
context_length_packets,4,nn,Paqf1p-119-254913-443221-90733-163645-32125-188815,3.0238757,4.670115082224923,297.14894999051467
context_length_packets,4,lpc,87hwjf-487-426805-60643-437215-160943-182650-407728,0.070457496,4.661842214404737,27.81719993799925
context_length_packets,4,nn,87hwjf-487-426805-60643-437215-160943-182650-407728,0.058387093,4.6612406751657804,332.29609997943044
context_length_packets,4,lpc,kDEiGp-268-254920-474864-52991-170820-165168-328121,0.0,4.709236463249345,24.52434995211661
context_length_packets,4,nn,kDEiGp-268-254920-474864-52991-170820-165168-328121,-0.0003789871,4.7092368762917065,273.48500001244247
context_length_packets,4,lpc,Mtnx5i-515-495971-279778-348676-11995-306560-418034,-1.8379076e-05,4.638163420189436,26.66729997145012
context_length_packets,4,nn,Mtnx5i-515-495971-279778-348676-11995-306560-418034,-0.00012296009,4.638165563880407,285.02060001483187
context_length_packets,4,lpc,3EBeof-459-212842-454791-192385-495971-180085-113105,0.04464308,4.704381239988022,25.252350082155317
context_length_packets,4,nn,3EBeof-459-212842-454791-192385-495971-180085-113105,0.008240482,4.7044104662651876,281.616699998267
context_length_packets,4,lpc,7j8l2a-034-50416-4800-287427-123375-143976-264357,0.20216554,4.682165224542098,25.432399997953326
context_length_packets,4,nn,7j8l2a-034-50416-4800-287427-123375-143976-264357,0.3630013,4.6826237604187675,276.5461499802768
context_length_packets,4,lpc,9Mkadp-302-273892-209608-109841-324591-494783-498752,0.14269334,4.66918449952939,25.444200029596686
context_length_packets,4,nn,9Mkadp-302-273892-209608-109841-324591-494783-498752,0.39882946,4.662810635941076,277.5062500149943
context_length_packets,4,lpc,u3JmNp-105-377036-373629-177809-287789-419538-221798,0.3877026,4.725414852028761,24.5956500293687
context_length_packets,4,nn,u3JmNp-105-377036-373629-177809-287789-419538-221798,0.66068935,4.7255696068305095,285.94974998850375
context_length_packets,4,lpc,PiKSIp-112-109021-465867-125189-123174-211212-334242,3.5611465,4.722295793114132,25.94374999171123
context_length_packets,4,nn,PiKSIp-112-109021-465867-125189-123174-211212-334242,1.6231836,4.719555534450118,305.228800047189
context_length_packets,4,lpc,9a98Kf-464-298969-472051-292323-179462-78575-496080,0.06383703,4.298314141423078,24.762249959167093
context_length_packets,4,nn,9a98Kf-464-298969-472051-292323-179462-78575-496080,0.056636207,4.297839802551959,273.9853499806486
context_length_packets,4,lpc,vAlA7f-458-390385-16661-177809-112031-325632-365075,1.1800787,4.731717332722495,25.282999966293573
context_length_packets,4,nn,vAlA7f-458-390385-16661-177809-112031-325632-365075,0.32244796,4.731685049130631,274.27185006672516
context_length_packets,4,lpc,U5aQJe-592-437270-129013-295308-406364-103913-497087,2.0422776,4.694896947318204,25.866099982522428
context_length_packets,4,nn,U5aQJe-592-437270-129013-295308-406364-103913-497087,1.2661943,4.694716323591974,276.03795006871223
context_length_packets,4,lpc,HxFzMp-357-24999-343332-90733-489807-316694-345238,2.9221015,4.6237579212987026,24.0644000004977
context_length_packets,4,nn,HxFzMp-357-24999-343332-90733-489807-316694-345238,0.54842067,4.6273469126415385,279.4193000299856
context_length_packets,4,lpc,9kbanp-261-50416-108056-469001-231167-334074-209061,1.3130653,4.720019079723091,25.966449989937246
context_length_packets,4,nn,9kbanp-261-50416-108056-469001-231167-334074-209061,1.1406324,4.720020026645971,283.24189997510985
context_length_packets,4,lpc,rqqrUf-476-372299-90733-207508-318838-254913-53278,0.059120037,4.731008756286348,25.249450001865625
context_length_packets,4,nn,rqqrUf-476-372299-90733-207508-318838-254913-53278,0.11832782,4.731007149055306,296.17955000139773
context_length_packets,4,lpc,ie6iSp-097-407790-253414-334074-464643-167361-80351,2.9958587,4.727463044217686,26.53129998361692
context_length_packets,4,nn,ie6iSp-097-407790-253414-334074-464643-167361-80351,0.9578851,4.726638353660451,277.8754999744706
context_length_packets,4,lpc,FiS63i-513-129107-287427-185152-454791-121010-285778,-0.0007455799,4.193477568437542,28.683950076811016
context_length_packets,4,nn,FiS63i-513-129107-287427-185152-454791-121010-285778,-0.0043707145,4.193508384594158,277.31495001353323
context_length_packets,4,lpc,BBcZPi-501-456735-480197-495997-497448-326140-134118,0.0014700742,4.713227738515638,25.937300000805408
context_length_packets,4,nn,BBcZPi-501-456735-480197-495997-497448-326140-134118,-8.568341e-05,4.713230039602175,277.1821999922395
context_length_packets,4,lpc,5OQdwp-063-348077-460359-16661-112031-224170-197606,4.496078,4.720056124840838,24.038099974859506
context_length_packets,4,nn,5OQdwp-063-348077-460359-16661-112031-224170-197606,1.1281124,4.712037631646917,279.7320000245236
context_length_packets,4,lpc,riuiap-287-319764-286732-35325-55646-391852-1246,0.043026082,4.621779331198164,25.056199985556304
context_length_packets,4,nn,riuiap-287-319764-286732-35325-55646-391852-1246,-0.045777194,4.624841110417596,280.622550053522
context_length_packets,4,lpc,6TUCvp-352-108130-78807-55646-250174-386302-414547,0.26809993,4.427953803121879,25.19384998595342
context_length_packets,4,nn,6TUCvp-352-108130-78807-55646-250174-386302-414547,0.3890538,4.429971311678878,275.94119997229427
context_length_packets,4,lpc,KIklei-503-156368-5054-151331-161307-380077-177809,0.025217753,4.375383753692558,29.008749988861382
context_length_packets,4,nn,KIklei-503-156368-5054-151331-161307-380077-177809,0.021698203,4.371959572219891,282.7945999451913
context_length_packets,4,lpc,zVlcap-263-274542-472051-376372-248785-476225-35325,0.9764001,4.732100942056599,26.18879999499768
context_length_packets,4,nn,zVlcap-263-274542-472051-376372-248785-476225-35325,0.91398084,4.732100950923366,297.00364999007434
context_length_packets,4,lpc,BLAVyp-401-374393-353502-276516-464643-247007-280816,0.0,4.7128890390932145,24.414149986114353
context_length_packets,4,nn,BLAVyp-401-374393-353502-276516-464643-247007-280816,0.0002614404,4.712889157263772,277.8989999787882
context_length_packets,4,lpc,5Lu6ui-514-135410-151381-124082-173176-644-324310,-0.025223915,4.587287282952701,23.899200023151934
context_length_packets,4,nn,5Lu6ui-514-135410-151381-124082-173176-644-324310,-0.020902403,4.587282481318619,303.23660001158714
context_length_packets,4,lpc,lzFhsp-134-377273-280816-60681-369034-268009-11995,0.80779755,4.700414718421166,35.21520004142076
context_length_packets,4,nn,lzFhsp-134-377273-280816-60681-369034-268009-11995,0.52812535,4.699904705930923,287.1593000018038
context_length_packets,4,lpc,nSu3Cp-366-41411-362672-285778-222370-421926-202035,3.8672285,4.719484848959519,24.567499989643693
context_length_packets,4,nn,nSu3Cp-366-41411-362672-285778-222370-421926-202035,1.3496187,4.716802749421447,289.85539998393506
context_length_packets,4,lpc,cUyODs-564-324456-286869-479691-123056-485468-274323,4.658024,4.730746906099882,25.613649981096387
context_length_packets,4,nn,cUyODs-564-324456-286869-479691-123056-485468-274323,2.89714,4.730243862315996,293.27490006107837
context_length_packets,4,lpc,TkK5fp-380-229618-476225-311495-339484-11995-7708,1.6863458,4.729307534017179,25.499099981971085
context_length_packets,4,nn,TkK5fp-380-229618-476225-311495-339484-11995-7708,1.1570618,4.729211811771522,284.40070000942796
context_length_packets,4,lpc,AHwsQs-538-108297-304214-140209-237079-426805-448869,0.08886743,4.732101198243577,26.17934998124838
context_length_packets,4,nn,AHwsQs-538-108297-304214-140209-237079-426805-448869,-0.0633671,4.732101198519904,274.58290004869923
context_length_packets,4,lpc,RkoxIi-499-395609-17243-276516-68344-191485-476225,0.0070611257,4.716632696119886,26.64584998274222
context_length_packets,4,nn,RkoxIi-499-395609-17243-276516-68344-191485-476225,0.012998581,4.716578105660412,282.30915003223345
context_length_packets,4,lpc,YLEXwp-335-240298-183720-447487-129636-202035-44660,-0.28171554,4.728585334016211,25.500999996438622
context_length_packets,4,nn,YLEXwp-335-240298-183720-447487-129636-202035-44660,-0.47961637,4.7289310384346255,317.7525500068441
context_length_packets,4,lpc,rn9v1e-583-369034-383770-175927-399756-390385-383479,3.2465348,4.6191514920287045,24.553249997552484
context_length_packets,4,nn,rn9v1e-583-369034-383770-175927-399756-390385-383479,1.9675254,4.614252684932255,279.0120000136085
context_length_packets,4,lpc,SSYQ1w-650-275802-13671-144360-112336-104867-157595,1.8332605,4.729901753069985,25.482999975793064
context_length_packets,4,nn,SSYQ1w-650-275802-13671-144360-112336-104867-157595,0.43532,4.728045515442114,275.83609998691827
context_length_packets,4,lpc,4fsgkp-253-311495-209061-229618-287427-276516-38459,2.356185,4.724232493425609,24.911299988161772
context_length_packets,4,nn,4fsgkp-253-311495-209061-229618-287427-276516-38459,1.5991147,4.72367569534312,284.0773499920033
context_length_packets,4,lpc,44Zbvs-567-179462-358526-13671-355104-116061-343332,0.7973767,4.726894469734625,24.151249963324517
context_length_packets,4,nn,44Zbvs-567-179462-358526-13671-355104-116061-343332,0.3495467,4.726633186188208,276.8186999601312
context_length_packets,4,lpc,cmHjrf-493-348077-309854-224170-458554-202179-472051,0.70812106,4.696577131275573,24.592050001956522
context_length_packets,4,nn,cmHjrf-493-348077-309854-224170-458554-202179-472051,0.6312218,4.6971862998026435,283.40115008177236
context_length_packets,4,lpc,zQSXvp-215-498788-407950-152419-25062-51581-3467,3.0254517,4.715271088742814,24.500049999915063
context_length_packets,4,nn,zQSXvp-215-498788-407950-152419-25062-51581-3467,2.9152582,4.715467200974773,281.5807499573566
context_length_packets,4,lpc,l3Lvae-611-211084-218396-212842-198509-334833-311379,1.1237032,4.654905869929992,27.12925005471334
context_length_packets,4,nn,l3Lvae-611-211084-218396-212842-198509-334833-311379,0.40636635,4.653802192760017,288.22599997511134
context_length_packets,4,lpc,LIJKja-026-447487-148409-188815-38506-78427-479691,0.21112995,4.707908356688089,25.754400005098432
context_length_packets,4,nn,LIJKja-026-447487-148409-188815-38506-78427-479691,0.18535244,4.7082883670766495,273.754799971357
context_length_packets,4,lpc,tztd5w-640-23535-348077-410307-64116-151381-134118,-0.10248111,4.732101250096408,28.825599991250783
context_length_packets,4,nn,tztd5w-640-23535-348077-410307-64116-151381-134118,-0.2577712,4.732101250129246,280.6516500422731
context_length_packets,4,lpc,TypO9p-362-82313-390793-365346-50416-310105-275395,3.7076645,4.686231568319512,25.303900009021163
context_length_packets,4,nn,TypO9p-362-82313-390793-365346-50416-310105-275395,1.9019132,4.682000039372026,281.3696000375785
context_length_packets,4,lpc,3hvoVa-051-2307-202921-218396-175927-14787-464643,1.0985472,4.6614141140417225,28.066399972885847
context_length_packets,4,nn,3hvoVa-051-2307-202921-218396-175927-14787-464643,0.8149464,4.661060216301463,280.8120499830693
context_length_packets,4,lpc,9hvMUf-482-498788-113105-17243-63022-21827-338584,-0.011041965,4.660058088490656,24.34559998800978
context_length_packets,4,nn,9hvMUf-482-498788-113105-17243-63022-21827-338584,-0.000860017,4.659926003280088,275.0712499837391
context_length_packets,4,lpc,lDN6of-450-91840-427818-353502-327883-210172-489807,0.19943142,4.656056229986634,25.876500003505498
context_length_packets,4,nn,lDN6of-450-91840-427818-353502-327883-210172-489807,0.07517798,4.655855859102681,285.4564000153914
context_length_packets,4,lpc,8b8sWp-275-88756-348733-183720-134118-226233-129107,5.8941836,4.731998011861725,25.731699948664755
context_length_packets,4,nn,8b8sWp-275-88756-348733-183720-134118-226233-129107,1.9966159,4.731965661066429,291.0004000295885
context_length_packets,4,lpc,noHubp-343-163645-17243-410906-219243-161307-221798,0.80271894,4.639521902031483,25.617350009270012
context_length_packets,4,nn,noHubp-343-163645-17243-410906-219243-161307-221798,0.46075684,4.635898454985687,283.15599996130913
context_length_packets,4,lpc,G50hup-092-363552-123056-229618-481410-299323-332402,0.049781717,4.732094027490012,25.46709997113794
context_length_packets,4,nn,G50hup-092-363552-123056-229618-481410-299323-332402,0.17053932,4.7320942161334,279.9692999687977
context_length_packets,4,lpc,FPRIpe-578-474864-126584-425422-304828-148409-10737,0.023474554,4.672528604398668,24.706199998036027
context_length_packets,4,nn,FPRIpe-578-474864-126584-425422-304828-148409-10737,0.23768282,4.666959017800701,286.22160002123564
context_length_packets,4,lpc,1zDUvp-298-108297-119460-56896-348770-68221-98443,3.0981126,4.728368670053566,26.814049982931465
context_length_packets,4,nn,1zDUvp-298-108297-119460-56896-348770-68221-98443,1.9781095,4.728239150470751,288.1976999924518
context_length_packets,4,lpc,WVKBPa-017-469001-13769-309009-430207-5054-14754,3.5641356,4.714252823544543,25.218800001312047
context_length_packets,4,nn,WVKBPa-017-469001-13769-309009-430207-5054-14754,1.4266145,4.711086062130205,278.7699500913732
context_length_packets,4,lpc,fdXdMp-313-165684-111916-348770-380077-145384-347380,0.030722301,4.732101253042355,25.060300016775727
context_length_packets,4,nn,fdXdMp-313-165684-111916-348770-380077-145384-347380,-13.510991,4.732101253041574,348.64395001204684
context_length_packets,4,lpc,rkSMcp-349-162269-339484-74769-12865-363552-41411,2.259646,4.532682978252904,24.699249945115298
context_length_packets,4,nn,rkSMcp-349-162269-339484-74769-12865-363552-41411,2.1367087,4.530660434534237,284.3636500183493
context_length_packets,4,lpc,avuTLe-585-474206-355130-317191-361413-333474-248785,0.042277604,4.679956116497758,24.543049978092313
context_length_packets,4,nn,avuTLe-585-474206-355130-317191-361413-333474-248785,-0.036207598,4.680897624524539,277.5076500256546
context_length_packets,4,lpc,1Q0zzp-067-496080-227228-300626-311379-247007-1214,3.6549478,4.721409948987144,27.097999991383404
context_length_packets,4,nn,1Q0zzp-067-496080-227228-300626-311379-247007-1214,1.1972045,4.71987424354457,294.8296999675222
context_length_packets,4,lpc,k2rvsa-021-181149-117176-94351-2985-340579-209061,0.5226977,4.731223108546822,26.00894996430725
context_length_packets,4,nn,k2rvsa-021-181149-117176-94351-2985-340579-209061,0.20173016,4.731245296590048,280.32015002099797
context_length_packets,4,lpc,DmpOYi-525-91230-450251-209608-292323-92870-38506,0.26824498,4.540885155370384,24.534800031688064
context_length_packets,4,nn,DmpOYi-525-91230-450251-209608-292323-92870-38506,0.28750026,4.539955440765141,286.35459998622537
context_length_packets,4,lpc,cZ9D6w-670-134118-41411-423587-125189-84055-98443,-0.3181169,4.726314800963852,25.02065000589937
context_length_packets,4,nn,cZ9D6w-670-134118-41411-423587-125189-84055-98443,-0.12154247,4.726020611172066,308.02215001313016
context_length_packets,4,lpc,wD39yw-617-350336-91230-365075-384274-339484-27577,0.4047027,4.548908506404851,24.74600001005456
context_length_packets,4,nn,wD39yw-617-350336-91230-365075-384274-339484-27577,0.6225055,4.544408894215254,302.81244998332113
context_length_packets,4,lpc,jFujMp-258-2985-422977-276516-270302-316694-390385,5.897184,4.731099565981402,24.849649984389544
context_length_packets,4,nn,jFujMp-258-2985-422977-276516-270302-316694-390385,3.4316113,4.730563323603146,293.42254996299744
context_length_packets,4,lpc,ainjFp-098-145384-88756-289593-274542-488804-292564,2.5781856,4.700524950426603,25.195599999278784
context_length_packets,4,nn,ainjFp-098-145384-88756-289593-274542-488804-292564,2.4778445,4.700126709470203,282.5993500300683
context_length_packets,4,lpc,rllgnp-282-21827-2985-183720-67455-409746-330730,-0.032888085,4.732100614259341,24.768300005234778
context_length_packets,4,nn,rllgnp-282-21827-2985-183720-67455-409746-330730,-0.026755147,4.732100615323409,271.19240001775324
context_length_packets,4,lpc,ck2Uxp-081-495997-135873-82313-377039-373629-268363,3.4883132,4.732013943252416,24.745400005485862
context_length_packets,4,nn,ck2Uxp-081-495997-135873-82313-377039-373629-268363,1.6775022,4.731999674396712,286.75705002387986
context_length_packets,4,lpc,jhRr0p-088-489070-351855-386883-172725-333766-16976,1.6386987,4.731742205837697,24.988550052512437
context_length_packets,4,nn,jhRr0p-088-489070-351855-386883-172725-333766-16976,0.8101585,4.731765695305907,494.4783500395715
context_length_packets,4,lpc,oRqMra-058-167772-480197-43889-36331-135873-265166,0.64751506,4.73191239929219,30.004050000570714
context_length_packets,4,nn,oRqMra-058-167772-480197-43889-36331-135873-265166,0.44850576,4.731814583031339,416.0895000095479
context_length_packets,4,lpc,d4LtRw-656-379354-74769-192385-202921-93885-62534,0.0005239004,4.732100891587406,29.63980007916689
context_length_packets,4,nn,d4LtRw-656-379354-74769-192385-202921-93885-62534,-0.086838,4.732100906481297,407.2678500087932
context_length_packets,4,lpc,tXap2p-281-298969-9753-281965-457067-162269-329331,1.0173693,4.72671706125306,29.75004998734221
context_length_packets,4,nn,tXap2p-281-298969-9753-281965-457067-162269-329331,0.8172324,4.726577853201389,390.33254998503253
context_length_packets,4,lpc,IIhdup-184-282845-322947-195637-315211-10737-386302,3.0355275,4.554506655076381,27.116650075186044
context_length_packets,4,nn,IIhdup-184-282845-322947-195637-315211-10737-386302,2.0465765,4.548165175962227,360.76124996179715
context_length_packets,4,lpc,Q1VJ4p-396-67099-191485-442126-324310-384031-392966,12.209153,4.732101245133974,31.153750023804605
context_length_packets,4,nn,Q1VJ4p-396-67099-191485-442126-324310-384031-392966,7.160486,4.732100646124154,437.3213999788277
context_length_packets,4,lpc,IJqofi-526-68304-236920-183720-152419-94351-316080,-0.0011963553,4.538727700931437,26.036549941636622
context_length_packets,4,nn,IJqofi-526-68304-236920-183720-152419-94351-316080,-0.038371004,4.542031781798379,361.31675000069663
context_length_packets,4,lpc,MJEnPs-553-484336-261033-237079-274170-257745-343308,0.37714773,4.731683496821402,25.03500005695969
context_length_packets,4,nn,MJEnPs-553-484336-261033-237079-274170-257745-343308,0.15800798,4.7316905340438264,279.93989997776225
context_length_packets,4,lpc,oK9Hxs-550-7708-104867-460359-299323-420765-264795,3.5445766,4.7291577421718305,25.13849997194484
context_length_packets,4,nn,oK9Hxs-550-7708-104867-460359-299323-420765-264795,1.549065,4.728382834625533,272.1316000097431
context_length_packets,4,lpc,ItvEYp-187-347380-151331-160943-343502-92870-286732,0.0077025243,4.706687422913557,24.54214997123927
context_length_packets,4,nn,ItvEYp-187-347380-151331-160943-343502-92870-286732,0.31033975,4.700191236802555,290.1110500097275
context_length_packets,8,lpc,9f3Qjw-657-129013-78427-348770-228203-60643-7188,-0.33397597,4.725944920957952,22.34924997901544
context_length_packets,8,nn,9f3Qjw-657-129013-78427-348770-228203-60643-7188,-0.54718804,4.726275296338791,365.01660000067204
context_length_packets,8,lpc,i0Ocoe-610-395609-211084-211212-108056-187519-202035,0.66933507,4.626124217600331,25.44930001022294
context_length_packets,8,nn,i0Ocoe-610-395609-211084-211212-108056-187519-202035,1.9105614,4.650935803334137,356.1807500082068
context_length_packets,8,lpc,Th8NDe-613-23535-495997-395609-270487-329331-383770,0.546255,4.644561887839421,21.418499993160367
context_length_packets,8,nn,Th8NDe-613-23535-495997-395609-270487-329331-383770,1.4561477,4.6573495176148345,360.39574997266755
context_length_packets,8,lpc,ui9aDp-122-292323-379538-386883-287427-306759-88721,0.1392512,4.705558433251317,21.571599994786084
context_length_packets,8,nn,ui9aDp-122-292323-379538-386883-287427-306759-88721,-1.155509,4.722242133126821,361.65670002810657
context_length_packets,8,lpc,DLZvmp-426-78108-128329-469130-165684-261033-84004,3.3377984,4.7320814162394615,22.98925002105534
context_length_packets,8,nn,DLZvmp-426-78108-128329-469130-165684-261033-84004,-0.24336405,4.731877246019806,399.43985000718385
context_length_packets,8,lpc,amZyRf-444-7708-476924-468905-275802-405424-380077,0.29112515,4.7200199707462165,28.054599941242486
context_length_packets,8,nn,amZyRf-444-7708-476924-468905-275802-405424-380077,-0.5714058,4.724567684614791,383.1878500059247
context_length_packets,8,lpc,ofs2Us-561-469223-161307-229618-187519-295308-129107,2.3380332,4.728344287256773,23.10549997491762
context_length_packets,8,nn,ofs2Us-561-469223-161307-229618-187519-295308-129107,-0.5387166,4.730322802126793,364.33135002152994
context_length_packets,8,lpc,nQsrxi-500-35788-354893-151331-437270-461984-276516,-0.0007227964,4.708323577066681,23.926449997816235
context_length_packets,8,nn,nQsrxi-500-35788-354893-151331-437270-461984-276516,-0.13553043,4.713826650812928,364.0655999770388
context_length_packets,8,lpc,YuwChp-152-8651-147603-379354-29563-62919-345238,1.0354375e-05,4.732100990778967,26.053400011733174
context_length_packets,8,nn,YuwChp-152-8651-147603-379354-29563-62919-345238,-0.06874532,4.732100966154485,401.59729996230453
context_length_packets,8,lpc,fiBRvp-155-14754-379538-407950-108056-495971-270302,1.0045995,4.730831316008873,23.058449965901673
context_length_packets,8,nn,fiBRvp-155-14754-379538-407950-108056-495971-270302,0.3525503,4.730788109481544,367.069200030528
context_length_packets,8,lpc,rpdA0p-089-193291-347380-224170-426805-310105-489070,2.5645268,4.689824142148841,30.498749983962625
context_length_packets,8,nn,rpdA0p-089-193291-347380-224170-426805-310105-489070,2.984291,4.69421219514868,369.03985001845285
context_length_packets,8,lpc,JCRPTw-618-129107-479691-343332-355104-157595-129013,-0.65096015,4.685746818867381,22.86054997239262
context_length_packets,8,nn,JCRPTw-618-129107-479691-343332-355104-157595-129013,-0.47574294,4.686893954995961,363.37964999256656
context_length_packets,8,lpc,DfzVIp-175-379354-103913-25062-384031-343308-295308,-0.7822612,4.702906410406962,22.358649992384017
context_length_packets,8,nn,DfzVIp-175-379354-103913-25062-384031-343308-295308,-0.8129227,4.707330517398774,366.5647000307217
context_length_packets,8,lpc,PBDVAf-465-366971-117533-197606-160943-60681-25579,9.955551,4.721873755829624,22.387899982277304
context_length_packets,8,nn,PBDVAf-465-366971-117533-197606-160943-60681-25579,4.271642,4.690341309123381,365.8950000535697
context_length_packets,8,lpc,BNXFqp-404-184495-450557-10737-129636-497448-379538,-0.53373563,4.695717083589173,22.71644998108968
context_length_packets,8,nn,BNXFqp-404-184495-450557-10737-129636-497448-379538,-0.60808015,4.697789147936658,384.3945499975234
context_length_packets,8,lpc,f2JFMw-634-136860-113105-22031-310105-248646-32125,0.09666573,4.729623997134551,22.45014999061823
context_length_packets,8,nn,f2JFMw-634-136860-113105-22031-310105-248646-32125,-0.16481651,4.729502651290714,363.2581499987282
context_length_packets,8,lpc,cedJli-522-192385-152140-262731-156368-123704-333757,-0.012123515,4.352429494081269,28.548050031531602
context_length_packets,8,nn,cedJli-522-192385-152140-262731-156368-123704-333757,0.5891968,4.404691426612029,361.3034499576315
context_length_packets,8,lpc,Q4PCSi-506-317415-237079-78108-78427-235375-285778,1.935345,3.6644049925548687,22.11000001989305
context_length_packets,8,nn,Q4PCSi-506-317415-237079-78108-78427-235375-285778,2.7445042,4.5774852259358525,362.2386999777518
context_length_packets,8,lpc,CrjLKf-468-374393-49022-14754-240504-316080-236920,0.5165155,4.727929023891312,26.907249994110316
context_length_packets,8,nn,CrjLKf-468-374393-49022-14754-240504-316080-236920,1.9451106,4.72999511754521,360.6016999692656
context_length_packets,8,lpc,m5rDOp-062-377273-156368-185152-188815-186260-486330,7.0324497,4.7321010700135915,22.760599968023598
context_length_packets,8,nn,m5rDOp-062-377273-156368-185152-188815-186260-486330,7.2727447,4.732101169939165,363.47929993644357
context_length_packets,8,lpc,0mk6rp-310-146145-90733-51581-27791-50416-437215,-0.0070010643,4.731993246443437,22.866299957968295
context_length_packets,8,nn,0mk6rp-310-146145-90733-51581-27791-50416-437215,-0.0030369682,4.731993438489065,394.075550022535
context_length_packets,8,lpc,fS0Vwp-324-274170-461984-129889-218396-366126-128329,7.8338666,4.692742346026726,33.7137000169605
context_length_packets,8,nn,fS0Vwp-324-274170-461984-129889-218396-366126-128329,10.581168,4.732006375581969,372.715649951715
context_length_packets,8,lpc,0Rve0i-524-469450-332402-376902-283921-64116-240504,0.49918923,4.291001445294887,24.883550067897886
context_length_packets,8,nn,0Rve0i-524-469450-332402-376902-283921-64116-240504,0.94496006,4.388374932395516,377.7487500337884
context_length_packets,8,lpc,fZg66p-070-68221-216978-377273-239730-53784-3467,0.007114364,4.732101253034453,22.168900002725422
context_length_packets,8,nn,fZg66p-070-68221-216978-377273-239730-53784-3467,-8.539504,4.7321012525412245,364.0057999873534
context_length_packets,8,lpc,Aal0cp-183-209061-91230-492922-2757-317191-461984,3.5263538,4.665248139743871,22.717299987562
context_length_packets,8,nn,Aal0cp-183-209061-91230-492922-2757-317191-461984,3.6550202,4.6658029679286575,366.55425000935793
context_length_packets,8,lpc,m8mjCs-533-485468-283456-486330-442126-2757-12865,-0.7076181,4.7312213345394785,24.35525000328198
context_length_packets,8,nn,m8mjCs-533-485468-283456-486330-442126-2757-12865,-0.28419715,4.730936621445421,407.10464998846874
context_length_packets,8,lpc,jM2z5p-212-362995-350336-202035-87506-239730-207508,-1.8061056,4.732101252931651,25.37850005319342
context_length_packets,8,nn,jM2z5p-212-362995-350336-202035-87506-239730-207508,-0.77500856,4.732101253036605,370.7362500135787
context_length_packets,8,lpc,Paqf1p-119-254913-443221-90733-163645-32125-188815,2.3050501,4.705284050082698,22.38465001573786
context_length_packets,8,nn,Paqf1p-119-254913-443221-90733-163645-32125-188815,0.87380165,4.731806423881034,366.5027499664575
context_length_packets,8,lpc,87hwjf-487-426805-60643-437215-160943-182650-407728,0.09161323,4.661892253544867,23.66399997845292
context_length_packets,8,nn,87hwjf-487-426805-60643-437215-160943-182650-407728,-0.19485208,4.667414255948925,385.95905009424314
context_length_packets,8,lpc,kDEiGp-268-254920-474864-52991-170820-165168-328121,0.0,4.709236463249563,22.42119994480163
context_length_packets,8,nn,kDEiGp-268-254920-474864-52991-170820-165168-328121,-7.532882e-05,4.709236405229961,390.3497999999672
context_length_packets,8,lpc,Mtnx5i-515-495971-279778-348676-11995-306560-418034,-0.000115452945,4.638163728728852,21.36544999666512
context_length_packets,8,nn,Mtnx5i-515-495971-279778-348676-11995-306560-418034,0.020473544,4.638411238151947,367.00244998792186
context_length_packets,8,lpc,3EBeof-459-212842-454791-192385-495971-180085-113105,0.03440405,4.704609728085326,22.9649999528192
context_length_packets,8,nn,3EBeof-459-212842-454791-192385-495971-180085-113105,0.055190317,4.704833442444151,375.9641500073485
context_length_packets,8,lpc,7j8l2a-034-50416-4800-287427-123375-143976-264357,0.21666995,4.68250091533883,21.891050040721893
context_length_packets,8,nn,7j8l2a-034-50416-4800-287427-123375-143976-264357,0.8842318,4.686915989843918,369.50475006597117
context_length_packets,8,lpc,9Mkadp-302-273892-209608-109841-324591-494783-498752,-0.6198745,4.682181788313889,22.359499998856336
context_length_packets,8,nn,9Mkadp-302-273892-209608-109841-324591-494783-498752,-0.80265284,4.693141368200266,376.0023000068031
context_length_packets,8,lpc,u3JmNp-105-377036-373629-177809-287789-419538-221798,0.52613163,4.725575838630392,22.421700006816536
context_length_packets,8,nn,u3JmNp-105-377036-373629-177809-287789-419538-221798,3.4823382,4.7291063762849,373.8448999938555
context_length_packets,8,lpc,PiKSIp-112-109021-465867-125189-123174-211212-334242,6.1434655,4.725478175017461,22.137500054668635
context_length_packets,8,nn,PiKSIp-112-109021-465867-125189-123174-211212-334242,6.3200693,4.731314203954353,373.8730999757536
context_length_packets,8,lpc,9a98Kf-464-298969-472051-292323-179462-78575-496080,0.07445741,4.303658417624961,21.98494999902323
context_length_packets,8,nn,9a98Kf-464-298969-472051-292323-179462-78575-496080,0.10724158,4.316599669607063,390.29104996006936
context_length_packets,8,lpc,vAlA7f-458-390385-16661-177809-112031-325632-365075,1.7825246,4.731795360596285,23.248399957083166
context_length_packets,8,nn,vAlA7f-458-390385-16661-177809-112031-325632-365075,1.8937315,4.731969854850043,392.2478999593295
context_length_packets,8,lpc,U5aQJe-592-437270-129013-295308-406364-103913-497087,3.697345,4.7050167274014,21.876149985473603
context_length_packets,8,nn,U5aQJe-592-437270-129013-295308-406364-103913-497087,4.171173,4.718619789868354,374.2540500825271
context_length_packets,8,lpc,HxFzMp-357-24999-343332-90733-489807-316694-345238,6.763399,4.662628266483651,21.910399955231696
context_length_packets,8,nn,HxFzMp-357-24999-343332-90733-489807-316694-345238,2.8455276,4.6584997077691295,363.1669500027783
context_length_packets,8,lpc,9kbanp-261-50416-108056-469001-231167-334074-209061,1.9943334,4.7215789790776395,22.993249993305653
context_length_packets,8,nn,9kbanp-261-50416-108056-469001-231167-334074-209061,3.9137726,4.730357052648932,377.4662999785505
context_length_packets,8,lpc,rqqrUf-476-372299-90733-207508-318838-254913-53278,0.07278834,4.73100177287923,27.803100005257875
context_length_packets,8,nn,rqqrUf-476-372299-90733-207508-318838-254913-53278,0.13916397,4.7310222290045445,385.84025006275624
context_length_packets,8,lpc,ie6iSp-097-407790-253414-334074-464643-167361-80351,3.399577,4.7293854294951405,23.850400000810623
context_length_packets,8,nn,ie6iSp-097-407790-253414-334074-464643-167361-80351,3.5783193,4.7284371287202855,373.6053499742411
context_length_packets,8,lpc,FiS63i-513-129107-287427-185152-454791-121010-285778,-0.00014263403,4.193518603378157,22.03955000732094
context_length_packets,8,nn,FiS63i-513-129107-287427-185152-454791-121010-285778,-0.033128574,4.197311892360325,371.235299971886
context_length_packets,8,lpc,BBcZPi-501-456735-480197-495997-497448-326140-134118,-0.00013849215,4.713228488338833,22.98924996284768
context_length_packets,8,nn,BBcZPi-501-456735-480197-495997-497448-326140-134118,-0.05272752,4.71343442805887,380.3000499610789
context_length_packets,8,lpc,5OQdwp-063-348077-460359-16661-112031-224170-197606,8.978188,4.728437197443265,22.527349996380508
context_length_packets,8,nn,5OQdwp-063-348077-460359-16661-112031-224170-197606,4.6083336,4.72619000971215,376.1479000095278
context_length_packets,8,lpc,riuiap-287-319764-286732-35325-55646-391852-1246,-0.37645516,4.643714908212027,24.276600044686347
context_length_packets,8,nn,riuiap-287-319764-286732-35325-55646-391852-1246,-0.27334982,4.640641619584683,362.79250000370666
context_length_packets,8,lpc,6TUCvp-352-108130-78807-55646-250174-386302-414547,0.010986077,4.434993183910836,21.633150056004524
context_length_packets,8,nn,6TUCvp-352-108130-78807-55646-250174-386302-414547,0.8377788,4.484323416378874,367.23389994585887
context_length_packets,8,lpc,KIklei-503-156368-5054-151331-161307-380077-177809,0.01997472,4.380719886900367,25.678499951027334
context_length_packets,8,nn,KIklei-503-156368-5054-151331-161307-380077-177809,-0.030203694,4.3997424175180875,368.6347000184469
context_length_packets,8,lpc,zVlcap-263-274542-472051-376372-248785-476225-35325,-0.22195481,4.732101000837751,23.195000016130507
context_length_packets,8,nn,zVlcap-263-274542-472051-376372-248785-476225-35325,-6.7017374,4.732101252976596,386.6050000069663
context_length_packets,8,lpc,BLAVyp-401-374393-353502-276516-464643-247007-280816,-1.2942986e-06,4.71288904449043,22.211850038729608
context_length_packets,8,nn,BLAVyp-401-374393-353502-276516-464643-247007-280816,0.00020294124,4.712889316690177,437.7061999985017
context_length_packets,8,lpc,5Lu6ui-514-135410-151381-124082-173176-644-324310,-0.029909153,4.587309300955099,21.97659999364987
context_length_packets,8,nn,5Lu6ui-514-135410-151381-124082-173176-644-324310,-0.008881491,4.587666996080285,365.70320004830137
context_length_packets,8,lpc,lzFhsp-134-377273-280816-60681-369034-268009-11995,1.1000557,4.7036325846067815,22.3314500763081
context_length_packets,8,nn,lzFhsp-134-377273-280816-60681-369034-268009-11995,1.5614815,4.714621003497452,373.1625000364147
context_length_packets,8,lpc,nSu3Cp-366-41411-362672-285778-222370-421926-202035,8.115159,4.72421729266317,22.635299945250154
context_length_packets,8,nn,nSu3Cp-366-41411-362672-285778-222370-421926-202035,8.010946,4.725556887164567,400.4442999721505
context_length_packets,8,lpc,cUyODs-564-324456-286869-479691-123056-485468-274323,4.739653,4.730749143041361,24.046000035014004
context_length_packets,8,nn,cUyODs-564-324456-286869-479691-123056-485468-274323,4.5219555,4.730644205686254,363.76884998753667
context_length_packets,8,lpc,TkK5fp-380-229618-476225-311495-339484-11995-7708,3.1468775,4.72990395384088,22.937849978916347
context_length_packets,8,nn,TkK5fp-380-229618-476225-311495-339484-11995-7708,2.6648383,4.729960628765775,422.02409997116774
context_length_packets,8,lpc,AHwsQs-538-108297-304214-140209-237079-426805-448869,-0.5762095,4.7321012084494285,24.679799971636385
context_length_packets,8,nn,AHwsQs-538-108297-304214-140209-237079-426805-448869,-0.52785003,4.732101220952588,371.4799500303343
context_length_packets,8,lpc,RkoxIi-499-395609-17243-276516-68344-191485-476225,-0.004253335,4.716568244638323,21.993800008203834
context_length_packets,8,nn,RkoxIi-499-395609-17243-276516-68344-191485-476225,0.00888429,4.716735570431217,373.64590005017817
context_length_packets,8,lpc,YLEXwp-335-240298-183720-447487-129636-202035-44660,-0.34897405,4.728636848888163,29.768000007607043
context_length_packets,8,nn,YLEXwp-335-240298-183720-447487-129636-202035-44660,-0.36028355,4.728698918311069,376.4983000000939
context_length_packets,8,lpc,rn9v1e-583-369034-383770-175927-399756-390385-383479,3.85371,4.670776538937058,21.793450054246932
context_length_packets,8,nn,rn9v1e-583-369034-383770-175927-399756-390385-383479,4.2719593,4.710317079048396,362.33209999045357
context_length_packets,8,lpc,SSYQ1w-650-275802-13671-144360-112336-104867-157595,0.4204787,4.731871891608764,21.58765000058338
context_length_packets,8,nn,SSYQ1w-650-275802-13671-144360-112336-104867-157595,-0.87550336,4.7316176895952715,363.13235003035516
context_length_packets,8,lpc,4fsgkp-253-311495-209061-229618-287427-276516-38459,3.354673,4.725718931638832,22.663750045467168
context_length_packets,8,nn,4fsgkp-253-311495-209061-229618-287427-276516-38459,0.9460132,4.732034288395577,378.033300046809
context_length_packets,8,lpc,44Zbvs-567-179462-358526-13671-355104-116061-343332,0.7029998,4.7269391638030145,21.492999978363514
context_length_packets,8,nn,44Zbvs-567-179462-358526-13671-355104-116061-343332,1.32215,4.729258512178834,365.0548000005074
context_length_packets,8,lpc,cmHjrf-493-348077-309854-224170-458554-202179-472051,0.76385665,4.697920619595374,22.117000014986843
context_length_packets,8,nn,cmHjrf-493-348077-309854-224170-458554-202179-472051,-1.8577006,4.723149123887387,375.75505004497245
context_length_packets,8,lpc,zQSXvp-215-498788-407950-152419-25062-51581-3467,3.260396,4.719210758798362,21.16534998640418
context_length_packets,8,nn,zQSXvp-215-498788-407950-152419-25062-51581-3467,1.9045339,4.729817438154335,399.473300029058
context_length_packets,8,lpc,l3Lvae-611-211084-218396-212842-198509-334833-311379,2.7248871,4.669636225920385,26.53764997376129
context_length_packets,8,nn,l3Lvae-611-211084-218396-212842-198509-334833-311379,-0.37314788,4.690259519775144,368.84694994660094
context_length_packets,8,lpc,LIJKja-026-447487-148409-188815-38506-78427-479691,0.26404214,4.708033731043583,22.218350030016154
context_length_packets,8,nn,LIJKja-026-447487-148409-188815-38506-78427-479691,0.7732278,4.7120799005928315,381.48720003664494
context_length_packets,8,lpc,tztd5w-640-23535-348077-410307-64116-151381-134118,-0.38330716,4.732101250301462,21.820850088261068
context_length_packets,8,nn,tztd5w-640-23535-348077-410307-64116-151381-134118,-0.21034586,4.732101250561412,386.12505001947284
context_length_packets,8,lpc,TypO9p-362-82313-390793-365346-50416-310105-275395,6.9338536,4.701558545801616,21.62464999128133
context_length_packets,8,nn,TypO9p-362-82313-390793-365346-50416-310105-275395,9.392214,4.7313280119391035,359.1411000234075
context_length_packets,8,lpc,3hvoVa-051-2307-202921-218396-175927-14787-464643,1.6074313,4.6671978577637265,21.591999975498766
context_length_packets,8,nn,3hvoVa-051-2307-202921-218396-175927-14787-464643,-0.936788,4.730657901140834,373.47479996969923
context_length_packets,8,lpc,9hvMUf-482-498788-113105-17243-63022-21827-338584,-0.025300983,4.660036175017462,27.684099972248077
context_length_packets,8,nn,9hvMUf-482-498788-113105-17243-63022-21827-338584,-0.9363645,4.679584441100726,373.24300000909716
context_length_packets,8,lpc,lDN6of-450-91840-427818-353502-327883-210172-489807,0.14190522,4.655878172635064,21.885149995796382
context_length_packets,8,nn,lDN6of-450-91840-427818-353502-327883-210172-489807,-0.42114276,4.668887494034797,366.8562000384554
context_length_packets,8,lpc,8b8sWp-275-88756-348733-183720-134118-226233-129107,8.042315,4.7321002567239505,22.51559996511787
context_length_packets,8,nn,8b8sWp-275-88756-348733-183720-134118-226233-129107,0.56958795,4.729831301362943,385.8335999539122
context_length_packets,8,lpc,noHubp-343-163645-17243-410906-219243-161307-221798,1.0506008,4.642839282489655,21.754249988589436
context_length_packets,8,nn,noHubp-343-163645-17243-410906-219243-161307-221798,-0.23712227,4.656548344059892,374.1258000372909
context_length_packets,8,lpc,G50hup-092-363552-123056-229618-481410-299323-332402,0.03952351,4.732094037999161,21.395199990365654
context_length_packets,8,nn,G50hup-092-363552-123056-229618-481410-299323-332402,-1.1637982,4.73209691454066,388.21495010051876
context_length_packets,8,lpc,FPRIpe-578-474864-126584-425422-304828-148409-10737,0.15688358,4.675143728202174,26.576499978546053
context_length_packets,8,nn,FPRIpe-578-474864-126584-425422-304828-148409-10737,4.59722,4.698262802017331,434.94649993954226
context_length_packets,8,lpc,1zDUvp-298-108297-119460-56896-348770-68221-98443,4.9165754,4.730143997443905,22.037549992091954
context_length_packets,8,nn,1zDUvp-298-108297-119460-56896-348770-68221-98443,8.697058,4.732088242702707,361.50260001886636
context_length_packets,8,lpc,WVKBPa-017-469001-13769-309009-430207-5054-14754,6.2232494,4.725683968714739,22.67749997554347
context_length_packets,8,nn,WVKBPa-017-469001-13769-309009-430207-5054-14754,2.482343,4.730565673334725,360.53894995711744
context_length_packets,8,lpc,fdXdMp-313-165684-111916-348770-380077-145384-347380,0.09840663,4.732101253042358,21.648499998264015
context_length_packets,8,nn,fdXdMp-313-165684-111916-348770-380077-145384-347380,-11.42465,4.732101253041877,360.9101999900304
context_length_packets,8,lpc,rkSMcp-349-162269-339484-74769-12865-363552-41411,-0.85281086,4.587358725800513,27.07694994751364
context_length_packets,8,nn,rkSMcp-349-162269-339484-74769-12865-363552-41411,-1.361556,4.6403192188711735,364.78135001379997
context_length_packets,8,lpc,avuTLe-585-474206-355130-317191-361413-333474-248785,0.088642225,4.680222051380945,21.87815000070259
context_length_packets,8,nn,avuTLe-585-474206-355130-317191-361413-333474-248785,0.24583755,4.68477978418829,370.3245000215247
context_length_packets,8,lpc,1Q0zzp-067-496080-227228-300626-311379-247007-1214,8.199076,4.724858142823064,21.45649999147281
context_length_packets,8,nn,1Q0zzp-067-496080-227228-300626-311379-247007-1214,6.9094462,4.724428227634684,379.6966500231065
context_length_packets,8,lpc,k2rvsa-021-181149-117176-94351-2985-340579-209061,0.535494,4.73120734950195,23.061049985699356
context_length_packets,8,nn,k2rvsa-021-181149-117176-94351-2985-340579-209061,0.6895056,4.731447434235436,361.1702499911189
context_length_packets,8,lpc,DmpOYi-525-91230-450251-209608-292323-92870-38506,0.2685798,4.540404470844711,21.890950039960444
context_length_packets,8,nn,DmpOYi-525-91230-450251-209608-292323-92870-38506,-0.12681043,4.679849833773309,387.5792999751866
context_length_packets,8,lpc,cZ9D6w-670-134118-41411-423587-125189-84055-98443,-0.7383773,4.726960650228614,22.148150019347668
context_length_packets,8,nn,cZ9D6w-670-134118-41411-423587-125189-84055-98443,-0.78042793,4.727237847601998,415.18479998921975
context_length_packets,8,lpc,wD39yw-617-350336-91230-365075-384274-339484-27577,0.7520241,4.547218879184214,21.69715001946315
context_length_packets,8,nn,wD39yw-617-350336-91230-365075-384274-339484-27577,0.74151164,4.563774236597286,378.6530999932438
context_length_packets,8,lpc,jFujMp-258-2985-422977-276516-270302-316694-390385,6.555086,4.732011681140706,21.80844999384135
context_length_packets,8,nn,jFujMp-258-2985-422977-276516-270302-316694-390385,5.2807493,4.7320182234479145,378.4495999570936
context_length_packets,8,lpc,ainjFp-098-145384-88756-289593-274542-488804-292564,2.8241036,4.708840145147156,21.996250026859343
context_length_packets,8,nn,ainjFp-098-145384-88756-289593-274542-488804-292564,2.9395127,4.710034162636785,618.1009500287473
context_length_packets,8,lpc,rllgnp-282-21827-2985-183720-67455-409746-330730,-0.011987235,4.73210062164939,25.39535000687465
context_length_packets,8,nn,rllgnp-282-21827-2985-183720-67455-409746-330730,-0.11017225,4.7321006462583455,499.82834997354075
context_length_packets,8,lpc,ck2Uxp-081-495997-135873-82313-377039-373629-268363,5.189727,4.732056021595878,23.886099981609732
context_length_packets,8,nn,ck2Uxp-081-495997-135873-82313-377039-373629-268363,6.137436,4.732068243094224,475.23320000618696
context_length_packets,8,lpc,jhRr0p-088-489070-351855-386883-172725-333766-16976,1.2358485,4.731869837825059,23.689349996857345
context_length_packets,8,nn,jhRr0p-088-489070-351855-386883-172725-333766-16976,1.6188889,4.73191675305077,382.2232499951497
context_length_packets,8,lpc,oRqMra-058-167772-480197-43889-36331-135873-265166,0.8230218,4.731946736449315,22.30089996010065
context_length_packets,8,nn,oRqMra-058-167772-480197-43889-36331-135873-265166,1.7954648,4.732002002516875,426.27990001346916
context_length_packets,8,lpc,d4LtRw-656-379354-74769-192385-202921-93885-62534,0.0013292999,4.732100891627333,25.34494997235015
context_length_packets,8,nn,d4LtRw-656-379354-74769-192385-202921-93885-62534,-0.05401083,4.732100964079267,411.35925002163276
context_length_packets,8,lpc,tXap2p-281-298969-9753-281965-457067-162269-329331,1.6693903,4.726925492851608,23.325400019530207
context_length_packets,8,nn,tXap2p-281-298969-9753-281965-457067-162269-329331,2.7546427,4.728762552153659,376.46090000635013
context_length_packets,8,lpc,IIhdup-184-282845-322947-195637-315211-10737-386302,3.993498,4.590396688969518,23.970400041434914
context_length_packets,8,nn,IIhdup-184-282845-322947-195637-315211-10737-386302,4.0063105,4.590588039247035,379.6275499626063
context_length_packets,8,lpc,Q1VJ4p-396-67099-191485-442126-324310-384031-392966,2.0470939,4.73209368149069,25.963850028347224
context_length_packets,8,nn,Q1VJ4p-396-67099-191485-442126-324310-384031-392966,0.42698443,4.73209655646218,378.72054998297244
context_length_packets,8,lpc,IJqofi-526-68304-236920-183720-152419-94351-316080,0.01922483,4.538832773139648,22.379999980330467
context_length_packets,8,nn,IJqofi-526-68304-236920-183720-152419-94351-316080,-0.18207687,4.5679944845540685,388.9305999618955
context_length_packets,8,lpc,MJEnPs-553-484336-261033-237079-274170-257745-343308,0.3064882,4.731692683534797,22.535349999088794
context_length_packets,8,nn,MJEnPs-553-484336-261033-237079-274170-257745-343308,0.7879284,4.731802110300952,384.06510005006567
context_length_packets,8,lpc,oK9Hxs-550-7708-104867-460359-299323-420765-264795,7.396638,4.730772389064809,22.541999991517514
context_length_packets,8,nn,oK9Hxs-550-7708-104867-460359-299323-420765-264795,7.735717,4.731036127885751,376.7656999989413
context_length_packets,8,lpc,ItvEYp-187-347380-151331-160943-343502-92870-286732,-0.29053774,4.714940193979142,23.86364998528734
context_length_packets,8,nn,ItvEYp-187-347380-151331-160943-343502-92870-286732,0.029090336,4.708892523012638,394.82164999935776
context_length_packets,16,lpc,9f3Qjw-657-129013-78427-348770-228203-60643-7188,0.6202782,4.724919898763674,26.461899979040027
context_length_packets,16,nn,9f3Qjw-657-129013-78427-348770-228203-60643-7188,0.49256387,4.7249006323682154,542.1386999660172
context_length_packets,16,lpc,i0Ocoe-610-395609-211084-211212-108056-187519-202035,0.91994494,4.633402699769377,25.382549967616796
context_length_packets,16,nn,i0Ocoe-610-395609-211084-211212-108056-187519-202035,3.2532015,4.704112138588878,558.9537500054576
context_length_packets,16,lpc,Th8NDe-613-23535-495997-395609-270487-329331-383770,0.29089713,4.643837006115213,26.092250074725598
context_length_packets,16,nn,Th8NDe-613-23535-495997-395609-270487-329331-383770,1.6112676,4.653351407011665,762.7710999804549
context_length_packets,16,lpc,ui9aDp-122-292323-379538-386883-287427-306759-88721,0.3304145,4.699496283142034,31.71875001862645
context_length_packets,16,nn,ui9aDp-122-292323-379538-386883-287427-306759-88721,0.326622,4.697509568801486,521.3254499831237
context_length_packets,16,lpc,DLZvmp-426-78108-128329-469130-165684-261033-84004,0.33217356,4.731987839441375,24.38515005633235
context_length_packets,16,nn,DLZvmp-426-78108-128329-469130-165684-261033-84004,-2.8041306,4.731409042474332,524.7432999894954
context_length_packets,16,lpc,amZyRf-444-7708-476924-468905-275802-405424-380077,0.047066692,4.720132784542971,24.29690002463758
context_length_packets,16,nn,amZyRf-444-7708-476924-468905-275802-405424-380077,-0.64466345,4.720300423664117,521.4783999836072
context_length_packets,16,lpc,ofs2Us-561-469223-161307-229618-187519-295308-129107,1.5460796,4.727047972560149,23.84070004336536
context_length_packets,16,nn,ofs2Us-561-469223-161307-229618-187519-295308-129107,-0.2483719,4.730451510405965,535.3055499726906
context_length_packets,16,lpc,nQsrxi-500-35788-354893-151331-437270-461984-276516,-0.0009783409,4.708311386538567,24.12329998333007
context_length_packets,16,nn,nQsrxi-500-35788-354893-151331-437270-461984-276516,0.19742832,4.710889001325854,534.5040499814786
context_length_packets,16,lpc,YuwChp-152-8651-147603-379354-29563-62919-345238,1.9155576e-05,4.732100990779001,24.51289998134598
context_length_packets,16,nn,YuwChp-152-8651-147603-379354-29563-62919-345238,-0.02126683,4.732100990617406,527.3147499538027
context_length_packets,16,lpc,fiBRvp-155-14754-379538-407950-108056-495971-270302,0.54178095,4.7308875138115045,24.338449991773814
context_length_packets,16,nn,fiBRvp-155-14754-379538-407950-108056-495971-270302,0.53244495,4.730805477031412,516.5240000351332
context_length_packets,16,lpc,rpdA0p-089-193291-347380-224170-426805-310105-489070,1.9684082,4.6927786025013685,23.490549996495247
context_length_packets,16,nn,rpdA0p-089-193291-347380-224170-426805-310105-489070,2.3994348,4.696137639697243,566.586249973625
context_length_packets,16,lpc,JCRPTw-618-129107-479691-343332-355104-157595-129013,-0.34627688,4.690858355237265,24.232750001829118
context_length_packets,16,nn,JCRPTw-618-129107-479691-343332-355104-157595-129013,-0.42212087,4.692539312907515,522.4665999994613
context_length_packets,16,lpc,DfzVIp-175-379354-103913-25062-384031-343308-295308,-1.1696943,4.709539123706474,24.40779999596998
context_length_packets,16,nn,DfzVIp-175-379354-103913-25062-384031-343308-295308,-1.2011662,4.709618905722108,529.7154000145383
context_length_packets,16,lpc,PBDVAf-465-366971-117533-197606-160943-60681-25579,11.186926,4.73202530213703,23.917849990539253
context_length_packets,16,nn,PBDVAf-465-366971-117533-197606-160943-60681-25579,4.3133883,4.686758575176306,527.0408499636687
context_length_packets,16,lpc,BNXFqp-404-184495-450557-10737-129636-497448-379538,-0.16169576,4.692657520657493,24.470050004310906
context_length_packets,16,nn,BNXFqp-404-184495-450557-10737-129636-497448-379538,-0.00304448,4.693610556256446,553.9448499912396
context_length_packets,16,lpc,f2JFMw-634-136860-113105-22031-310105-248646-32125,0.046073537,4.7296028872809135,24.59470002213493
context_length_packets,16,nn,f2JFMw-634-136860-113105-22031-310105-248646-32125,-0.023349933,4.729503515668428,534.339000005275
context_length_packets,16,lpc,cedJli-522-192385-152140-262731-156368-123704-333757,-0.023155008,4.353292380786803,23.718950047623366
context_length_packets,16,nn,cedJli-522-192385-152140-262731-156368-123704-333757,0.08281498,4.388108214723429,535.2646500105038
context_length_packets,16,lpc,Q4PCSi-506-317415-237079-78108-78427-235375-285778,1.5244281,3.684833376294089,24.86269996734336
context_length_packets,16,nn,Q4PCSi-506-317415-237079-78108-78427-235375-285778,2.6451964,4.702831425708469,528.8370999624021
context_length_packets,16,lpc,CrjLKf-468-374393-49022-14754-240504-316080-236920,-0.12800092,4.728353631623136,23.995099996682256
context_length_packets,16,nn,CrjLKf-468-374393-49022-14754-240504-316080-236920,-1.2196978,4.730783949417443,527.933299948927
context_length_packets,16,lpc,m5rDOp-062-377273-156368-185152-188815-186260-486330,9.937115,4.732101203753792,24.310150009114295
context_length_packets,16,nn,m5rDOp-062-377273-156368-185152-188815-186260-486330,7.9834247,4.732100892475875,520.8474000100978
context_length_packets,16,lpc,0mk6rp-310-146145-90733-51581-27791-50416-437215,0.014802228,4.731993227364509,24.686000018846244
context_length_packets,16,nn,0mk6rp-310-146145-90733-51581-27791-50416-437215,0.3042742,4.73200027264792,531.5893000224605
context_length_packets,16,lpc,fS0Vwp-324-274170-461984-129889-218396-366126-128329,9.127157,4.707725687177659,30.124799988698214
context_length_packets,16,nn,fS0Vwp-324-274170-461984-129889-218396-366126-128329,10.952309,4.732090154011809,530.6309500592761
context_length_packets,16,lpc,0Rve0i-524-469450-332402-376902-283921-64116-240504,0.50721383,4.296706661646308,23.61754997400567
context_length_packets,16,nn,0Rve0i-524-469450-332402-376902-283921-64116-240504,0.71716774,4.351400320943374,528.8633999880403
context_length_packets,16,lpc,fZg66p-070-68221-216978-377273-239730-53784-3467,0.013643233,4.732101253034466,24.948000034783036
context_length_packets,16,nn,fZg66p-070-68221-216978-377273-239730-53784-3467,-1.4589972,4.732101253042236,530.090200016275
context_length_packets,16,lpc,Aal0cp-183-209061-91230-492922-2757-317191-461984,3.5735645,4.694543753552857,24.725399969611317
context_length_packets,16,nn,Aal0cp-183-209061-91230-492922-2757-317191-461984,3.3715703,4.696003827213971,507.4714500224218
context_length_packets,16,lpc,m8mjCs-533-485468-283456-486330-442126-2757-12865,-1.4799784,4.731997575267352,26.288449997082353
context_length_packets,16,nn,m8mjCs-533-485468-283456-486330-442126-2757-12865,-0.13949709,4.730269425538184,539.795349992346
context_length_packets,16,lpc,jM2z5p-212-362995-350336-202035-87506-239730-207508,-10.931467,4.73210119693381,23.971499991603196
context_length_packets,16,nn,jM2z5p-212-362995-350336-202035-87506-239730-207508,-8.328041,4.7321012385954315,516.7114000068977
context_length_packets,16,lpc,Paqf1p-119-254913-443221-90733-163645-32125-188815,1.2791755,4.718173216283417,25.199049967341125
context_length_packets,16,nn,Paqf1p-119-254913-443221-90733-163645-32125-188815,-0.5057763,4.725138809892693,567.3532500513829
context_length_packets,16,lpc,87hwjf-487-426805-60643-437215-160943-182650-407728,0.09044768,4.661609262591851,23.801299976184964
context_length_packets,16,nn,87hwjf-487-426805-60643-437215-160943-182650-407728,-0.1780984,4.6657637478630285,524.8744999989867
context_length_packets,16,lpc,kDEiGp-268-254920-474864-52991-170820-165168-328121,0.0,4.709236463250225,24.498000042513013
context_length_packets,16,nn,kDEiGp-268-254920-474864-52991-170820-165168-328121,-7.6623146e-05,4.709236537489245,521.1993000120856
context_length_packets,16,lpc,Mtnx5i-515-495971-279778-348676-11995-306560-418034,-0.00023401546,4.638163619251808,24.444800044875592
context_length_packets,16,nn,Mtnx5i-515-495971-279778-348676-11995-306560-418034,-0.0010340087,4.638192442039594,526.5319499885663
context_length_packets,16,lpc,3EBeof-459-212842-454791-192385-495971-180085-113105,0.046896145,4.704781668537981,25.695250020362437
context_length_packets,16,nn,3EBeof-459-212842-454791-192385-495971-180085-113105,0.050791927,4.704794723351514,518.5392000130378
context_length_packets,16,lpc,7j8l2a-034-50416-4800-287427-123375-143976-264357,0.0688088,4.683292225085735,26.736099971458316
context_length_packets,16,nn,7j8l2a-034-50416-4800-287427-123375-143976-264357,0.60952115,4.686536201408284,526.657750015147
context_length_packets,16,lpc,9Mkadp-302-273892-209608-109841-324591-494783-498752,0.44299307,4.680015465518597,26.135849999263883
context_length_packets,16,nn,9Mkadp-302-273892-209608-109841-324591-494783-498752,0.7141447,4.690512862732757,529.2279499699362
context_length_packets,16,lpc,u3JmNp-105-377036-373629-177809-287789-419538-221798,0.5151018,4.725593343465546,28.09129998786375
context_length_packets,16,nn,u3JmNp-105-377036-373629-177809-287789-419538-221798,2.1664908,4.727231549358029,608.5668499581516
context_length_packets,16,lpc,PiKSIp-112-109021-465867-125189-123174-211212-334242,8.848172,4.728624338958792,30.543699976988137
context_length_packets,16,nn,PiKSIp-112-109021-465867-125189-123174-211212-334242,5.633693,4.731551399351586,615.0058500934392
context_length_packets,16,lpc,9a98Kf-464-298969-472051-292323-179462-78575-496080,0.02463762,4.3100545195327395,32.159100053831935
context_length_packets,16,nn,9a98Kf-464-298969-472051-292323-179462-78575-496080,0.045972623,4.314349975610754,583.3082000026479
context_length_packets,16,lpc,vAlA7f-458-390385-16661-177809-112031-325632-365075,2.01007,4.731868424643784,26.052850007545203
context_length_packets,16,nn,vAlA7f-458-390385-16661-177809-112031-325632-365075,1.2777103,4.732074074047926,618.932000012137
context_length_packets,16,lpc,U5aQJe-592-437270-129013-295308-406364-103913-497087,4.6721377,4.713260257211379,24.981449998449534
context_length_packets,16,nn,U5aQJe-592-437270-129013-295308-406364-103913-497087,2.211566,4.730861957602896,526.5372499707155
context_length_packets,16,lpc,HxFzMp-357-24999-343332-90733-489807-316694-345238,11.702137,4.698396328709569,24.526400084141642
context_length_packets,16,nn,HxFzMp-357-24999-343332-90733-489807-316694-345238,11.870577,4.714846325011445,569.7263000183739
context_length_packets,16,lpc,9kbanp-261-50416-108056-469001-231167-334074-209061,1.4445999,4.722491977844504,24.511750030796975
context_length_packets,16,nn,9kbanp-261-50416-108056-469001-231167-334074-209061,1.3106751,4.727067751409879,536.8457500007935
context_length_packets,16,lpc,rqqrUf-476-372299-90733-207508-318838-254913-53278,-0.023441806,4.7310194878592196,27.76144997915253
context_length_packets,16,nn,rqqrUf-476-372299-90733-207508-318838-254913-53278,0.03544763,4.731031667334447,520.3366500791162
context_length_packets,16,lpc,ie6iSp-097-407790-253414-334074-464643-167361-80351,1.5362618,4.73101186345397,24.416450003627688
context_length_packets,16,nn,ie6iSp-097-407790-253414-334074-464643-167361-80351,1.584343,4.7303628651209895,498.28984995838255
context_length_packets,16,lpc,FiS63i-513-129107-287427-185152-454791-121010-285778,-0.0010487672,4.193705535257443,24.73905001534149
context_length_packets,16,nn,FiS63i-513-129107-287427-185152-454791-121010-285778,-0.14807844,4.199779564831381,501.8432500073686
context_length_packets,16,lpc,BBcZPi-501-456735-480197-495997-497448-326140-134118,-9.3967086e-05,4.713228556108098,24.598649994004518
context_length_packets,16,nn,BBcZPi-501-456735-480197-495997-497448-326140-134118,-0.030943006,4.713460820551222,506.91769999684766
context_length_packets,16,lpc,5OQdwp-063-348077-460359-16661-112031-224170-197606,8.92243,4.728783908071181,24.771500029601157
context_length_packets,16,nn,5OQdwp-063-348077-460359-16661-112031-224170-197606,1.6423441,4.718658891490438,500.10245002340525
context_length_packets,16,lpc,riuiap-287-319764-286732-35325-55646-391852-1246,0.5429585,4.625275176307135,25.23384999949485
context_length_packets,16,nn,riuiap-287-319764-286732-35325-55646-391852-1246,0.65077686,4.624285825156941,493.59904997982085
context_length_packets,16,lpc,6TUCvp-352-108130-78807-55646-250174-386302-414547,-0.4664843,4.467006450661886,24.509600014425814
context_length_packets,16,nn,6TUCvp-352-108130-78807-55646-250174-386302-414547,-0.7016541,4.508069372056328,498.4565500635654
context_length_packets,16,lpc,KIklei-503-156368-5054-151331-161307-380077-177809,-0.023941014,4.38684227609434,24.155299994163215
context_length_packets,16,nn,KIklei-503-156368-5054-151331-161307-380077-177809,-0.103256434,4.405846101317403,501.47439999273047
context_length_packets,16,lpc,zVlcap-263-274542-472051-376372-248785-476225-35325,-1.9771827,4.732101038227551,31.384299974888563
context_length_packets,16,nn,zVlcap-263-274542-472051-376372-248785-476225-35325,-24.072866,4.730561536480929,508.113149960991
context_length_packets,16,lpc,BLAVyp-401-374393-353502-276516-464643-247007-280816,2.070877e-06,4.712889076095607,25.024799979291856
context_length_packets,16,nn,BLAVyp-401-374393-353502-276516-464643-247007-280816,0.0002469451,4.7128891004246345,496.4899499900639
context_length_packets,16,lpc,5Lu6ui-514-135410-151381-124082-173176-644-324310,-0.025059367,4.5873240339431955,24.65315005974844
context_length_packets,16,nn,5Lu6ui-514-135410-151381-124082-173176-644-324310,-0.015488759,4.587328145106548,491.0331999999471
context_length_packets,16,lpc,lzFhsp-134-377273-280816-60681-369034-268009-11995,0.92770004,4.703421455679591,26.724599942099303
context_length_packets,16,nn,lzFhsp-134-377273-280816-60681-369034-268009-11995,1.2334878,4.708862864007742,506.56160002108663
context_length_packets,16,lpc,nSu3Cp-366-41411-362672-285778-222370-421926-202035,13.662424,4.72695471991968,27.310149976983666
context_length_packets,16,nn,nSu3Cp-366-41411-362672-285778-222370-421926-202035,14.42214,4.732014661374594,497.0628499868326
context_length_packets,16,lpc,cUyODs-564-324456-286869-479691-123056-485468-274323,2.419566,4.730228662139895,24.34559998800978
context_length_packets,16,nn,cUyODs-564-324456-286869-479691-123056-485468-274323,2.318597,4.730247714044074,504.20530000701547
context_length_packets,16,lpc,TkK5fp-380-229618-476225-311495-339484-11995-7708,4.8340635,4.730746065636561,24.557649972848594
context_length_packets,16,nn,TkK5fp-380-229618-476225-311495-339484-11995-7708,4.3960786,4.730804482753099,504.4484999962151
context_length_packets,16,lpc,AHwsQs-538-108297-304214-140209-237079-426805-448869,-1.2743099,4.7321012250254295,25.436100084334612
context_length_packets,16,nn,AHwsQs-538-108297-304214-140209-237079-426805-448869,-1.6078689,4.732101235132381,503.90120001975447
context_length_packets,16,lpc,RkoxIi-499-395609-17243-276516-68344-191485-476225,-0.004749565,4.7165358494711835,24.418250017333776
context_length_packets,16,nn,RkoxIi-499-395609-17243-276516-68344-191485-476225,-0.03285809,4.716572856277285,496.8865499831736
context_length_packets,16,lpc,YLEXwp-335-240298-183720-447487-129636-202035-44660,0.1280454,4.728276690810944,24.281050020363182
context_length_packets,16,nn,YLEXwp-335-240298-183720-447487-129636-202035-44660,0.07716808,4.728309667989633,498.2859000447206
context_length_packets,16,lpc,rn9v1e-583-369034-383770-175927-399756-390385-383479,-0.8899974,4.694479027459547,25.062199973035604
context_length_packets,16,nn,rn9v1e-583-369034-383770-175927-399756-390385-383479,-0.94706625,4.7241936129943785,492.91380000067875
context_length_packets,16,lpc,SSYQ1w-650-275802-13671-144360-112336-104867-157595,-0.33537284,4.731910224878343,24.854299961589277
context_length_packets,16,nn,SSYQ1w-650-275802-13671-144360-112336-104867-157595,-1.0330508,4.73100089646144,512.3396999551915
context_length_packets,16,lpc,4fsgkp-253-311495-209061-229618-287427-276516-38459,2.7222447,4.726168785627507,25.849899975582957
context_length_packets,16,nn,4fsgkp-253-311495-209061-229618-287427-276516-38459,2.3975136,4.730016253492007,531.1164500308223
context_length_packets,16,lpc,44Zbvs-567-179462-358526-13671-355104-116061-343332,0.65383667,4.727171451248937,24.588449974544346
context_length_packets,16,nn,44Zbvs-567-179462-358526-13671-355104-116061-343332,0.53533065,4.727144155912985,498.1777000357397
context_length_packets,16,lpc,cmHjrf-493-348077-309854-224170-458554-202179-472051,0.8552938,4.700180611559102,24.621249991469085
context_length_packets,16,nn,cmHjrf-493-348077-309854-224170-458554-202179-472051,-1.1844643,4.722890742256661,505.1667999359779
context_length_packets,16,lpc,zQSXvp-215-498788-407950-152419-25062-51581-3467,1.8778205,4.731458890966023,25.149499997496605
context_length_packets,16,nn,zQSXvp-215-498788-407950-152419-25062-51581-3467,-4.6434774,4.426370555875684,496.3432000367902
context_length_packets,16,lpc,l3Lvae-611-211084-218396-212842-198509-334833-311379,4.7408457,4.681150550947551,24.84265004750341
context_length_packets,16,nn,l3Lvae-611-211084-218396-212842-198509-334833-311379,-0.049502183,4.677458725070469,496.7067500692792
context_length_packets,16,lpc,LIJKja-026-447487-148409-188815-38506-78427-479691,0.34039277,4.708280734719816,25.653849996160716
context_length_packets,16,nn,LIJKja-026-447487-148409-188815-38506-78427-479691,0.43189788,4.7102009805923135,507.81219999771565
context_length_packets,16,lpc,tztd5w-640-23535-348077-410307-64116-151381-134118,-0.3462379,4.732101250189961,28.833099990151823
context_length_packets,16,nn,tztd5w-640-23535-348077-410307-64116-151381-134118,-0.089737855,4.73210125028057,530.4304500459693
context_length_packets,16,lpc,TypO9p-362-82313-390793-365346-50416-310105-275395,8.306984,4.717948173797344,26.81805001338944
context_length_packets,16,nn,TypO9p-362-82313-390793-365346-50416-310105-275395,-0.9468097,4.712381238830568,519.2719000042416
context_length_packets,16,lpc,3hvoVa-051-2307-202921-218396-175927-14787-464643,1.6959311,4.671603186494371,24.544599989894778
context_length_packets,16,nn,3hvoVa-051-2307-202921-218396-175927-14787-464643,-0.6220955,4.731774916967737,525.3016999922693
context_length_packets,16,lpc,9hvMUf-482-498788-113105-17243-63022-21827-338584,0.012530387,4.660194211584512,25.55299998493865
context_length_packets,16,nn,9hvMUf-482-498788-113105-17243-63022-21827-338584,-0.9552812,4.675240058045166,613.2552499766462
context_length_packets,16,lpc,lDN6of-450-91840-427818-353502-327883-210172-489807,0.05981303,4.6557241437801,25.26074997149408
context_length_packets,16,nn,lDN6of-450-91840-427818-353502-327883-210172-489807,-0.35409316,4.666738125706747,507.78929999796674
context_length_packets,16,lpc,8b8sWp-275-88756-348733-183720-134118-226233-129107,4.7046785,4.7317313418862295,25.109400041401386
context_length_packets,16,nn,8b8sWp-275-88756-348733-183720-134118-226233-129107,-0.9024364,4.728396351385429,541.3643000647426
context_length_packets,16,lpc,noHubp-343-163645-17243-410906-219243-161307-221798,2.5832968,4.655519058729756,26.920249976683408
context_length_packets,16,nn,noHubp-343-163645-17243-410906-219243-161307-221798,2.3462627,4.663799431458971,505.1296000019647
context_length_packets,16,lpc,G50hup-092-363552-123056-229618-481410-299323-332402,0.042241707,4.732094038080069,25.285999989137053
context_length_packets,16,nn,G50hup-092-363552-123056-229618-481410-299323-332402,-0.09042262,4.7320942452751975,522.2281500464305
context_length_packets,16,lpc,FPRIpe-578-474864-126584-425422-304828-148409-10737,-0.19500344,4.6783676892832435,24.964400043245405
context_length_packets,16,nn,FPRIpe-578-474864-126584-425422-304828-148409-10737,2.3313124,4.678278741386921,500.9681499795988
context_length_packets,16,lpc,1zDUvp-298-108297-119460-56896-348770-68221-98443,8.701161,4.731171430342366,27.104099979624152
context_length_packets,16,nn,1zDUvp-298-108297-119460-56896-348770-68221-98443,9.0855875,4.731949518688234,503.5367499804124
context_length_packets,16,lpc,WVKBPa-017-469001-13769-309009-430207-5054-14754,4.8980594,4.726626152307146,27.36059995368123
context_length_packets,16,nn,WVKBPa-017-469001-13769-309009-430207-5054-14754,0.8232051,4.7285377779191915,505.42085006600246
context_length_packets,16,lpc,fdXdMp-313-165684-111916-348770-380077-145384-347380,-1.1239148,4.732101253042366,24.435699975583702
context_length_packets,16,nn,fdXdMp-313-165684-111916-348770-380077-145384-347380,-9.867742,4.732101253042149,601.8149000010453
context_length_packets,16,lpc,rkSMcp-349-162269-339484-74769-12865-363552-41411,-1.9178194,4.603621989669991,25.338449981063604
context_length_packets,16,nn,rkSMcp-349-162269-339484-74769-12865-363552-41411,-3.3181305,4.713765935925212,518.6935500241816
context_length_packets,16,lpc,avuTLe-585-474206-355130-317191-361413-333474-248785,0.106476806,4.680623689293485,24.651399988215417
context_length_packets,16,nn,avuTLe-585-474206-355130-317191-361413-333474-248785,0.34609216,4.685347560411877,523.8239000318572
context_length_packets,16,lpc,1Q0zzp-067-496080-227228-300626-311379-247007-1214,13.870316,4.728942467060897,26.723249990027398
context_length_packets,16,nn,1Q0zzp-067-496080-227228-300626-311379-247007-1214,13.748507,4.731974644758489,501.3236999511719
context_length_packets,16,lpc,k2rvsa-021-181149-117176-94351-2985-340579-209061,0.4891376,4.731088271542788,25.131450034677982
context_length_packets,16,nn,k2rvsa-021-181149-117176-94351-2985-340579-209061,0.53407323,4.7311905262129725,510.08370000636205
context_length_packets,16,lpc,DmpOYi-525-91230-450251-209608-292323-92870-38506,0.23790239,4.5451657347693395,24.856449977960438
context_length_packets,16,nn,DmpOYi-525-91230-450251-209608-292323-92870-38506,0.9279781,4.628604173916888,555.946699983906
context_length_packets,16,lpc,cZ9D6w-670-134118-41411-423587-125189-84055-98443,-0.7850529,4.726871061362097,24.3192000198178
context_length_packets,16,nn,cZ9D6w-670-134118-41411-423587-125189-84055-98443,-0.8766774,4.727266958896177,491.18860001908615
context_length_packets,16,lpc,wD39yw-617-350336-91230-365075-384274-339484-27577,0.6191174,4.540172757827484,25.587899959646165
context_length_packets,16,nn,wD39yw-617-350336-91230-365075-384274-339484-27577,0.9807018,4.539865078757877,518.4315000660717
context_length_packets,16,lpc,jFujMp-258-2985-422977-276516-270302-316694-390385,4.391534,4.73203058670118,24.621449992991984
context_length_packets,16,nn,jFujMp-258-2985-422977-276516-270302-316694-390385,3.2518718,4.731798594794685,536.0812000581063
context_length_packets,16,lpc,ainjFp-098-145384-88756-289593-274542-488804-292564,1.2528609,4.702751752948995,24.581550038419664
context_length_packets,16,nn,ainjFp-098-145384-88756-289593-274542-488804-292564,1.1472908,4.703480269919124,504.41339996177703
context_length_packets,16,lpc,rllgnp-282-21827-2985-183720-67455-409746-330730,-0.010999924,4.732100623888952,24.537249992135912
context_length_packets,16,nn,rllgnp-282-21827-2985-183720-67455-409746-330730,-0.17445417,4.732100673293658,492.84745001932606
context_length_packets,16,lpc,ck2Uxp-081-495997-135873-82313-377039-373629-268363,9.979832,4.732078796304748,24.858449993189424
context_length_packets,16,nn,ck2Uxp-081-495997-135873-82313-377039-373629-268363,8.771735,4.73209375974033,501.54649995965883
context_length_packets,16,lpc,jhRr0p-088-489070-351855-386883-172725-333766-16976,1.6014838,4.731670075187976,24.7901999973692
context_length_packets,16,nn,jhRr0p-088-489070-351855-386883-172725-333766-16976,1.2994509,4.731656192530549,703.3039999660105
context_length_packets,16,lpc,oRqMra-058-167772-480197-43889-36331-135873-265166,0.5516473,4.7319605638602855,31.442150007933378
context_length_packets,16,nn,oRqMra-058-167772-480197-43889-36331-135873-265166,0.8436971,4.732047978521955,746.4079500059597
context_length_packets,16,lpc,d4LtRw-656-379354-74769-192385-202921-93885-62534,-0.00072072516,4.732100891621437,30.76519997557625
context_length_packets,16,nn,d4LtRw-656-379354-74769-192385-202921-93885-62534,0.0119898645,4.732100893262111,564.810750016477
context_length_packets,16,lpc,tXap2p-281-298969-9753-281965-457067-162269-329331,1.9294214,4.7270315386060915,25.323849986307323
context_length_packets,16,nn,tXap2p-281-298969-9753-281965-457067-162269-329331,1.9482834,4.72810489137296,566.7578499414958
context_length_packets,16,lpc,IIhdup-184-282845-322947-195637-315211-10737-386302,3.835774,4.595815918303009,24.471199954859912
context_length_packets,16,nn,IIhdup-184-282845-322947-195637-315211-10737-386302,2.4872892,4.576613635954762,601.7882999731228
context_length_packets,16,lpc,Q1VJ4p-396-67099-191485-442126-324310-384031-392966,-0.0025310908,4.732093510431058,26.029250002466142
context_length_packets,16,nn,Q1VJ4p-396-67099-191485-442126-324310-384031-392966,-7.802331,4.7320107996231116,620.0036499649286
context_length_packets,16,lpc,IJqofi-526-68304-236920-183720-152419-94351-316080,-0.0052525904,4.538679421976839,39.84749998198822
context_length_packets,16,nn,IJqofi-526-68304-236920-183720-152419-94351-316080,0.037781935,4.558131238890325,541.3478999980725
context_length_packets,16,lpc,MJEnPs-553-484336-261033-237079-274170-257745-343308,0.21342202,4.731706209438261,24.416950065642595
context_length_packets,16,nn,MJEnPs-553-484336-261033-237079-274170-257745-343308,0.64820766,4.731767002764671,592.336300003808
context_length_packets,16,lpc,oK9Hxs-550-7708-104867-460359-299323-420765-264795,10.130998,4.731662831407631,24.91929999087006
context_length_packets,16,nn,oK9Hxs-550-7708-104867-460359-299323-420765-264795,4.650373,4.728249463374217,530.6712500751019
context_length_packets,16,lpc,ItvEYp-187-347380-151331-160943-343502-92870-286732,-0.8915174,4.726176275913471,24.256750068161637
context_length_packets,16,nn,ItvEYp-187-347380-151331-160943-343502-92870-286732,-0.9278079,4.7247371761530825,533.6702999775298
context_length_packets,32,lpc,9f3Qjw-657-129013-78427-348770-228203-60643-7188,0.801998,4.725001604702297,31.16260003298521
context_length_packets,32,nn,9f3Qjw-657-129013-78427-348770-228203-60643-7188,0.69548845,4.725015605717244,898.0232499889098
context_length_packets,32,lpc,i0Ocoe-610-395609-211084-211212-108056-187519-202035,0.57147336,4.62807765192648,28.61504995962605
context_length_packets,32,nn,i0Ocoe-610-395609-211084-211212-108056-187519-202035,2.1593432,4.6584307006003804,805.6267499923706
context_length_packets,32,lpc,Th8NDe-613-23535-495997-395609-270487-329331-383770,0.022708273,4.642318273170482,33.061099995393306
context_length_packets,32,nn,Th8NDe-613-23535-495997-395609-270487-329331-383770,0.64480066,4.650259017788487,805.8656499488279
context_length_packets,32,lpc,ui9aDp-122-292323-379538-386883-287427-306759-88721,0.31940806,4.697298436651092,28.7994000245817
context_length_packets,32,nn,ui9aDp-122-292323-379538-386883-287427-306759-88721,0.32033774,4.696039401661516,865.1420999667607
context_length_packets,32,lpc,DLZvmp-426-78108-128329-469130-165684-261033-84004,-1.1437892,4.731768320798853,29.43240007152781
context_length_packets,32,nn,DLZvmp-426-78108-128329-469130-165684-261033-84004,-5.068424,4.729795941091575,802.6599999866448
context_length_packets,32,lpc,amZyRf-444-7708-476924-468905-275802-405424-380077,0.11619822,4.71857863440795,29.906900017522275
context_length_packets,32,nn,amZyRf-444-7708-476924-468905-275802-405424-380077,-0.44172263,4.719446076942868,820.642200007569
context_length_packets,32,lpc,ofs2Us-561-469223-161307-229618-187519-295308-129107,0.8574604,4.724348404902459,43.6698499834165
context_length_packets,32,nn,ofs2Us-561-469223-161307-229618-187519-295308-129107,0.5432541,4.726728076143942,801.880200044252
context_length_packets,32,lpc,nQsrxi-500-35788-354893-151331-437270-461984-276516,-0.0005835089,4.708309925492911,30.910999979823828
context_length_packets,32,nn,nQsrxi-500-35788-354893-151331-437270-461984-276516,0.18203385,4.710667405355318,767.2971499850973
context_length_packets,32,lpc,YuwChp-152-8651-147603-379354-29563-62919-345238,-0.0010772487,4.7321009907827385,29.70779995666817
context_length_packets,32,nn,YuwChp-152-8651-147603-379354-29563-62919-345238,-0.04471208,4.7321009907813645,758.3962000207976
context_length_packets,32,lpc,fiBRvp-155-14754-379538-407950-108056-495971-270302,0.4430856,4.730792997341732,36.07809997629374
context_length_packets,32,nn,fiBRvp-155-14754-379538-407950-108056-495971-270302,0.10284658,4.730823724173673,753.2155499793589
context_length_packets,32,lpc,rpdA0p-089-193291-347380-224170-426805-310105-489070,1.0244693,4.697392788877984,30.48829996259883
context_length_packets,32,nn,rpdA0p-089-193291-347380-224170-426805-310105-489070,1.8735824,4.700933803182587,758.6852500098757
context_length_packets,32,lpc,JCRPTw-618-129107-479691-343332-355104-157595-129013,-0.88464147,4.693658349645526,30.409550003241748
context_length_packets,32,nn,JCRPTw-618-129107-479691-343332-355104-157595-129013,-0.52919257,4.6940689392477655,760.4177999892272
context_length_packets,32,lpc,DfzVIp-175-379354-103913-25062-384031-343308-295308,-1.4752767,4.711798040595738,31.382600020151585
context_length_packets,32,nn,DfzVIp-175-379354-103913-25062-384031-343308-295308,-1.6781223,4.7147818589190695,756.4172499696724
context_length_packets,32,lpc,PBDVAf-465-366971-117533-197606-160943-60681-25579,7.292257,4.727307453674035,31.474100018385798
context_length_packets,32,nn,PBDVAf-465-366971-117533-197606-160943-60681-25579,5.5104375,4.689543786818872,762.9304000292905
context_length_packets,32,lpc,BNXFqp-404-184495-450557-10737-129636-497448-379538,-0.06904803,4.692125282754672,30.832800024654716
context_length_packets,32,nn,BNXFqp-404-184495-450557-10737-129636-497448-379538,-0.12756771,4.694443255615882,735.7089000288397
context_length_packets,32,lpc,f2JFMw-634-136860-113105-22031-310105-248646-32125,0.90976864,4.728355915737542,30.334850016515702
context_length_packets,32,nn,f2JFMw-634-136860-113105-22031-310105-248646-32125,0.42800817,4.728439732640998,780.8189500356093
context_length_packets,32,lpc,cedJli-522-192385-152140-262731-156368-123704-333757,-0.017846942,4.353014427656274,30.34524997929111
context_length_packets,32,nn,cedJli-522-192385-152140-262731-156368-123704-333757,0.09122695,4.386260335385781,850.9456499596126
context_length_packets,32,lpc,Q4PCSi-506-317415-237079-78108-78427-235375-285778,1.6285974,3.7527766855015745,32.98209997592494
context_length_packets,32,nn,Q4PCSi-506-317415-237079-78108-78427-235375-285778,2.2644808,4.403966910749094,805.6722999899648
context_length_packets,32,lpc,CrjLKf-468-374393-49022-14754-240504-316080-236920,0.012280527,4.728022341882712,30.538649996742606
context_length_packets,32,nn,CrjLKf-468-374393-49022-14754-240504-316080-236920,-1.2292218,4.730400665744609,964.430549996905
context_length_packets,32,lpc,m5rDOp-062-377273-156368-185152-188815-186260-486330,-0.13130751,4.732097725659228,31.99370001675561
context_length_packets,32,nn,m5rDOp-062-377273-156368-185152-188815-186260-486330,3.8073409,4.732100862682907,836.3966000033543
context_length_packets,32,lpc,0mk6rp-310-146145-90733-51581-27791-50416-437215,0.0077262977,4.731993111992748,29.34685000218451
context_length_packets,32,nn,0mk6rp-310-146145-90733-51581-27791-50416-437215,0.6337477,4.732031236032168,828.5431999829598
context_length_packets,32,lpc,fS0Vwp-324-274170-461984-129889-218396-366126-128329,9.360243,4.72050989840554,30.417050002142787
context_length_packets,32,nn,fS0Vwp-324-274170-461984-129889-218396-366126-128329,7.787788,4.716381862214442,839.4364499836229
context_length_packets,32,lpc,0Rve0i-524-469450-332402-376902-283921-64116-240504,0.32430005,4.287913314795814,29.986149980686605
context_length_packets,32,nn,0Rve0i-524-469450-332402-376902-283921-64116-240504,0.660981,4.3174053235900125,923.6901999684051
context_length_packets,32,lpc,fZg66p-070-68221-216978-377273-239730-53784-3467,0.026499221,4.732101253034481,29.302100010681897
context_length_packets,32,nn,fZg66p-070-68221-216978-377273-239730-53784-3467,-1.5349329,4.732101253041895,819.900750007946
context_length_packets,32,lpc,Aal0cp-183-209061-91230-492922-2757-317191-461984,3.482952,4.695938987690242,34.98609998496249
context_length_packets,32,nn,Aal0cp-183-209061-91230-492922-2757-317191-461984,3.3319638,4.695411128332571,811.648050090298
context_length_packets,32,lpc,m8mjCs-533-485468-283456-486330-442126-2757-12865,-0.009778034,4.730831945977095,30.025699990801513
context_length_packets,32,nn,m8mjCs-533-485468-283456-486330-442126-2757-12865,-0.12243009,4.730359884454446,836.3071499625221
context_length_packets,32,lpc,jM2z5p-212-362995-350336-202035-87506-239730-207508,-1.4416689,4.7321012527244,30.05664999363944
context_length_packets,32,nn,jM2z5p-212-362995-350336-202035-87506-239730-207508,-2.2284908,4.732101252744924,907.3588000028394
context_length_packets,32,lpc,Paqf1p-119-254913-443221-90733-163645-32125-188815,1.5181388,4.730267205822031,30.55809997022152
context_length_packets,32,nn,Paqf1p-119-254913-443221-90733-163645-32125-188815,-1.0494939,4.681588217547665,829.7230000025593
context_length_packets,32,lpc,87hwjf-487-426805-60643-437215-160943-182650-407728,0.119496495,4.661872765845429,29.493950016330928
context_length_packets,32,nn,87hwjf-487-426805-60643-437215-160943-182650-407728,-0.115640156,4.6661225929840295,876.1768999393098
context_length_packets,32,lpc,kDEiGp-268-254920-474864-52991-170820-165168-328121,0.0,4.709236463252199,31.152700015809387
context_length_packets,32,nn,kDEiGp-268-254920-474864-52991-170820-165168-328121,-7.9211786e-05,4.70923654127429,852.4394999840297
context_length_packets,32,lpc,Mtnx5i-515-495971-279778-348676-11995-306560-418034,0.0018545925,4.638168146334532,29.847199970390648
context_length_packets,32,nn,Mtnx5i-515-495971-279778-348676-11995-306560-418034,0.003338524,4.63819236105447,863.600549986586
context_length_packets,32,lpc,3EBeof-459-212842-454791-192385-495971-180085-113105,0.049651198,4.7047141414197835,28.861450031399727
context_length_packets,32,nn,3EBeof-459-212842-454791-192385-495971-180085-113105,0.05367849,4.70472887171678,882.7910500112921
context_length_packets,32,lpc,7j8l2a-034-50416-4800-287427-123375-143976-264357,-0.0006241555,4.684297403435455,29.81879998696968
context_length_packets,32,nn,7j8l2a-034-50416-4800-287427-123375-143976-264357,0.42790592,4.688675913299963,816.824949986767
context_length_packets,32,lpc,9Mkadp-302-273892-209608-109841-324591-494783-498752,0.9634293,4.683094783419188,30.08860000409186
context_length_packets,32,nn,9Mkadp-302-273892-209608-109841-324591-494783-498752,1.0529759,4.696757956800527,805.3202499868348
context_length_packets,32,lpc,u3JmNp-105-377036-373629-177809-287789-419538-221798,0.5570585,4.725640420775084,30.8589999913238
context_length_packets,32,nn,u3JmNp-105-377036-373629-177809-287789-419538-221798,2.3129268,4.727498439241591,979.4875999796204
context_length_packets,32,lpc,PiKSIp-112-109021-465867-125189-123174-211212-334242,9.105606,4.729151711730841,32.348599983379245
context_length_packets,32,nn,PiKSIp-112-109021-465867-125189-123174-211212-334242,5.28082,4.732076585701908,883.1718000001274
context_length_packets,32,lpc,9a98Kf-464-298969-472051-292323-179462-78575-496080,0.038573787,4.306302850622403,31.823350058402866
context_length_packets,32,nn,9a98Kf-464-298969-472051-292323-179462-78575-496080,0.023488456,4.307447558864521,832.8333999961615
context_length_packets,32,lpc,vAlA7f-458-390385-16661-177809-112031-325632-365075,1.9857098,4.731928515726071,30.12774995295331
context_length_packets,32,nn,vAlA7f-458-390385-16661-177809-112031-325632-365075,-1.5113318,4.731675195644472,829.258099955041
context_length_packets,32,lpc,U5aQJe-592-437270-129013-295308-406364-103913-497087,5.1256657,4.719059179319773,30.625400017015636
context_length_packets,32,nn,U5aQJe-592-437270-129013-295308-406364-103913-497087,-0.92690516,4.657086390075312,941.1160000017844
context_length_packets,32,lpc,HxFzMp-357-24999-343332-90733-489807-316694-345238,14.802995,4.718844646290664,29.9052499467507
context_length_packets,32,nn,HxFzMp-357-24999-343332-90733-489807-316694-345238,17.423502,4.7308318652748165,828.1445000320673
context_length_packets,32,lpc,9kbanp-261-50416-108056-469001-231167-334074-209061,1.203342,4.719845241470213,31.10319998813793
context_length_packets,32,nn,9kbanp-261-50416-108056-469001-231167-334074-209061,1.4211154,4.722483071806995,824.2386500351131
context_length_packets,32,lpc,rqqrUf-476-372299-90733-207508-318838-254913-53278,-0.05252158,4.731016253730045,30.468500044662505
context_length_packets,32,nn,rqqrUf-476-372299-90733-207508-318838-254913-53278,-0.0027416716,4.731029234897979,936.0007499926724
context_length_packets,32,lpc,ie6iSp-097-407790-253414-334074-464643-167361-80351,0.930555,4.731735441586117,30.108700040727854
context_length_packets,32,nn,ie6iSp-097-407790-253414-334074-464643-167361-80351,0.6172966,4.731785595442853,939.0912000089884
context_length_packets,32,lpc,FiS63i-513-129107-287427-185152-454791-121010-285778,0.0001444413,4.1934604785820895,30.88860004208982
context_length_packets,32,nn,FiS63i-513-129107-287427-185152-454791-121010-285778,-0.10135669,4.1991134319329895,940.8704500528984
context_length_packets,32,lpc,BBcZPi-501-456735-480197-495997-497448-326140-134118,-0.00034740358,4.713228829554227,29.852600011508912
context_length_packets,32,nn,BBcZPi-501-456735-480197-495997-497448-326140-134118,-0.09171711,4.71352233143349,811.0892500262707
context_length_packets,32,lpc,5OQdwp-063-348077-460359-16661-112031-224170-197606,9.945956,4.730361230053288,30.536300037056208
context_length_packets,32,nn,5OQdwp-063-348077-460359-16661-112031-224170-197606,1.8772223,4.71993118586747,829.9178999732248
context_length_packets,32,lpc,riuiap-287-319764-286732-35325-55646-391852-1246,0.72209036,4.619431806129809,30.308199988212436
context_length_packets,32,nn,riuiap-287-319764-286732-35325-55646-391852-1246,0.746722,4.615931873621729,805.5870999814942
context_length_packets,32,lpc,6TUCvp-352-108130-78807-55646-250174-386302-414547,-0.531746,4.491618192435966,30.171249993145466
context_length_packets,32,nn,6TUCvp-352-108130-78807-55646-250174-386302-414547,-1.1939747,4.546670783189333,864.4058500067331
context_length_packets,32,lpc,KIklei-503-156368-5054-151331-161307-380077-177809,0.013386726,4.37812030553569,30.18265002174303
context_length_packets,32,nn,KIklei-503-156368-5054-151331-161307-380077-177809,0.0128556,4.385283877943222,875.5153499660082
context_length_packets,32,lpc,zVlcap-263-274542-472051-376372-248785-476225-35325,-1.8810015,4.732101060048017,29.880749993026257
context_length_packets,32,nn,zVlcap-263-274542-472051-376372-248785-476225-35325,-19.10569,4.731966482437153,880.7909499737434
context_length_packets,32,lpc,BLAVyp-401-374393-353502-276516-464643-247007-280816,-0.00017887572,4.712889483384533,30.42770002502948
context_length_packets,32,nn,BLAVyp-401-374393-353502-276516-464643-247007-280816,0.0003592824,4.712890081111217,826.451150001958
context_length_packets,32,lpc,5Lu6ui-514-135410-151381-124082-173176-644-324310,-0.07427531,4.587354278821616,29.827099991962314
context_length_packets,32,nn,5Lu6ui-514-135410-151381-124082-173176-644-324310,-0.059899732,4.587415958448905,849.6874499833211
context_length_packets,32,lpc,lzFhsp-134-377273-280816-60681-369034-268009-11995,0.6409082,4.703799961677095,29.17335001984611
context_length_packets,32,nn,lzFhsp-134-377273-280816-60681-369034-268009-11995,1.116924,4.7107745567167685,821.422100008931
context_length_packets,32,lpc,nSu3Cp-366-41411-362672-285778-222370-421926-202035,19.150742,4.729395372042059,31.935949984472245
context_length_packets,32,nn,nSu3Cp-366-41411-362672-285778-222370-421926-202035,9.465837,4.7308266364825124,830.6447499780916
context_length_packets,32,lpc,cUyODs-564-324456-286869-479691-123056-485468-274323,2.2824643,4.730311628291787,31.37944999616593
context_length_packets,32,nn,cUyODs-564-324456-286869-479691-123056-485468-274323,2.1360378,4.730385110744917,857.6235499931499
context_length_packets,32,lpc,TkK5fp-380-229618-476225-311495-339484-11995-7708,5.144351,4.730913125868818,30.199850036296993
context_length_packets,32,nn,TkK5fp-380-229618-476225-311495-339484-11995-7708,5.2537966,4.731024165816466,868.4119000099599
context_length_packets,32,lpc,AHwsQs-538-108297-304214-140209-237079-426805-448869,-1.2199082,4.732101224614974,30.297149962279946
context_length_packets,32,nn,AHwsQs-538-108297-304214-140209-237079-426805-448869,-1.4260292,4.732101231472677,847.2293500090018
context_length_packets,32,lpc,RkoxIi-499-395609-17243-276516-68344-191485-476225,-0.0053407103,4.716529632047667,31.996099976822734
context_length_packets,32,nn,RkoxIi-499-395609-17243-276516-68344-191485-476225,-0.038064156,4.716586391940956,1108.3652000525035
context_length_packets,32,lpc,YLEXwp-335-240298-183720-447487-129636-202035-44660,0.014607191,4.728135065983325,36.62014997098595
context_length_packets,32,nn,YLEXwp-335-240298-183720-447487-129636-202035-44660,-0.04559408,4.7281325273895085,1139.9412500322796
context_length_packets,32,lpc,rn9v1e-583-369034-383770-175927-399756-390385-383479,-0.4082705,4.610540949189099,35.84419999970123
context_length_packets,32,nn,rn9v1e-583-369034-383770-175927-399756-390385-383479,-0.25735041,4.619051400918253,801.101750053931
context_length_packets,32,lpc,SSYQ1w-650-275802-13671-144360-112336-104867-157595,1.4140439,4.730762134238135,28.749599994625896
context_length_packets,32,nn,SSYQ1w-650-275802-13671-144360-112336-104867-157595,1.9782401,4.730570891809604,810.8610000344925
context_length_packets,32,lpc,4fsgkp-253-311495-209061-229618-287427-276516-38459,4.621218,4.726692019964555,29.658199986442924
context_length_packets,32,nn,4fsgkp-253-311495-209061-229618-287427-276516-38459,5.1522202,4.731580902547435,856.0392999788746
context_length_packets,32,lpc,44Zbvs-567-179462-358526-13671-355104-116061-343332,0.7489365,4.7275171854520766,29.97750003123656
context_length_packets,32,nn,44Zbvs-567-179462-358526-13671-355104-116061-343332,0.72630894,4.727466507622713,810.9215500880964
context_length_packets,32,lpc,cmHjrf-493-348077-309854-224170-458554-202179-472051,1.4005626,4.699319696272452,29.04445002786815
context_length_packets,32,nn,cmHjrf-493-348077-309854-224170-458554-202179-472051,-0.56086427,4.721509344589487,813.3504000725225
context_length_packets,32,lpc,zQSXvp-215-498788-407950-152419-25062-51581-3467,2.4521766,4.722626072260858,31.032899976707995
context_length_packets,32,nn,zQSXvp-215-498788-407950-152419-25062-51581-3467,-0.25332573,4.724223527262794,863.2785500376485
context_length_packets,32,lpc,l3Lvae-611-211084-218396-212842-198509-334833-311379,3.7117462,4.677067530881983,30.2512000198476
context_length_packets,32,nn,l3Lvae-611-211084-218396-212842-198509-334833-311379,0.1414893,4.680150312121418,843.9522499684244
context_length_packets,32,lpc,LIJKja-026-447487-148409-188815-38506-78427-479691,0.44390696,4.7095404999961215,31.662199995480478
context_length_packets,32,nn,LIJKja-026-447487-148409-188815-38506-78427-479691,0.43576723,4.711543854804014,813.581449969206
context_length_packets,32,lpc,tztd5w-640-23535-348077-410307-64116-151381-134118,-0.18518856,4.7321012501081565,31.79315000306815
context_length_packets,32,nn,tztd5w-640-23535-348077-410307-64116-151381-134118,0.0995402,4.732101250290279,847.1772499615327
context_length_packets,32,lpc,TypO9p-362-82313-390793-365346-50416-310105-275395,10.90981,4.726425934515486,30.704949982464314
context_length_packets,32,nn,TypO9p-362-82313-390793-365346-50416-310105-275395,-3.8719316,4.709341135600313,1013.2055999711156
context_length_packets,32,lpc,3hvoVa-051-2307-202921-218396-175927-14787-464643,1.4139802,4.665752599015294,30.011099996045232
context_length_packets,32,nn,3hvoVa-051-2307-202921-218396-175927-14787-464643,-0.017177686,4.7311320056462804,864.5515000098385
context_length_packets,32,lpc,9hvMUf-482-498788-113105-17243-63022-21827-338584,0.0032754103,4.660095538159849,32.48749999329448
context_length_packets,32,nn,9hvMUf-482-498788-113105-17243-63022-21827-338584,-1.3497554,4.685093515392067,983.389450062532
context_length_packets,32,lpc,lDN6of-450-91840-427818-353502-327883-210172-489807,0.035590384,4.655704972423348,34.967250016052276
context_length_packets,32,nn,lDN6of-450-91840-427818-353502-327883-210172-489807,-0.3807098,4.666673946399262,841.2362500093877
context_length_packets,32,lpc,8b8sWp-275-88756-348733-183720-134118-226233-129107,-0.97970235,4.73176249122997,29.622900008689612
context_length_packets,32,nn,8b8sWp-275-88756-348733-183720-134118-226233-129107,-1.3170629,4.731796515946176,815.223099954892
context_length_packets,32,lpc,noHubp-343-163645-17243-410906-219243-161307-221798,3.9749222,4.67035125091156,29.742949991486967
context_length_packets,32,nn,noHubp-343-163645-17243-410906-219243-161307-221798,4.0217752,4.71284155537691,807.9535500146449
context_length_packets,32,lpc,G50hup-092-363552-123056-229618-481410-299323-332402,0.04080333,4.732094038599795,30.304450017865747
context_length_packets,32,nn,G50hup-092-363552-123056-229618-481410-299323-332402,-0.09502053,4.732094253506359,836.992199998349
context_length_packets,32,lpc,FPRIpe-578-474864-126584-425422-304828-148409-10737,-0.022448765,4.67506738681886,31.090300006326288
context_length_packets,32,nn,FPRIpe-578-474864-126584-425422-304828-148409-10737,2.0222588,4.676017290757322,826.7886500107124
context_length_packets,32,lpc,1zDUvp-298-108297-119460-56896-348770-68221-98443,9.524798,4.731715679198688,30.027549946680665
context_length_packets,32,nn,1zDUvp-298-108297-119460-56896-348770-68221-98443,5.0251346,4.729318000672087,834.2556999996305
context_length_packets,32,lpc,WVKBPa-017-469001-13769-309009-430207-5054-14754,7.520461,4.728455406865033,31.853499996941537
context_length_packets,32,nn,WVKBPa-017-469001-13769-309009-430207-5054-14754,2.692688,4.730792474387127,812.1558499988168
context_length_packets,32,lpc,fdXdMp-313-165684-111916-348770-380077-145384-347380,-1.6727962,4.7321012530423525,30.612850037869066
context_length_packets,32,nn,fdXdMp-313-165684-111916-348770-380077-145384-347380,-17.90276,4.7321012530319075,819.5348500157706
context_length_packets,32,lpc,rkSMcp-349-162269-339484-74769-12865-363552-41411,-0.7511151,4.595996371792004,29.402950021903962
context_length_packets,32,nn,rkSMcp-349-162269-339484-74769-12865-363552-41411,-3.0979517,4.7289508120980095,862.8173000179231
context_length_packets,32,lpc,avuTLe-585-474206-355130-317191-361413-333474-248785,0.13140501,4.6807382911455075,45.71059998124838
context_length_packets,32,nn,avuTLe-585-474206-355130-317191-361413-333474-248785,0.42671412,4.685955598318582,878.8650499773212
context_length_packets,32,lpc,1Q0zzp-067-496080-227228-300626-311379-247007-1214,16.712702,4.7320190873799675,30.27089999523014
context_length_packets,32,nn,1Q0zzp-067-496080-227228-300626-311379-247007-1214,13.249252,4.731758267494868,867.2563000582159
context_length_packets,32,lpc,k2rvsa-021-181149-117176-94351-2985-340579-209061,-0.12254432,4.731356673091561,30.502599955070764
context_length_packets,32,nn,k2rvsa-021-181149-117176-94351-2985-340579-209061,0.10105789,4.731402389164953,887.1795000741258
context_length_packets,32,lpc,DmpOYi-525-91230-450251-209608-292323-92870-38506,0.11483152,4.538571522623284,31.992650008760393
context_length_packets,32,nn,DmpOYi-525-91230-450251-209608-292323-92870-38506,0.64424187,4.559650339171748,884.7335500176996
context_length_packets,32,lpc,cZ9D6w-670-134118-41411-423587-125189-84055-98443,-0.7403442,4.7266585700839645,31.802749959751964
context_length_packets,32,nn,cZ9D6w-670-134118-41411-423587-125189-84055-98443,-0.46394503,4.725940161770286,872.486200009007
context_length_packets,32,lpc,wD39yw-617-350336-91230-365075-384274-339484-27577,0.7428182,4.545893485542106,30.43210000032559
context_length_packets,32,nn,wD39yw-617-350336-91230-365075-384274-339484-27577,0.8456304,4.5490502484965205,1013.8113499851897
context_length_packets,32,lpc,jFujMp-258-2985-422977-276516-270302-316694-390385,2.906401,4.731582922713921,35.1367499679327
context_length_packets,32,nn,jFujMp-258-2985-422977-276516-270302-316694-390385,1.1643909,4.729852027443725,1052.8395499568433
context_length_packets,32,lpc,ainjFp-098-145384-88756-289593-274542-488804-292564,0.7941508,4.704324678111158,34.03390001039952
context_length_packets,32,nn,ainjFp-098-145384-88756-289593-274542-488804-292564,0.7536478,4.704086417786074,1048.6070000333712
context_length_packets,32,lpc,rllgnp-282-21827-2985-183720-67455-409746-330730,-0.06905198,4.732100632609109,35.532600013539195
context_length_packets,32,nn,rllgnp-282-21827-2985-183720-67455-409746-330730,-0.30105832,4.732100756439421,1064.779499953147
context_length_packets,32,lpc,ck2Uxp-081-495997-135873-82313-377039-373629-268363,6.798206,4.732068079653795,37.66314999666065
context_length_packets,32,nn,ck2Uxp-081-495997-135873-82313-377039-373629-268363,7.232581,4.732083679035062,1116.845500015188
context_length_packets,32,lpc,jhRr0p-088-489070-351855-386883-172725-333766-16976,0.6838422,4.731600685061922,40.59729998698458
context_length_packets,32,nn,jhRr0p-088-489070-351855-386883-172725-333766-16976,0.4356834,4.731608281832676,1119.926100014709
context_length_packets,32,lpc,oRqMra-058-167772-480197-43889-36331-135873-265166,0.28246182,4.731970997364867,42.40604996448383
context_length_packets,32,nn,oRqMra-058-167772-480197-43889-36331-135873-265166,0.32627964,4.732054491691073,1191.717299981974
context_length_packets,32,lpc,d4LtRw-656-379354-74769-192385-202921-93885-62534,-0.00033653062,4.732100891592216,40.741799981333315
context_length_packets,32,nn,d4LtRw-656-379354-74769-192385-202921-93885-62534,0.017044002,4.732100893344006,1106.4323000027798
context_length_packets,32,lpc,tXap2p-281-298969-9753-281965-457067-162269-329331,1.5731473,4.726912178304618,46.91079998156056
context_length_packets,32,nn,tXap2p-281-298969-9753-281965-457067-162269-329331,1.820133,4.72795381305016,1081.4006999717094
context_length_packets,32,lpc,IIhdup-184-282845-322947-195637-315211-10737-386302,3.8356197,4.595816217219224,37.52115002134815
context_length_packets,32,nn,IIhdup-184-282845-322947-195637-315211-10737-386302,2.5199425,4.576984992369949,2460.107900085859
context_length_packets,32,lpc,Q1VJ4p-396-67099-191485-442126-324310-384031-392966,0.060520712,4.732093677368647,49.6424000011757
context_length_packets,32,nn,Q1VJ4p-396-67099-191485-442126-324310-384031-392966,-7.853793,4.732009032035739,1042.925650079269
context_length_packets,32,lpc,IJqofi-526-68304-236920-183720-152419-94351-316080,0.067082,4.540941499477759,29.340599954593927
context_length_packets,32,nn,IJqofi-526-68304-236920-183720-152419-94351-316080,-0.022803953,4.569977800490392,909.8763500223868
context_length_packets,32,lpc,MJEnPs-553-484336-261033-237079-274170-257745-343308,0.37187535,4.731717564207646,30.270099989138544
context_length_packets,32,nn,MJEnPs-553-484336-261033-237079-274170-257745-343308,0.8495821,4.731775876061463,811.7121000541374
context_length_packets,32,lpc,oK9Hxs-550-7708-104867-460359-299323-420765-264795,12.287578,4.732046488002606,30.991200008429587
context_length_packets,32,nn,oK9Hxs-550-7708-104867-460359-299323-420765-264795,1.0528272,4.719848856731985,868.689099967014
context_length_packets,32,lpc,ItvEYp-187-347380-151331-160943-343502-92870-286732,0.27965644,4.711061941550032,30.066449951846153
context_length_packets,32,nn,ItvEYp-187-347380-151331-160943-343502-92870-286732,0.42269814,4.707429121663779,813.4048499632627
context_length_packets,64,lpc,9f3Qjw-657-129013-78427-348770-228203-60643-7188,0.44155896,4.724980271768318,38.199600006919354
context_length_packets,64,nn,9f3Qjw-657-129013-78427-348770-228203-60643-7188,0.29438132,4.725005559917131,1471.8521000468172
context_length_packets,64,lpc,i0Ocoe-610-395609-211084-211212-108056-187519-202035,0.54581714,4.628806147985513,38.74664998147637
context_length_packets,64,nn,i0Ocoe-610-395609-211084-211212-108056-187519-202035,2.069624,4.657798861409592,1800.4597999970429
context_length_packets,64,lpc,Th8NDe-613-23535-495997-395609-270487-329331-383770,0.007097824,4.643917751841695,36.78820002824068
context_length_packets,64,nn,Th8NDe-613-23535-495997-395609-270487-329331-383770,0.8537433,4.651959288988696,1497.9571499861777
context_length_packets,64,lpc,ui9aDp-122-292323-379538-386883-287427-306759-88721,0.45753086,4.693729771186357,40.987049986142665
context_length_packets,64,nn,ui9aDp-122-292323-379538-386883-287427-306759-88721,0.34390256,4.693146669626865,1390.376900031697
context_length_packets,64,lpc,DLZvmp-426-78108-128329-469130-165684-261033-84004,-1.8360794,4.731610882308962,38.301599968690425
context_length_packets,64,nn,DLZvmp-426-78108-128329-469130-165684-261033-84004,-5.7913256,4.728738937707055,1439.999499998521
context_length_packets,64,lpc,amZyRf-444-7708-476924-468905-275802-405424-380077,-0.014245347,4.7176827611056,39.85595004633069
context_length_packets,64,nn,amZyRf-444-7708-476924-468905-275802-405424-380077,-0.5165411,4.718845587616068,1426.060449972283
context_length_packets,64,lpc,ofs2Us-561-469223-161307-229618-187519-295308-129107,0.17542331,4.723875196002841,40.46744998777285
context_length_packets,64,nn,ofs2Us-561-469223-161307-229618-187519-295308-129107,-0.2973793,4.72597437316088,1395.8355499780737
context_length_packets,64,lpc,nQsrxi-500-35788-354893-151331-437270-461984-276516,-0.0005467461,4.7083071815830895,40.66239995881915
context_length_packets,64,nn,nQsrxi-500-35788-354893-151331-437270-461984-276516,0.15762854,4.710957931268814,1385.7441000291146
context_length_packets,64,lpc,YuwChp-152-8651-147603-379354-29563-62919-345238,-0.006353178,4.732100990650197,40.674449992366135
context_length_packets,64,nn,YuwChp-152-8651-147603-379354-29563-62919-345238,-0.26720494,4.732100991180603,1404.153999988921
context_length_packets,64,lpc,fiBRvp-155-14754-379538-407950-108056-495971-270302,0.27883258,4.730789962686908,45.58609996456653
context_length_packets,64,nn,fiBRvp-155-14754-379538-407950-108056-495971-270302,-1.3144526,4.731291585677598,1435.4165999684483
context_length_packets,64,lpc,rpdA0p-089-193291-347380-224170-426805-310105-489070,2.1878939,4.693992178939164,36.27164999488741
context_length_packets,64,nn,rpdA0p-089-193291-347380-224170-426805-310105-489070,2.46869,4.703241780538539,1411.8699500104412
context_length_packets,64,lpc,JCRPTw-618-129107-479691-343332-355104-157595-129013,-0.9296279,4.694836088968065,37.448199989739805
context_length_packets,64,nn,JCRPTw-618-129107-479691-343332-355104-157595-129013,-0.6843828,4.69769987195585,1425.0102500081994
context_length_packets,64,lpc,DfzVIp-175-379354-103913-25062-384031-343308-295308,-1.1592872,4.712912581488913,38.12330000801012
context_length_packets,64,nn,DfzVIp-175-379354-103913-25062-384031-343308-295308,-1.3771647,4.716199117969621,1414.5255500334315
context_length_packets,64,lpc,PBDVAf-465-366971-117533-197606-160943-60681-25579,10.574527,4.724316130810484,38.38890005135909
context_length_packets,64,nn,PBDVAf-465-366971-117533-197606-160943-60681-25579,3.7990472,4.68198941095457,1438.6126500321552
context_length_packets,64,lpc,BNXFqp-404-184495-450557-10737-129636-497448-379538,-0.061829466,4.692090204426026,38.1597499945201
context_length_packets,64,nn,BNXFqp-404-184495-450557-10737-129636-497448-379538,-0.10181883,4.694580541606085,1378.8116999785416
context_length_packets,64,lpc,f2JFMw-634-136860-113105-22031-310105-248646-32125,0.819036,4.728262552163033,35.701499960850924
context_length_packets,64,nn,f2JFMw-634-136860-113105-22031-310105-248646-32125,0.35980907,4.7284061463822304,1491.1539499880746
context_length_packets,64,lpc,cedJli-522-192385-152140-262731-156368-123704-333757,-0.008185605,4.352485123963377,38.025899964850396
context_length_packets,64,nn,cedJli-522-192385-152140-262731-156368-123704-333757,-0.038190812,4.386776234253278,1393.2210500934161
context_length_packets,64,lpc,Q4PCSi-506-317415-237079-78108-78427-235375-285778,0.28902394,3.555654470406658,35.563599958550185
context_length_packets,64,nn,Q4PCSi-506-317415-237079-78108-78427-235375-285778,1.573658,3.703870027329603,1411.3149000913836
context_length_packets,64,lpc,CrjLKf-468-374393-49022-14754-240504-316080-236920,-0.032160956,4.728078912154304,38.69189997203648
context_length_packets,64,nn,CrjLKf-468-374393-49022-14754-240504-316080-236920,-1.6580154,4.730725854104208,1617.3713500611484
context_length_packets,64,lpc,m5rDOp-062-377273-156368-185152-188815-186260-486330,2.132774,4.732100237134164,43.85149996960536
context_length_packets,64,nn,m5rDOp-062-377273-156368-185152-188815-186260-486330,2.2360127,4.732101253025522,1631.9975499645807
context_length_packets,64,lpc,0mk6rp-310-146145-90733-51581-27791-50416-437215,0.027896054,4.731994057213255,43.36080001667142
context_length_packets,64,nn,0mk6rp-310-146145-90733-51581-27791-50416-437215,-0.10425328,4.732028473013165,1475.1863999990746
context_length_packets,64,lpc,fS0Vwp-324-274170-461984-129889-218396-366126-128329,10.15561,4.723201926304163,40.199499984737486
context_length_packets,64,nn,fS0Vwp-324-274170-461984-129889-218396-366126-128329,7.109039,4.697910062782304,1509.187399991788
context_length_packets,64,lpc,0Rve0i-524-469450-332402-376902-283921-64116-240504,0.23314166,4.278461844097205,46.13594996044412
context_length_packets,64,nn,0Rve0i-524-469450-332402-376902-283921-64116-240504,0.4770991,4.305101295219174,2077.6267999899574
context_length_packets,64,lpc,fZg66p-070-68221-216978-377273-239730-53784-3467,0.05044498,4.732101253034491,40.3008499997668
context_length_packets,64,nn,fZg66p-070-68221-216978-377273-239730-53784-3467,-1.864145,4.732101253040076,1602.1762000746094
context_length_packets,64,lpc,Aal0cp-183-209061-91230-492922-2757-317191-461984,3.483622,4.695844760053532,38.66304998518899
context_length_packets,64,nn,Aal0cp-183-209061-91230-492922-2757-317191-461984,3.3292139,4.695605898187706,1617.291100032162
context_length_packets,64,lpc,m8mjCs-533-485468-283456-486330-442126-2757-12865,0.22738683,4.730293722622431,37.56789996987209
context_length_packets,64,nn,m8mjCs-533-485468-283456-486330-442126-2757-12865,-0.03631958,4.729956903933802,1495.6622000900097
context_length_packets,64,lpc,jM2z5p-212-362995-350336-202035-87506-239730-207508,-6.0559726,4.732101251361478,39.9542500381358
context_length_packets,64,nn,jM2z5p-212-362995-350336-202035-87506-239730-207508,-7.6518703,4.732101247872684,1491.5239000110887
context_length_packets,64,lpc,Paqf1p-119-254913-443221-90733-163645-32125-188815,1.3689913,4.730428310957176,40.90364999137819
context_length_packets,64,nn,Paqf1p-119-254913-443221-90733-163645-32125-188815,-1.3229835,4.670906421026187,1539.427749987226
context_length_packets,64,lpc,87hwjf-487-426805-60643-437215-160943-182650-407728,0.053848255,4.661811236580755,36.22790001099929
context_length_packets,64,nn,87hwjf-487-426805-60643-437215-160943-182650-407728,-0.08498213,4.665733649984148,1522.7783000445925
context_length_packets,64,lpc,kDEiGp-268-254920-474864-52991-170820-165168-328121,0.0,4.709236463257641,38.28565002186224
context_length_packets,64,nn,kDEiGp-268-254920-474864-52991-170820-165168-328121,-7.9211786e-05,4.709236545377619,1561.9623999809846
context_length_packets,64,lpc,Mtnx5i-515-495971-279778-348676-11995-306560-418034,0.004261845,4.638167762497883,43.20780001580715
context_length_packets,64,nn,Mtnx5i-515-495971-279778-348676-11995-306560-418034,0.007509236,4.63820577797745,1570.985400059726
context_length_packets,64,lpc,3EBeof-459-212842-454791-192385-495971-180085-113105,0.0050531067,4.704895306114029,40.503299969714135
context_length_packets,64,nn,3EBeof-459-212842-454791-192385-495971-180085-113105,-0.008889792,4.704985321267241,1393.9313500304706
context_length_packets,64,lpc,7j8l2a-034-50416-4800-287427-123375-143976-264357,0.07353158,4.683693014997983,41.31589998723939
context_length_packets,64,nn,7j8l2a-034-50416-4800-287427-123375-143976-264357,0.5044334,4.687877141181618,1404.6916000079364
context_length_packets,64,lpc,9Mkadp-302-273892-209608-109841-324591-494783-498752,1.4621766,4.687711531254131,40.644950000569224
context_length_packets,64,nn,9Mkadp-302-273892-209608-109841-324591-494783-498752,1.3801026,4.703833363525769,1391.4688000222668
context_length_packets,64,lpc,u3JmNp-105-377036-373629-177809-287789-419538-221798,0.56381273,4.725685451305887,38.45315001672134
context_length_packets,64,nn,u3JmNp-105-377036-373629-177809-287789-419538-221798,2.2942872,4.727719514924601,1450.9573999675922
context_length_packets,64,lpc,PiKSIp-112-109021-465867-125189-123174-211212-334242,4.241223,4.724482006935347,39.31565000675619
context_length_packets,64,nn,PiKSIp-112-109021-465867-125189-123174-211212-334242,3.049149,4.726403196980101,1359.6926500322297
context_length_packets,64,lpc,9a98Kf-464-298969-472051-292323-179462-78575-496080,0.070572615,4.303864040711824,41.31274996325374
context_length_packets,64,nn,9a98Kf-464-298969-472051-292323-179462-78575-496080,0.04886341,4.305533740111622,1385.1902000023983
context_length_packets,64,lpc,vAlA7f-458-390385-16661-177809-112031-325632-365075,1.973903,4.731947109236001,45.822300016880035
context_length_packets,64,nn,vAlA7f-458-390385-16661-177809-112031-325632-365075,-1.8971782,4.731455102967951,1425.6905000074767
context_length_packets,64,lpc,U5aQJe-592-437270-129013-295308-406364-103913-497087,4.965304,4.718024942141538,39.30465003941208
context_length_packets,64,nn,U5aQJe-592-437270-129013-295308-406364-103913-497087,-0.77951527,4.658407003300722,1409.2561000143178
context_length_packets,64,lpc,HxFzMp-357-24999-343332-90733-489807-316694-345238,9.768754,4.726094793127777,38.258449989371
context_length_packets,64,nn,HxFzMp-357-24999-343332-90733-489807-316694-345238,9.812669,4.722013680178966,1451.7743999604136
context_length_packets,64,lpc,9kbanp-261-50416-108056-469001-231167-334074-209061,0.62443715,4.718985503979361,39.884349971544
context_length_packets,64,nn,9kbanp-261-50416-108056-469001-231167-334074-209061,1.0647976,4.720368179461895,1410.1607999764383
context_length_packets,64,lpc,rqqrUf-476-372299-90733-207508-318838-254913-53278,-0.07739709,4.731011684463313,41.090099955908954
context_length_packets,64,nn,rqqrUf-476-372299-90733-207508-318838-254913-53278,-0.021551162,4.731025380266182,1460.0241999723949
context_length_packets,64,lpc,ie6iSp-097-407790-253414-334074-464643-167361-80351,0.3956691,4.732007785982804,50.029749982059
context_length_packets,64,nn,ie6iSp-097-407790-253414-334074-464643-167361-80351,-0.13969651,4.7320891313249644,1420.0330499443226
context_length_packets,64,lpc,FiS63i-513-129107-287427-185152-454791-121010-285778,0.0003613531,4.1934785979947,40.39309994550422
context_length_packets,64,nn,FiS63i-513-129107-287427-185152-454791-121010-285778,-0.08707383,4.198277808913703,1397.6677999598905
context_length_packets,64,lpc,BBcZPi-501-456735-480197-495997-497448-326140-134118,-0.00031607918,4.713229437861989,40.56504997424781
context_length_packets,64,nn,BBcZPi-501-456735-480197-495997-497448-326140-134118,-0.13394596,4.7135363522826115,1443.230850098189
context_length_packets,64,lpc,5OQdwp-063-348077-460359-16661-112031-224170-197606,-0.6371784,4.719274265864039,38.29395002685487
context_length_packets,64,nn,5OQdwp-063-348077-460359-16661-112031-224170-197606,-0.20049223,4.7145034615779124,1453.8400499732234
context_length_packets,64,lpc,riuiap-287-319764-286732-35325-55646-391852-1246,0.43795127,4.631147446254537,37.67699998570606
context_length_packets,64,nn,riuiap-287-319764-286732-35325-55646-391852-1246,0.51862115,4.6277236889428055,1403.9074000320397
context_length_packets,64,lpc,6TUCvp-352-108130-78807-55646-250174-386302-414547,-0.349885,4.4810091670696455,38.26400003163144
context_length_packets,64,nn,6TUCvp-352-108130-78807-55646-250174-386302-414547,-0.6505683,4.534269515701322,1426.7129499930888
context_length_packets,64,lpc,KIklei-503-156368-5054-151331-161307-380077-177809,0.030937176,4.37540567711673,39.645199954975396
context_length_packets,64,nn,KIklei-503-156368-5054-151331-161307-380077-177809,-0.0077086897,4.377618205769211,1395.7427500281483
context_length_packets,64,lpc,zVlcap-263-274542-472051-376372-248785-476225-35325,-1.2342732,4.732101049109202,39.843999955337495
context_length_packets,64,nn,zVlcap-263-274542-472051-376372-248785-476225-35325,-18.867205,4.731984873143336,1378.4033499541692
context_length_packets,64,lpc,BLAVyp-401-374393-353502-276516-464643-247007-280816,-0.00034429703,4.7128891064489356,40.14699999243021
context_length_packets,64,nn,BLAVyp-401-374393-353502-276516-464643-247007-280816,0.00048766425,4.712890763244198,1396.8402000027709
context_length_packets,64,lpc,5Lu6ui-514-135410-151381-124082-173176-644-324310,-0.0937441,4.587550117489376,40.03760003251955
context_length_packets,64,nn,5Lu6ui-514-135410-151381-124082-173176-644-324310,-0.09041733,4.587637871126823,1402.8443000861444
context_length_packets,64,lpc,lzFhsp-134-377273-280816-60681-369034-268009-11995,0.23993641,4.695986858488591,39.81754998676479
context_length_packets,64,nn,lzFhsp-134-377273-280816-60681-369034-268009-11995,0.82318246,4.698359515430608,1405.1355499541387
context_length_packets,64,lpc,nSu3Cp-366-41411-362672-285778-222370-421926-202035,20.023727,4.731898012764587,40.286450006533414
context_length_packets,64,nn,nSu3Cp-366-41411-362672-285778-222370-421926-202035,4.936712,4.726845023130478,1421.1129500181414
context_length_packets,64,lpc,cUyODs-564-324456-286869-479691-123056-485468-274323,2.2334607,4.730338224732149,39.53534999163821
context_length_packets,64,nn,cUyODs-564-324456-286869-479691-123056-485468-274323,2.0926635,4.730423256470088,1445.5670500174165
context_length_packets,64,lpc,TkK5fp-380-229618-476225-311495-339484-11995-7708,1.0221778,4.729371848953987,39.392850070726126
context_length_packets,64,nn,TkK5fp-380-229618-476225-311495-339484-11995-7708,0.9430805,4.729510105118456,1437.3310499940999
context_length_packets,64,lpc,AHwsQs-538-108297-304214-140209-237079-426805-448869,-0.69349396,4.73210121178632,38.40234997915104
context_length_packets,64,nn,AHwsQs-538-108297-304214-140209-237079-426805-448869,-1.1195749,4.732101224599043,1446.613999956753
context_length_packets,64,lpc,RkoxIi-499-395609-17243-276516-68344-191485-476225,-0.007532615,4.716534664115576,37.22510009538382
context_length_packets,64,nn,RkoxIi-499-395609-17243-276516-68344-191485-476225,-0.06107779,4.716628327972601,1456.281799939461
context_length_packets,64,lpc,YLEXwp-335-240298-183720-447487-129636-202035-44660,-0.25078133,4.728537049565068,37.858900032006204
context_length_packets,64,nn,YLEXwp-335-240298-183720-447487-129636-202035-44660,-0.33729997,4.728515158235135,1412.7909999806434
context_length_packets,64,lpc,rn9v1e-583-369034-383770-175927-399756-390385-383479,-0.3462578,4.609447374923489,46.05579999042675
context_length_packets,64,nn,rn9v1e-583-369034-383770-175927-399756-390385-383479,-0.34679216,4.617213176945878,1377.0768500398844
context_length_packets,64,lpc,SSYQ1w-650-275802-13671-144360-112336-104867-157595,0.5615337,4.731850923268661,38.882400025613606
context_length_packets,64,nn,SSYQ1w-650-275802-13671-144360-112336-104867-157595,0.77483326,4.731939919736446,1386.9844999862835
context_length_packets,64,lpc,4fsgkp-253-311495-209061-229618-287427-276516-38459,0.6670695,4.723038677212278,39.43954996066168
context_length_packets,64,nn,4fsgkp-253-311495-209061-229618-287427-276516-38459,0.94051635,4.723682641216712,1409.4321000156924
context_length_packets,64,lpc,44Zbvs-567-179462-358526-13671-355104-116061-343332,0.5132644,4.727042352586361,39.90495001198724
context_length_packets,64,nn,44Zbvs-567-179462-358526-13671-355104-116061-343332,0.33761355,4.727115323570701,1410.0194500060752
context_length_packets,64,lpc,cmHjrf-493-348077-309854-224170-458554-202179-472051,1.3864696,4.697506112959683,40.669299953151494
context_length_packets,64,nn,cmHjrf-493-348077-309854-224170-458554-202179-472051,0.25210494,4.711977508247175,1456.9066499825567
context_length_packets,64,lpc,zQSXvp-215-498788-407950-152419-25062-51581-3467,2.2815886,4.712194830731841,39.67309999279678
context_length_packets,64,nn,zQSXvp-215-498788-407950-152419-25062-51581-3467,2.368667,4.7263339241151705,1381.877700041514
context_length_packets,64,lpc,l3Lvae-611-211084-218396-212842-198509-334833-311379,0.9465849,4.66199938163548,36.90254996763542
context_length_packets,64,nn,l3Lvae-611-211084-218396-212842-198509-334833-311379,1.7170875,4.675104327070214,1438.122499966994
context_length_packets,64,lpc,LIJKja-026-447487-148409-188815-38506-78427-479691,0.5059653,4.709319181176868,38.440899981651455
context_length_packets,64,nn,LIJKja-026-447487-148409-188815-38506-78427-479691,0.54974556,4.711013869593751,1422.256349993404
context_length_packets,64,lpc,tztd5w-640-23535-348077-410307-64116-151381-134118,-0.19671652,4.732101250303733,39.818999997805804
context_length_packets,64,nn,tztd5w-640-23535-348077-410307-64116-151381-134118,-0.37437144,4.732101251095843,1406.477199983783
context_length_packets,64,lpc,TypO9p-362-82313-390793-365346-50416-310105-275395,10.901005,4.7315580718118095,38.41020003892481
context_length_packets,64,nn,TypO9p-362-82313-390793-365346-50416-310105-275395,-5.8030224,4.705155488407639,1383.521150040906
context_length_packets,64,lpc,3hvoVa-051-2307-202921-218396-175927-14787-464643,1.0254624,4.660002469291358,38.8677500304766
context_length_packets,64,nn,3hvoVa-051-2307-202921-218396-175927-14787-464643,1.4639591,4.704621596330282,1600.0771999824792
context_length_packets,64,lpc,9hvMUf-482-498788-113105-17243-63022-21827-338584,-0.009998307,4.659938910260368,42.67204995267093
context_length_packets,64,nn,9hvMUf-482-498788-113105-17243-63022-21827-338584,-0.87736297,4.670100524733474,1387.5918500125408
context_length_packets,64,lpc,lDN6of-450-91840-427818-353502-327883-210172-489807,0.028846055,4.6557102562998995,43.99564996128902
context_length_packets,64,nn,lDN6of-450-91840-427818-353502-327883-210172-489807,-0.39115503,4.666750337024837,1376.459649996832
context_length_packets,64,lpc,8b8sWp-275-88756-348733-183720-134118-226233-129107,-1.0606091,4.731760646408771,39.645050070248544
context_length_packets,64,nn,8b8sWp-275-88756-348733-183720-134118-226233-129107,-1.1350982,4.7317784730143,1394.790649996139
context_length_packets,64,lpc,noHubp-343-163645-17243-410906-219243-161307-221798,4.4517117,4.68423590557793,39.121000037994236
context_length_packets,64,nn,noHubp-343-163645-17243-410906-219243-161307-221798,3.2140455,4.721986924588608,1396.6280000167899
context_length_packets,64,lpc,G50hup-092-363552-123056-229618-481410-299323-332402,0.0378697,4.732094039697598,36.50629997719079
context_length_packets,64,nn,G50hup-092-363552-123056-229618-481410-299323-332402,-0.10217501,4.732094264490906,1419.7017999831587
context_length_packets,64,lpc,FPRIpe-578-474864-126584-425422-304828-148409-10737,0.031078536,4.668662133496689,39.89509999519214
context_length_packets,64,nn,FPRIpe-578-474864-126584-425422-304828-148409-10737,1.5083323,4.67082842349385,1401.5634499955922
context_length_packets,64,lpc,1zDUvp-298-108297-119460-56896-348770-68221-98443,9.864993,4.73197370976624,39.10129994619638
context_length_packets,64,nn,1zDUvp-298-108297-119460-56896-348770-68221-98443,3.6339462,4.7266612190531205,1424.7801999445073
context_length_packets,64,lpc,WVKBPa-017-469001-13769-309009-430207-5054-14754,7.7492237,4.728898507646644,38.51995000150055
context_length_packets,64,nn,WVKBPa-017-469001-13769-309009-430207-5054-14754,3.1369991,4.73005401078021,1368.5235000448301
context_length_packets,64,lpc,fdXdMp-313-165684-111916-348770-380077-145384-347380,-3.829137,4.732101253042364,33.62629999173805
context_length_packets,64,nn,fdXdMp-313-165684-111916-348770-380077-145384-347380,-17.987158,4.732101253031997,1426.7564000329003
context_length_packets,64,lpc,rkSMcp-349-162269-339484-74769-12865-363552-41411,-0.7574994,4.595844187232576,34.763500036206096
context_length_packets,64,nn,rkSMcp-349-162269-339484-74769-12865-363552-41411,-3.137825,4.7286166564042365,1265.5690500396304
context_length_packets,64,lpc,avuTLe-585-474206-355130-317191-361413-333474-248785,0.026326321,4.68107829381219,34.60099996300414
context_length_packets,64,nn,avuTLe-585-474206-355130-317191-361413-333474-248785,0.34744918,4.685660722754871,1323.1476499931887
context_length_packets,64,lpc,1Q0zzp-067-496080-227228-300626-311379-247007-1214,8.860405,4.732085785897636,34.43885000888258
context_length_packets,64,nn,1Q0zzp-067-496080-227228-300626-311379-247007-1214,7.4555516,4.729367018938852,1530.2152499789372
context_length_packets,64,lpc,k2rvsa-021-181149-117176-94351-2985-340579-209061,0.14699067,4.731248349812623,40.990050008986145
context_length_packets,64,nn,k2rvsa-021-181149-117176-94351-2985-340579-209061,0.4376489,4.73131491723378,1670.9327999851666
context_length_packets,64,lpc,DmpOYi-525-91230-450251-209608-292323-92870-38506,0.045395263,4.535366259709582,44.08865002915263
context_length_packets,64,nn,DmpOYi-525-91230-450251-209608-292323-92870-38506,0.5886326,4.549794976837369,1989.941900013946
context_length_packets,64,lpc,cZ9D6w-670-134118-41411-423587-125189-84055-98443,-0.70962024,4.726404964375627,47.33615001896396
context_length_packets,64,nn,cZ9D6w-670-134118-41411-423587-125189-84055-98443,-0.48191404,4.725904088591362,1549.2340000346303
context_length_packets,64,lpc,wD39yw-617-350336-91230-365075-384274-339484-27577,0.27713096,4.529517509721453,39.00114999851212
context_length_packets,64,nn,wD39yw-617-350336-91230-365075-384274-339484-27577,0.919485,4.544163546345918,1403.0413500149734
context_length_packets,64,lpc,jFujMp-258-2985-422977-276516-270302-316694-390385,1.5321741,4.731066010419655,36.76909994101152
context_length_packets,64,nn,jFujMp-258-2985-422977-276516-270302-316694-390385,-0.28357095,4.7274563250723824,1403.3679000567645
context_length_packets,64,lpc,ainjFp-098-145384-88756-289593-274542-488804-292564,1.8220632,4.7024971574576195,39.10014999564737
context_length_packets,64,nn,ainjFp-098-145384-88756-289593-274542-488804-292564,1.8571526,4.703215119981271,1447.242800029926
context_length_packets,64,lpc,rllgnp-282-21827-2985-183720-67455-409746-330730,-0.049127527,4.732100629793906,40.07020004792139
context_length_packets,64,nn,rllgnp-282-21827-2985-183720-67455-409746-330730,-0.389109,4.73210077356079,1563.2975500193425
context_length_packets,64,lpc,ck2Uxp-081-495997-135873-82313-377039-373629-268363,2.8621178,4.732028202654865,48.933050013147295
context_length_packets,64,nn,ck2Uxp-081-495997-135873-82313-377039-373629-268363,3.0211017,4.73203417818011,1889.140299987048
context_length_packets,64,lpc,jhRr0p-088-489070-351855-386883-172725-333766-16976,-1.3755512,4.731826727128844,42.40179999032989
context_length_packets,64,nn,jhRr0p-088-489070-351855-386883-172725-333766-16976,-1.5067006,4.731841049966574,1417.441300000064
context_length_packets,64,lpc,oRqMra-058-167772-480197-43889-36331-135873-265166,0.29739088,4.7319657110525295,36.65100008947775
context_length_packets,64,nn,oRqMra-058-167772-480197-43889-36331-135873-265166,0.62417525,4.732022552966997,1480.7327500311658
context_length_packets,64,lpc,d4LtRw-656-379354-74769-192385-202921-93885-62534,-0.027805706,4.732100895826802,43.05214999476448
context_length_packets,64,nn,d4LtRw-656-379354-74769-192385-202921-93885-62534,0.0028346237,4.732100901394148,1428.0979000614025
context_length_packets,64,lpc,tXap2p-281-298969-9753-281965-457067-162269-329331,0.04455341,4.726471599215547,44.708849978633225
context_length_packets,64,nn,tXap2p-281-298969-9753-281965-457067-162269-329331,0.27173135,4.7269246739001956,1425.9643000550568
context_length_packets,64,lpc,IIhdup-184-282845-322947-195637-315211-10737-386302,3.8353562,4.59575086474298,49.16149994824082
context_length_packets,64,nn,IIhdup-184-282845-322947-195637-315211-10737-386302,2.522687,4.577202695148607,1397.0389000023715
context_length_packets,64,lpc,Q1VJ4p-396-67099-191485-442126-324310-384031-392966,-7.3116083,4.731937884936224,39.475300000049174
context_length_packets,64,nn,Q1VJ4p-396-67099-191485-442126-324310-384031-392966,-6.1519012,4.732049226730934,1456.5170500427485
context_length_packets,64,lpc,IJqofi-526-68304-236920-183720-152419-94351-316080,0.047049787,4.542722354237059,37.63545001856983
context_length_packets,64,nn,IJqofi-526-68304-236920-183720-152419-94351-316080,0.0005601362,4.574046925716536,1396.8335000099614
context_length_packets,64,lpc,MJEnPs-553-484336-261033-237079-274170-257745-343308,0.24627881,4.731710585925937,38.51909999502823
context_length_packets,64,nn,MJEnPs-553-484336-261033-237079-274170-257745-343308,0.74635184,4.731766447706908,1434.9839999922551
context_length_packets,64,lpc,oK9Hxs-550-7708-104867-460359-299323-420765-264795,8.596382,4.731245961068611,36.393399990629405
context_length_packets,64,nn,oK9Hxs-550-7708-104867-460359-299323-420765-264795,4.3910656,4.728636849882024,1504.208349972032
context_length_packets,64,lpc,ItvEYp-187-347380-151331-160943-343502-92870-286732,0.9127483,4.694289046715294,44.448799977544695
context_length_packets,64,nn,ItvEYp-187-347380-151331-160943-343502-92870-286732,0.87792957,4.6955007676259175,1370.7157500321046
context_length_packets,96,lpc,9f3Qjw-657-129013-78427-348770-228203-60643-7188,0.8403249,4.725133344605398,46.66009999345988
context_length_packets,96,nn,9f3Qjw-657-129013-78427-348770-228203-60643-7188,0.8445061,4.725235629811939,2079.702500021085
context_length_packets,96,lpc,i0Ocoe-610-395609-211084-211212-108056-187519-202035,0.5205169,4.630081613434127,50.48684997018427
context_length_packets,96,nn,i0Ocoe-610-395609-211084-211212-108056-187519-202035,2.0061603,4.661634743618922,2088.779850048013
context_length_packets,96,lpc,Th8NDe-613-23535-495997-395609-270487-329331-383770,0.025825595,4.643861508941304,47.04779997700825
context_length_packets,96,nn,Th8NDe-613-23535-495997-395609-270487-329331-383770,0.9962492,4.652487516899748,2127.806199947372
context_length_packets,96,lpc,ui9aDp-122-292323-379538-386883-287427-306759-88721,0.35783234,4.692321241368033,50.15830002957955
context_length_packets,96,nn,ui9aDp-122-292323-379538-386883-287427-306759-88721,0.23302588,4.692321607663592,2111.1802999512292
context_length_packets,96,lpc,DLZvmp-426-78108-128329-469130-165684-261033-84004,-2.1437812,4.73151847779206,49.25385001115501
context_length_packets,96,nn,DLZvmp-426-78108-128329-469130-165684-261033-84004,-6.5159793,4.72739816255927,2083.997299952898
context_length_packets,96,lpc,amZyRf-444-7708-476924-468905-275802-405424-380077,-0.06514517,4.717983322725559,46.68409994337708
context_length_packets,96,nn,amZyRf-444-7708-476924-468905-275802-405424-380077,-0.69116956,4.719336868049842,2103.7292000255547
context_length_packets,96,lpc,ofs2Us-561-469223-161307-229618-187519-295308-129107,0.7546553,4.723398320583364,48.70129999471828
context_length_packets,96,nn,ofs2Us-561-469223-161307-229618-187519-295308-129107,0.4254948,4.7254404384414945,2112.1581999468617
context_length_packets,96,lpc,nQsrxi-500-35788-354893-151331-437270-461984-276516,-0.0006049972,4.70830797072513,49.27100002532825
context_length_packets,96,nn,nQsrxi-500-35788-354893-151331-437270-461984-276516,0.15868588,4.710938565944019,2100.970799976494
context_length_packets,96,lpc,YuwChp-152-8651-147603-379354-29563-62919-345238,-0.010738079,4.732100990700529,47.98799997661263
context_length_packets,96,nn,YuwChp-152-8651-147603-379354-29563-62919-345238,-0.34106615,4.7321009971085495,2088.97640008945
context_length_packets,96,lpc,fiBRvp-155-14754-379538-407950-108056-495971-270302,-1.4722615,4.7310966981910845,48.75030001858249
context_length_packets,96,nn,fiBRvp-155-14754-379538-407950-108056-495971-270302,-0.25786048,4.730872609528204,2004.1589500033297
context_length_packets,96,lpc,rpdA0p-089-193291-347380-224170-426805-310105-489070,2.2658892,4.6894509396371635,45.760850014630705
context_length_packets,96,nn,rpdA0p-089-193291-347380-224170-426805-310105-489070,2.0961049,4.699460030168408,2087.001550011337
context_length_packets,96,lpc,JCRPTw-618-129107-479691-343332-355104-157595-129013,-0.11897008,4.6837854968885555,49.40409999107942
context_length_packets,96,nn,JCRPTw-618-129107-479691-343332-355104-157595-129013,-0.18875608,4.686752773891193,2170.02715007402
context_length_packets,96,lpc,DfzVIp-175-379354-103913-25062-384031-343308-295308,0.07194058,4.709367278139252,49.03840005863458
context_length_packets,96,nn,DfzVIp-175-379354-103913-25062-384031-343308-295308,-0.1476818,4.710181420191265,2102.549299946986
context_length_packets,96,lpc,PBDVAf-465-366971-117533-197606-160943-60681-25579,10.303028,4.717743595595424,45.42420001234859
context_length_packets,96,nn,PBDVAf-465-366971-117533-197606-160943-60681-25579,3.079246,4.677933274939596,2058.9786000200547
context_length_packets,96,lpc,BNXFqp-404-184495-450557-10737-129636-497448-379538,-0.07031092,4.692120643383834,49.16099994443357
context_length_packets,96,nn,BNXFqp-404-184495-450557-10737-129636-497448-379538,-0.13420945,4.694674108531251,2029.9506000010297
context_length_packets,96,lpc,f2JFMw-634-136860-113105-22031-310105-248646-32125,0.7891909,4.728247156359185,47.45710000861436
context_length_packets,96,nn,f2JFMw-634-136860-113105-22031-310105-248646-32125,0.36628348,4.728347931337092,2085.303550004028
context_length_packets,96,lpc,cedJli-522-192385-152140-262731-156368-123704-333757,0.0006662537,4.352084863477226,48.081899993121624
context_length_packets,96,nn,cedJli-522-192385-152140-262731-156368-123704-333757,-0.06180242,4.387012423544327,2066.7340999934822
context_length_packets,96,lpc,Q4PCSi-506-317415-237079-78108-78427-235375-285778,0.18570466,3.561904013999108,44.08200003672391
context_length_packets,96,nn,Q4PCSi-506-317415-237079-78108-78427-235375-285778,1.2163081,3.6742804879438378,2026.1219500098377
context_length_packets,96,lpc,CrjLKf-468-374393-49022-14754-240504-316080-236920,0.1553638,4.727889978866388,44.79715001070872
context_length_packets,96,nn,CrjLKf-468-374393-49022-14754-240504-316080-236920,-0.96886486,4.730057552503676,2034.7576499916613
context_length_packets,96,lpc,m5rDOp-062-377273-156368-185152-188815-186260-486330,2.7262106,4.732099700555204,53.676199982874095
context_length_packets,96,nn,m5rDOp-062-377273-156368-185152-188815-186260-486330,2.357817,4.732101167389075,2040.3990500490181
context_length_packets,96,lpc,0mk6rp-310-146145-90733-51581-27791-50416-437215,0.020469423,4.731994293875028,44.634949997998774
context_length_packets,96,nn,0mk6rp-310-146145-90733-51581-27791-50416-437215,-1.0167196,4.732047893841343,2097.760950040538
context_length_packets,96,lpc,fS0Vwp-324-274170-461984-129889-218396-366126-128329,10.4878435,4.724279630979065,54.86269999528304
context_length_packets,96,nn,fS0Vwp-324-274170-461984-129889-218396-366126-128329,6.753561,4.6883992980688785,2065.016500011552
context_length_packets,96,lpc,0Rve0i-524-469450-332402-376902-283921-64116-240504,0.03605764,4.271520906923634,63.464550010394305
context_length_packets,96,nn,0Rve0i-524-469450-332402-376902-283921-64116-240504,0.18627259,4.286148336579056,2030.8077000663616
context_length_packets,96,lpc,fZg66p-070-68221-216978-377273-239730-53784-3467,0.07338091,4.732101253034546,53.63134999061003
context_length_packets,96,nn,fZg66p-070-68221-216978-377273-239730-53784-3467,-2.3526585,4.732101253035455,2217.324000026565
context_length_packets,96,lpc,Aal0cp-183-209061-91230-492922-2757-317191-461984,3.467206,4.690157505447656,48.60649997135624
context_length_packets,96,nn,Aal0cp-183-209061-91230-492922-2757-317191-461984,3.2733793,4.691424008948735,2171.0377499694005
context_length_packets,96,lpc,m8mjCs-533-485468-283456-486330-442126-2757-12865,0.19798087,4.726976033896751,45.492850069422275
context_length_packets,96,nn,m8mjCs-533-485468-283456-486330-442126-2757-12865,0.08820798,4.726764150652171,2154.8129999428056
context_length_packets,96,lpc,jM2z5p-212-362995-350336-202035-87506-239730-207508,-8.841555,4.732101241183281,46.725450025405735
context_length_packets,96,nn,jM2z5p-212-362995-350336-202035-87506-239730-207508,-11.398207,4.732101200616722,2032.2202000534162
context_length_packets,96,lpc,Paqf1p-119-254913-443221-90733-163645-32125-188815,1.0623069,4.726522388195978,48.41094999574125
context_length_packets,96,nn,Paqf1p-119-254913-443221-90733-163645-32125-188815,-1.3972332,4.680486660572683,2135.3796499897726
context_length_packets,96,lpc,87hwjf-487-426805-60643-437215-160943-182650-407728,0.023008004,4.661565914908811,51.413149980362505
context_length_packets,96,nn,87hwjf-487-426805-60643-437215-160943-182650-407728,-0.04763183,4.664597817913963,2047.2188999992795
context_length_packets,96,lpc,kDEiGp-268-254920-474864-52991-170820-165168-328121,0.00021433052,4.709236502256044,46.30774998804554
context_length_packets,96,nn,kDEiGp-268-254920-474864-52991-170820-165168-328121,0.00072422903,4.709236528807834,2066.5685499552637
context_length_packets,96,lpc,Mtnx5i-515-495971-279778-348676-11995-306560-418034,0.00050837063,4.638165174566874,50.83219998050481
context_length_packets,96,nn,Mtnx5i-515-495971-279778-348676-11995-306560-418034,0.004532855,4.638197911642266,2087.649249995593
context_length_packets,96,lpc,3EBeof-459-212842-454791-192385-495971-180085-113105,0.00925472,4.7048691634707875,48.20175003260374
context_length_packets,96,nn,3EBeof-459-212842-454791-192385-495971-180085-113105,-0.00052215136,4.705013932054602,2106.7102000815794
context_length_packets,96,lpc,7j8l2a-034-50416-4800-287427-123375-143976-264357,0.068176374,4.683424996888908,47.63929999899119
context_length_packets,96,nn,7j8l2a-034-50416-4800-287427-123375-143976-264357,0.5196966,4.687369001868648,2121.001099993009
context_length_packets,96,lpc,9Mkadp-302-273892-209608-109841-324591-494783-498752,-0.3342038,4.706857380445349,48.93609997816384
context_length_packets,96,nn,9Mkadp-302-273892-209608-109841-324591-494783-498752,-3.0282428,4.723175547473284,2140.755350003019
context_length_packets,96,lpc,u3JmNp-105-377036-373629-177809-287789-419538-221798,0.36061198,4.725618187570296,61.164399958215654
context_length_packets,96,nn,u3JmNp-105-377036-373629-177809-287789-419538-221798,1.5642978,4.727176092617874,2097.1991500118747
context_length_packets,96,lpc,PiKSIp-112-109021-465867-125189-123174-211212-334242,4.2333193,4.724482090904374,48.06439997628331
context_length_packets,96,nn,PiKSIp-112-109021-465867-125189-123174-211212-334242,3.0225923,4.726338740846645,2047.485549992416
context_length_packets,96,lpc,9a98Kf-464-298969-472051-292323-179462-78575-496080,0.016987791,4.304097566884763,50.08359998464584
context_length_packets,96,nn,9a98Kf-464-298969-472051-292323-179462-78575-496080,-0.041417424,4.305609944866008,2054.4426499982364
context_length_packets,96,lpc,vAlA7f-458-390385-16661-177809-112031-325632-365075,1.9994633,4.7319484923937605,47.05399996601045
context_length_packets,96,nn,vAlA7f-458-390385-16661-177809-112031-325632-365075,-2.0372326,4.731393327536235,2067.372549965512
context_length_packets,96,lpc,U5aQJe-592-437270-129013-295308-406364-103913-497087,2.9353426,4.705230661994444,49.51784998411313
context_length_packets,96,nn,U5aQJe-592-437270-129013-295308-406364-103913-497087,2.8025103,4.722864746550989,2124.5370999677107
context_length_packets,96,lpc,HxFzMp-357-24999-343332-90733-489807-316694-345238,10.912486,4.712044911316699,52.070849982555956
context_length_packets,96,nn,HxFzMp-357-24999-343332-90733-489807-316694-345238,10.294194,4.72278981556623,2860.753399960231
context_length_packets,96,lpc,9kbanp-261-50416-108056-469001-231167-334074-209061,0.67975295,4.719030680805496,49.776699976064265
context_length_packets,96,nn,9kbanp-261-50416-108056-469001-231167-334074-209061,0.9940713,4.720588151584381,2154.203400015831
context_length_packets,96,lpc,rqqrUf-476-372299-90733-207508-318838-254913-53278,-0.089486286,4.731003316141639,45.254249998833984
context_length_packets,96,nn,rqqrUf-476-372299-90733-207508-318838-254913-53278,-0.00019984427,4.731013528922949,2045.7027000375092
context_length_packets,96,lpc,ie6iSp-097-407790-253414-334074-464643-167361-80351,-0.17203152,4.731953842214024,45.57144996942952
context_length_packets,96,nn,ie6iSp-097-407790-253414-334074-464643-167361-80351,-1.5238363,4.731288290810482,2381.978599994909
context_length_packets,96,lpc,FiS63i-513-129107-287427-185152-454791-121010-285778,0.00022779056,4.193480835034466,48.818849958479404
context_length_packets,96,nn,FiS63i-513-129107-287427-185152-454791-121010-285778,-0.078421235,4.198392655876419,2073.82679998409
context_length_packets,96,lpc,BBcZPi-501-456735-480197-495997-497448-326140-134118,-0.00029951098,4.713229324249637,47.506999981123954
context_length_packets,96,nn,BBcZPi-501-456735-480197-495997-497448-326140-134118,-0.13276078,4.7135363924038955,2242.3807499581017
context_length_packets,96,lpc,5OQdwp-063-348077-460359-16661-112031-224170-197606,-1.0471978,4.721645685471765,53.909650014247745
context_length_packets,96,nn,5OQdwp-063-348077-460359-16661-112031-224170-197606,-0.5318191,4.71588046953531,2073.3226000447758
context_length_packets,96,lpc,riuiap-287-319764-286732-35325-55646-391852-1246,0.24538158,4.638792574592934,49.72194996662438
context_length_packets,96,nn,riuiap-287-319764-286732-35325-55646-391852-1246,0.3787399,4.634217064294591,2190.9047000226565
context_length_packets,96,lpc,6TUCvp-352-108130-78807-55646-250174-386302-414547,-0.22904247,4.468292506597756,51.20679998071864
context_length_packets,96,nn,6TUCvp-352-108130-78807-55646-250174-386302-414547,-0.38243073,4.509481848564787,2173.175550007727
context_length_packets,96,lpc,KIklei-503-156368-5054-151331-161307-380077-177809,-0.016305597,4.376322904119119,50.46949995448813
context_length_packets,96,nn,KIklei-503-156368-5054-151331-161307-380077-177809,-0.02421641,4.377800955462606,2132.7116999891587
context_length_packets,96,lpc,zVlcap-263-274542-472051-376372-248785-476225-35325,-0.34095192,4.7321010050259655,47.918800031766295
context_length_packets,96,nn,zVlcap-263-274542-472051-376372-248785-476225-35325,-20.04379,4.731892125518343,2128.7437499850057
context_length_packets,96,lpc,BLAVyp-401-374393-353502-276516-464643-247007-280816,-0.0006989774,4.7128893888732915,50.17785000381991
context_length_packets,96,nn,BLAVyp-401-374393-353502-276516-464643-247007-280816,-0.00030080538,4.712890851374372,2079.9675000016578
context_length_packets,96,lpc,5Lu6ui-514-135410-151381-124082-173176-644-324310,-0.024426224,4.587364348601999,53.47435001749545
context_length_packets,96,nn,5Lu6ui-514-135410-151381-124082-173176-644-324310,-0.0045676506,4.587496893471663,2182.757250033319
context_length_packets,96,lpc,lzFhsp-134-377273-280816-60681-369034-268009-11995,-0.5030454,4.69942274785331,49.364599981345236
context_length_packets,96,nn,lzFhsp-134-377273-280816-60681-369034-268009-11995,0.23449126,4.703519975808346,2065.535900008399
context_length_packets,96,lpc,nSu3Cp-366-41411-362672-285778-222370-421926-202035,0.36826637,4.711205104342829,47.278899990487844
context_length_packets,96,nn,nSu3Cp-366-41411-362672-285778-222370-421926-202035,0.23003322,4.711927441724406,2152.9578500194475
context_length_packets,96,lpc,cUyODs-564-324456-286869-479691-123056-485468-274323,2.273657,4.730335151716452,44.57294999156147
context_length_packets,96,nn,cUyODs-564-324456-286869-479691-123056-485468-274323,2.1258109,4.73041862818655,2068.389149964787
context_length_packets,96,lpc,TkK5fp-380-229618-476225-311495-339484-11995-7708,0.7062668,4.729268910877034,49.918800010345876
context_length_packets,96,nn,TkK5fp-380-229618-476225-311495-339484-11995-7708,0.6223678,4.7294184047838375,2086.413800017908
context_length_packets,96,lpc,AHwsQs-538-108297-304214-140209-237079-426805-448869,-0.29902625,4.732101202287047,50.36150000523776
context_length_packets,96,nn,AHwsQs-538-108297-304214-140209-237079-426805-448869,-0.6071905,4.732101213653008,2101.647600007709
context_length_packets,96,lpc,RkoxIi-499-395609-17243-276516-68344-191485-476225,-0.0069183554,4.716530378772099,45.74259999208152
context_length_packets,96,nn,RkoxIi-499-395609-17243-276516-68344-191485-476225,-0.066015296,4.716634358681423,2194.2821000120603
context_length_packets,96,lpc,YLEXwp-335-240298-183720-447487-129636-202035-44660,-0.08262098,4.728162463141755,50.372199970297515
context_length_packets,96,nn,YLEXwp-335-240298-183720-447487-129636-202035-44660,-0.09026404,4.728141720767626,2155.465049960185
context_length_packets,96,lpc,rn9v1e-583-369034-383770-175927-399756-390385-383479,-0.3318787,4.607934333706897,54.06244995538145
context_length_packets,96,nn,rn9v1e-583-369034-383770-175927-399756-390385-383479,-0.38983867,4.616942479221665,2184.479099989403
context_length_packets,96,lpc,SSYQ1w-650-275802-13671-144360-112336-104867-157595,0.03575008,4.728120478641802,46.36604996630922
context_length_packets,96,nn,SSYQ1w-650-275802-13671-144360-112336-104867-157595,-2.1536326,4.731227304374995,2113.231499970425
context_length_packets,96,lpc,4fsgkp-253-311495-209061-229618-287427-276516-38459,0.6314451,4.722455764591631,58.35599999409169
context_length_packets,96,nn,4fsgkp-253-311495-209061-229618-287427-276516-38459,0.8685496,4.72300384018882,2330.5867500021122
context_length_packets,96,lpc,44Zbvs-567-179462-358526-13671-355104-116061-343332,0.61187947,4.726824671146305,45.38590006995946
context_length_packets,96,nn,44Zbvs-567-179462-358526-13671-355104-116061-343332,-0.035301927,4.727274486000546,2130.776650039479
context_length_packets,96,lpc,cmHjrf-493-348077-309854-224170-458554-202179-472051,1.2899699,4.697018345350841,48.01784997107461
context_length_packets,96,nn,cmHjrf-493-348077-309854-224170-458554-202179-472051,-1.7060589,4.724061808218927,2120.5863499781117
context_length_packets,96,lpc,zQSXvp-215-498788-407950-152419-25062-51581-3467,1.6298625,4.707257942299001,48.83564996998757
context_length_packets,96,nn,zQSXvp-215-498788-407950-152419-25062-51581-3467,2.4398184,4.716702996901693,2089.453599997796
context_length_packets,96,lpc,l3Lvae-611-211084-218396-212842-198509-334833-311379,0.23773624,4.662522409524715,48.589899961370975
context_length_packets,96,nn,l3Lvae-611-211084-218396-212842-198509-334833-311379,0.91111493,4.669487835305599,2006.7275500041433
context_length_packets,96,lpc,LIJKja-026-447487-148409-188815-38506-78427-479691,0.43524975,4.709003183563352,50.05919997347519
context_length_packets,96,nn,LIJKja-026-447487-148409-188815-38506-78427-479691,0.5061532,4.710788330114211,2119.6206499589607
context_length_packets,96,lpc,tztd5w-640-23535-348077-410307-64116-151381-134118,-0.6399426,4.7321012508752975,53.69339999742806
context_length_packets,96,nn,tztd5w-640-23535-348077-410307-64116-151381-134118,-1.8898306,4.732101252693033,2077.023249992635
context_length_packets,96,lpc,TypO9p-362-82313-390793-365346-50416-310105-275395,9.45327,4.732000660387621,49.12614997010678
context_length_packets,96,nn,TypO9p-362-82313-390793-365346-50416-310105-275395,-6.3093333,4.703829831456508,2050.616550084669
context_length_packets,96,lpc,3hvoVa-051-2307-202921-218396-175927-14787-464643,0.3493728,4.654730953244329,45.84774997783825
context_length_packets,96,nn,3hvoVa-051-2307-202921-218396-175927-14787-464643,0.8724585,4.665823584098209,2014.442549960222
context_length_packets,96,lpc,9hvMUf-482-498788-113105-17243-63022-21827-338584,-0.018988166,4.65998181309165,49.4982999516651
context_length_packets,96,nn,9hvMUf-482-498788-113105-17243-63022-21827-338584,-0.7442061,4.668482102599368,2232.400599983521
context_length_packets,96,lpc,lDN6of-450-91840-427818-353502-327883-210172-489807,0.038420867,4.655718015486263,51.478350011166185
context_length_packets,96,nn,lDN6of-450-91840-427818-353502-327883-210172-489807,-0.38018733,4.666694942001042,2419.9478999944404
context_length_packets,96,lpc,8b8sWp-275-88756-348733-183720-134118-226233-129107,-1.0589607,4.731760448684035,56.995749997440726
context_length_packets,96,nn,8b8sWp-275-88756-348733-183720-134118-226233-129107,-1.1348917,4.731778242315523,2261.1181999673136
context_length_packets,96,lpc,noHubp-343-163645-17243-410906-219243-161307-221798,4.239229,4.685175976375033,67.72384996293113
context_length_packets,96,nn,noHubp-343-163645-17243-410906-219243-161307-221798,2.6519623,4.711568278126752,2275.1886500045657
context_length_packets,96,lpc,G50hup-092-363552-123056-229618-481410-299323-332402,0.034900192,4.732094040900332,52.4689499870874
context_length_packets,96,nn,G50hup-092-363552-123056-229618-481410-299323-332402,-0.108222246,4.732094275199829,2308.2188000553288
context_length_packets,96,lpc,FPRIpe-578-474864-126584-425422-304828-148409-10737,0.09056684,4.668110346942241,44.66419998789206
context_length_packets,96,nn,FPRIpe-578-474864-126584-425422-304828-148409-10737,1.5608242,4.670848336563223,2278.8615499739535
context_length_packets,96,lpc,1zDUvp-298-108297-119460-56896-348770-68221-98443,8.929928,4.7318670250271655,47.67585004447028
context_length_packets,96,nn,1zDUvp-298-108297-119460-56896-348770-68221-98443,4.360153,4.728733665789324,2233.6210499634035
context_length_packets,96,lpc,WVKBPa-017-469001-13769-309009-430207-5054-14754,6.8328123,4.72713466583877,48.8037999602966
context_length_packets,96,nn,WVKBPa-017-469001-13769-309009-430207-5054-14754,3.0257452,4.727123589210239,2292.0241500250995
context_length_packets,96,lpc,fdXdMp-313-165684-111916-348770-380077-145384-347380,-9.085914,4.732101253042266,46.50299996137619
context_length_packets,96,nn,fdXdMp-313-165684-111916-348770-380077-145384-347380,-22.558613,4.732101252956804,2241.855399974156
context_length_packets,96,lpc,rkSMcp-349-162269-339484-74769-12865-363552-41411,-1.4169676,4.612128333579944,44.10815000301227
context_length_packets,96,nn,rkSMcp-349-162269-339484-74769-12865-363552-41411,-3.7298057,4.695842859829499,2272.2880999790505
context_length_packets,96,lpc,avuTLe-585-474206-355130-317191-361413-333474-248785,-0.031354688,4.681664862199504,50.23380002239719
context_length_packets,96,nn,avuTLe-585-474206-355130-317191-361413-333474-248785,0.2610864,4.685809516541374,2271.9052499742247
context_length_packets,96,lpc,1Q0zzp-067-496080-227228-300626-311379-247007-1214,7.8627515,4.732090416354716,46.06289998628199
context_length_packets,96,nn,1Q0zzp-067-496080-227228-300626-311379-247007-1214,8.468668,4.73158340693916,2298.0482000275515
context_length_packets,96,lpc,k2rvsa-021-181149-117176-94351-2985-340579-209061,0.40802234,4.731157512590562,46.93454998778179
context_length_packets,96,nn,k2rvsa-021-181149-117176-94351-2985-340579-209061,0.55621374,4.731256481396818,2232.0306499605067
context_length_packets,96,lpc,DmpOYi-525-91230-450251-209608-292323-92870-38506,-0.18527418,4.54018451796429,50.88840000098571
context_length_packets,96,nn,DmpOYi-525-91230-450251-209608-292323-92870-38506,0.3864268,4.552945400926678,2276.4297500252724
context_length_packets,96,lpc,cZ9D6w-670-134118-41411-423587-125189-84055-98443,-0.7629568,4.726532012337205,46.41309997532517
context_length_packets,96,nn,cZ9D6w-670-134118-41411-423587-125189-84055-98443,-0.62215173,4.726459061165782,2262.3159500653856
context_length_packets,96,lpc,wD39yw-617-350336-91230-365075-384274-339484-27577,0.22647339,4.531573209321319,56.16479995660484
context_length_packets,96,nn,wD39yw-617-350336-91230-365075-384274-339484-27577,0.23001653,4.559992368465698,2234.9387999856845
context_length_packets,96,lpc,jFujMp-258-2985-422977-276516-270302-316694-390385,0.71383154,4.730865322165178,51.174750027712435
context_length_packets,96,nn,jFujMp-258-2985-422977-276516-270302-316694-390385,-1.0215678,4.726422522660889,2291.614349989686
context_length_packets,96,lpc,ainjFp-098-145384-88756-289593-274542-488804-292564,-0.7577207,4.702633193796757,48.11164998682216
context_length_packets,96,nn,ainjFp-098-145384-88756-289593-274542-488804-292564,-0.7448729,4.7026444191409364,2404.646900075022
context_length_packets,96,lpc,rllgnp-282-21827-2985-183720-67455-409746-330730,-0.037499614,4.7321006281079185,48.39809995610267
context_length_packets,96,nn,rllgnp-282-21827-2985-183720-67455-409746-330730,-0.32818332,4.732100747533428,2233.664450002834
context_length_packets,96,lpc,ck2Uxp-081-495997-135873-82313-377039-373629-268363,3.807013,4.732041260602209,55.59035000624135
context_length_packets,96,nn,ck2Uxp-081-495997-135873-82313-377039-373629-268363,3.72079,4.73205201789383,2276.3067000196315
context_length_packets,96,lpc,jhRr0p-088-489070-351855-386883-172725-333766-16976,-0.9439446,4.731855682063766,51.422899996396154
context_length_packets,96,nn,jhRr0p-088-489070-351855-386883-172725-333766-16976,-1.113538,4.73186012826636,2268.318049958907
context_length_packets,96,lpc,oRqMra-058-167772-480197-43889-36331-135873-265166,0.3395301,4.731957062003227,47.747749951668084
context_length_packets,96,nn,oRqMra-058-167772-480197-43889-36331-135873-265166,0.9178298,4.7320046193954095,2219.061399984639
context_length_packets,96,lpc,d4LtRw-656-379354-74769-192385-202921-93885-62534,-0.08559775,4.73210090590503,45.96670001046732
context_length_packets,96,nn,d4LtRw-656-379354-74769-192385-202921-93885-62534,-0.16463988,4.732100928569162,2270.8635500166565
context_length_packets,96,lpc,tXap2p-281-298969-9753-281965-457067-162269-329331,0.13476302,4.726111692523114,46.19110008934513
context_length_packets,96,nn,tXap2p-281-298969-9753-281965-457067-162269-329331,0.26938227,4.726531094058625,2291.2594999652356
context_length_packets,96,lpc,IIhdup-184-282845-322947-195637-315211-10737-386302,-0.46056762,4.563420956918025,46.364500012714416
context_length_packets,96,nn,IIhdup-184-282845-322947-195637-315211-10737-386302,-0.5536551,4.562748148923962,2273.606749949977
context_length_packets,96,lpc,Q1VJ4p-396-67099-191485-442126-324310-384031-392966,-6.4101562,4.731985415603229,46.007050026673824
context_length_packets,96,nn,Q1VJ4p-396-67099-191485-442126-324310-384031-392966,-5.9493713,4.732049800225438,2259.65670007281
context_length_packets,96,lpc,IJqofi-526-68304-236920-183720-152419-94351-316080,0.057948798,4.540444538646598,44.6987499599345
context_length_packets,96,nn,IJqofi-526-68304-236920-183720-152419-94351-316080,0.03300623,4.564277666517315,2409.275999991223
context_length_packets,96,lpc,MJEnPs-553-484336-261033-237079-274170-257745-343308,0.22651614,4.73171773722326,63.48339997930452
context_length_packets,96,nn,MJEnPs-553-484336-261033-237079-274170-257745-343308,0.7098805,4.73177640065966,2297.623049991671
context_length_packets,96,lpc,oK9Hxs-550-7708-104867-460359-299323-420765-264795,8.313882,4.7310717569845515,48.69350005174056
context_length_packets,96,nn,oK9Hxs-550-7708-104867-460359-299323-420765-264795,4.481602,4.729125161747353,2258.501500065904
context_length_packets,96,lpc,ItvEYp-187-347380-151331-160943-343502-92870-286732,0.43484974,4.689931112316453,46.48809996433556
context_length_packets,96,nn,ItvEYp-187-347380-151331-160943-343502-92870-286732,0.12119906,4.692162476431431,2271.067950001452
