param,value,method,file,snr,visqol,time_ms
ar_order,32,lpc,9f3Qjw-657-129013-78427-348770-228203-60643-7188,0.037656706,4.724179907480382,11.506949958857149
ar_order,32,nn,9f3Qjw-657-129013-78427-348770-228203-60643-7188,0.12211881,4.724211353445055,426.1765999835916
ar_order,32,lpc,i0Ocoe-610-395609-211084-211212-108056-187519-202035,0.18122552,4.6183614376507585,12.573299987707287
ar_order,32,nn,i0Ocoe-610-395609-211084-211212-108056-187519-202035,0.7359564,4.63326765035306,442.1763499849476
ar_order,32,lpc,Th8NDe-613-23535-495997-395609-270487-329331-383770,0.068192676,4.640518870101465,13.222850044257939
ar_order,32,nn,Th8NDe-613-23535-495997-395609-270487-329331-383770,0.33545566,4.64883439938672,494.9674000381492
ar_order,32,lpc,ui9aDp-122-292323-379538-386883-287427-306759-88721,0.096475855,4.690260698391258,12.709899980109185
ar_order,32,nn,ui9aDp-122-292323-379538-386883-287427-306759-88721,0.16381204,4.692307884958021,440.7341499463655
ar_order,32,lpc,DLZvmp-426-78108-128329-469130-165684-261033-84004,0.10596806,4.7319910971524015,12.714699958451092
ar_order,32,nn,DLZvmp-426-78108-128329-469130-165684-261033-84004,0.46725,4.73199194519728,423.81414998089895
ar_order,32,lpc,amZyRf-444-7708-476924-468905-275802-405424-380077,0.13874328,4.716149529931917,9.846600005403161
ar_order,32,nn,amZyRf-444-7708-476924-468905-275802-405424-380077,-0.1134063,4.71725305694546,395.536899974104
ar_order,32,lpc,ofs2Us-561-469223-161307-229618-187519-295308-129107,0.06622854,4.721077879008016,9.456599946133792
ar_order,32,nn,ofs2Us-561-469223-161307-229618-187519-295308-129107,-0.051882844,4.722060242466149,396.9676000997424
ar_order,32,lpc,nQsrxi-500-35788-354893-151331-437270-461984-276516,-0.0027740495,4.708329636676709,9.332949994131923
ar_order,32,nn,nQsrxi-500-35788-354893-151331-437270-461984-276516,0.06613625,4.710876929790176,464.22229998279363
ar_order,32,lpc,YuwChp-152-8651-147603-379354-29563-62919-345238,5.1771934e-07,4.732100990778946,8.66869994206354
ar_order,32,nn,YuwChp-152-8651-147603-379354-29563-62919-345238,-0.075742275,4.732100966126848,371.7758000129834
ar_order,32,lpc,fiBRvp-155-14754-379538-407950-108056-495971-270302,1.0482755,4.730945059929391,17.27454998763278
ar_order,32,nn,fiBRvp-155-14754-379538-407950-108056-495971-270302,0.73415506,4.730821196701513,391.0486499662511
ar_order,32,lpc,rpdA0p-089-193291-347380-224170-426805-310105-489070,0.05692288,4.664945935143911,8.916050021070987
ar_order,32,nn,rpdA0p-089-193291-347380-224170-426805-310105-489070,0.033713672,4.665447330478395,408.1578500336036
ar_order,32,lpc,JCRPTw-618-129107-479691-343332-355104-157595-129013,0.050469033,4.6780490415655205,8.801400021184236
ar_order,32,nn,JCRPTw-618-129107-479691-343332-355104-157595-129013,-0.10030117,4.678403091639248,410.80964996945113
ar_order,32,lpc,DfzVIp-175-379354-103913-25062-384031-343308-295308,0.21095686,4.657712768738596,9.485249989666045
ar_order,32,nn,DfzVIp-175-379354-103913-25062-384031-343308-295308,0.2574602,4.658175904200585,365.20200001541525
ar_order,32,lpc,PBDVAf-465-366971-117533-197606-160943-60681-25579,1.9083935,4.692754407753528,9.39115002984181
ar_order,32,nn,PBDVAf-465-366971-117533-197606-160943-60681-25579,1.4344637,4.678171864628846,365.318349970039
ar_order,32,lpc,BNXFqp-404-184495-450557-10737-129636-497448-379538,0.0007604632,4.691738074125556,16.082749993074685
ar_order,32,nn,BNXFqp-404-184495-450557-10737-129636-497448-379538,0.01994586,4.6948701586425905,418.296099989675
ar_order,32,lpc,f2JFMw-634-136860-113105-22031-310105-248646-32125,0.04331314,4.727683220589079,9.409149992279708
ar_order,32,nn,f2JFMw-634-136860-113105-22031-310105-248646-32125,-0.03144308,4.727738352529601,381.5387499635108
ar_order,32,lpc,cedJli-522-192385-152140-262731-156368-123704-333757,0.015981548,4.352049045198914,9.925600024871528
ar_order,32,nn,cedJli-522-192385-152140-262731-156368-123704-333757,0.16297139,4.3974370454230005,362.73125000298023
ar_order,32,lpc,Q4PCSi-506-317415-237079-78108-78427-235375-285778,-0.0023539313,3.543242326031895,9.578849945683032
ar_order,32,nn,Q4PCSi-506-317415-237079-78108-78427-235375-285778,0.44334137,3.5874985344746424,357.9675499931909
ar_order,32,lpc,CrjLKf-468-374393-49022-14754-240504-316080-236920,0.14905068,4.72745238135354,9.435250016395003
ar_order,32,nn,CrjLKf-468-374393-49022-14754-240504-316080-236920,0.099993035,4.728581699897779,420.2713000122458
ar_order,32,lpc,m5rDOp-062-377273-156368-185152-188815-186260-486330,1.9739642,4.732100305681963,9.2548499815166
ar_order,32,nn,m5rDOp-062-377273-156368-185152-188815-186260-486330,2.5097668,4.732100335459402,366.68410000856966
ar_order,32,lpc,0mk6rp-310-146145-90733-51581-27791-50416-437215,7.403324e-05,4.731992893645255,9.89869999466464
ar_order,32,nn,0mk6rp-310-146145-90733-51581-27791-50416-437215,-0.0012507312,4.731992919937792,355.67100008483976
ar_order,32,lpc,fS0Vwp-324-274170-461984-129889-218396-366126-128329,0.038960163,4.582084250756454,11.005000036675483
ar_order,32,nn,fS0Vwp-324-274170-461984-129889-218396-366126-128329,0.0832081,4.582795066105619,371.953800029587
ar_order,32,lpc,0Rve0i-524-469450-332402-376902-283921-64116-240504,-0.007649824,4.268912716854059,9.13065008353442
ar_order,32,nn,0Rve0i-524-469450-332402-376902-283921-64116-240504,0.095309086,4.285915594151534,373.21059993701056
ar_order,32,lpc,fZg66p-070-68221-216978-377273-239730-53784-3467,0.00012994562,4.732101253034459,9.589650086127222
ar_order,32,nn,fZg66p-070-68221-216978-377273-239730-53784-3467,-8.386119,4.732101252569571,362.60444996878505
ar_order,32,lpc,Aal0cp-183-209061-91230-492922-2757-317191-461984,2.9215765,4.633872381612749,9.577999997418374
ar_order,32,nn,Aal0cp-183-209061-91230-492922-2757-317191-461984,2.8567615,4.633261499997485,441.27024995395914
ar_order,32,lpc,m8mjCs-533-485468-283456-486330-442126-2757-12865,-0.059673242,4.726366817774087,9.33024997357279
ar_order,32,nn,m8mjCs-533-485468-283456-486330-442126-2757-12865,-0.044739284,4.726402094376425,378.2583500142209
ar_order,32,lpc,jM2z5p-212-362995-350336-202035-87506-239730-207508,2.303932,4.732101252742206,9.624099999200553
ar_order,32,nn,jM2z5p-212-362995-350336-202035-87506-239730-207508,1.1684519,4.732101252822057,379.63709997711703
ar_order,32,lpc,Paqf1p-119-254913-443221-90733-163645-32125-188815,0.03723582,4.615878156445165,10.286549979355186
ar_order,32,nn,Paqf1p-119-254913-443221-90733-163645-32125-188815,0.10813147,4.61745297129658,368.7393000582233
ar_order,32,lpc,87hwjf-487-426805-60643-437215-160943-182650-407728,-0.0019918643,4.6608794479663995,9.49550000950694
ar_order,32,nn,87hwjf-487-426805-60643-437215-160943-182650-407728,-0.048883528,4.663655655204025,389.00854997336864
ar_order,32,lpc,kDEiGp-268-254920-474864-52991-170820-165168-328121,0.0,4.70923646324931,17.254200007300824
ar_order,32,nn,kDEiGp-268-254920-474864-52991-170820-165168-328121,-7.9211786e-05,4.709236406724672,413.7260499410331
ar_order,32,lpc,Mtnx5i-515-495971-279778-348676-11995-306560-418034,1.2425247e-05,4.638163293362915,9.448400000110269
ar_order,32,nn,Mtnx5i-515-495971-279778-348676-11995-306560-418034,0.025137456,4.638361280486469,384.59174998570234
ar_order,32,lpc,3EBeof-459-212842-454791-192385-495971-180085-113105,0.00093748857,4.703615834429343,9.436349966563284
ar_order,32,nn,3EBeof-459-212842-454791-192385-495971-180085-113105,-0.006484096,4.703654485625895,397.59734994731843
ar_order,32,lpc,7j8l2a-034-50416-4800-287427-123375-143976-264357,0.14564665,4.681728814539558,9.38514998415485
ar_order,32,nn,7j8l2a-034-50416-4800-287427-123375-143976-264357,0.6689263,4.685690979639467,374.0997999557294
ar_order,32,lpc,9Mkadp-302-273892-209608-109841-324591-494783-498752,0.031966172,4.637058249846975,10.803899960592389
ar_order,32,nn,9Mkadp-302-273892-209608-109841-324591-494783-498752,0.15306887,4.637691492307786,397.78125000884756
ar_order,32,lpc,u3JmNp-105-377036-373629-177809-287789-419538-221798,-0.04358552,4.725187953856681,13.418599963188171
ar_order,32,nn,u3JmNp-105-377036-373629-177809-287789-419538-221798,1.252842,4.726235332051582,425.7207000628114
ar_order,32,lpc,PiKSIp-112-109021-465867-125189-123174-211212-334242,0.35278323,4.718009303105164,9.521149971988052
ar_order,32,nn,PiKSIp-112-109021-465867-125189-123174-211212-334242,1.0023024,4.719960371955272,422.9470500140451
ar_order,32,lpc,9a98Kf-464-298969-472051-292323-179462-78575-496080,0.0010529136,4.29439288223533,17.50464999349788
ar_order,32,nn,9a98Kf-464-298969-472051-292323-179462-78575-496080,0.019863918,4.296180974497775,546.2104500038549
ar_order,32,lpc,vAlA7f-458-390385-16661-177809-112031-325632-365075,0.029485786,4.731633708288893,10.661849984899163
ar_order,32,nn,vAlA7f-458-390385-16661-177809-112031-325632-365075,-0.008250701,4.731635589887798,407.30770002119243
ar_order,32,lpc,U5aQJe-592-437270-129013-295308-406364-103913-497087,0.048611023,4.682874117463827,9.141899994574487
ar_order,32,nn,U5aQJe-592-437270-129013-295308-406364-103913-497087,0.084811226,4.683486248424751,469.1218999796547
ar_order,32,lpc,HxFzMp-357-24999-343332-90733-489807-316694-345238,0.6043525,4.601307174557219,13.610650028567761
ar_order,32,nn,HxFzMp-357-24999-343332-90733-489807-316694-345238,0.013842441,4.603698731808516,457.4408999760635
ar_order,32,lpc,9kbanp-261-50416-108056-469001-231167-334074-209061,0.20743416,4.718616581461353,11.02974999230355
ar_order,32,nn,9kbanp-261-50416-108056-469001-231167-334074-209061,0.79189503,4.719981458305826,415.91159999370575
ar_order,32,lpc,rqqrUf-476-372299-90733-207508-318838-254913-53278,-0.0075492114,4.7309647443743,8.983500010799617
ar_order,32,nn,rqqrUf-476-372299-90733-207508-318838-254913-53278,0.021074839,4.730983048363715,399.5991000556387
ar_order,32,lpc,ie6iSp-097-407790-253414-334074-464643-167361-80351,0.46403718,4.7258502085454115,13.780999986920506
ar_order,32,nn,ie6iSp-097-407790-253414-334074-464643-167361-80351,0.22249801,4.725672645836271,400.80249996390194
ar_order,32,lpc,FiS63i-513-129107-287427-185152-454791-121010-285778,0.0005668657,4.193489323688114,9.755399951245636
ar_order,32,nn,FiS63i-513-129107-287427-185152-454791-121010-285778,0.055603333,4.1967124444094575,386.6485500475392
ar_order,32,lpc,BBcZPi-501-456735-480197-495997-497448-326140-134118,-0.00013460912,4.713227681420707,9.460450033657253
ar_order,32,nn,BBcZPi-501-456735-480197-495997-497448-326140-134118,-0.015086371,4.71346663975519,382.01414997456595
ar_order,32,lpc,5OQdwp-063-348077-460359-16661-112031-224170-197606,-0.0052525904,4.704859387137725,9.354650042951107
ar_order,32,nn,5OQdwp-063-348077-460359-16661-112031-224170-197606,-0.09189981,4.705105051036954,385.2245499729179
ar_order,32,lpc,riuiap-287-319764-286732-35325-55646-391852-1246,-0.55741656,4.654746970262165,9.391099971253425
ar_order,32,nn,riuiap-287-319764-286732-35325-55646-391852-1246,-0.44330683,4.650123903012352,377.3054500343278
ar_order,32,lpc,6TUCvp-352-108130-78807-55646-250174-386302-414547,0.0645002,4.424963205367289,9.934549976605922
ar_order,32,nn,6TUCvp-352-108130-78807-55646-250174-386302-414547,0.41646022,4.435275722750289,378.756899968721
ar_order,32,lpc,KIklei-503-156368-5054-151331-161307-380077-177809,-0.03127334,4.3725872979577165,9.491449978668243
ar_order,32,nn,KIklei-503-156368-5054-151331-161307-380077-177809,-0.10264094,4.373339147519194,366.58380000153556
ar_order,32,lpc,zVlcap-263-274542-472051-376372-248785-476225-35325,0.003154871,4.732100918153389,11.23649999499321
ar_order,32,nn,zVlcap-263-274542-472051-376372-248785-476225-35325,-3.1662016,4.732101068474673,373.4829499735497
ar_order,32,lpc,BLAVyp-401-374393-353502-276516-464643-247007-280816,0.0,4.712889037574611,12.054250051733106
ar_order,32,nn,BLAVyp-401-374393-353502-276516-464643-247007-280816,0.00024332128,4.71288924874728,426.92385002737865
ar_order,32,lpc,5Lu6ui-514-135410-151381-124082-173176-644-324310,-0.0074939784,4.587258318362805,10.442850005347282
ar_order,32,nn,5Lu6ui-514-135410-151381-124082-173176-644-324310,0.030166555,4.587508229975474,402.33485004864633
ar_order,32,lpc,lzFhsp-134-377273-280816-60681-369034-268009-11995,0.09082137,4.694680717853399,9.590300032868981
ar_order,32,nn,lzFhsp-134-377273-280816-60681-369034-268009-11995,0.6454754,4.696406751073418,382.18744995538145
ar_order,32,lpc,nSu3Cp-366-41411-362672-285778-222370-421926-202035,0.08196256,4.7048930062141014,10.893400001805276
ar_order,32,nn,nSu3Cp-366-41411-362672-285778-222370-421926-202035,-0.04876285,4.705380002226823,388.87954998062924
ar_order,32,lpc,cUyODs-564-324456-286869-479691-123056-485468-274323,0.10746635,4.728552787502355,9.047849976923317
ar_order,32,nn,cUyODs-564-324456-286869-479691-123056-485468-274323,0.1356849,4.728583768107185,379.96605003718287
ar_order,32,lpc,TkK5fp-380-229618-476225-311495-339484-11995-7708,-0.013791658,4.72883876169186,9.398150024935603
ar_order,32,nn,TkK5fp-380-229618-476225-311495-339484-11995-7708,0.06659615,4.7288485554375,439.92545001674443
ar_order,32,lpc,AHwsQs-538-108297-304214-140209-237079-426805-448869,0.039966226,4.7321011974750995,14.611749968025833
ar_order,32,nn,AHwsQs-538-108297-304214-140209-237079-426805-448869,0.45517388,4.73210120156673,358.80894999718294
ar_order,32,lpc,RkoxIi-499-395609-17243-276516-68344-191485-476225,0.00012994562,4.716510193364288,10.325099981855601
ar_order,32,nn,RkoxIi-499-395609-17243-276516-68344-191485-476225,0.0036463193,4.71654263823752,366.7488500359468
ar_order,32,lpc,YLEXwp-335-240298-183720-447487-129636-202035-44660,0.111108355,4.725759243192121,9.234450000803918
ar_order,32,nn,YLEXwp-335-240298-183720-447487-129636-202035-44660,0.1126089,4.725773410235947,378.2987999729812
ar_order,32,lpc,rn9v1e-583-369034-383770-175927-399756-390385-383479,-0.027164869,4.5780585799488716,9.58729995181784
ar_order,32,nn,rn9v1e-583-369034-383770-175927-399756-390385-383479,-0.0112674935,4.578771069777746,355.8627500315197
ar_order,32,lpc,SSYQ1w-650-275802-13671-144360-112336-104867-157595,-0.025666824,4.730778357619312,9.378500049933791
ar_order,32,nn,SSYQ1w-650-275802-13671-144360-112336-104867-157595,-0.12835711,4.731104296144734,379.7728499630466
ar_order,32,lpc,4fsgkp-253-311495-209061-229618-287427-276516-38459,0.21280536,4.7224611318724286,9.880450030323118
ar_order,32,nn,4fsgkp-253-311495-209061-229618-287427-276516-38459,0.7604475,4.723077702769208,423.6438000225462
ar_order,32,lpc,44Zbvs-567-179462-358526-13671-355104-116061-343332,0.14066538,4.726308377955425,9.831399947870523
ar_order,32,nn,44Zbvs-567-179462-358526-13671-355104-116061-343332,0.59009355,4.727583132643776,366.23124993639067
ar_order,32,lpc,cmHjrf-493-348077-309854-224170-458554-202179-472051,0.114754885,4.686044103008774,12.945899972692132
ar_order,32,nn,cmHjrf-493-348077-309854-224170-458554-202179-472051,0.3824061,4.688355662169316,367.2076999791898
ar_order,32,lpc,zQSXvp-215-498788-407950-152419-25062-51581-3467,-0.0038776365,4.701509044876287,9.93399997241795
ar_order,32,nn,zQSXvp-215-498788-407950-152419-25062-51581-3467,0.56718516,4.702794129005545,360.4141999967396
ar_order,32,lpc,l3Lvae-611-211084-218396-212842-198509-334833-311379,0.09986148,4.644849956929319,10.231349966488779
ar_order,32,nn,l3Lvae-611-211084-218396-212842-198509-334833-311379,0.40618297,4.646471738969581,344.24785000737756
ar_order,32,lpc,LIJKja-026-447487-148409-188815-38506-78427-479691,0.03738365,4.706873679683385,9.886850079055876
ar_order,32,nn,LIJKja-026-447487-148409-188815-38506-78427-479691,0.5649588,4.70955650633019,373.6229999922216
ar_order,32,lpc,tztd5w-640-23535-348077-410307-64116-151381-134118,-4.167661e-05,4.732101250077486,9.595950017683208
ar_order,32,nn,tztd5w-640-23535-348077-410307-64116-151381-134118,-0.028458625,4.732101250836001,367.2050000168383
ar_order,32,lpc,TypO9p-362-82313-390793-365346-50416-310105-275395,-0.059875585,4.651811627340637,9.244700020644814
ar_order,32,nn,TypO9p-362-82313-390793-365346-50416-310105-275395,-0.014689734,4.652888168332323,359.0015000663698
ar_order,32,lpc,3hvoVa-051-2307-202921-218396-175927-14787-464643,0.02318979,4.648228468619964,9.602000005543232
ar_order,32,nn,3hvoVa-051-2307-202921-218396-175927-14787-464643,0.36877003,4.6511014046612065,377.9705000342801
ar_order,32,lpc,9hvMUf-482-498788-113105-17243-63022-21827-338584,-0.000118300486,4.657605473959608,9.39329998800531
ar_order,32,nn,9hvMUf-482-498788-113105-17243-63022-21827-338584,-0.06548784,4.660709170263272,359.56625000108033
ar_order,32,lpc,lDN6of-450-91840-427818-353502-327883-210172-489807,-0.0029696177,4.655645129215062,10.205099999438971
ar_order,32,nn,lDN6of-450-91840-427818-353502-327883-210172-489807,-0.39717105,4.667823652285544,363.5859499918297
ar_order,32,lpc,8b8sWp-275-88756-348733-183720-134118-226233-129107,-0.03257197,4.731594439389903,16.894100001081824
ar_order,32,nn,8b8sWp-275-88756-348733-183720-134118-226233-129107,0.33948654,4.731603920448006,417.77564998483285
ar_order,32,lpc,noHubp-343-163645-17243-410906-219243-161307-221798,0.015591573,4.631651368058282,9.430050035007298
ar_order,32,nn,noHubp-343-163645-17243-410906-219243-161307-221798,0.15079921,4.633299594870625,365.9778500441462
ar_order,32,lpc,G50hup-092-363552-123056-229618-481410-299323-332402,0.0006201835,4.732093878410213,9.46824997663498
ar_order,32,nn,G50hup-092-363552-123056-229618-481410-299323-332402,-0.24565539,4.732094195633845,353.99720002897084
ar_order,32,lpc,FPRIpe-578-474864-126584-425422-304828-148409-10737,0.047586992,4.657555910174475,10.145950014702976
ar_order,32,nn,FPRIpe-578-474864-126584-425422-304828-148409-10737,1.5841442,4.672077471199523,367.424999945797
ar_order,32,lpc,1zDUvp-298-108297-119460-56896-348770-68221-98443,-0.027052863,4.726329929527582,9.445399977266788
ar_order,32,nn,1zDUvp-298-108297-119460-56896-348770-68221-98443,0.10422514,4.726398580197936,354.9944999977015
ar_order,32,lpc,WVKBPa-017-469001-13769-309009-430207-5054-14754,-0.0129376445,4.701345205018045,9.886100015137345
ar_order,32,nn,WVKBPa-017-469001-13769-309009-430207-5054-14754,0.2043853,4.702133285295541,382.15914997272193
ar_order,32,lpc,fdXdMp-313-165684-111916-348770-380077-145384-347380,-0.045220807,4.732101253042364,10.414350021164864
ar_order,32,nn,fdXdMp-313-165684-111916-348770-380077-145384-347380,-9.777558,4.73210125304216,402.34099997906014
ar_order,32,lpc,rkSMcp-349-162269-339484-74769-12865-363552-41411,0.41143742,4.4990467677337485,18.98250001249835
ar_order,32,nn,rkSMcp-349-162269-339484-74769-12865-363552-41411,0.4050069,4.4999585557691635,418.45609998563305
ar_order,32,lpc,avuTLe-585-474206-355130-317191-361413-333474-248785,0.021093901,4.678587043855188,11.615700030233711
ar_order,32,nn,avuTLe-585-474206-355130-317191-361413-333474-248785,0.14226297,4.682374885285453,390.4955499456264
ar_order,32,lpc,1Q0zzp-067-496080-227228-300626-311379-247007-1214,0.2414313,4.718197467506789,11.88925001770258
ar_order,32,nn,1Q0zzp-067-496080-227228-300626-311379-247007-1214,0.22828536,4.718228180788881,387.2811999754049
ar_order,32,lpc,k2rvsa-021-181149-117176-94351-2985-340579-209061,0.10701227,4.731007057939959,16.934000013861805
ar_order,32,nn,k2rvsa-021-181149-117176-94351-2985-340579-209061,0.42172197,4.731109423614018,393.3935499517247
ar_order,32,lpc,DmpOYi-525-91230-450251-209608-292323-92870-38506,-0.012504599,4.534472166909798,17.3165500164032
ar_order,32,nn,DmpOYi-525-91230-450251-209608-292323-92870-38506,0.4740969,4.557620170003295,397.6611499674618
ar_order,32,lpc,cZ9D6w-670-134118-41411-423587-125189-84055-98443,0.10749614,4.724242500917521,12.116599944420159
ar_order,32,nn,cZ9D6w-670-134118-41411-423587-125189-84055-98443,0.18048707,4.724280126142697,394.7263499721885
ar_order,32,lpc,wD39yw-617-350336-91230-365075-384274-339484-27577,0.11834495,4.524933325203895,11.865399952512234
ar_order,32,nn,wD39yw-617-350336-91230-365075-384274-339484-27577,0.2315006,4.526539349106559,394.4920999347232
ar_order,32,lpc,jFujMp-258-2985-422977-276516-270302-316694-390385,0.004911414,4.729205838767463,11.835250013973564
ar_order,32,nn,jFujMp-258-2985-422977-276516-270302-316694-390385,-0.07095842,4.729233651187422,395.708600000944
ar_order,32,lpc,ainjFp-098-145384-88756-289593-274542-488804-292564,0.015963495,4.689825867995074,11.868299974594265
ar_order,32,nn,ainjFp-098-145384-88756-289593-274542-488804-292564,0.040357098,4.6898455706617215,398.7951999879442
ar_order,32,lpc,rllgnp-282-21827-2985-183720-67455-409746-330730,-0.0015622402,4.73210061290367,16.850049956701696
ar_order,32,nn,rllgnp-282-21827-2985-183720-67455-409746-330730,-0.022237485,4.732100616802649,444.1941500408575
ar_order,32,lpc,ck2Uxp-081-495997-135873-82313-377039-373629-268363,0.15673828,4.731965347528931,11.933600064367056
ar_order,32,nn,ck2Uxp-081-495997-135873-82313-377039-373629-268363,0.1912955,4.731966009382239,402.60699996724725
ar_order,32,lpc,jhRr0p-088-489070-351855-386883-172725-333766-16976,0.029371116,4.73151808618597,11.47735008271411
ar_order,32,nn,jhRr0p-088-489070-351855-386883-172725-333766-16976,0.026506426,4.731519501360427,409.5300000626594
ar_order,32,lpc,oRqMra-058-167772-480197-43889-36331-135873-265166,0.008308691,4.731005006556647,12.10050005465746
ar_order,32,nn,oRqMra-058-167772-480197-43889-36331-135873-265166,0.2931528,4.731554204195492,396.91464992938563
ar_order,32,lpc,d4LtRw-656-379354-74769-192385-202921-93885-62534,0.00019517582,4.73210089155233,11.683100019581616
ar_order,32,nn,d4LtRw-656-379354-74769-192385-202921-93885-62534,0.0010135763,4.732100964607843,396.63720002863556
ar_order,32,lpc,tXap2p-281-298969-9753-281965-457067-162269-329331,0.16630459,4.725954244444139,11.570249975193292
ar_order,32,nn,tXap2p-281-298969-9753-281965-457067-162269-329331,0.6807685,4.726451752977399,464.5769500057213
ar_order,32,lpc,IIhdup-184-282845-322947-195637-315211-10737-386302,0.11664882,4.514035492481515,12.052499980200082
ar_order,32,nn,IIhdup-184-282845-322947-195637-315211-10737-386302,0.099421784,4.514880535015071,525.7459499989636
ar_order,32,lpc,Q1VJ4p-396-67099-191485-442126-324310-384031-392966,0.9771165,4.732099235707038,12.13515002746135
ar_order,32,nn,Q1VJ4p-396-67099-191485-442126-324310-384031-392966,-0.89633477,4.732099588799215,436.65809993399307
ar_order,32,lpc,IJqofi-526-68304-236920-183720-152419-94351-316080,-0.007938713,4.538503979339426,12.08549999864772
ar_order,32,nn,IJqofi-526-68304-236920-183720-152419-94351-316080,-0.34169313,4.566359991763235,409.83780001988634
ar_order,32,lpc,MJEnPs-553-484336-261033-237079-274170-257745-343308,0.2574817,4.731648366487828,13.347849948331714
ar_order,32,nn,MJEnPs-553-484336-261033-237079-274170-257745-343308,0.73627007,4.731715068626385,395.188850001432
ar_order,32,lpc,oK9Hxs-550-7708-104867-460359-299323-420765-264795,0.02380667,4.727703055363273,11.634850001428276
ar_order,32,nn,oK9Hxs-550-7708-104867-460359-299323-420765-264795,0.16332743,4.7277214253924225,468.24294998077676
ar_order,32,lpc,ItvEYp-187-347380-151331-160943-343502-92870-286732,0.042645708,4.685176780145895,23.166249971836805
ar_order,32,nn,ItvEYp-187-347380-151331-160943-343502-92870-286732,0.107425936,4.685455821657162,399.51319998363033
ar_order,64,lpc,9f3Qjw-657-129013-78427-348770-228203-60643-7188,0.112831876,4.724223159138015,16.586750047281384
ar_order,64,nn,9f3Qjw-657-129013-78427-348770-228203-60643-7188,0.21929431,4.724291238377996,397.2498000366613
ar_order,64,lpc,i0Ocoe-610-395609-211084-211212-108056-187519-202035,0.39909157,4.620503675196824,14.135300007183105
ar_order,64,nn,i0Ocoe-610-395609-211084-211212-108056-187519-202035,1.0415611,4.636493250963438,406.6861500032246
ar_order,64,lpc,Th8NDe-613-23535-495997-395609-270487-329331-383770,-0.0019302279,4.642847551534798,12.462600017897785
ar_order,64,nn,Th8NDe-613-23535-495997-395609-270487-329331-383770,-0.04482716,4.654095155907792,400.8179500233382
ar_order,64,lpc,ui9aDp-122-292323-379538-386883-287427-306759-88721,0.18302517,4.691047462072683,13.026750006247312
ar_order,64,nn,ui9aDp-122-292323-379538-386883-287427-306759-88721,0.2807689,4.693399080495342,409.8291000118479
ar_order,64,lpc,DLZvmp-426-78108-128329-469130-165684-261033-84004,0.23950186,4.731993813785002,17.046149994712323
ar_order,64,nn,DLZvmp-426-78108-128329-469130-165684-261033-84004,0.62973964,4.731994910825405,480.9063000138849
ar_order,64,lpc,amZyRf-444-7708-476924-468905-275802-405424-380077,0.18487519,4.716243106033085,14.882899995427579
ar_order,64,nn,amZyRf-444-7708-476924-468905-275802-405424-380077,-0.04629677,4.717504687525524,402.8039500117302
ar_order,64,lpc,ofs2Us-561-469223-161307-229618-187519-295308-129107,0.08077918,4.721393351491988,12.922299967613071
ar_order,64,nn,ofs2Us-561-469223-161307-229618-187519-295308-129107,-0.10454919,4.722479098443518,407.5287999585271
ar_order,64,lpc,nQsrxi-500-35788-354893-151331-437270-461984-276516,0.002271676,4.708322751630218,12.19370000762865
ar_order,64,nn,nQsrxi-500-35788-354893-151331-437270-461984-276516,0.13167824,4.710717518195139,402.80699997674674
ar_order,64,lpc,YuwChp-152-8651-147603-379354-29563-62919-345238,5.1771934e-07,4.732100990778958,12.229699932504445
ar_order,64,nn,YuwChp-152-8651-147603-379354-29563-62919-345238,-0.07712542,4.732100966134221,416.66669998085126
ar_order,64,lpc,fiBRvp-155-14754-379538-407950-108056-495971-270302,1.4731919,4.730924077653659,14.358450018335134
ar_order,64,nn,fiBRvp-155-14754-379538-407950-108056-495971-270302,0.8731475,4.730821223410664,409.66984996339306
ar_order,64,lpc,rpdA0p-089-193291-347380-224170-426805-310105-489070,1.0217355,4.68071559561772,13.378499948885292
ar_order,64,nn,rpdA0p-089-193291-347380-224170-426805-310105-489070,1.2659305,4.680425022904151,411.4187000086531
ar_order,64,lpc,JCRPTw-618-129107-479691-343332-355104-157595-129013,0.068395,4.678727437280102,16.723699984140694
ar_order,64,nn,JCRPTw-618-129107-479691-343332-355104-157595-129013,-0.09657101,4.679237885287492,397.2072000033222
ar_order,64,lpc,DfzVIp-175-379354-103913-25062-384031-343308-295308,-1.33939,4.714978950258406,12.518650037236512
ar_order,64,nn,DfzVIp-175-379354-103913-25062-384031-343308-295308,-1.2662137,4.720620026253055,412.0044499868527
ar_order,64,lpc,PBDVAf-465-366971-117533-197606-160943-60681-25579,4.822818,4.7082422161819135,13.039149984251708
ar_order,64,nn,PBDVAf-465-366971-117533-197606-160943-60681-25579,2.8497481,4.681758391905751,401.06514998478815
ar_order,64,lpc,BNXFqp-404-184495-450557-10737-129636-497448-379538,-0.01243217,4.691837222097567,12.384000001475215
ar_order,64,nn,BNXFqp-404-184495-450557-10737-129636-497448-379538,-0.0055690524,4.69490771793687,409.2512000352144
ar_order,64,lpc,f2JFMw-634-136860-113105-22031-310105-248646-32125,0.19812825,4.727894308247775,13.035500014666468
ar_order,64,nn,f2JFMw-634-136860-113105-22031-310105-248646-32125,0.045048393,4.727935075196948,403.0914500472136
ar_order,64,lpc,cedJli-522-192385-152140-262731-156368-123704-333757,-0.020961449,4.349965025065595,13.243550027254969
ar_order,64,nn,cedJli-522-192385-152140-262731-156368-123704-333757,0.002219931,4.379507810639522,414.1401000088081
ar_order,64,lpc,Q4PCSi-506-317415-237079-78108-78427-235375-285778,0.0355796,3.5423235567797615,12.972500000614673
ar_order,64,nn,Q4PCSi-506-317415-237079-78108-78427-235375-285778,0.49063978,3.582812609474424,400.29139997204766
ar_order,64,lpc,CrjLKf-468-374393-49022-14754-240504-316080-236920,0.16234055,4.727443735180504,12.3297999962233
ar_order,64,nn,CrjLKf-468-374393-49022-14754-240504-316080-236920,0.1822617,4.728534843212961,411.74049995606765
ar_order,64,lpc,m5rDOp-062-377273-156368-185152-188815-186260-486330,6.6745825,4.732100905717731,12.554250017274171
ar_order,64,nn,m5rDOp-062-377273-156368-185152-188815-186260-486330,7.3149405,4.732101021389456,398.02174997748807
ar_order,64,lpc,0mk6rp-310-146145-90733-51581-27791-50416-437215,-0.0005682342,4.73199293259833,13.396950031165034
ar_order,64,nn,0mk6rp-310-146145-90733-51581-27791-50416-437215,-0.0065380195,4.731992980952471,402.22324995556846
ar_order,64,lpc,fS0Vwp-324-274170-461984-129889-218396-366126-128329,0.32614753,4.601780035607911,12.362000008579344
ar_order,64,nn,fS0Vwp-324-274170-461984-129889-218396-366126-128329,0.17500961,4.607985542361163,416.55214998172596
ar_order,64,lpc,0Rve0i-524-469450-332402-376902-283921-64116-240504,-0.024457982,4.2690530434906275,13.09944997774437
ar_order,64,nn,0Rve0i-524-469450-332402-376902-283921-64116-240504,0.078840554,4.285225478215359,397.00825000181794
ar_order,64,lpc,fZg66p-070-68221-216978-377273-239730-53784-3467,0.00049542915,4.732101253034459,12.82404997618869
ar_order,64,nn,fZg66p-070-68221-216978-377273-239730-53784-3467,-8.38765,4.732101252566464,411.1396499793045
ar_order,64,lpc,Aal0cp-183-209061-91230-492922-2757-317191-461984,3.5912004,4.663913438653214,12.491900008171797
ar_order,64,nn,Aal0cp-183-209061-91230-492922-2757-317191-461984,3.689412,4.664095653447612,404.7269999864511
ar_order,64,lpc,m8mjCs-533-485468-283456-486330-442126-2757-12865,0.1454624,4.726533930624461,12.687449983786792
ar_order,64,nn,m8mjCs-533-485468-283456-486330-442126-2757-12865,0.20326939,4.72654176341003,405.53469996666536
ar_order,64,lpc,jM2z5p-212-362995-350336-202035-87506-239730-207508,0.021472566,4.732101253014429,13.11284996336326
ar_order,64,nn,jM2z5p-212-362995-350336-202035-87506-239730-207508,0.70223796,4.732101252940302,406.72484994865954
ar_order,64,lpc,Paqf1p-119-254913-443221-90733-163645-32125-188815,0.03583069,4.617134419892336,12.499400007072836
ar_order,64,nn,Paqf1p-119-254913-443221-90733-163645-32125-188815,0.10553353,4.618449024643159,412.96624997630715
ar_order,64,lpc,87hwjf-487-426805-60643-437215-160943-182650-407728,0.012814304,4.66093021452539,13.169449986889958
ar_order,64,nn,87hwjf-487-426805-60643-437215-160943-182650-407728,-0.049588326,4.663523651085006,398.4324499615468
ar_order,64,lpc,kDEiGp-268-254920-474864-52991-170820-165168-328121,0.0,4.709236463249363,13.83884996175766
ar_order,64,nn,kDEiGp-268-254920-474864-52991-170820-165168-328121,-7.7658595e-05,4.709236407852637,415.11015000287443
ar_order,64,lpc,Mtnx5i-515-495971-279778-348676-11995-306560-418034,1.0872092e-05,4.638163289472452,13.504700036719441
ar_order,64,nn,Mtnx5i-515-495971-279778-348676-11995-306560-418034,0.022828786,4.6383502975246795,413.8894000207074
ar_order,64,lpc,3EBeof-459-212842-454791-192385-495971-180085-113105,0.022531617,4.703712087827233,13.309750007465482
ar_order,64,nn,3EBeof-459-212842-454791-192385-495971-180085-113105,0.027335316,4.703762955310472,408.64569996483624
ar_order,64,lpc,7j8l2a-034-50416-4800-287427-123375-143976-264357,0.12402061,4.681920897881968,13.126500009093434
ar_order,64,nn,7j8l2a-034-50416-4800-287427-123375-143976-264357,0.6447739,4.68578659317699,391.92039996851236
ar_order,64,lpc,9Mkadp-302-273892-209608-109841-324591-494783-498752,0.084760964,4.638542118967097,12.846499972511083
ar_order,64,nn,9Mkadp-302-273892-209608-109841-324591-494783-498752,0.19390652,4.6393723156026105,397.20050001051277
ar_order,64,lpc,u3JmNp-105-377036-373629-177809-287789-419538-221798,-0.010351181,4.725164002598155,12.994899996556342
ar_order,64,nn,u3JmNp-105-377036-373629-177809-287789-419538-221798,1.2932978,4.726269684257687,511.56534999608994
ar_order,64,lpc,PiKSIp-112-109021-465867-125189-123174-211212-334242,0.2638614,4.718514666476787,17.03270006692037
ar_order,64,nn,PiKSIp-112-109021-465867-125189-123174-211212-334242,0.85208684,4.721552869747887,426.3137500383891
ar_order,64,lpc,9a98Kf-464-298969-472051-292323-179462-78575-496080,-0.017399114,4.295326896941988,12.857049994636327
ar_order,64,nn,9a98Kf-464-298969-472051-292323-179462-78575-496080,0.0049372707,4.296484304897058,443.9286999986507
ar_order,64,lpc,vAlA7f-458-390385-16661-177809-112031-325632-365075,0.16215153,4.731645966076499,17.244200047571212
ar_order,64,nn,vAlA7f-458-390385-16661-177809-112031-325632-365075,0.057489,4.731651908094898,441.9227999751456
ar_order,64,lpc,U5aQJe-592-437270-129013-295308-406364-103913-497087,0.20037034,4.686390174376035,18.325950077269226
ar_order,64,nn,U5aQJe-592-437270-129013-295308-406364-103913-497087,0.34069914,4.688343890906978,560.5192999355495
ar_order,64,lpc,HxFzMp-357-24999-343332-90733-489807-316694-345238,1.0931942,4.6067374228571705,18.091349978931248
ar_order,64,nn,HxFzMp-357-24999-343332-90733-489807-316694-345238,-0.0021772967,4.609659543428021,339.97984998859465
ar_order,64,lpc,9kbanp-261-50416-108056-469001-231167-334074-209061,0.4513414,4.718740239006656,14.57235001726076
ar_order,64,nn,9kbanp-261-50416-108056-469001-231167-334074-209061,1.3360952,4.720893436338647,397.15575001901016
ar_order,64,lpc,rqqrUf-476-372299-90733-207508-318838-254913-53278,-0.013164049,4.730966537456796,16.963150002993643
ar_order,64,nn,rqqrUf-476-372299-90733-207508-318838-254913-53278,0.021694597,4.730985453863406,376.9040499464609
ar_order,64,lpc,ie6iSp-097-407790-253414-334074-464643-167361-80351,3.7367282,4.729043904581676,13.229399977717549
ar_order,64,nn,ie6iSp-097-407790-253414-334074-464643-167361-80351,3.83668,4.727797057321464,567.1750000328757
ar_order,64,lpc,FiS63i-513-129107-287427-185152-454791-121010-285778,0.00020138816,4.19346717778626,14.22800001455471
ar_order,64,nn,FiS63i-513-129107-287427-185152-454791-121010-285778,0.038861647,4.196454272769364,357.1915500215255
ar_order,64,lpc,BBcZPi-501-456735-480197-495997-497448-326140-134118,-1.2166422e-05,4.713227522654953,15.036750002764165
ar_order,64,nn,BBcZPi-501-456735-480197-495997-497448-326140-134118,-0.036060903,4.713387866001414,376.43105001188815
ar_order,64,lpc,5OQdwp-063-348077-460359-16661-112031-224170-197606,0.10559265,4.7061261492493145,15.02864999929443
ar_order,64,nn,5OQdwp-063-348077-460359-16661-112031-224170-197606,0.12661354,4.706404992227695,440.4224500176497
ar_order,64,lpc,riuiap-287-319764-286732-35325-55646-391852-1246,-0.7246556,4.665303800051921,15.994900022633374
ar_order,64,nn,riuiap-287-319764-286732-35325-55646-391852-1246,-0.6685242,4.664360003269087,365.81345001468435
ar_order,64,lpc,6TUCvp-352-108130-78807-55646-250174-386302-414547,0.13278356,4.42675976370117,13.556349964346737
ar_order,64,nn,6TUCvp-352-108130-78807-55646-250174-386302-414547,0.7292998,4.444840619732515,377.3519499809481
ar_order,64,lpc,KIklei-503-156368-5054-151331-161307-380077-177809,-0.013713753,4.371381959253668,13.321399979759008
ar_order,64,nn,KIklei-503-156368-5054-151331-161307-380077-177809,-0.12815768,4.373435432265852,380.2219000644982
ar_order,64,lpc,zVlcap-263-274542-472051-376372-248785-476225-35325,-1.0857891,4.732101035371469,15.976750000845641
ar_order,64,nn,zVlcap-263-274542-472051-376372-248785-476225-35325,-7.5008016,4.73210123124184,371.8123500002548
ar_order,64,lpc,BLAVyp-401-374393-353502-276516-464643-247007-280816,-1.0354388e-06,4.712889041749424,12.446199951227754
ar_order,64,nn,BLAVyp-401-374393-353502-276516-464643-247007-280816,0.00023244979,4.7128892964799824,352.6687999838032
ar_order,64,lpc,5Lu6ui-514-135410-151381-124082-173176-644-324310,-0.0070080645,4.587258113586538,16.598249960225075
ar_order,64,nn,5Lu6ui-514-135410-151381-124082-173176-644-324310,0.017138373,4.587482386668292,383.4785000071861
ar_order,64,lpc,lzFhsp-134-377273-280816-60681-369034-268009-11995,0.10327631,4.694675647293446,14.093699981458485
ar_order,64,nn,lzFhsp-134-377273-280816-60681-369034-268009-11995,0.6387386,4.69649254991989,382.9621499753557
ar_order,64,lpc,nSu3Cp-366-41411-362672-285778-222370-421926-202035,0.021187153,4.705358582076217,13.1900500273332
ar_order,64,nn,nSu3Cp-366-41411-362672-285778-222370-421926-202035,-0.09192943,4.705917687827343,345.4572000191547
ar_order,64,lpc,cUyODs-564-324456-286869-479691-123056-485468-274323,0.67079836,4.7289392111689015,13.444649986922741
ar_order,64,nn,cUyODs-564-324456-286869-479691-123056-485468-274323,0.67884535,4.728930777739199,371.36205000570044
ar_order,64,lpc,TkK5fp-380-229618-476225-311495-339484-11995-7708,-0.13049169,4.72890848348537,13.546900008805096
ar_order,64,nn,TkK5fp-380-229618-476225-311495-339484-11995-7708,-0.0593431,4.728906500017025,383.3536999882199
ar_order,64,lpc,AHwsQs-538-108297-304214-140209-237079-426805-448869,-0.025265574,4.73210119757683,16.45814994117245
ar_order,64,nn,AHwsQs-538-108297-304214-140209-237079-426805-448869,0.34033057,4.732101202002584,436.3299500546418
ar_order,64,lpc,RkoxIi-499-395609-17243-276516-68344-191485-476225,0.0011108837,4.7165060932594045,13.468999997712672
ar_order,64,nn,RkoxIi-499-395609-17243-276516-68344-191485-476225,0.0009493935,4.716539911944588,381.5989999566227
ar_order,64,lpc,YLEXwp-335-240298-183720-447487-129636-202035-44660,-0.6781564,4.730842293324625,13.289499969687313
ar_order,64,nn,YLEXwp-335-240298-183720-447487-129636-202035-44660,-0.707595,4.730883881314126,383.8147500064224
ar_order,64,lpc,rn9v1e-583-369034-383770-175927-399756-390385-383479,0.7822848,4.589219826385218,13.294200005475432
ar_order,64,nn,rn9v1e-583-369034-383770-175927-399756-390385-383479,0.52514905,4.590791666386885,385.18019998446107
ar_order,64,lpc,SSYQ1w-650-275802-13671-144360-112336-104867-157595,0.082378626,4.731780173215771,14.875649998430163
ar_order,64,nn,SSYQ1w-650-275802-13671-144360-112336-104867-157595,-0.91777754,4.731908378351989,377.1949000074528
ar_order,64,lpc,4fsgkp-253-311495-209061-229618-287427-276516-38459,0.7088304,4.723007694482384,11.255099961999804
ar_order,64,nn,4fsgkp-253-311495-209061-229618-287427-276516-38459,1.0303963,4.724401286160966,341.50909999152645
ar_order,64,lpc,44Zbvs-567-179462-358526-13671-355104-116061-343332,0.3014283,4.726471202789987,15.370049979537725
ar_order,64,nn,44Zbvs-567-179462-358526-13671-355104-116061-343332,0.68629396,4.727790699697177,336.2259999848902
ar_order,64,lpc,cmHjrf-493-348077-309854-224170-458554-202179-472051,0.112655826,4.686599466469064,9.735500090755522
ar_order,64,nn,cmHjrf-493-348077-309854-224170-458554-202179-472051,0.366952,4.688394983231401,322.37995002651587
ar_order,64,lpc,zQSXvp-215-498788-407950-152419-25062-51581-3467,0.19691476,4.703000545757835,15.410549938678741
ar_order,64,nn,zQSXvp-215-498788-407950-152419-25062-51581-3467,0.59201884,4.705284532320169,342.10889996029437
ar_order,64,lpc,l3Lvae-611-211084-218396-212842-198509-334833-311379,0.2614403,4.64611489787366,12.829450075514615
ar_order,64,nn,l3Lvae-611-211084-218396-212842-198509-334833-311379,0.5113356,4.649578098025001,346.19670000392944
ar_order,64,lpc,LIJKja-026-447487-148409-188815-38506-78427-479691,0.014280048,4.706835836086677,10.607299976982176
ar_order,64,nn,LIJKja-026-447487-148409-188815-38506-78427-479691,0.54076034,4.7095107460993155,351.8388000084087
ar_order,64,lpc,tztd5w-640-23535-348077-410307-64116-151381-134118,0.00805497,4.73210125009386,13.635799987241626
ar_order,64,nn,tztd5w-640-23535-348077-410307-64116-151381-134118,0.25547296,4.73210125104107,359.27479999372736
ar_order,64,lpc,TypO9p-362-82313-390793-365346-50416-310105-275395,0.8902187,4.6657777372150475,14.286849938798696
ar_order,64,nn,TypO9p-362-82313-390793-365346-50416-310105-275395,0.48944056,4.667887483666323,417.9429999785498
ar_order,64,lpc,3hvoVa-051-2307-202921-218396-175927-14787-464643,-0.024428565,4.649523585771315,13.158700021449476
ar_order,64,nn,3hvoVa-051-2307-202921-218396-175927-14787-464643,0.34500107,4.651522084965661,340.54089995333925
ar_order,64,lpc,9hvMUf-482-498788-113105-17243-63022-21827-338584,0.0006227718,4.6576158722383205,13.010399939958006
ar_order,64,nn,9hvMUf-482-498788-113105-17243-63022-21827-338584,-0.13218272,4.6611171235200874,371.019400015939
ar_order,64,lpc,lDN6of-450-91840-427818-353502-327883-210172-489807,0.005363883,4.655640548106854,12.948099989444017
ar_order,64,nn,lDN6of-450-91840-427818-353502-327883-210172-489807,-0.43089652,4.667999716452462,385.7838000403717
ar_order,64,lpc,8b8sWp-275-88756-348733-183720-134118-226233-129107,0.053275008,4.731591701417615,13.674749992787838
ar_order,64,nn,8b8sWp-275-88756-348733-183720-134118-226233-129107,0.4864876,4.731604531874046,332.67629996407777
ar_order,64,lpc,noHubp-343-163645-17243-410906-219243-161307-221798,0.07278478,4.631995107694921,15.087900042999536
ar_order,64,nn,noHubp-343-163645-17243-410906-219243-161307-221798,0.1956346,4.634409749647418,349.8138500144705
ar_order,64,lpc,G50hup-092-363552-123056-229618-481410-299323-332402,0.024825001,4.7320939006485085,13.221000088378787
ar_order,64,nn,G50hup-092-363552-123056-229618-481410-299323-332402,-0.9460816,4.732095929545462,377.0589000196196
ar_order,64,lpc,FPRIpe-578-474864-126584-425422-304828-148409-10737,0.24448463,4.659206308531718,13.063549995422363
ar_order,64,nn,FPRIpe-578-474864-126584-425422-304828-148409-10737,1.9636048,4.67504544666025,382.5578499818221
ar_order,64,lpc,1zDUvp-298-108297-119460-56896-348770-68221-98443,-0.17798269,4.726444062734002,13.043549959547818
ar_order,64,nn,1zDUvp-298-108297-119460-56896-348770-68221-98443,-0.044707637,4.726481445865731,368.55254997499287
ar_order,64,lpc,WVKBPa-017-469001-13769-309009-430207-5054-14754,-0.0132762175,4.701432598667736,13.423349999357015
ar_order,64,nn,WVKBPa-017-469001-13769-309009-430207-5054-14754,0.20146228,4.702172626230494,372.5260000792332
ar_order,64,lpc,fdXdMp-313-165684-111916-348770-380077-145384-347380,-0.17292252,4.732101253042341,15.958349977154285
ar_order,64,nn,fdXdMp-313-165684-111916-348770-380077-145384-347380,-11.167432,4.732101253041961,375.3405999741517
ar_order,64,lpc,rkSMcp-349-162269-339484-74769-12865-363552-41411,-2.4083505,4.62685522298383,13.199900044128299
ar_order,64,nn,rkSMcp-349-162269-339484-74769-12865-363552-41411,-3.025956,4.723418478932764,373.06145002366975
ar_order,64,lpc,avuTLe-585-474206-355130-317191-361413-333474-248785,-0.050034247,4.678947264268951,14.255849993787706
ar_order,64,nn,avuTLe-585-474206-355130-317191-361413-333474-248785,0.059904434,4.682657853771174,387.61900004465133
ar_order,64,lpc,1Q0zzp-067-496080-227228-300626-311379-247007-1214,0.33392087,4.718376586887229,15.714049979578704
ar_order,64,nn,1Q0zzp-067-496080-227228-300626-311379-247007-1214,0.32581276,4.718409276247266,380.52419997984543
ar_order,64,lpc,k2rvsa-021-181149-117176-94351-2985-340579-209061,0.39167446,4.731078183864243,15.678550000302494
ar_order,64,nn,k2rvsa-021-181149-117176-94351-2985-340579-209061,0.5685734,4.731222455934178,385.7232999871485
ar_order,64,lpc,DmpOYi-525-91230-450251-209608-292323-92870-38506,-0.010940496,4.5343580489377215,13.714100001379848
ar_order,64,nn,DmpOYi-525-91230-450251-209608-292323-92870-38506,0.45767996,4.557810680429463,381.01100007770583
ar_order,64,lpc,cZ9D6w-670-134118-41411-423587-125189-84055-98443,0.112338506,4.724223787159138,13.42630002181977
ar_order,64,nn,cZ9D6w-670-134118-41411-423587-125189-84055-98443,0.18766709,4.724262157358684,352.9283999814652
ar_order,64,lpc,wD39yw-617-350336-91230-365075-384274-339484-27577,0.7093661,4.580888606433414,13.270350056700408
ar_order,64,nn,wD39yw-617-350336-91230-365075-384274-339484-27577,0.36746913,4.6021291487170775,395.8659000345506
ar_order,64,lpc,jFujMp-258-2985-422977-276516-270302-316694-390385,-0.012103267,4.729240936274829,13.242450018879026
ar_order,64,nn,jFujMp-258-2985-422977-276516-270302-316694-390385,-0.09283693,4.7292680236447495,375.3467000206001
ar_order,64,lpc,ainjFp-098-145384-88756-289593-274542-488804-292564,0.0722904,4.6912786541617955,13.255650002975017
ar_order,64,nn,ainjFp-098-145384-88756-289593-274542-488804-292564,0.09663485,4.6913071188684174,381.7909999634139
ar_order,64,lpc,rllgnp-282-21827-2985-183720-67455-409746-330730,-0.010328867,4.732100620017333,13.322949991561472
ar_order,64,nn,rllgnp-282-21827-2985-183720-67455-409746-330730,-0.07694493,4.7321006336173586,407.9497500206344
ar_order,64,lpc,ck2Uxp-081-495997-135873-82313-377039-373629-268363,0.8725229,4.732004221121413,14.870249957311898
ar_order,64,nn,ck2Uxp-081-495997-135873-82313-377039-373629-268363,0.95331705,4.732005746720665,386.9784999988042
ar_order,64,lpc,jhRr0p-088-489070-351855-386883-172725-333766-16976,1.7834606,4.7317782757977875,13.20410001790151
ar_order,64,nn,jhRr0p-088-489070-351855-386883-172725-333766-16976,1.9868563,4.7318114802053435,359.5887000556104
ar_order,64,lpc,oRqMra-058-167772-480197-43889-36331-135873-265166,0.13577624,4.731424712289085,14.126649941317737
ar_order,64,nn,oRqMra-058-167772-480197-43889-36331-135873-265166,0.50663793,4.731943928553937,379.77004994172603
ar_order,64,lpc,d4LtRw-656-379354-74769-192385-202921-93885-62534,0.00019155194,4.732100891572513,13.455749955028296
ar_order,64,nn,d4LtRw-656-379354-74769-192385-202921-93885-62534,-0.041609515,4.7321009682370745,389.12429998163134
ar_order,64,lpc,tXap2p-281-298969-9753-281965-457067-162269-329331,0.42983693,4.726050268886798,13.174999970942736
ar_order,64,nn,tXap2p-281-298969-9753-281965-457067-162269-329331,0.7142251,4.726801283317043,362.4295999761671
ar_order,64,lpc,IIhdup-184-282845-322947-195637-315211-10737-386302,1.6307427,4.625844997755728,13.81139998557046
ar_order,64,nn,IIhdup-184-282845-322947-195637-315211-10737-386302,1.93758,4.616176668927041,368.3128499542363
ar_order,64,lpc,Q1VJ4p-396-67099-191485-442126-324310-384031-392966,10.560646,4.732100740004959,14.117799990344793
ar_order,64,nn,Q1VJ4p-396-67099-191485-442126-324310-384031-392966,4.834965,4.73210122678136,366.6734999860637
ar_order,64,lpc,IJqofi-526-68304-236920-183720-152419-94351-316080,-0.0016179156,4.539324528761704,13.976200018078089
ar_order,64,nn,IJqofi-526-68304-236920-183720-152419-94351-316080,-0.3106806,4.565262059219069,403.3694500103593
ar_order,64,lpc,MJEnPs-553-484336-261033-237079-274170-257745-343308,0.27432021,4.731694744002336,13.812600052915514
ar_order,64,nn,MJEnPs-553-484336-261033-237079-274170-257745-343308,0.6825235,4.731766528956586,378.2010999857448
ar_order,64,lpc,oK9Hxs-550-7708-104867-460359-299323-420765-264795,0.049351253,4.727795517339114,13.144950091373175
ar_order,64,nn,oK9Hxs-550-7708-104867-460359-299323-420765-264795,0.14377834,4.727807324612572,344.17985001346096
ar_order,64,lpc,ItvEYp-187-347380-151331-160943-343502-92870-286732,0.2918857,4.687299577335546,14.068350021261722
ar_order,64,nn,ItvEYp-187-347380-151331-160943-343502-92870-286732,0.3854245,4.687940893321492,343.8371500233188
ar_order,128,lpc,9f3Qjw-657-129013-78427-348770-228203-60643-7188,0.011939267,4.7245558004639,11.608900036662817
ar_order,128,nn,9f3Qjw-657-129013-78427-348770-228203-60643-7188,0.041542836,4.724662930155958,351.09340003691614
ar_order,128,lpc,i0Ocoe-610-395609-211084-211212-108056-187519-202035,0.3081007,4.629173323598147,19.687999971210957
ar_order,128,nn,i0Ocoe-610-395609-211084-211212-108056-187519-202035,1.4008455,4.643029314914903,337.604449945502
ar_order,128,lpc,Th8NDe-613-23535-495997-395609-270487-329331-383770,0.19988829,4.64256086165848,13.539499952457845
ar_order,128,nn,Th8NDe-613-23535-495997-395609-270487-329331-383770,0.25680196,4.657044127536329,378.26105003478006
ar_order,128,lpc,ui9aDp-122-292323-379538-386883-287427-306759-88721,0.09259248,4.701216668832901,19.096549949608743
ar_order,128,nn,ui9aDp-122-292323-379538-386883-287427-306759-88721,-0.80455536,4.71720964887694,373.47150000277907
ar_order,128,lpc,DLZvmp-426-78108-128329-469130-165684-261033-84004,3.4419832,4.732086777480474,16.3280499400571
ar_order,128,nn,DLZvmp-426-78108-128329-469130-165684-261033-84004,0.02135356,4.731925451043683,398.1802000198513
ar_order,128,lpc,amZyRf-444-7708-476924-468905-275802-405424-380077,0.28725508,4.717256908203391,16.103249974548817
ar_order,128,nn,amZyRf-444-7708-476924-468905-275802-405424-380077,0.30550295,4.719327339329668,371.88770005013794
ar_order,128,lpc,ofs2Us-561-469223-161307-229618-187519-295308-129107,0.27188647,4.7216812944362365,15.636449970770627
ar_order,128,nn,ofs2Us-561-469223-161307-229618-187519-295308-129107,0.061465137,4.723165758939134,329.3684999807738
ar_order,128,lpc,nQsrxi-500-35788-354893-151331-437270-461984-276516,-0.0004543225,4.708323252138669,17.416650021914393
ar_order,128,nn,nQsrxi-500-35788-354893-151331-437270-461984-276516,0.057856847,4.711420203726961,403.87670003110543
ar_order,128,lpc,YuwChp-152-8651-147603-379354-29563-62919-345238,3.1063153e-06,4.732100990778955,11.687199992593378
ar_order,128,nn,YuwChp-152-8651-147603-379354-29563-62919-345238,-0.07999349,4.732100966147441,349.59719999460503
ar_order,128,lpc,fiBRvp-155-14754-379538-407950-108056-495971-270302,1.527801,4.730900852919872,11.569000023882836
ar_order,128,nn,fiBRvp-155-14754-379538-407950-108056-495971-270302,0.76325387,4.73081726712355,339.54580005956814
ar_order,128,lpc,rpdA0p-089-193291-347380-224170-426805-310105-489070,2.2008224,4.698169847175125,12.946049973834306
ar_order,128,nn,rpdA0p-089-193291-347380-224170-426805-310105-489070,2.6912224,4.704968434379715,337.7292999648489
ar_order,128,lpc,JCRPTw-618-129107-479691-343332-355104-157595-129013,0.066813335,4.679976158618613,12.882199953310192
ar_order,128,nn,JCRPTw-618-129107-479691-343332-355104-157595-129013,-0.11885701,4.680154449510335,372.23249999806285
ar_order,128,lpc,DfzVIp-175-379354-103913-25062-384031-343308-295308,-1.2978792,4.710210023902784,12.521249998826534
ar_order,128,nn,DfzVIp-175-379354-103913-25062-384031-343308-295308,-1.3734505,4.716049681355702,363.83879993809387
ar_order,128,lpc,PBDVAf-465-366971-117533-197606-160943-60681-25579,10.109322,4.724791201212533,19.48085002368316
ar_order,128,nn,PBDVAf-465-366971-117533-197606-160943-60681-25579,4.4058075,4.6905813208884,384.7008000011556
ar_order,128,lpc,BNXFqp-404-184495-450557-10737-129636-497448-379538,-0.37523776,4.69419741921817,15.408750041387975
ar_order,128,nn,BNXFqp-404-184495-450557-10737-129636-497448-379538,-0.5062658,4.696455756018413,398.74135004356503
ar_order,128,lpc,f2JFMw-634-136860-113105-22031-310105-248646-32125,0.48439777,4.730247625669499,13.94780003465712
ar_order,128,nn,f2JFMw-634-136860-113105-22031-310105-248646-32125,0.18722528,4.730085797728638,345.7180500263348
ar_order,128,lpc,cedJli-522-192385-152140-262731-156368-123704-333757,-0.032614745,4.35407136059399,16.420200059656054
ar_order,128,nn,cedJli-522-192385-152140-262731-156368-123704-333757,0.51453936,4.404332502321109,342.9105499526486
ar_order,128,lpc,Q4PCSi-506-317415-237079-78108-78427-235375-285778,0.016433896,3.539419983596808,13.42929998645559
ar_order,128,nn,Q4PCSi-506-317415-237079-78108-78427-235375-285778,0.47677115,3.584761891587382,375.7234500371851
ar_order,128,lpc,CrjLKf-468-374393-49022-14754-240504-316080-236920,0.22864833,4.727549723563415,13.250400021206588
ar_order,128,nn,CrjLKf-468-374393-49022-14754-240504-316080-236920,0.4817037,4.728727141306676,360.7870999840088
ar_order,128,lpc,m5rDOp-062-377273-156368-185152-188815-186260-486330,6.251425,4.732101147860268,16.978300001937896
ar_order,128,nn,m5rDOp-062-377273-156368-185152-188815-186260-486330,5.7750034,4.732101234269008,369.328000000678
ar_order,128,lpc,0mk6rp-310-146145-90733-51581-27791-50416-437215,-0.009103275,4.731993290318206,18.112850026227534
ar_order,128,nn,0mk6rp-310-146145-90733-51581-27791-50416-437215,-0.015292885,4.731993333267384,356.4737999695353
ar_order,128,lpc,fS0Vwp-324-274170-461984-129889-218396-366126-128329,2.9229875,4.6327097784483495,17.639449972193688
ar_order,128,nn,fS0Vwp-324-274170-461984-129889-218396-366126-128329,2.536644,4.6358959107853455,368.5706499381922
ar_order,128,lpc,0Rve0i-524-469450-332402-376902-283921-64116-240504,-0.015629563,4.269015900843031,16.192749957554042
ar_order,128,nn,0Rve0i-524-469450-332402-376902-283921-64116-240504,0.055343155,4.286303538620133,371.72489997465163
ar_order,128,lpc,fZg66p-070-68221-216978-377273-239730-53784-3467,0.0018701174,4.732101253034456,16.059799992945045
ar_order,128,nn,fZg66p-070-68221-216978-377273-239730-53784-3467,-8.384071,4.732101252561925,392.18710002023727
ar_order,128,lpc,Aal0cp-183-209061-91230-492922-2757-317191-461984,3.4541588,4.670988043019987,16.483599960338324
ar_order,128,nn,Aal0cp-183-209061-91230-492922-2757-317191-461984,3.5979893,4.669196062176368,400.8281499845907
ar_order,128,lpc,m8mjCs-533-485468-283456-486330-442126-2757-12865,0.7307649,4.728790705152862,16.15164999384433
ar_order,128,nn,m8mjCs-533-485468-283456-486330-442126-2757-12865,1.0526047,4.728503051315203,379.26210003206506
ar_order,128,lpc,jM2z5p-212-362995-350336-202035-87506-239730-207508,-4.2427335,4.732101252069173,16.187549976166338
ar_order,128,nn,jM2z5p-212-362995-350336-202035-87506-239730-207508,-2.1440794,4.73210125296016,382.1383000467904
ar_order,128,lpc,Paqf1p-119-254913-443221-90733-163645-32125-188815,0.10007904,4.617590992352621,14.540800009854138
ar_order,128,nn,Paqf1p-119-254913-443221-90733-163645-32125-188815,0.14622185,4.61940333486462,348.0118500883691
ar_order,128,lpc,87hwjf-487-426805-60643-437215-160943-182650-407728,0.028689707,4.661006096982218,16.35895000072196
ar_order,128,nn,87hwjf-487-426805-60643-437215-160943-182650-407728,-0.062014055,4.66386558096228,327.80269999057055
ar_order,128,lpc,kDEiGp-268-254920-474864-52991-170820-165168-328121,0.0,4.709236463249363,13.428299978841096
ar_order,128,nn,kDEiGp-268-254920-474864-52991-170820-165168-328121,-8.024725e-05,4.709236407589167,373.6837999895215
ar_order,128,lpc,Mtnx5i-515-495971-279778-348676-11995-306560-418034,0.00016152544,4.638163777766152,17.32139999512583
ar_order,128,nn,Mtnx5i-515-495971-279778-348676-11995-306560-418034,0.023629544,4.638368248165447,349.9972500721924
ar_order,128,lpc,3EBeof-459-212842-454791-192385-495971-180085-113105,-0.0047848085,4.703795089777282,18.465700035449117
ar_order,128,nn,3EBeof-459-212842-454791-192385-495971-180085-113105,-0.008790187,4.70385567413736,349.67744996538386
ar_order,128,lpc,7j8l2a-034-50416-4800-287427-123375-143976-264357,0.14447547,4.681877948154318,17.293750017415732
ar_order,128,nn,7j8l2a-034-50416-4800-287427-123375-143976-264357,0.6660605,4.6857606113874954,344.46355007821694
ar_order,128,lpc,9Mkadp-302-273892-209608-109841-324591-494783-498752,-0.78412503,4.692869622514197,16.79680001689121
ar_order,128,nn,9Mkadp-302-273892-209608-109841-324591-494783-498752,-1.8690227,4.7242842918572165,373.5364999738522
ar_order,128,lpc,u3JmNp-105-377036-373629-177809-287789-419538-221798,-0.008693438,4.725144961543955,16.04279997991398
ar_order,128,nn,u3JmNp-105-377036-373629-177809-287789-419538-221798,1.3577256,4.726248295521884,383.7346999789588
ar_order,128,lpc,PiKSIp-112-109021-465867-125189-123174-211212-334242,0.34888554,4.7193540089178345,16.196949989534914
ar_order,128,nn,PiKSIp-112-109021-465867-125189-123174-211212-334242,0.85385394,4.724128122376973,384.3619499821216
ar_order,128,lpc,9a98Kf-464-298969-472051-292323-179462-78575-496080,0.028457232,4.296599357686478,17.49469997594133
ar_order,128,nn,9a98Kf-464-298969-472051-292323-179462-78575-496080,0.055722933,4.300098541908285,358.9035499608144
ar_order,128,lpc,vAlA7f-458-390385-16661-177809-112031-325632-365075,1.6993176,4.731870789492364,13.060349971055984
ar_order,128,nn,vAlA7f-458-390385-16661-177809-112031-325632-365075,1.0584967,4.73208712019193,338.68589997291565
ar_order,128,lpc,U5aQJe-592-437270-129013-295308-406364-103913-497087,2.4305096,4.7028827990927144,12.394700024742633
ar_order,128,nn,U5aQJe-592-437270-129013-295308-406364-103913-497087,2.9827375,4.7121329045075,368.0991999572143
ar_order,128,lpc,HxFzMp-357-24999-343332-90733-489807-316694-345238,7.9153414,4.678730306005557,17.481099988799542
ar_order,128,nn,HxFzMp-357-24999-343332-90733-489807-316694-345238,6.1406827,4.673994606240862,347.66685002250597
ar_order,128,lpc,9kbanp-261-50416-108056-469001-231167-334074-209061,0.465069,4.718739281729588,14.436749974265695
ar_order,128,nn,9kbanp-261-50416-108056-469001-231167-334074-209061,1.5171943,4.721095318556131,378.4998500486836
ar_order,128,lpc,rqqrUf-476-372299-90733-207508-318838-254913-53278,0.06625913,4.7309803538511765,19.81575001263991
ar_order,128,nn,rqqrUf-476-372299-90733-207508-318838-254913-53278,0.07744526,4.73101432571945,433.21629997808486
ar_order,128,lpc,ie6iSp-097-407790-253414-334074-464643-167361-80351,2.5921493,4.728834628445556,16.81010000174865
ar_order,128,nn,ie6iSp-097-407790-253414-334074-464643-167361-80351,2.6976867,4.727855248823472,363.3974500116892
ar_order,128,lpc,FiS63i-513-129107-287427-185152-454791-121010-285778,0.00025885197,4.193507089985518,16.216549964156002
ar_order,128,nn,FiS63i-513-129107-287427-185152-454791-121010-285778,-0.011317583,4.197030772699902,375.8251500548795
ar_order,128,lpc,BBcZPi-501-456735-480197-495997-497448-326140-134118,-0.00014315176,4.7132280547676135,16.436499950941652
ar_order,128,nn,BBcZPi-501-456735-480197-495997-497448-326140-134118,-0.031181825,4.713423910407848,363.32310002762824
ar_order,128,lpc,5OQdwp-063-348077-460359-16661-112031-224170-197606,4.9574966,4.724421812473961,16.351149941328913
ar_order,128,nn,5OQdwp-063-348077-460359-16661-112031-224170-197606,1.4086598,4.7236970231442825,374.16214996483177
ar_order,128,lpc,riuiap-287-319764-286732-35325-55646-391852-1246,-0.54661405,4.655914162855876,16.455399978440255
ar_order,128,nn,riuiap-287-319764-286732-35325-55646-391852-1246,-0.47795996,4.655013517953998,370.4285999410786
ar_order,128,lpc,6TUCvp-352-108130-78807-55646-250174-386302-414547,-0.06504479,4.439591232082096,16.071299964096397
ar_order,128,nn,6TUCvp-352-108130-78807-55646-250174-386302-414547,-0.5895001,4.503264746100012,350.9458000189625
ar_order,128,lpc,KIklei-503-156368-5054-151331-161307-380077-177809,-0.0055571296,4.371953711465075,23.142949969042093
ar_order,128,nn,KIklei-503-156368-5054-151331-161307-380077-177809,-0.009302501,4.374382837485955,330.61979996273294
ar_order,128,lpc,zVlcap-263-274542-472051-376372-248785-476225-35325,-0.5533079,4.732101012147181,18.556150083895773
ar_order,128,nn,zVlcap-263-274542-472051-376372-248785-476225-35325,-7.4178877,4.732101236899945,352.07949997857213
ar_order,128,lpc,BLAVyp-401-374393-353502-276516-464643-247007-280816,-1.0354388e-06,4.712889045534606,13.081199955195189
ar_order,128,nn,BLAVyp-401-374393-353502-276516-464643-247007-280816,0.00017550332,4.712889324120317,351.95099998963997
ar_order,128,lpc,5Lu6ui-514-135410-151381-124082-173176-644-324310,-0.031009488,4.587299900898277,14.588749967515469
ar_order,128,nn,5Lu6ui-514-135410-151381-124082-173176-644-324310,-0.006640424,4.587579523284655,329.64015001198277
ar_order,128,lpc,lzFhsp-134-377273-280816-60681-369034-268009-11995,0.16399153,4.696231297576675,13.815050013363361
ar_order,128,nn,lzFhsp-134-377273-280816-60681-369034-268009-11995,0.7414348,4.699492976341576,347.66665002098307
ar_order,128,lpc,nSu3Cp-366-41411-362672-285778-222370-421926-202035,0.28213435,4.7067031963456785,13.391800050158054
ar_order,128,nn,nSu3Cp-366-41411-362672-285778-222370-421926-202035,0.081560686,4.707404305893546,372.7314999559894
ar_order,128,lpc,cUyODs-564-324456-286869-479691-123056-485468-274323,3.5559568,4.730864740069359,13.635799987241626
ar_order,128,nn,cUyODs-564-324456-286869-479691-123056-485468-274323,3.3453465,4.730820065291889,340.20874998532236
ar_order,128,lpc,TkK5fp-380-229618-476225-311495-339484-11995-7708,0.74471533,4.729389941748787,17.231150006409734
ar_order,128,nn,TkK5fp-380-229618-476225-311495-339484-11995-7708,0.95196426,4.729384933903409,342.7198500139639
ar_order,128,lpc,AHwsQs-538-108297-304214-140209-237079-426805-448869,-0.12826858,4.732101199627634,15.76590002514422
ar_order,128,nn,AHwsQs-538-108297-304214-140209-237079-426805-448869,0.114167936,4.732101207194402,364.8220999748446
ar_order,128,lpc,RkoxIi-499-395609-17243-276516-68344-191485-476225,0.0008039438,4.716504685298823,17.344300053082407
ar_order,128,nn,RkoxIi-499-395609-17243-276516-68344-191485-476225,0.00029043085,4.716537344687584,354.75065000355244
ar_order,128,lpc,YLEXwp-335-240298-183720-447487-129636-202035-44660,-0.073774494,4.728661380652953,17.580449988599867
ar_order,128,nn,YLEXwp-335-240298-183720-447487-129636-202035-44660,-0.10872837,4.728738013903479,372.0797499991022
ar_order,128,lpc,rn9v1e-583-369034-383770-175927-399756-390385-383479,3.0736282,4.689930239892998,16.18059998145327
ar_order,128,nn,rn9v1e-583-369034-383770-175927-399756-390385-383479,2.8599725,4.72901676460503,394.40854999702424
ar_order,128,lpc,SSYQ1w-650-275802-13671-144360-112336-104867-157595,0.44730142,4.731940638479559,17.331550014205277
ar_order,128,nn,SSYQ1w-650-275802-13671-144360-112336-104867-157595,-0.8562608,4.731447258882226,370.5103999818675
ar_order,128,lpc,4fsgkp-253-311495-209061-229618-287427-276516-38459,1.027084,4.723395582055284,12.755249976180494
ar_order,128,nn,4fsgkp-253-311495-209061-229618-287427-276516-38459,1.32208,4.725247482836264,373.1584000051953
ar_order,128,lpc,44Zbvs-567-179462-358526-13671-355104-116061-343332,0.79949224,4.727085815235549,13.636999996379018
ar_order,128,nn,44Zbvs-567-179462-358526-13671-355104-116061-343332,1.2439492,4.729481686257172,357.6699500554241
ar_order,128,lpc,cmHjrf-493-348077-309854-224170-458554-202179-472051,0.11258772,4.706417365307894,17.81309995567426
ar_order,128,nn,cmHjrf-493-348077-309854-224170-458554-202179-472051,1.273676,4.699886820647892,351.2412999989465
ar_order,128,lpc,zQSXvp-215-498788-407950-152419-25062-51581-3467,2.1888134,4.732090793209805,17.533100035507232
ar_order,128,nn,zQSXvp-215-498788-407950-152419-25062-51581-3467,-1.960794,4.691619695433017,378.77520004985854
ar_order,128,lpc,l3Lvae-611-211084-218396-212842-198509-334833-311379,0.6791544,4.652778805950776,15.560850035399199
ar_order,128,nn,l3Lvae-611-211084-218396-212842-198509-334833-311379,1.188369,4.659350832216745,386.195549974218
ar_order,128,lpc,LIJKja-026-447487-148409-188815-38506-78427-479691,0.013585946,4.707070222000682,15.822449990082532
ar_order,128,nn,LIJKja-026-447487-148409-188815-38506-78427-479691,0.6036717,4.710243390477981,372.601350012701
ar_order,128,lpc,tztd5w-640-23535-348077-410307-64116-151381-134118,-0.109564275,4.732101250103224,18.30454997252673
ar_order,128,nn,tztd5w-640-23535-348077-410307-64116-151381-134118,-0.17664552,4.7321012507294276,338.5448000044562
ar_order,128,lpc,TypO9p-362-82313-390793-365346-50416-310105-275395,7.280102,4.707750963402022,15.616799995768815
ar_order,128,nn,TypO9p-362-82313-390793-365346-50416-310105-275395,7.412501,4.7231497859910805,358.47540001850575
ar_order,128,lpc,3hvoVa-051-2307-202921-218396-175927-14787-464643,0.19281812,4.651618598064461,14.13525000680238
ar_order,128,nn,3hvoVa-051-2307-202921-218396-175927-14787-464643,0.5301494,4.6562568040079775,335.0597999524325
ar_order,128,lpc,9hvMUf-482-498788-113105-17243-63022-21827-338584,0.0074606547,4.657696788070493,14.36109998030588
ar_order,128,nn,9hvMUf-482-498788-113105-17243-63022-21827-338584,-0.35996887,4.664218402801713,376.6041999915615
ar_order,128,lpc,lDN6of-450-91840-427818-353502-327883-210172-489807,0.034414835,4.655666385122343,14.112700009718537
ar_order,128,nn,lDN6of-450-91840-427818-353502-327883-210172-489807,-0.47094584,4.668892608877513,353.5969000076875
ar_order,128,lpc,8b8sWp-275-88756-348733-183720-134118-226233-129107,0.046311222,4.731591420605659,18.037249974440783
ar_order,128,nn,8b8sWp-275-88756-348733-183720-134118-226233-129107,0.51151603,4.731605473528557,349.98280002037063
ar_order,128,lpc,noHubp-343-163645-17243-410906-219243-161307-221798,0.07174453,4.632012091981201,14.238049974665046
ar_order,128,nn,noHubp-343-163645-17243-410906-219243-161307-221798,0.2970834,4.633812710909323,348.2083500130102
ar_order,128,lpc,G50hup-092-363552-123056-229618-481410-299323-332402,0.049417797,4.732093944461782,14.733049960341305
ar_order,128,nn,G50hup-092-363552-123056-229618-481410-299323-332402,-1.1770737,4.732096538523431,334.3662499682978
ar_order,128,lpc,FPRIpe-578-474864-126584-425422-304828-148409-10737,0.25644574,4.660079528173982,14.285899989772588
ar_order,128,nn,FPRIpe-578-474864-126584-425422-304828-148409-10737,2.2432418,4.6785805465321335,343.93875004025176
ar_order,128,lpc,1zDUvp-298-108297-119460-56896-348770-68221-98443,0.73187745,4.72659725245593,14.435549965128303
ar_order,128,nn,1zDUvp-298-108297-119460-56896-348770-68221-98443,0.93157995,4.7268322779491445,344.30220001377165
ar_order,128,lpc,WVKBPa-017-469001-13769-309009-430207-5054-14754,0.19243973,4.701464071405685,18.145899986848235
ar_order,128,nn,WVKBPa-017-469001-13769-309009-430207-5054-14754,0.3654721,4.702434896800437,350.50095000769943
ar_order,128,lpc,fdXdMp-313-165684-111916-348770-380077-145384-347380,-0.14077528,4.732101253042352,17.54304999485612
ar_order,128,nn,fdXdMp-313-165684-111916-348770-380077-145384-347380,-11.157091,4.732101253041959,353.984150046017
ar_order,128,lpc,rkSMcp-349-162269-339484-74769-12865-363552-41411,-1.6532694,4.607441258447055,14.991149946581572
ar_order,128,nn,rkSMcp-349-162269-339484-74769-12865-363552-41411,-2.4054427,4.6944604815897595,341.49670001352206
ar_order,128,lpc,avuTLe-585-474206-355130-317191-361413-333474-248785,-0.1672131,4.680226820790256,14.327900018543005
ar_order,128,nn,avuTLe-585-474206-355130-317191-361413-333474-248785,-0.062090732,4.684594871141842,340.4195500770584
ar_order,128,lpc,1Q0zzp-067-496080-227228-300626-311379-247007-1214,1.9829494,4.7201534604987865,15.073749993462116
ar_order,128,nn,1Q0zzp-067-496080-227228-300626-311379-247007-1214,1.2172647,4.719732655415415,346.78969997912645
ar_order,128,lpc,k2rvsa-021-181149-117176-94351-2985-340579-209061,0.2527341,4.731131885502064,17.670199973508716
ar_order,128,nn,k2rvsa-021-181149-117176-94351-2985-340579-209061,0.5667113,4.731230883826999,343.08580000652
ar_order,128,lpc,DmpOYi-525-91230-450251-209608-292323-92870-38506,0.013073943,4.534411662175559,18.02574994508177
ar_order,128,nn,DmpOYi-525-91230-450251-209608-292323-92870-38506,0.45506105,4.561568448627034,385.54889999795705
ar_order,128,lpc,cZ9D6w-670-134118-41411-423587-125189-84055-98443,0.09495605,4.724286704596983,16.267299943137914
ar_order,128,nn,cZ9D6w-670-134118-41411-423587-125189-84055-98443,0.17722338,4.724311905655427,365.5316499643959
ar_order,128,lpc,wD39yw-617-350336-91230-365075-384274-339484-27577,0.8534354,4.564642751147733,15.999449940863997
ar_order,128,nn,wD39yw-617-350336-91230-365075-384274-339484-27577,0.69902205,4.579620002178968,377.18840001616627
ar_order,128,lpc,jFujMp-258-2985-422977-276516-270302-316694-390385,0.18971932,4.729274976371469,16.481099999509752
ar_order,128,nn,jFujMp-258-2985-422977-276516-270302-316694-390385,0.0958996,4.7293053461425165,377.442900033202
ar_order,128,lpc,ainjFp-098-145384-88756-289593-274542-488804-292564,0.7278298,4.707142044260921,16.590950021054596
ar_order,128,nn,ainjFp-098-145384-88756-289593-274542-488804-292564,0.7612023,4.707887838494212,402.9929500538856
ar_order,128,lpc,rllgnp-282-21827-2985-183720-67455-409746-330730,-0.0035001575,4.732100619424818,16.98350004153326
ar_order,128,nn,rllgnp-282-21827-2985-183720-67455-409746-330730,-0.09102607,4.732100638225684,371.91995000466704
ar_order,128,lpc,ck2Uxp-081-495997-135873-82313-377039-373629-268363,2.4698284,4.732041586274281,16.0961999790743
ar_order,128,nn,ck2Uxp-081-495997-135873-82313-377039-373629-268363,3.2518396,4.732041950859783,375.4866999806836
ar_order,128,lpc,jhRr0p-088-489070-351855-386883-172725-333766-16976,1.4434487,4.731857999994274,16.47495001088828
ar_order,128,nn,jhRr0p-088-489070-351855-386883-172725-333766-16976,1.8234848,4.731908508303908,359.1522000497207
ar_order,128,lpc,oRqMra-058-167772-480197-43889-36331-135873-265166,0.9459932,4.731983657537918,16.037400055211037
ar_order,128,nn,oRqMra-058-167772-480197-43889-36331-135873-265166,1.8896235,4.732036103769191,364.52289996668696
ar_order,128,lpc,d4LtRw-656-379354-74769-192385-202921-93885-62534,0.00015375993,4.732100891583373,16.971400007605553
ar_order,128,nn,d4LtRw-656-379354-74769-192385-202921-93885-62534,-0.01137027,4.7321009672369065,369.52084995573387
ar_order,128,lpc,tXap2p-281-298969-9753-281965-457067-162269-329331,0.3163704,4.726042123636363,15.867750102188438
ar_order,128,nn,tXap2p-281-298969-9753-281965-457067-162269-329331,0.71360356,4.7266373918390325,351.600399997551
ar_order,128,lpc,IIhdup-184-282845-322947-195637-315211-10737-386302,2.4545348,4.598933035457515,15.81459998851642
ar_order,128,nn,IIhdup-184-282845-322947-195637-315211-10737-386302,2.59373,4.595201291421118,385.56994998361915
ar_order,128,lpc,Q1VJ4p-396-67099-191485-442126-324310-384031-392966,2.398748,4.732096208410946,16.23229996766895
ar_order,128,nn,Q1VJ4p-396-67099-191485-442126-324310-384031-392966,2.954013,4.732100017344246,365.298549993895
ar_order,128,lpc,IJqofi-526-68304-236920-183720-152419-94351-316080,0.016057372,4.539169053066949,16.10905001871288
ar_order,128,nn,IJqofi-526-68304-236920-183720-152419-94351-316080,-0.31441844,4.567364264710271,345.08674999233335
ar_order,128,lpc,MJEnPs-553-484336-261033-237079-274170-257745-343308,0.39142185,4.731689479907624,16.022349998820573
ar_order,128,nn,MJEnPs-553-484336-261033-237079-274170-257745-343308,0.6923846,4.731771934292041,372.8575500426814
ar_order,128,lpc,oK9Hxs-550-7708-104867-460359-299323-420765-264795,1.7767806,4.728906793189778,16.065600037109107
ar_order,128,nn,oK9Hxs-550-7708-104867-460359-299323-420765-264795,1.6994121,4.728636379074229,381.98055006796494
ar_order,128,lpc,ItvEYp-187-347380-151331-160943-343502-92870-286732,-0.23827994,4.718690018916993,12.411550036631525
ar_order,128,nn,ItvEYp-187-347380-151331-160943-343502-92870-286732,-0.0489084,4.712814774494764,324.74265003111213
ar_order,256,lpc,9f3Qjw-657-129013-78427-348770-228203-60643-7188,-0.33397597,4.725944920957977,17.521450005006045
ar_order,256,nn,9f3Qjw-657-129013-78427-348770-228203-60643-7188,-0.54718804,4.726275296338793,352.1111999871209
ar_order,256,lpc,i0Ocoe-610-395609-211084-211212-108056-187519-202035,0.66933507,4.626124217600355,27.18344994354993
ar_order,256,nn,i0Ocoe-610-395609-211084-211212-108056-187519-202035,1.9105614,4.650935803334129,389.4653000170365
ar_order,256,lpc,Th8NDe-613-23535-495997-395609-270487-329331-383770,0.546255,4.644561887839414,23.119050019886345
ar_order,256,nn,Th8NDe-613-23535-495997-395609-270487-329331-383770,1.4561477,4.657349517614837,366.3801499642432
ar_order,256,lpc,ui9aDp-122-292323-379538-386883-287427-306759-88721,0.1392512,4.705558433251342,22.937949979677796
ar_order,256,nn,ui9aDp-122-292323-379538-386883-287427-306759-88721,-1.155509,4.722242133126793,391.10865007387474
ar_order,256,lpc,DLZvmp-426-78108-128329-469130-165684-261033-84004,3.3377984,4.732081416239461,23.325399961322546
ar_order,256,nn,DLZvmp-426-78108-128329-469130-165684-261033-84004,-0.24336405,4.731877246019797,373.81004996132106
ar_order,256,lpc,amZyRf-444-7708-476924-468905-275802-405424-380077,0.29112515,4.720019970746227,22.823049977887422
ar_order,256,nn,amZyRf-444-7708-476924-468905-275802-405424-380077,-0.5714058,4.724567684614785,382.49970000470057
ar_order,256,lpc,ofs2Us-561-469223-161307-229618-187519-295308-129107,2.3380332,4.728344287256766,22.32940000249073
ar_order,256,nn,ofs2Us-561-469223-161307-229618-187519-295308-129107,-0.5387166,4.730322802126792,357.7932500047609
ar_order,256,lpc,nQsrxi-500-35788-354893-151331-437270-461984-276516,-0.0007227964,4.708323577066703,24.180300009902567
ar_order,256,nn,nQsrxi-500-35788-354893-151331-437270-461984-276516,-0.13553043,4.713826650812946,360.6207499979064
ar_order,256,lpc,YuwChp-152-8651-147603-379354-29563-62919-345238,1.0354375e-05,4.732100990778964,23.112600028980523
ar_order,256,nn,YuwChp-152-8651-147603-379354-29563-62919-345238,-0.06874532,4.732100966154495,386.9963500765152
ar_order,256,lpc,fiBRvp-155-14754-379538-407950-108056-495971-270302,1.0045995,4.730831316008876,22.578550036996603
ar_order,256,nn,fiBRvp-155-14754-379538-407950-108056-495971-270302,0.3525503,4.730788109481546,367.84999998053536
ar_order,256,lpc,rpdA0p-089-193291-347380-224170-426805-310105-489070,2.5645268,4.689824142148828,22.618450049776584
ar_order,256,nn,rpdA0p-089-193291-347380-224170-426805-310105-489070,2.984291,4.694212195148685,370.6791500444524
ar_order,256,lpc,JCRPTw-618-129107-479691-343332-355104-157595-129013,-0.65096015,4.685746818867392,22.412499994970858
ar_order,256,nn,JCRPTw-618-129107-479691-343332-355104-157595-129013,-0.47574294,4.686893954995969,380.80684997839853
ar_order,256,lpc,DfzVIp-175-379354-103913-25062-384031-343308-295308,-0.7822612,4.702906410406959,22.622100019361824
ar_order,256,nn,DfzVIp-175-379354-103913-25062-384031-343308-295308,-0.8129227,4.707330517398768,391.7944999411702
ar_order,256,lpc,PBDVAf-465-366971-117533-197606-160943-60681-25579,9.955551,4.721873755829643,20.573350077029318
ar_order,256,nn,PBDVAf-465-366971-117533-197606-160943-60681-25579,4.271642,4.690341309123392,378.5117999650538
ar_order,256,lpc,BNXFqp-404-184495-450557-10737-129636-497448-379538,-0.53373563,4.6957170835891935,24.092249979730695
ar_order,256,nn,BNXFqp-404-184495-450557-10737-129636-497448-379538,-0.60808015,4.697789147936659,362.3452000319958
ar_order,256,lpc,f2JFMw-634-136860-113105-22031-310105-248646-32125,0.09666573,4.729623997134551,22.4796500406228
ar_order,256,nn,f2JFMw-634-136860-113105-22031-310105-248646-32125,-0.16481651,4.729502651290703,382.1673499769531
ar_order,256,lpc,cedJli-522-192385-152140-262731-156368-123704-333757,-0.012123515,4.352429494081269,22.573349997401237
ar_order,256,nn,cedJli-522-192385-152140-262731-156368-123704-333757,0.5891968,4.404691426612032,360.1820499752648
ar_order,256,lpc,Q4PCSi-506-317415-237079-78108-78427-235375-285778,1.935345,3.664404992554852,22.42870000191033
ar_order,256,nn,Q4PCSi-506-317415-237079-78108-78427-235375-285778,2.7445042,4.5774852259358525,358.5036999429576
ar_order,256,lpc,CrjLKf-468-374393-49022-14754-240504-316080-236920,0.5165155,4.727929023891313,22.584550024475902
ar_order,256,nn,CrjLKf-468-374393-49022-14754-240504-316080-236920,1.9451106,4.729995117545206,365.76504999538884
ar_order,256,lpc,m5rDOp-062-377273-156368-185152-188815-186260-486330,7.0324497,4.732101070013595,22.823399980552495
ar_order,256,nn,m5rDOp-062-377273-156368-185152-188815-186260-486330,7.2727447,4.732101169939181,384.9978999933228
ar_order,256,lpc,0mk6rp-310-146145-90733-51581-27791-50416-437215,-0.0070010643,4.731993246443441,26.803749962709844
ar_order,256,nn,0mk6rp-310-146145-90733-51581-27791-50416-437215,-0.0030369682,4.731993438489058,437.3532500467263
ar_order,256,lpc,fS0Vwp-324-274170-461984-129889-218396-366126-128329,7.8338666,4.692742346026728,24.12960003130138
ar_order,256,nn,fS0Vwp-324-274170-461984-129889-218396-366126-128329,10.581168,4.732006375581966,365.69609999423847
ar_order,256,lpc,0Rve0i-524-469450-332402-376902-283921-64116-240504,0.49918923,4.291001445294887,22.88554998813197
ar_order,256,nn,0Rve0i-524-469450-332402-376902-283921-64116-240504,0.94496006,4.388374932395517,366.47510004695505
ar_order,256,lpc,fZg66p-070-68221-216978-377273-239730-53784-3467,0.007114364,4.732101253034445,22.549849993083626
ar_order,256,nn,fZg66p-070-68221-216978-377273-239730-53784-3467,-8.539504,4.732101252541239,394.2282000207342
ar_order,256,lpc,Aal0cp-183-209061-91230-492922-2757-317191-461984,3.5263538,4.665248139743872,22.39739999640733
ar_order,256,nn,Aal0cp-183-209061-91230-492922-2757-317191-461984,3.6550202,4.6658029679286495,383.6775000090711
ar_order,256,lpc,m8mjCs-533-485468-283456-486330-442126-2757-12865,-0.7076181,4.731221334539457,22.584250022191554
ar_order,256,nn,m8mjCs-533-485468-283456-486330-442126-2757-12865,-0.28419715,4.730936621445421,420.3568000230007
ar_order,256,lpc,jM2z5p-212-362995-350336-202035-87506-239730-207508,-1.8061056,4.732101252931647,23.063700005877763
ar_order,256,nn,jM2z5p-212-362995-350336-202035-87506-239730-207508,-0.77500856,4.732101253036609,366.52714997762814
ar_order,256,lpc,Paqf1p-119-254913-443221-90733-163645-32125-188815,2.3050501,4.705284050082684,25.351199961733073
ar_order,256,nn,Paqf1p-119-254913-443221-90733-163645-32125-188815,0.87380165,4.731806423881041,394.4844999932684
ar_order,256,lpc,87hwjf-487-426805-60643-437215-160943-182650-407728,0.09161323,4.661892253544872,23.11524999095127
ar_order,256,nn,87hwjf-487-426805-60643-437215-160943-182650-407728,-0.19485208,4.66741425594893,359.7263500560075
ar_order,256,lpc,kDEiGp-268-254920-474864-52991-170820-165168-328121,0.0,4.709236463249564,22.884449979756027
ar_order,256,nn,kDEiGp-268-254920-474864-52991-170820-165168-328121,-7.532882e-05,4.709236405229965,378.6301999934949
ar_order,256,lpc,Mtnx5i-515-495971-279778-348676-11995-306560-418034,-0.000115452945,4.638163728728847,23.283849994186312
ar_order,256,nn,Mtnx5i-515-495971-279778-348676-11995-306560-418034,0.020473544,4.638411238151944,379.9244000110775
ar_order,256,lpc,3EBeof-459-212842-454791-192385-495971-180085-113105,0.03440405,4.704609728085318,25.066100002732128
ar_order,256,nn,3EBeof-459-212842-454791-192385-495971-180085-113105,0.055190317,4.7048334424441505,388.64620006643236
ar_order,256,lpc,7j8l2a-034-50416-4800-287427-123375-143976-264357,0.21666995,4.682500915338844,22.496450052130967
ar_order,256,nn,7j8l2a-034-50416-4800-287427-123375-143976-264357,0.8842318,4.686915989843921,385.2435000007972
ar_order,256,lpc,9Mkadp-302-273892-209608-109841-324591-494783-498752,-0.6198745,4.682181788313891,22.30164996581152
ar_order,256,nn,9Mkadp-302-273892-209608-109841-324591-494783-498752,-0.80265284,4.693141368200273,362.60910000419244
ar_order,256,lpc,u3JmNp-105-377036-373629-177809-287789-419538-221798,0.52613163,4.725575838630402,22.324399964418262
ar_order,256,nn,u3JmNp-105-377036-373629-177809-287789-419538-221798,3.4823382,4.729106376284895,386.81455003097653
ar_order,256,lpc,PiKSIp-112-109021-465867-125189-123174-211212-334242,6.1434655,4.72547817501745,23.170849948655814
ar_order,256,nn,PiKSIp-112-109021-465867-125189-123174-211212-334242,6.3200693,4.731314203954374,362.5568000716157
ar_order,256,lpc,9a98Kf-464-298969-472051-292323-179462-78575-496080,0.07445741,4.303658417624952,24.890400003641844
ar_order,256,nn,9a98Kf-464-298969-472051-292323-179462-78575-496080,0.10724158,4.3165996696070525,425.18109997035936
ar_order,256,lpc,vAlA7f-458-390385-16661-177809-112031-325632-365075,1.7825246,4.731795360596301,22.650249942671508
ar_order,256,nn,vAlA7f-458-390385-16661-177809-112031-325632-365075,1.8937315,4.731969854850029,384.7373500466347
ar_order,256,lpc,U5aQJe-592-437270-129013-295308-406364-103913-497087,3.697345,4.705016727401405,22.486349975224584
ar_order,256,nn,U5aQJe-592-437270-129013-295308-406364-103913-497087,4.171173,4.718619789868343,374.9503500876017
ar_order,256,lpc,HxFzMp-357-24999-343332-90733-489807-316694-345238,6.763399,4.662628266483653,23.285400005988777
ar_order,256,nn,HxFzMp-357-24999-343332-90733-489807-316694-345238,2.8455276,4.658499707769131,396.064100030344
ar_order,256,lpc,9kbanp-261-50416-108056-469001-231167-334074-209061,1.9943334,4.72157897907765,22.43569999700412
ar_order,256,nn,9kbanp-261-50416-108056-469001-231167-334074-209061,3.9137726,4.730357052648922,359.6042000572197
ar_order,256,lpc,rqqrUf-476-372299-90733-207508-318838-254913-53278,0.07278834,4.731001772879231,23.04619998903945
ar_order,256,nn,rqqrUf-476-372299-90733-207508-318838-254913-53278,0.13916397,4.731022229004511,475.3035500179976
ar_order,256,lpc,ie6iSp-097-407790-253414-334074-464643-167361-80351,3.399577,4.729385429495135,24.052350025158376
ar_order,256,nn,ie6iSp-097-407790-253414-334074-464643-167361-80351,3.5783193,4.728437128720282,392.86355004878715
ar_order,256,lpc,FiS63i-513-129107-287427-185152-454791-121010-285778,-0.00014263403,4.1935186033781875,23.333949968218803
ar_order,256,nn,FiS63i-513-129107-287427-185152-454791-121010-285778,-0.033128574,4.197311892360313,405.2165999892168
ar_order,256,lpc,BBcZPi-501-456735-480197-495997-497448-326140-134118,-0.00013849215,4.713228488338823,19.265350012574345
ar_order,256,nn,BBcZPi-501-456735-480197-495997-497448-326140-134118,-0.05272752,4.713434428058873,488.07740001939237
ar_order,256,lpc,5OQdwp-063-348077-460359-16661-112031-224170-197606,8.978188,4.728437197443272,22.438500018324703
ar_order,256,nn,5OQdwp-063-348077-460359-16661-112031-224170-197606,4.6083336,4.726190009712166,466.79729997413233
ar_order,256,lpc,riuiap-287-319764-286732-35325-55646-391852-1246,-0.37645516,4.643714908212011,21.0823499946855
ar_order,256,nn,riuiap-287-319764-286732-35325-55646-391852-1246,-0.27334982,4.640641619584702,398.43465003650635
ar_order,256,lpc,6TUCvp-352-108130-78807-55646-250174-386302-414547,0.010986077,4.434993183910818,19.93244996992871
ar_order,256,nn,6TUCvp-352-108130-78807-55646-250174-386302-414547,0.8377788,4.484323416378841,370.48585002776235
ar_order,256,lpc,KIklei-503-156368-5054-151331-161307-380077-177809,0.01997472,4.380719886900363,17.530750017613173
ar_order,256,nn,KIklei-503-156368-5054-151331-161307-380077-177809,-0.030203694,4.399742417518057,374.5932000456378
ar_order,256,lpc,zVlcap-263-274542-472051-376372-248785-476225-35325,-0.22195481,4.732101000837744,18.394550017546862
ar_order,256,nn,zVlcap-263-274542-472051-376372-248785-476225-35325,-6.7017374,4.732101252976591,370.17595005454496
ar_order,256,lpc,BLAVyp-401-374393-353502-276516-464643-247007-280816,-1.2942986e-06,4.712889044490444,17.348250083159655
ar_order,256,nn,BLAVyp-401-374393-353502-276516-464643-247007-280816,0.00020294124,4.712889316690178,365.7100499840453
ar_order,256,lpc,5Lu6ui-514-135410-151381-124082-173176-644-324310,-0.029909153,4.587309300955091,19.088500062935054
ar_order,256,nn,5Lu6ui-514-135410-151381-124082-173176-644-324310,-0.008881491,4.58766699608028,426.1218999745324
ar_order,256,lpc,lzFhsp-134-377273-280816-60681-369034-268009-11995,1.1000557,4.7036325846067655,18.510799971409142
ar_order,256,nn,lzFhsp-134-377273-280816-60681-369034-268009-11995,1.5614815,4.71462100349744,383.30555002903566
ar_order,256,lpc,nSu3Cp-366-41411-362672-285778-222370-421926-202035,8.115159,4.724217292663171,18.039399990811944
ar_order,256,nn,nSu3Cp-366-41411-362672-285778-222370-421926-202035,8.010946,4.725556887164574,511.9540999876335
ar_order,256,lpc,cUyODs-564-324456-286869-479691-123056-485468-274323,4.739653,4.730749143041363,23.055449943058193
ar_order,256,nn,cUyODs-564-324456-286869-479691-123056-485468-274323,4.5219555,4.730644205686245,439.3947499920614
ar_order,256,lpc,TkK5fp-380-229618-476225-311495-339484-11995-7708,3.1468775,4.729903953840884,36.25810000812635
ar_order,256,nn,TkK5fp-380-229618-476225-311495-339484-11995-7708,2.6648383,4.729960628765772,435.28114998480305
ar_order,256,lpc,AHwsQs-538-108297-304214-140209-237079-426805-448869,-0.5762095,4.732101208449427,24.150250013917685
ar_order,256,nn,AHwsQs-538-108297-304214-140209-237079-426805-448869,-0.52785003,4.7321012209525986,492.8660000441596
ar_order,256,lpc,RkoxIi-499-395609-17243-276516-68344-191485-476225,-0.004253335,4.716568244638328,24.823500018101186
ar_order,256,nn,RkoxIi-499-395609-17243-276516-68344-191485-476225,0.00888429,4.7167355704312035,427.64319997513667
ar_order,256,lpc,YLEXwp-335-240298-183720-447487-129636-202035-44660,-0.34897405,4.728636848888131,23.02999998209998
ar_order,256,nn,YLEXwp-335-240298-183720-447487-129636-202035-44660,-0.36028355,4.728698918311084,1053.9772000047378
ar_order,256,lpc,rn9v1e-583-369034-383770-175927-399756-390385-383479,3.85371,4.670776538937075,37.22455003298819
ar_order,256,nn,rn9v1e-583-369034-383770-175927-399756-390385-383479,4.2719593,4.710317079048407,452.5632999720983
ar_order,256,lpc,SSYQ1w-650-275802-13671-144360-112336-104867-157595,0.4204787,4.73187189160876,40.50745000131428
ar_order,256,nn,SSYQ1w-650-275802-13671-144360-112336-104867-157595,-0.87550336,4.73161768959527,444.85234998865053
ar_order,256,lpc,4fsgkp-253-311495-209061-229618-287427-276516-38459,3.354673,4.7257189316388395,22.348150028847158
ar_order,256,nn,4fsgkp-253-311495-209061-229618-287427-276516-38459,0.9460132,4.732034288395601,424.41505001625046
ar_order,256,lpc,44Zbvs-567-179462-358526-13671-355104-116061-343332,0.7029998,4.7269391638030225,23.533399973530322
ar_order,256,nn,44Zbvs-567-179462-358526-13671-355104-116061-343332,1.32215,4.729258512178836,413.547349977307
ar_order,256,lpc,cmHjrf-493-348077-309854-224170-458554-202179-472051,0.76385665,4.697920619595385,20.24729998083785
ar_order,256,nn,cmHjrf-493-348077-309854-224170-458554-202179-472051,-1.8577006,4.723149123887383,429.25729998387396
ar_order,256,lpc,zQSXvp-215-498788-407950-152419-25062-51581-3467,3.260396,4.719210758798354,24.28714995039627
ar_order,256,nn,zQSXvp-215-498788-407950-152419-25062-51581-3467,1.9045339,4.729817438154322,294.61605002870783
ar_order,256,lpc,l3Lvae-611-211084-218396-212842-198509-334833-311379,2.7248871,4.669636225920387,17.82745006494224
ar_order,256,nn,l3Lvae-611-211084-218396-212842-198509-334833-311379,-0.37314788,4.690259519775145,310.4419499868527
ar_order,256,lpc,LIJKja-026-447487-148409-188815-38506-78427-479691,0.26404214,4.708033731043576,25.38720000302419
ar_order,256,nn,LIJKja-026-447487-148409-188815-38506-78427-479691,0.7732278,4.712079900592835,368.38499997975305
ar_order,256,lpc,tztd5w-640-23535-348077-410307-64116-151381-134118,-0.38330716,4.732101250301469,18.119400017894804
ar_order,256,nn,tztd5w-640-23535-348077-410307-64116-151381-134118,-0.21034586,4.732101250561387,317.6145500037819
ar_order,256,lpc,TypO9p-362-82313-390793-365346-50416-310105-275395,6.9338536,4.701558545801612,19.23475001240149
ar_order,256,nn,TypO9p-362-82313-390793-365346-50416-310105-275395,9.392214,4.731328011939109,308.47370001720265
ar_order,256,lpc,3hvoVa-051-2307-202921-218396-175927-14787-464643,1.6074313,4.667197857763735,17.633649986237288
ar_order,256,nn,3hvoVa-051-2307-202921-218396-175927-14787-464643,-0.936788,4.730657901140836,306.4777500112541
ar_order,256,lpc,9hvMUf-482-498788-113105-17243-63022-21827-338584,-0.025300983,4.660036175017472,18.212699971627444
ar_order,256,nn,9hvMUf-482-498788-113105-17243-63022-21827-338584,-0.9363645,4.679584441100721,316.929450025782
ar_order,256,lpc,lDN6of-450-91840-427818-353502-327883-210172-489807,0.14190522,4.65587817263504,17.90959999198094
ar_order,256,nn,lDN6of-450-91840-427818-353502-327883-210172-489807,-0.42114276,4.6688874940348,336.9031000183895
ar_order,256,lpc,8b8sWp-275-88756-348733-183720-134118-226233-129107,8.042315,4.732100256723955,17.88654999108985
ar_order,256,nn,8b8sWp-275-88756-348733-183720-134118-226233-129107,0.56958795,4.7298313013629585,321.2218499975279
ar_order,256,lpc,noHubp-343-163645-17243-410906-219243-161307-221798,1.0506008,4.642839282489669,18.478750018402934
ar_order,256,nn,noHubp-343-163645-17243-410906-219243-161307-221798,-0.23712227,4.6565483440599085,308.4176499978639
ar_order,256,lpc,G50hup-092-363552-123056-229618-481410-299323-332402,0.03952351,4.732094037999158,17.77415006654337
ar_order,256,nn,G50hup-092-363552-123056-229618-481410-299323-332402,-1.1637982,4.732096914540669,309.9117500241846
ar_order,256,lpc,FPRIpe-578-474864-126584-425422-304828-148409-10737,0.15688358,4.675143728202173,18.657300097402185
ar_order,256,nn,FPRIpe-578-474864-126584-425422-304828-148409-10737,4.59722,4.698262802017345,314.2381000216119
ar_order,256,lpc,1zDUvp-298-108297-119460-56896-348770-68221-98443,4.9165754,4.730143997443889,18.14679999370128
ar_order,256,nn,1zDUvp-298-108297-119460-56896-348770-68221-98443,8.697058,4.732088242702693,349.02964998036623
ar_order,256,lpc,WVKBPa-017-469001-13769-309009-430207-5054-14754,6.2232494,4.7256839687147405,17.79175002593547
ar_order,256,nn,WVKBPa-017-469001-13769-309009-430207-5054-14754,2.482343,4.730565673334734,302.2023499943316
ar_order,256,lpc,fdXdMp-313-165684-111916-348770-380077-145384-347380,0.09840663,4.732101253042359,18.06829997804016
ar_order,256,nn,fdXdMp-313-165684-111916-348770-380077-145384-347380,-11.42465,4.732101253041877,321.60169997951016
ar_order,256,lpc,rkSMcp-349-162269-339484-74769-12865-363552-41411,-0.85281086,4.5873587258005095,18.47324997652322
ar_order,256,nn,rkSMcp-349-162269-339484-74769-12865-363552-41411,-1.361556,4.640319218871172,323.7795000313781
ar_order,256,lpc,avuTLe-585-474206-355130-317191-361413-333474-248785,0.088642225,4.680222051380932,17.932599992491305
ar_order,256,nn,avuTLe-585-474206-355130-317191-361413-333474-248785,0.24583755,4.684779784188285,314.31400001747534
ar_order,256,lpc,1Q0zzp-067-496080-227228-300626-311379-247007-1214,8.199076,4.724858142823052,18.596750043798238
ar_order,256,nn,1Q0zzp-067-496080-227228-300626-311379-247007-1214,6.9094462,4.7244282276346885,320.24774997262284
ar_order,256,lpc,k2rvsa-021-181149-117176-94351-2985-340579-209061,0.535494,4.731207349501949,18.384199938736856
ar_order,256,nn,k2rvsa-021-181149-117176-94351-2985-340579-209061,0.6895056,4.731447434235445,322.60400004452094
ar_order,256,lpc,DmpOYi-525-91230-450251-209608-292323-92870-38506,0.2685798,4.5404044708447096,18.317399953957647
ar_order,256,nn,DmpOYi-525-91230-450251-209608-292323-92870-38506,-0.12681043,4.679849833773299,357.5631499988958
ar_order,256,lpc,cZ9D6w-670-134118-41411-423587-125189-84055-98443,-0.7383773,4.726960650228616,18.14744994044304
ar_order,256,nn,cZ9D6w-670-134118-41411-423587-125189-84055-98443,-0.78042793,4.727237847602021,312.715650012251
ar_order,256,lpc,wD39yw-617-350336-91230-365075-384274-339484-27577,0.7520241,4.547218879184205,18.093349994160235
ar_order,256,nn,wD39yw-617-350336-91230-365075-384274-339484-27577,0.74151164,4.563774236597274,325.1466500223614
ar_order,256,lpc,jFujMp-258-2985-422977-276516-270302-316694-390385,6.555086,4.732011681140664,17.879499995615333
ar_order,256,nn,jFujMp-258-2985-422977-276516-270302-316694-390385,5.2807493,4.732018223447923,322.3161500063725
ar_order,256,lpc,ainjFp-098-145384-88756-289593-274542-488804-292564,2.8241036,4.708840145147141,18.08869995875284
ar_order,256,nn,ainjFp-098-145384-88756-289593-274542-488804-292564,2.9395127,4.7100341626368,330.01099998364225
ar_order,256,lpc,rllgnp-282-21827-2985-183720-67455-409746-330730,-0.011987235,4.732100621649396,21.743949968367815
ar_order,256,nn,rllgnp-282-21827-2985-183720-67455-409746-330730,-0.11017225,4.732100646258344,337.92865002760664
ar_order,256,lpc,ck2Uxp-081-495997-135873-82313-377039-373629-268363,5.189727,4.732056021595881,20.91665001353249
ar_order,256,nn,ck2Uxp-081-495997-135873-82313-377039-373629-268363,6.137436,4.73206824309421,315.8022499992512
ar_order,256,lpc,jhRr0p-088-489070-351855-386883-172725-333766-16976,1.2358485,4.731869837825062,19.74585000425577
ar_order,256,nn,jhRr0p-088-489070-351855-386883-172725-333766-16976,1.6188889,4.731916753050782,339.80200003134087
ar_order,256,lpc,oRqMra-058-167772-480197-43889-36331-135873-265166,0.8230218,4.731946736449313,18.027499958407134
ar_order,256,nn,oRqMra-058-167772-480197-43889-36331-135873-265166,1.7954648,4.732002002516864,323.2029000064358
ar_order,256,lpc,d4LtRw-656-379354-74769-192385-202921-93885-62534,0.0013292999,4.732100891627324,17.995300004258752
ar_order,256,nn,d4LtRw-656-379354-74769-192385-202921-93885-62534,-0.05401083,4.732100964079288,346.47854999639094
ar_order,256,lpc,tXap2p-281-298969-9753-281965-457067-162269-329331,1.6693903,4.726925492851615,19.64674994815141
ar_order,256,nn,tXap2p-281-298969-9753-281965-457067-162269-329331,2.7546427,4.728762552153656,339.3837499897927
ar_order,256,lpc,IIhdup-184-282845-322947-195637-315211-10737-386302,3.993498,4.59039668896952,18.019750015810132
ar_order,256,nn,IIhdup-184-282845-322947-195637-315211-10737-386302,4.0063105,4.590588039247043,326.1804999783635
ar_order,256,lpc,Q1VJ4p-396-67099-191485-442126-324310-384031-392966,2.0470939,4.732093681490685,22.858450072817504
ar_order,256,nn,Q1VJ4p-396-67099-191485-442126-324310-384031-392966,0.42698443,4.732096556462187,341.0628499696031
ar_order,256,lpc,IJqofi-526-68304-236920-183720-152419-94351-316080,0.01922483,4.538832773139665,22.228999994695187
ar_order,256,nn,IJqofi-526-68304-236920-183720-152419-94351-316080,-0.18207687,4.567994484554058,344.42254999885336
ar_order,256,lpc,MJEnPs-553-484336-261033-237079-274170-257745-343308,0.3064882,4.73169268353479,18.437799997627735
ar_order,256,nn,MJEnPs-553-484336-261033-237079-274170-257745-343308,0.7879284,4.7318021103009595,346.4905500295572
ar_order,256,lpc,oK9Hxs-550-7708-104867-460359-299323-420765-264795,7.396638,4.730772389064816,19.245749979745597
ar_order,256,nn,oK9Hxs-550-7708-104867-460359-299323-420765-264795,7.735717,4.73103612788576,326.83349994476885
ar_order,256,lpc,ItvEYp-187-347380-151331-160943-343502-92870-286732,-0.29053774,4.7149401939791575,19.456800015177578
ar_order,256,nn,ItvEYp-187-347380-151331-160943-343502-92870-286732,0.029090336,4.708892523012635,334.5323000103235
ar_order,384,lpc,9f3Qjw-657-129013-78427-348770-228203-60643-7188,-0.07810706,4.724910432105208,25.92135005397722
ar_order,384,nn,9f3Qjw-657-129013-78427-348770-228203-60643-7188,-0.22834343,4.725260100247022,329.45675001246855
ar_order,384,lpc,i0Ocoe-610-395609-211084-211212-108056-187519-202035,1.9737445,4.665561930785424,25.799899944104254
ar_order,384,nn,i0Ocoe-610-395609-211084-211212-108056-187519-202035,-7.6116033,4.53837704222301,338.40855001471937
ar_order,384,lpc,Th8NDe-613-23535-495997-395609-270487-329331-383770,3.849982,4.673311392572886,26.67115000076592
ar_order,384,nn,Th8NDe-613-23535-495997-395609-270487-329331-383770,-0.9530939,4.732068744836239,346.2238499778323
ar_order,384,lpc,ui9aDp-122-292323-379538-386883-287427-306759-88721,0.2276428,4.714686874601529,29.790750006213784
ar_order,384,nn,ui9aDp-122-292323-379538-386883-287427-306759-88721,-1.8279126,4.727631819156459,342.0441999915056
ar_order,384,lpc,DLZvmp-426-78108-128329-469130-165684-261033-84004,3.8524518,4.732090355342946,26.100499962922186
ar_order,384,nn,DLZvmp-426-78108-128329-469130-165684-261033-84004,0.032413777,4.731920118391971,341.77875000750646
ar_order,384,lpc,amZyRf-444-7708-476924-468905-275802-405424-380077,0.3581594,4.719428105009491,26.84454998234287
ar_order,384,nn,amZyRf-444-7708-476924-468905-275802-405424-380077,-0.46639615,4.724941149734054,350.3000999917276
ar_order,384,lpc,ofs2Us-561-469223-161307-229618-187519-295308-129107,1.7661433,4.730396251302929,27.100450010038912
ar_order,384,nn,ofs2Us-561-469223-161307-229618-187519-295308-129107,-2.8790462,4.706644615986875,340.8207500469871
ar_order,384,lpc,nQsrxi-500-35788-354893-151331-437270-461984-276516,0.0019912098,4.70840611914703,27.12764998432249
ar_order,384,nn,nQsrxi-500-35788-354893-151331-437270-461984-276516,-0.65849036,4.722183540008437,356.41529998974875
ar_order,384,lpc,YuwChp-152-8651-147603-379354-29563-62919-345238,2.2261875e-05,4.732100990779022,27.754449984058738
ar_order,384,nn,YuwChp-152-8651-147603-379354-29563-62919-345238,-0.10324609,4.732100966521737,355.2452499861829
ar_order,384,lpc,fiBRvp-155-14754-379538-407950-108056-495971-270302,0.7867244,4.73080856391093,26.457600004505366
ar_order,384,nn,fiBRvp-155-14754-379538-407950-108056-495971-270302,0.16213907,4.73078287253213,343.9447499695234
ar_order,384,lpc,rpdA0p-089-193291-347380-224170-426805-310105-489070,2.4143908,4.6877082324013575,28.604399994947016
ar_order,384,nn,rpdA0p-089-193291-347380-224170-426805-310105-489070,2.6585412,4.689262722849822,356.6364999860525
ar_order,384,lpc,JCRPTw-618-129107-479691-343332-355104-157595-129013,-0.33171082,4.6844582678044855,28.270650014746934
ar_order,384,nn,JCRPTw-618-129107-479691-343332-355104-157595-129013,-0.37332866,4.685247003126541,357.12765000062063
ar_order,384,lpc,DfzVIp-175-379354-103913-25062-384031-343308-295308,-0.5799384,4.701094562084508,28.846299974247813
ar_order,384,nn,DfzVIp-175-379354-103913-25062-384031-343308-295308,-0.5955448,4.705045887241868,337.0020000147633
ar_order,384,lpc,PBDVAf-465-366971-117533-197606-160943-60681-25579,8.69368,4.7216402554256875,27.43469999404624
ar_order,384,nn,PBDVAf-465-366971-117533-197606-160943-60681-25579,4.0038033,4.687242599457274,356.18254996370524
ar_order,384,lpc,BNXFqp-404-184495-450557-10737-129636-497448-379538,-0.15741754,4.694065601544201,26.79435000754893
ar_order,384,nn,BNXFqp-404-184495-450557-10737-129636-497448-379538,-0.7380818,4.70099951584084,352.7881000190973
ar_order,384,lpc,f2JFMw-634-136860-113105-22031-310105-248646-32125,0.09494693,4.729489134883363,27.78524998575449
ar_order,384,nn,f2JFMw-634-136860-113105-22031-310105-248646-32125,-0.13321133,4.7293940628975815,343.76314998371527
ar_order,384,lpc,cedJli-522-192385-152140-262731-156368-123704-333757,0.10905044,4.355794777480654,28.062750061508268
ar_order,384,nn,cedJli-522-192385-152140-262731-156368-123704-333757,-0.7108626,4.700471327722548,357.67969995504245
ar_order,384,lpc,Q4PCSi-506-317415-237079-78108-78427-235375-285778,7.5339823,4.091566661244277,27.89290010696277
ar_order,384,nn,Q4PCSi-506-317415-237079-78108-78427-235375-285778,-2.6585898,3.32690777150305,353.2940000295639
ar_order,384,lpc,CrjLKf-468-374393-49022-14754-240504-316080-236920,1.5431981,4.728277114037008,26.823049993254244
ar_order,384,nn,CrjLKf-468-374393-49022-14754-240504-316080-236920,2.2790868,4.731916527579709,349.5273500448093
ar_order,384,lpc,m5rDOp-062-377273-156368-185152-188815-186260-486330,7.4121566,4.732101069978477,28.105099976528436
ar_order,384,nn,m5rDOp-062-377273-156368-185152-188815-186260-486330,7.9063625,4.73210115869214,358.0834500025958
ar_order,384,lpc,0mk6rp-310-146145-90733-51581-27791-50416-437215,-0.002800211,4.731993178591485,27.47574995737523
ar_order,384,nn,0mk6rp-310-146145-90733-51581-27791-50416-437215,0.0045773326,4.731993901702806,360.9800999984145
ar_order,384,lpc,fS0Vwp-324-274170-461984-129889-218396-366126-128329,5.5298033,4.656560057566794,28.21429999312386
ar_order,384,nn,fS0Vwp-324-274170-461984-129889-218396-366126-128329,11.123646,4.711037331395266,352.4278499535285
ar_order,384,lpc,0Rve0i-524-469450-332402-376902-283921-64116-240504,-0.09037081,4.390556960452038,28.505750000476837
ar_order,384,nn,0Rve0i-524-469450-332402-376902-283921-64116-240504,-4.3715053,3.947089096301371,371.8339999904856
ar_order,384,lpc,fZg66p-070-68221-216978-377273-239730-53784-3467,0.015609628,4.732101253034466,27.439349971245974
ar_order,384,nn,fZg66p-070-68221-216978-377273-239730-53784-3467,-9.056398,4.732101252338682,358.6618499830365
ar_order,384,lpc,Aal0cp-183-209061-91230-492922-2757-317191-461984,3.5325167,4.663937190900878,27.82235003542155
ar_order,384,nn,Aal0cp-183-209061-91230-492922-2757-317191-461984,3.634865,4.663211586535791,371.4916000026278
ar_order,384,lpc,m8mjCs-533-485468-283456-486330-442126-2757-12865,-0.6118735,4.730993569394631,29.52109999023378
ar_order,384,nn,m8mjCs-533-485468-283456-486330-442126-2757-12865,-0.16269563,4.730650382660834,351.55730007681996
ar_order,384,lpc,jM2z5p-212-362995-350336-202035-87506-239730-207508,-2.6425014,4.732101252761401,30.53580003324896
ar_order,384,nn,jM2z5p-212-362995-350336-202035-87506-239730-207508,-1.3325412,4.7321012530098985,347.08984999451786
ar_order,384,lpc,Paqf1p-119-254913-443221-90733-163645-32125-188815,2.5140805,4.693558030809227,27.793749992270023
ar_order,384,nn,Paqf1p-119-254913-443221-90733-163645-32125-188815,1.3413304,4.723754980710129,351.085249974858
ar_order,384,lpc,87hwjf-487-426805-60643-437215-160943-182650-407728,0.1125287,4.661708292005962,27.28145004948601
ar_order,384,nn,87hwjf-487-426805-60643-437215-160943-182650-407728,-0.1479223,4.666958243579554,362.64434998156503
ar_order,384,lpc,kDEiGp-268-254920-474864-52991-170820-165168-328121,0.0,4.7092364632500665,28.293300070799887
ar_order,384,nn,kDEiGp-268-254920-474864-52991-170820-165168-328121,-0.00010302738,4.7092364134735565,350.4734500311315
ar_order,384,lpc,Mtnx5i-515-495971-279778-348676-11995-306560-418034,-0.00059930154,4.638164602466258,27.92615001089871
ar_order,384,nn,Mtnx5i-515-495971-279778-348676-11995-306560-418034,-0.0018261211,4.6390553160514205,353.96044998196885
ar_order,384,lpc,3EBeof-459-212842-454791-192385-495971-180085-113105,-0.106433615,4.704920444312512,26.630650041624904
ar_order,384,nn,3EBeof-459-212842-454791-192385-495971-180085-113105,-0.18670887,4.705567809500341,410.7399999629706
ar_order,384,lpc,7j8l2a-034-50416-4800-287427-123375-143976-264357,1.3771241,4.688953088696609,28.12839997932315
ar_order,384,nn,7j8l2a-034-50416-4800-287427-123375-143976-264357,-1.7224457,4.72356030803366,346.42279997933656
ar_order,384,lpc,9Mkadp-302-273892-209608-109841-324591-494783-498752,-0.37379697,4.67759939518162,28.31369999330491
ar_order,384,nn,9Mkadp-302-273892-209608-109841-324591-494783-498752,-0.30439386,4.68509866063655,344.955199980177
ar_order,384,lpc,u3JmNp-105-377036-373629-177809-287789-419538-221798,6.246745,4.7305128259850315,27.578949986491352
ar_order,384,nn,u3JmNp-105-377036-373629-177809-287789-419538-221798,-5.638324,4.615261646279764,504.316899983678
ar_order,384,lpc,PiKSIp-112-109021-465867-125189-123174-211212-334242,8.2136345,4.728425817083513,29.111200012266636
ar_order,384,nn,PiKSIp-112-109021-465867-125189-123174-211212-334242,6.274099,4.72403452719877,367.3856999957934
ar_order,384,lpc,9a98Kf-464-298969-472051-292323-179462-78575-496080,0.103541724,4.32061797730373,27.913449972402304
ar_order,384,nn,9a98Kf-464-298969-472051-292323-179462-78575-496080,-0.48941094,4.442956425307157,368.3407999924384
ar_order,384,lpc,vAlA7f-458-390385-16661-177809-112031-325632-365075,1.77543,4.731794482631932,35.248850006610155
ar_order,384,nn,vAlA7f-458-390385-16661-177809-112031-325632-365075,1.861679,4.731973283986115,393.7584499944933
ar_order,384,lpc,U5aQJe-592-437270-129013-295308-406364-103913-497087,3.9385593,4.706523190284713,27.389399998355657
ar_order,384,nn,U5aQJe-592-437270-129013-295308-406364-103913-497087,4.137669,4.72281161470174,355.50295002758503
ar_order,384,lpc,HxFzMp-357-24999-343332-90733-489807-316694-345238,8.409687,4.671540650698626,26.925349957309663
ar_order,384,nn,HxFzMp-357-24999-343332-90733-489807-316694-345238,4.2210016,4.658893105625589,364.2289499985054
ar_order,384,lpc,9kbanp-261-50416-108056-469001-231167-334074-209061,3.5032105,4.729709050417073,27.222199947573245
ar_order,384,nn,9kbanp-261-50416-108056-469001-231167-334074-209061,-1.2321265,4.664560062208887,358.20880002574995
ar_order,384,lpc,rqqrUf-476-372299-90733-207508-318838-254913-53278,-0.061439037,4.731077907624199,29.00485001737252
ar_order,384,nn,rqqrUf-476-372299-90733-207508-318838-254913-53278,-0.035989646,4.731157609592526,405.0697999773547
ar_order,384,lpc,ie6iSp-097-407790-253414-334074-464643-167361-80351,3.4012535,4.729169789952712,31.221100012771785
ar_order,384,nn,ie6iSp-097-407790-253414-334074-464643-167361-80351,3.460233,4.72799681409812,416.1508000106551
ar_order,384,lpc,FiS63i-513-129107-287427-185152-454791-121010-285778,0.0025966216,4.193528893274641,49.28144998848438
ar_order,384,nn,FiS63i-513-129107-287427-185152-454791-121010-285778,0.12044228,4.2019631037061895,428.7509000278078
ar_order,384,lpc,BBcZPi-501-456735-480197-495997-497448-326140-134118,0.006319342,4.71323853838927,27.365599991753697
ar_order,384,nn,BBcZPi-501-456735-480197-495997-497448-326140-134118,0.05672257,4.714326326663789,353.1272500404157
ar_order,384,lpc,5OQdwp-063-348077-460359-16661-112031-224170-197606,8.092445,4.727022678970872,33.897850022185594
ar_order,384,nn,5OQdwp-063-348077-460359-16661-112031-224170-197606,3.3237882,4.724885680942842,353.6967500112951
ar_order,384,lpc,riuiap-287-319764-286732-35325-55646-391852-1246,-0.14136572,4.630660940239496,29.31404998525977
ar_order,384,nn,riuiap-287-319764-286732-35325-55646-391852-1246,-0.032063946,4.626812061618036,350.353849993553
ar_order,384,lpc,6TUCvp-352-108130-78807-55646-250174-386302-414547,-0.011747913,4.434293719237292,29.410849965643138
ar_order,384,nn,6TUCvp-352-108130-78807-55646-250174-386302-414547,0.6888133,4.474841062206796,353.40580000774935
ar_order,384,lpc,KIklei-503-156368-5054-151331-161307-380077-177809,-0.04281608,4.39545935739573,27.263199968729168
ar_order,384,nn,KIklei-503-156368-5054-151331-161307-380077-177809,0.010526446,4.427792711151724,383.60405003186315
ar_order,384,lpc,zVlcap-263-274542-472051-376372-248785-476225-35325,0.16221538,4.732100987551995,27.68724999623373
ar_order,384,nn,zVlcap-263-274542-472051-376372-248785-476225-35325,-6.372614,4.732101251608523,357.30534995673224
ar_order,384,lpc,BLAVyp-401-374393-353502-276516-464643-247007-280816,-1.3719584e-05,4.712889048880783,28.65814999677241
ar_order,384,nn,BLAVyp-401-374393-353502-276516-464643-247007-280816,2.7439039e-05,4.7128893626874,357.38319996744394
ar_order,384,lpc,5Lu6ui-514-135410-151381-124082-173176-644-324310,-0.036643535,4.58731917675088,28.275799995753914
ar_order,384,nn,5Lu6ui-514-135410-151381-124082-173176-644-324310,-0.002509593,4.587863047848618,345.24564997991547
ar_order,384,lpc,lzFhsp-134-377273-280816-60681-369034-268009-11995,7.2717614,4.71773932372762,27.750999957788736
ar_order,384,nn,lzFhsp-134-377273-280816-60681-369034-268009-11995,0.018632557,4.656703332057907,463.510750036221
ar_order,384,lpc,nSu3Cp-366-41411-362672-285778-222370-421926-202035,7.638201,4.723557690044207,28.1591999810189
ar_order,384,nn,nSu3Cp-366-41411-362672-285778-222370-421926-202035,5.85674,4.724063697303544,359.53174997121096
ar_order,384,lpc,cUyODs-564-324456-286869-479691-123056-485468-274323,3.1118405,4.730803850197146,27.687750000040978
ar_order,384,nn,cUyODs-564-324456-286869-479691-123056-485468-274323,2.782954,4.730690845876731,355.084800045006
ar_order,384,lpc,TkK5fp-380-229618-476225-311495-339484-11995-7708,5.891262,4.730720138515998,28.03629997652024
ar_order,384,nn,TkK5fp-380-229618-476225-311495-339484-11995-7708,6.4837527,4.731006176601425,367.6284499815665
ar_order,384,lpc,AHwsQs-538-108297-304214-140209-237079-426805-448869,-0.5347307,4.732101207498923,27.100499952211976
ar_order,384,nn,AHwsQs-538-108297-304214-140209-237079-426805-448869,-0.40091032,4.7321012196426135,358.4709500428289
ar_order,384,lpc,RkoxIi-499-395609-17243-276516-68344-191485-476225,0.024043512,4.716745891370838,27.26619999157265
ar_order,384,nn,RkoxIi-499-395609-17243-276516-68344-191485-476225,-0.049508993,4.717463725587919,351.7870500218123
ar_order,384,lpc,YLEXwp-335-240298-183720-447487-129636-202035-44660,-0.45079187,4.728684627196765,28.18514994578436
ar_order,384,nn,YLEXwp-335-240298-183720-447487-129636-202035-44660,-0.4519778,4.7287418455431585,353.83224999532104
ar_order,384,lpc,rn9v1e-583-369034-383770-175927-399756-390385-383479,4.1373534,4.665030839070878,26.311349938623607
ar_order,384,nn,rn9v1e-583-369034-383770-175927-399756-390385-383479,4.698487,4.704182509904582,354.5098500326276
ar_order,384,lpc,SSYQ1w-650-275802-13671-144360-112336-104867-157595,0.6541354,4.731643195508147,31.384549976792186
ar_order,384,nn,SSYQ1w-650-275802-13671-144360-112336-104867-157595,-0.798276,4.731787403207962,363.7058499734849
ar_order,384,lpc,4fsgkp-253-311495-209061-229618-287427-276516-38459,3.649889,4.729678009793185,27.885999996215105
ar_order,384,nn,4fsgkp-253-311495-209061-229618-287427-276516-38459,-5.5520573,4.66095464874895,355.8154000202194
ar_order,384,lpc,44Zbvs-567-179462-358526-13671-355104-116061-343332,1.4550902,4.727954709351591,27.96700003091246
ar_order,384,nn,44Zbvs-567-179462-358526-13671-355104-116061-343332,-3.2637768,4.728791864564675,350.53484997479245
ar_order,384,lpc,cmHjrf-493-348077-309854-224170-458554-202179-472051,0.9682332,4.694356284402499,27.119850041344762
ar_order,384,nn,cmHjrf-493-348077-309854-224170-458554-202179-472051,-0.5566558,4.707740430827412,353.7422499503009
ar_order,384,lpc,zQSXvp-215-498788-407950-152419-25062-51581-3467,3.6525745,4.719318889706308,28.980550006963313
ar_order,384,nn,zQSXvp-215-498788-407950-152419-25062-51581-3467,2.2856262,4.72982808813431,429.97810000088066
ar_order,384,lpc,l3Lvae-611-211084-218396-212842-198509-334833-311379,5.262179,4.680348144645112,30.880949983838946
ar_order,384,nn,l3Lvae-611-211084-218396-212842-198509-334833-311379,-2.2195182,4.61089816020991,433.0028999829665
ar_order,384,lpc,LIJKja-026-447487-148409-188815-38506-78427-479691,0.16730651,4.708517491782873,30.936900002416223
ar_order,384,nn,LIJKja-026-447487-148409-188815-38506-78427-479691,0.5216689,4.7175276687461505,376.57070002751425
ar_order,384,lpc,tztd5w-640-23535-348077-410307-64116-151381-134118,-0.17921157,4.732101250323334,29.83264997601509
ar_order,384,nn,tztd5w-640-23535-348077-410307-64116-151381-134118,-1.748949,4.732101252639959,424.09719998249784
ar_order,384,lpc,TypO9p-362-82313-390793-365346-50416-310105-275395,6.530053,4.699033257613688,33.034800027962774
ar_order,384,nn,TypO9p-362-82313-390793-365346-50416-310105-275395,9.898378,4.725235129876742,397.8155499789864
ar_order,384,lpc,3hvoVa-051-2307-202921-218396-175927-14787-464643,2.4019446,4.679081908091564,29.016399988904595
ar_order,384,nn,3hvoVa-051-2307-202921-218396-175927-14787-464643,-2.0280242,4.709851019266656,644.813549995888
ar_order,384,lpc,9hvMUf-482-498788-113105-17243-63022-21827-338584,-0.02544185,4.660061359912923,54.99899998540059
ar_order,384,nn,9hvMUf-482-498788-113105-17243-63022-21827-338584,-1.0093163,4.682124454713729,497.40684998687357
ar_order,384,lpc,lDN6of-450-91840-427818-353502-327883-210172-489807,0.19029365,4.656331493943954,32.32055000262335
ar_order,384,nn,lDN6of-450-91840-427818-353502-327883-210172-489807,-0.17484331,4.668310376097065,472.7199499611743
ar_order,384,lpc,8b8sWp-275-88756-348733-183720-134118-226233-129107,9.164794,4.732100799901832,31.290700018871576
ar_order,384,nn,8b8sWp-275-88756-348733-183720-134118-226233-129107,2.3098502,4.7305757996352416,454.570550005883
ar_order,384,lpc,noHubp-343-163645-17243-410906-219243-161307-221798,0.17769007,4.6342912657719335,37.18774998560548
ar_order,384,nn,noHubp-343-163645-17243-410906-219243-161307-221798,0.10517375,4.639535898225521,422.0789999817498
ar_order,384,lpc,G50hup-092-363552-123056-229618-481410-299323-332402,0.031200873,4.732094093752929,28.61375006614253
ar_order,384,nn,G50hup-092-363552-123056-229618-481410-299323-332402,-1.9459115,4.732099235019497,413.6563000502065
ar_order,384,lpc,FPRIpe-578-474864-126584-425422-304828-148409-10737,1.6310941,4.686468006003029,29.509999963920563
ar_order,384,nn,FPRIpe-578-474864-126584-425422-304828-148409-10737,-2.812978,4.598472847259098,435.62325002858415
ar_order,384,lpc,1zDUvp-298-108297-119460-56896-348770-68221-98443,5.612083,4.73021605558959,29.182600090280175
ar_order,384,nn,1zDUvp-298-108297-119460-56896-348770-68221-98443,6.0559726,4.73178121146236,422.8697999496944
ar_order,384,lpc,WVKBPa-017-469001-13769-309009-430207-5054-14754,7.82961,4.728248590464143,30.43554996838793
ar_order,384,nn,WVKBPa-017-469001-13769-309009-430207-5054-14754,3.2182171,4.725607744166963,409.43505009636283
ar_order,384,lpc,fdXdMp-313-165684-111916-348770-380077-145384-347380,0.19482633,4.732101253042364,29.9558499827981
ar_order,384,nn,fdXdMp-313-165684-111916-348770-380077-145384-347380,-13.452601,4.732101253040966,427.363199996762
ar_order,384,lpc,rkSMcp-349-162269-339484-74769-12865-363552-41411,-0.2564128,4.579502165957425,31.035599997267127
ar_order,384,nn,rkSMcp-349-162269-339484-74769-12865-363552-41411,-0.7763282,4.627698747151401,415.5483499635011
ar_order,384,lpc,avuTLe-585-474206-355130-317191-361413-333474-248785,0.20308362,4.6862905953587575,29.31864996207878
ar_order,384,nn,avuTLe-585-474206-355130-317191-361413-333474-248785,-1.9908487,4.731640759482861,515.9759999951348
ar_order,384,lpc,1Q0zzp-067-496080-227228-300626-311379-247007-1214,8.232042,4.724563021935582,29.8039999906905
ar_order,384,nn,1Q0zzp-067-496080-227228-300626-311379-247007-1214,6.9558306,4.7242845468844035,474.10514997318387
ar_order,384,lpc,k2rvsa-021-181149-117176-94351-2985-340579-209061,0.92255926,4.731516858590329,36.2388999783434
ar_order,384,nn,k2rvsa-021-181149-117176-94351-2985-340579-209061,0.006055681,4.732076110883398,1022.9440499679185
ar_order,384,lpc,DmpOYi-525-91230-450251-209608-292323-92870-38506,0.44939843,4.612956272047812,61.63230002857745
ar_order,384,nn,DmpOYi-525-91230-450251-209608-292323-92870-38506,-10.7948885,3.049219403055586,1183.7835000478663
ar_order,384,lpc,cZ9D6w-670-134118-41411-423587-125189-84055-98443,-0.5116353,4.726507012009337,50.248349958565086
ar_order,384,nn,cZ9D6w-670-134118-41411-423587-125189-84055-98443,-0.6245682,4.727041382092091,971.2776499800384
ar_order,384,lpc,wD39yw-617-350336-91230-365075-384274-339484-27577,0.57627416,4.54378535808492,42.23094996996224
ar_order,384,nn,wD39yw-617-350336-91230-365075-384274-339484-27577,0.50575423,4.563800007318168,492.1105999383144
ar_order,384,lpc,jFujMp-258-2985-422977-276516-270302-316694-390385,7.79572,4.731820297816127,30.206399969756603
ar_order,384,nn,jFujMp-258-2985-422977-276516-270302-316694-390385,5.61592,4.731788362372486,585.0183999864385
ar_order,384,lpc,ainjFp-098-145384-88756-289593-274542-488804-292564,3.0331073,4.708791091372757,28.32400001352653
ar_order,384,nn,ainjFp-098-145384-88756-289593-274542-488804-292564,3.1903439,4.710346371003325,402.6301499688998
ar_order,384,lpc,rllgnp-282-21827-2985-183720-67455-409746-330730,-0.008568678,4.732100622482172,29.880949994549155
ar_order,384,nn,rllgnp-282-21827-2985-183720-67455-409746-330730,-0.1080991,4.7321006477342795,375.05559995770454
ar_order,384,lpc,ck2Uxp-081-495997-135873-82313-377039-373629-268363,4.8982167,4.7320491894131145,29.022900038398802
ar_order,384,nn,ck2Uxp-081-495997-135873-82313-377039-373629-268363,5.494013,4.732061312351937,360.5282999924384
ar_order,384,lpc,jhRr0p-088-489070-351855-386883-172725-333766-16976,1.2778754,4.7318288398986805,31.56400000443682
ar_order,384,nn,jhRr0p-088-489070-351855-386883-172725-333766-16976,1.6359868,4.7318772411015395,388.1192999542691
ar_order,384,lpc,oRqMra-058-167772-480197-43889-36331-135873-265166,1.4933133,4.731996667327211,28.761299967300147
ar_order,384,nn,oRqMra-058-167772-480197-43889-36331-135873-265166,-1.2334626,4.732068902786837,426.5796500258148
ar_order,384,lpc,d4LtRw-656-379354-74769-192385-202921-93885-62534,0.008615101,4.732100891668312,29.214650043286383
ar_order,384,nn,d4LtRw-656-379354-74769-192385-202921-93885-62534,-0.970481,4.732101083894817,390.15424996614456
ar_order,384,lpc,tXap2p-281-298969-9753-281965-457067-162269-329331,6.956811,4.730587552982142,31.091549957636744
ar_order,384,nn,tXap2p-281-298969-9753-281965-457067-162269-329331,-2.5344064,4.63919102551867,399.9165999703109
ar_order,384,lpc,IIhdup-184-282845-322947-195637-315211-10737-386302,4.471549,4.588332440893506,29.76409997791052
ar_order,384,nn,IIhdup-184-282845-322947-195637-315211-10737-386302,4.26698,4.588724800936756,377.77584994910285
ar_order,384,lpc,Q1VJ4p-396-67099-191485-442126-324310-384031-392966,3.6988692,4.732096904030994,29.568249941803515
ar_order,384,nn,Q1VJ4p-396-67099-191485-442126-324310-384031-392966,0.98279476,4.732098547353521,383.8823499972932
ar_order,384,lpc,IJqofi-526-68304-236920-183720-152419-94351-316080,0.034815967,4.54049675445378,29.323950060643256
ar_order,384,nn,IJqofi-526-68304-236920-183720-152419-94351-316080,-0.7125944,4.632120288375722,365.34605000633746
ar_order,384,lpc,MJEnPs-553-484336-261033-237079-274170-257745-343308,0.61348593,4.7317343193347075,29.817499977070838
ar_order,384,nn,MJEnPs-553-484336-261033-237079-274170-257745-343308,-1.2760918,4.732078748839905,382.37530004698783
ar_order,384,lpc,oK9Hxs-550-7708-104867-460359-299323-420765-264795,7.1876364,4.730451370996548,28.952050022780895
ar_order,384,nn,oK9Hxs-550-7708-104867-460359-299323-420765-264795,5.4171367,4.730194161521181,375.767299963627
ar_order,384,lpc,ItvEYp-187-347380-151331-160943-343502-92870-286732,-0.09149954,4.710480227579575,29.037750093266368
ar_order,384,nn,ItvEYp-187-347380-151331-160943-343502-92870-286732,0.06594911,4.706343447184625,372.32814996968955
ar_order,512,lpc,9f3Qjw-657-129013-78427-348770-228203-60643-7188,-0.1450184,4.725052269882971,34.08469998976216
ar_order,512,nn,9f3Qjw-657-129013-78427-348770-228203-60643-7188,-0.27701455,4.725440027411479,380.21929998649284
ar_order,512,lpc,i0Ocoe-610-395609-211084-211212-108056-187519-202035,2.3566384,4.656123332094575,37.34229999827221
ar_order,512,nn,i0Ocoe-610-395609-211084-211212-108056-187519-202035,-8.076017,4.524712236971618,379.956700024195
ar_order,512,lpc,Th8NDe-613-23535-495997-395609-270487-329331-383770,5.1321297,4.6927005909761075,35.368749988265336
ar_order,512,nn,Th8NDe-613-23535-495997-395609-270487-329331-383770,-4.6866903,4.489998927246518,461.4032999961637
ar_order,512,lpc,ui9aDp-122-292323-379538-386883-287427-306759-88721,0.020620396,4.713452864419326,34.468800004106015
ar_order,512,nn,ui9aDp-122-292323-379538-386883-287427-306759-88721,-2.0373256,4.728247057069632,380.22164994617924
ar_order,512,lpc,DLZvmp-426-78108-128329-469130-165684-261033-84004,3.8390203,4.732090380062365,34.20105000259355
ar_order,512,nn,DLZvmp-426-78108-128329-469130-165684-261033-84004,-0.011216626,4.73191435137308,362.7966000349261
ar_order,512,lpc,amZyRf-444-7708-476924-468905-275802-405424-380077,0.16306314,4.7206558300235475,34.136350033804774
ar_order,512,nn,amZyRf-444-7708-476924-468905-275802-405424-380077,-0.83522683,4.727493044323577,385.6337000033818
ar_order,512,lpc,ofs2Us-561-469223-161307-229618-187519-295308-129107,2.3082747,4.729000164005939,37.6381499809213
ar_order,512,nn,ofs2Us-561-469223-161307-229618-187519-295308-129107,-2.701882,4.713695025396735,374.3112999945879
ar_order,512,lpc,nQsrxi-500-35788-354893-151331-437270-461984-276516,0.081983894,4.709407118124502,33.262050012126565
ar_order,512,nn,nQsrxi-500-35788-354893-151331-437270-461984-276516,-1.1998235,4.725537833703564,430.55059999460354
ar_order,512,lpc,YuwChp-152-8651-147603-379354-29563-62919-345238,3.779335e-05,4.732100990779113,37.149549985770136
ar_order,512,nn,YuwChp-152-8651-147603-379354-29563-62919-345238,-0.18398175,4.732100969860932,377.5013500126079
ar_order,512,lpc,fiBRvp-155-14754-379538-407950-108056-495971-270302,0.47221565,4.730787045081229,34.61049997713417
ar_order,512,nn,fiBRvp-155-14754-379538-407950-108056-495971-270302,-0.11278698,4.730780539473077,350.9985499549657
ar_order,512,lpc,rpdA0p-089-193291-347380-224170-426805-310105-489070,2.3348653,4.687496778778771,33.54089998174459
ar_order,512,nn,rpdA0p-089-193291-347380-224170-426805-310105-489070,2.5218315,4.688513019812987,380.44074998470023
ar_order,512,lpc,JCRPTw-618-129107-479691-343332-355104-157595-129013,-0.5029803,4.685471826316109,32.795450068078935
ar_order,512,nn,JCRPTw-618-129107-479691-343332-355104-157595-129013,-0.3950547,4.686444881525713,381.7853999789804
ar_order,512,lpc,DfzVIp-175-379354-103913-25062-384031-343308-295308,-0.31474632,4.69781936456538,35.53734999150038
ar_order,512,nn,DfzVIp-175-379354-103913-25062-384031-343308-295308,-0.36355603,4.701539184208304,424.49575004866347
ar_order,512,lpc,PBDVAf-465-366971-117533-197606-160943-60681-25579,7.2598734,4.700183779169997,45.89850001502782
ar_order,512,nn,PBDVAf-465-366971-117533-197606-160943-60681-25579,1.8488425,4.679788308397665,318.25229997048154
ar_order,512,lpc,BNXFqp-404-184495-450557-10737-129636-497448-379538,-0.16775951,4.693606581975624,32.71444997517392
ar_order,512,nn,BNXFqp-404-184495-450557-10737-129636-497448-379538,-0.43188426,4.697775055491433,333.9924000320025
ar_order,512,lpc,f2JFMw-634-136860-113105-22031-310105-248646-32125,-0.263678,4.729793742099366,33.6105499882251
ar_order,512,nn,f2JFMw-634-136860-113105-22031-310105-248646-32125,-0.4139797,4.72972121610631,325.3740500076674
ar_order,512,lpc,cedJli-522-192385-152140-262731-156368-123704-333757,-0.08094491,4.365416492255536,32.83795004244894
ar_order,512,nn,cedJli-522-192385-152140-262731-156368-123704-333757,-3.3009841,4.477568379486337,316.2286000442691
ar_order,512,lpc,Q4PCSi-506-317415-237079-78108-78427-235375-285778,5.7871084,4.066210022959483,32.85220003454015
ar_order,512,nn,Q4PCSi-506-317415-237079-78108-78427-235375-285778,-5.4559665,3.151418652112296,310.2142499992624
ar_order,512,lpc,CrjLKf-468-374393-49022-14754-240504-316080-236920,1.005927,4.728333668871619,33.48934999667108
ar_order,512,nn,CrjLKf-468-374393-49022-14754-240504-316080-236920,2.8696961,4.731774968271685,331.375950074289
ar_order,512,lpc,m5rDOp-062-377273-156368-185152-188815-186260-486330,7.3777733,4.732101035964336,32.12540003005415
ar_order,512,nn,m5rDOp-062-377273-156368-185152-188815-186260-486330,8.211391,4.732101122320396,339.0586000168696
ar_order,512,lpc,0mk6rp-310-146145-90733-51581-27791-50416-437215,-0.0031030239,4.731993238867718,33.08999998262152
ar_order,512,nn,0mk6rp-310-146145-90733-51581-27791-50416-437215,0.0033193831,4.731993952259824,313.5448999819346
ar_order,512,lpc,fS0Vwp-324-274170-461984-129889-218396-366126-128329,6.177358,4.662778944187698,32.359850010834634
ar_order,512,nn,fS0Vwp-324-274170-461984-129889-218396-366126-128329,13.853374,4.723746633956251,319.06010006787255
ar_order,512,lpc,0Rve0i-524-469450-332402-376902-283921-64116-240504,-0.2476404,4.3752622282067755,33.887450001202524
ar_order,512,nn,0Rve0i-524-469450-332402-376902-283921-64116-240504,-6.0718007,3.4984831247887396,315.3597999480553
ar_order,512,lpc,fZg66p-070-68221-216978-377273-239730-53784-3467,0.026443133,4.732101253034477,33.04569999454543
ar_order,512,nn,fZg66p-070-68221-216978-377273-239730-53784-3467,-13.277895,4.732101247164479,313.5171000030823
ar_order,512,lpc,Aal0cp-183-209061-91230-492922-2757-317191-461984,3.5061727,4.659706437245482,33.332600025460124
ar_order,512,nn,Aal0cp-183-209061-91230-492922-2757-317191-461984,3.6345491,4.658338053104599,298.2046499964781
ar_order,512,lpc,m8mjCs-533-485468-283456-486330-442126-2757-12865,-0.50458145,4.730819088149849,35.18105001421645
ar_order,512,nn,m8mjCs-533-485468-283456-486330-442126-2757-12865,-0.00036423083,4.7303868630605646,309.64439996751025
ar_order,512,lpc,jM2z5p-212-362995-350336-202035-87506-239730-207508,-2.312586,4.732101252853491,36.283499968703836
ar_order,512,nn,jM2z5p-212-362995-350336-202035-87506-239730-207508,-1.2433957,4.732101253019641,319.01430001016706
ar_order,512,lpc,Paqf1p-119-254913-443221-90733-163645-32125-188815,2.6063647,4.691108671180432,32.763499999418855
ar_order,512,nn,Paqf1p-119-254913-443221-90733-163645-32125-188815,1.587312,4.720294304241567,318.2176999980584
ar_order,512,lpc,87hwjf-487-426805-60643-437215-160943-182650-407728,0.28871682,4.662615983363239,32.752249971963465
ar_order,512,nn,87hwjf-487-426805-60643-437215-160943-182650-407728,-0.009940967,4.668324717544669,305.45669997809455
ar_order,512,lpc,kDEiGp-268-254920-474864-52991-170820-165168-328121,0.0,4.709236463250905,31.4545999863185
ar_order,512,nn,kDEiGp-268-254920-474864-52991-170820-165168-328121,-4.9701343e-05,4.709236203002154,300.7168499752879
ar_order,512,lpc,Mtnx5i-515-495971-279778-348676-11995-306560-418034,-0.0012869821,4.638167257797273,32.9282499733381
ar_order,512,nn,Mtnx5i-515-495971-279778-348676-11995-306560-418034,0.003700634,4.6386436905394035,316.0782500053756
ar_order,512,lpc,3EBeof-459-212842-454791-192385-495971-180085-113105,-0.28954092,4.705459076720851,32.15404995717108
ar_order,512,nn,3EBeof-459-212842-454791-192385-495971-180085-113105,-0.471606,4.7069110014369056,326.06105000013486
ar_order,512,lpc,7j8l2a-034-50416-4800-287427-123375-143976-264357,1.9322124,4.692008811844678,33.781950012780726
ar_order,512,nn,7j8l2a-034-50416-4800-287427-123375-143976-264357,-2.7045722,4.633099272161991,380.5137500166893
ar_order,512,lpc,9Mkadp-302-273892-209608-109841-324591-494783-498752,-0.13316728,4.673028622423919,33.01459999056533
ar_order,512,nn,9Mkadp-302-273892-209608-109841-324591-494783-498752,0.054752212,4.680265671949655,315.18559996038675
ar_order,512,lpc,u3JmNp-105-377036-373629-177809-287789-419538-221798,6.5154357,4.730445721016993,33.562650030944496
ar_order,512,nn,u3JmNp-105-377036-373629-177809-287789-419538-221798,-4.925986,4.6322400078144526,305.13355002040043
ar_order,512,lpc,PiKSIp-112-109021-465867-125189-123174-211212-334242,9.732468,4.729262582501166,33.53020001668483
ar_order,512,nn,PiKSIp-112-109021-465867-125189-123174-211212-334242,3.855454,4.710820589617283,308.77574998885393
ar_order,512,lpc,9a98Kf-464-298969-472051-292323-179462-78575-496080,0.22025159,4.324597757387176,33.50865002721548
ar_order,512,nn,9a98Kf-464-298969-472051-292323-179462-78575-496080,-0.68559575,4.515676834837899,317.40954995620996
ar_order,512,lpc,vAlA7f-458-390385-16661-177809-112031-325632-365075,1.7819116,4.731795158850703,31.283950025681406
ar_order,512,nn,vAlA7f-458-390385-16661-177809-112031-325632-365075,1.8424811,4.731981653212686,343.75835000537336
ar_order,512,lpc,U5aQJe-592-437270-129013-295308-406364-103913-497087,4.3676386,4.708476445335531,34.82930001337081
ar_order,512,nn,U5aQJe-592-437270-129013-295308-406364-103913-497087,3.3290374,4.729077744817208,314.73024998558685
ar_order,512,lpc,HxFzMp-357-24999-343332-90733-489807-316694-345238,7.6442723,4.6660163174408105,31.589999969583005
ar_order,512,nn,HxFzMp-357-24999-343332-90733-489807-316694-345238,3.5394006,4.659389047365099,319.94755007326603
ar_order,512,lpc,9kbanp-261-50416-108056-469001-231167-334074-209061,3.5474858,4.726592300010717,32.62724995147437
ar_order,512,nn,9kbanp-261-50416-108056-469001-231167-334074-209061,-1.774677,4.6587101004310885,333.18605000386015
ar_order,512,lpc,rqqrUf-476-372299-90733-207508-318838-254913-53278,0.08243959,4.731088839836626,37.73224999895319
ar_order,512,nn,rqqrUf-476-372299-90733-207508-318838-254913-53278,0.3827005,4.731326236494731,316.8374000233598
ar_order,512,lpc,ie6iSp-097-407790-253414-334074-464643-167361-80351,3.4748719,4.7289218395545,32.23929996602237
ar_order,512,nn,ie6iSp-097-407790-253414-334074-464643-167361-80351,3.3238351,4.727669743711198,323.9325999747962
ar_order,512,lpc,FiS63i-513-129107-287427-185152-454791-121010-285778,0.025848242,4.194044415145184,32.8716499498114
ar_order,512,nn,FiS63i-513-129107-287427-185152-454791-121010-285778,-0.8051162,4.346271826056521,322.170150000602
ar_order,512,lpc,BBcZPi-501-456735-480197-495997-497448-326140-134118,-0.00028164848,4.7133049622330265,32.27634995710105
ar_order,512,nn,BBcZPi-501-456735-480197-495997-497448-326140-134118,0.06978862,4.719312024018339,338.78744998946786
ar_order,512,lpc,5OQdwp-063-348077-460359-16661-112031-224170-197606,7.546997,4.725871407303636,32.694999943487346
ar_order,512,nn,5OQdwp-063-348077-460359-16661-112031-224170-197606,2.6725664,4.722454408906286,316.8576500029303
ar_order,512,lpc,riuiap-287-319764-286732-35325-55646-391852-1246,0.092261024,4.620978713249476,34.024299995508045
ar_order,512,nn,riuiap-287-319764-286732-35325-55646-391852-1246,0.22938995,4.616553078201642,301.37024994473904
ar_order,512,lpc,6TUCvp-352-108130-78807-55646-250174-386302-414547,0.04327623,4.43298079716348,32.45589998550713
ar_order,512,nn,6TUCvp-352-108130-78807-55646-250174-386302-414547,1.1800728,4.475159541926688,317.4451499944553
ar_order,512,lpc,KIklei-503-156368-5054-151331-161307-380077-177809,0.0028956742,4.391105577225847,34.15039996616542
ar_order,512,nn,KIklei-503-156368-5054-151331-161307-380077-177809,0.089538455,4.422294482704918,314.33010002365336
ar_order,512,lpc,zVlcap-263-274542-472051-376372-248785-476225-35325,0.41551277,4.732100982318366,31.285950040910393
ar_order,512,nn,zVlcap-263-274542-472051-376372-248785-476225-35325,-6.568595,4.732101252992217,306.59839999862015
ar_order,512,lpc,BLAVyp-401-374393-353502-276516-464643-247007-280816,6.7303467e-06,4.712889049371176,31.112350057810545
ar_order,512,nn,BLAVyp-401-374393-353502-276516-464643-247007-280816,0.000113379065,4.712889472998436,301.97254999075085
ar_order,512,lpc,5Lu6ui-514-135410-151381-124082-173176-644-324310,-0.044640943,4.5873152848152365,32.56439999677241
ar_order,512,nn,5Lu6ui-514-135410-151381-124082-173176-644-324310,-0.00677498,4.587577019136317,308.5839499835856
ar_order,512,lpc,lzFhsp-134-377273-280816-60681-369034-268009-11995,6.8401337,4.715766118773169,34.07895000418648
ar_order,512,nn,lzFhsp-134-377273-280816-60681-369034-268009-11995,2.8580036,4.689077022249686,311.8230999680236
ar_order,512,lpc,nSu3Cp-366-41411-362672-285778-222370-421926-202035,7.8912992,4.723732518448571,32.727250014431775
ar_order,512,nn,nSu3Cp-366-41411-362672-285778-222370-421926-202035,6.221143,4.724311036575019,303.817949956283
ar_order,512,lpc,cUyODs-564-324456-286869-479691-123056-485468-274323,3.8013368,4.731020636781722,32.98209997592494
ar_order,512,nn,cUyODs-564-324456-286869-479691-123056-485468-274323,3.619423,4.730827021158072,312.4567500781268
ar_order,512,lpc,TkK5fp-380-229618-476225-311495-339484-11995-7708,5.8138905,4.7304156573149285,32.13855001376942
ar_order,512,nn,TkK5fp-380-229618-476225-311495-339484-11995-7708,5.8430147,4.7307546009429,311.4112499752082
ar_order,512,lpc,AHwsQs-538-108297-304214-140209-237079-426805-448869,-0.43608454,4.732101206589087,32.19059994444251
ar_order,512,nn,AHwsQs-538-108297-304214-140209-237079-426805-448869,-0.21508104,4.732101218655179,295.1333500095643
ar_order,512,lpc,RkoxIi-499-395609-17243-276516-68344-191485-476225,0.021768775,4.716901702793672,33.90339994803071
ar_order,512,nn,RkoxIi-499-395609-17243-276516-68344-191485-476225,-0.1466112,4.717882832932872,306.2295999843627
ar_order,512,lpc,YLEXwp-335-240298-183720-447487-129636-202035-44660,-0.40589893,4.728573343727824,33.32345001399517
ar_order,512,nn,YLEXwp-335-240298-183720-447487-129636-202035-44660,-0.41891152,4.728644354985146,310.31755002913997
ar_order,512,lpc,rn9v1e-583-369034-383770-175927-399756-390385-383479,4.1327467,4.661465067173218,37.55644999910146
ar_order,512,nn,rn9v1e-583-369034-383770-175927-399756-390385-383479,4.6911187,4.702246819154185,305.41405000258237
ar_order,512,lpc,SSYQ1w-650-275802-13671-144360-112336-104867-157595,0.53286994,4.7316922061819024,33.73555006692186
ar_order,512,nn,SSYQ1w-650-275802-13671-144360-112336-104867-157595,-0.74186736,4.731833978207103,333.09609995922074
ar_order,512,lpc,4fsgkp-253-311495-209061-229618-287427-276516-38459,4.5737143,4.726946898876632,33.19895005552098
ar_order,512,nn,4fsgkp-253-311495-209061-229618-287427-276516-38459,-3.86281,4.695046069126741,315.524949983228
ar_order,512,lpc,44Zbvs-567-179462-358526-13671-355104-116061-343332,3.0816436,4.728784358722949,33.20729994447902
ar_order,512,nn,44Zbvs-567-179462-358526-13671-355104-116061-343332,-5.039168,4.716336950903642,310.66155002918094
ar_order,512,lpc,cmHjrf-493-348077-309854-224170-458554-202179-472051,0.4872846,4.698738533831511,32.292949967086315
ar_order,512,nn,cmHjrf-493-348077-309854-224170-458554-202179-472051,-2.1354637,4.724193984994432,319.70774999354035
ar_order,512,lpc,zQSXvp-215-498788-407950-152419-25062-51581-3467,3.2879481,4.715098863782254,33.507950021885335
ar_order,512,nn,zQSXvp-215-498788-407950-152419-25062-51581-3467,3.0179672,4.72648640780049,310.3246500249952
ar_order,512,lpc,l3Lvae-611-211084-218396-212842-198509-334833-311379,5.530802,4.681599278231311,33.27160008484498
ar_order,512,nn,l3Lvae-611-211084-218396-212842-198509-334833-311379,-2.386704,4.601044078216942,302.94800002593547
ar_order,512,lpc,LIJKja-026-447487-148409-188815-38506-78427-479691,0.2935225,4.709388934220145,32.714050030335784
ar_order,512,nn,LIJKja-026-447487-148409-188815-38506-78427-479691,-0.34446594,4.726853551715797,316.3674999959767
ar_order,512,lpc,tztd5w-640-23535-348077-410307-64116-151381-134118,-0.1595372,4.73210125032381,33.799749973695725
ar_order,512,nn,tztd5w-640-23535-348077-410307-64116-151381-134118,-1.5347791,4.732101252473154,307.0568999974057
ar_order,512,lpc,TypO9p-362-82313-390793-365346-50416-310105-275395,6.2288194,4.697504730271394,32.74069994222373
ar_order,512,nn,TypO9p-362-82313-390793-365346-50416-310105-275395,9.828773,4.722109836780595,303.8385499967262
ar_order,512,lpc,3hvoVa-051-2307-202921-218396-175927-14787-464643,2.6502135,4.676195369335295,31.888100027572364
ar_order,512,nn,3hvoVa-051-2307-202921-218396-175927-14787-464643,-1.3411758,4.703706632579847,304.19370002346113
ar_order,512,lpc,9hvMUf-482-498788-113105-17243-63022-21827-338584,-0.012768367,4.660038018928914,32.865150016732514
ar_order,512,nn,9hvMUf-482-498788-113105-17243-63022-21827-338584,-0.9802054,4.681111342668078,317.70989997312427
ar_order,512,lpc,lDN6of-450-91840-427818-353502-327883-210172-489807,0.1927483,4.657819784866852,33.35444995900616
ar_order,512,nn,lDN6of-450-91840-427818-353502-327883-210172-489807,0.4838059,4.669391293374915,318.16215004073456
ar_order,512,lpc,8b8sWp-275-88756-348733-183720-134118-226233-129107,9.229909,4.732098125106788,33.29520003171638
ar_order,512,nn,8b8sWp-275-88756-348733-183720-134118-226233-129107,2.3562675,4.730807831465436,305.55399996228516
ar_order,512,lpc,noHubp-343-163645-17243-410906-219243-161307-221798,0.05133941,4.634780289559062,31.466250016819686
ar_order,512,nn,noHubp-343-163645-17243-410906-219243-161307-221798,0.18575378,4.638661576420027,309.5014999853447
ar_order,512,lpc,G50hup-092-363552-123056-229618-481410-299323-332402,0.033798434,4.732094060192212,36.30519995931536
ar_order,512,nn,G50hup-092-363552-123056-229618-481410-299323-332402,-2.0701888,4.732099491159101,349.35184998903424
ar_order,512,lpc,FPRIpe-578-474864-126584-425422-304828-148409-10737,2.9649165,4.6955526821096765,30.76880006119609
ar_order,512,nn,FPRIpe-578-474864-126584-425422-304828-148409-10737,-4.4746165,4.550504824480292,318.39854997815564
ar_order,512,lpc,1zDUvp-298-108297-119460-56896-348770-68221-98443,5.81441,4.729717799063723,34.81534996535629
ar_order,512,nn,1zDUvp-298-108297-119460-56896-348770-68221-98443,8.006707,4.732093217981435,349.5637000305578
ar_order,512,lpc,WVKBPa-017-469001-13769-309009-430207-5054-14754,6.107264,4.724776193987667,31.3139000791125
ar_order,512,nn,WVKBPa-017-469001-13769-309009-430207-5054-14754,4.2771926,4.731234791710701,313.529449980706
ar_order,512,lpc,fdXdMp-313-165684-111916-348770-380077-145384-347380,0.24946855,4.732101253042358,31.701400002930313
ar_order,512,nn,fdXdMp-313-165684-111916-348770-380077-145384-347380,-17.537712,4.732101253032917,308.3125000121072
ar_order,512,lpc,rkSMcp-349-162269-339484-74769-12865-363552-41411,0.08527271,4.576361657986009,32.58659999119118
ar_order,512,nn,rkSMcp-349-162269-339484-74769-12865-363552-41411,-0.35094094,4.617854834199986,319.72594995750114
ar_order,512,lpc,avuTLe-585-474206-355130-317191-361413-333474-248785,-0.2784964,4.693916747533331,33.11205003410578
ar_order,512,nn,avuTLe-585-474206-355130-317191-361413-333474-248785,-4.839451,4.627046200550197,309.1409499756992
ar_order,512,lpc,1Q0zzp-067-496080-227228-300626-311379-247007-1214,8.023625,4.72436613060227,31.924600014463067
ar_order,512,nn,1Q0zzp-067-496080-227228-300626-311379-247007-1214,6.685239,4.724023017355409,335.8628500136547
ar_order,512,lpc,k2rvsa-021-181149-117176-94351-2985-340579-209061,2.0744214,4.731550332114365,32.3444499517791
ar_order,512,nn,k2rvsa-021-181149-117176-94351-2985-340579-209061,-1.2744398,4.731874300882268,312.6769000082277
ar_order,512,lpc,DmpOYi-525-91230-450251-209608-292323-92870-38506,0.1313613,4.606983625149565,34.81214999919757
ar_order,512,nn,DmpOYi-525-91230-450251-209608-292323-92870-38506,-11.325045,3.024292805331922,313.02655005129054
ar_order,512,lpc,cZ9D6w-670-134118-41411-423587-125189-84055-98443,-0.39384937,4.726244919814598,33.403050038032234
ar_order,512,nn,cZ9D6w-670-134118-41411-423587-125189-84055-98443,-0.5487219,4.726918586125587,310.49805000657216
ar_order,512,lpc,wD39yw-617-350336-91230-365075-384274-339484-27577,0.5726156,4.542309415540958,31.180549995042384
ar_order,512,nn,wD39yw-617-350336-91230-365075-384274-339484-27577,0.4785846,4.563741810185697,308.9478500187397
ar_order,512,lpc,jFujMp-258-2985-422977-276516-270302-316694-390385,7.8394465,4.731886736517756,31.910550023894757
ar_order,512,nn,jFujMp-258-2985-422977-276516-270302-316694-390385,5.8903303,4.731850445754823,315.3823500033468
ar_order,512,lpc,ainjFp-098-145384-88756-289593-274542-488804-292564,3.1381247,4.707640381571479,34.07904994674027
ar_order,512,nn,ainjFp-098-145384-88756-289593-274542-488804-292564,3.235702,4.709379849230237,311.96619995171204
ar_order,512,lpc,rllgnp-282-21827-2985-183720-67455-409746-330730,-0.00060862175,4.7321006235663905,30.85664997342974
ar_order,512,nn,rllgnp-282-21827-2985-183720-67455-409746-330730,-0.10821774,4.732100650765426,305.5436499998905
ar_order,512,lpc,ck2Uxp-081-495997-135873-82313-377039-373629-268363,4.2720947,4.732041501843445,32.90389996254817
ar_order,512,nn,ck2Uxp-081-495997-135873-82313-377039-373629-268363,4.9483113,4.732050787003379,352.77810000116006
ar_order,512,lpc,jhRr0p-088-489070-351855-386883-172725-333766-16976,1.2746297,4.731842564535457,33.133049961179495
ar_order,512,nn,jhRr0p-088-489070-351855-386883-172725-333766-16976,1.6006427,4.731892456292611,307.5950500788167
ar_order,512,lpc,oRqMra-058-167772-480197-43889-36331-135873-265166,2.2586296,4.73201285262841,30.758050037547946
ar_order,512,nn,oRqMra-058-167772-480197-43889-36331-135873-265166,-2.4986444,4.73194327627388,425.6984000094235
ar_order,512,lpc,d4LtRw-656-379354-74769-192385-202921-93885-62534,0.0058473265,4.732100891669159,32.619699952192605
ar_order,512,nn,d4LtRw-656-379354-74769-192385-202921-93885-62534,-1.136541,4.73210111494064,317.6794999744743
ar_order,512,lpc,tXap2p-281-298969-9753-281965-457067-162269-329331,6.343178,4.729300960482972,32.938399992417544
ar_order,512,nn,tXap2p-281-298969-9753-281965-457067-162269-329331,-1.1067046,4.6729300864619745,314.15729998843744
ar_order,512,lpc,IIhdup-184-282845-322947-195637-315211-10737-386302,4.4027967,4.583398505979492,36.07109998119995
ar_order,512,nn,IIhdup-184-282845-322947-195637-315211-10737-386302,3.935143,4.586726945629431,301.210249948781
ar_order,512,lpc,Q1VJ4p-396-67099-191485-442126-324310-384031-392966,4.4797654,4.732098159166302,36.9893999886699
ar_order,512,nn,Q1VJ4p-396-67099-191485-442126-324310-384031-392966,0.33555773,4.732098415964097,356.7987999995239
ar_order,512,lpc,IJqofi-526-68304-236920-183720-152419-94351-316080,0.1086647,4.553196016763952,35.286049998831004
ar_order,512,nn,IJqofi-526-68304-236920-183720-152419-94351-316080,-4.5771317,4.612025714283078,322.95300002442673
ar_order,512,lpc,MJEnPs-553-484336-261033-237079-274170-257745-343308,1.8527236,4.7319429012722525,31.65469999657944
ar_order,512,nn,MJEnPs-553-484336-261033-237079-274170-257745-343308,-4.2242436,4.730457642674994,315.06044999696314
ar_order,512,lpc,oK9Hxs-550-7708-104867-460359-299323-420765-264795,7.1754475,4.730408042568863,32.2275499929674
ar_order,512,nn,oK9Hxs-550-7708-104867-460359-299323-420765-264795,5.1669674,4.730068182799185,308.86340001598
ar_order,512,lpc,ItvEYp-187-347380-151331-160943-343502-92870-286732,0.15087023,4.707752075758162,32.423999975435436
ar_order,512,nn,ItvEYp-187-347380-151331-160943-343502-92870-286732,0.07934537,4.705800824936616,365.5801999848336
ar_order,768,lpc,9f3Qjw-657-129013-78427-348770-228203-60643-7188,-0.0831806,4.72496776672563,42.35064995009452
ar_order,768,nn,9f3Qjw-657-129013-78427-348770-228203-60643-7188,-0.20691288,4.725286361190637,313.43489995924756
ar_order,768,lpc,i0Ocoe-610-395609-211084-211212-108056-187519-202035,4.9300876,4.686855705072366,39.69544998835772
ar_order,768,nn,i0Ocoe-610-395609-211084-211212-108056-187519-202035,-7.7181582,4.523172075600881,326.1159000103362
ar_order,768,lpc,Th8NDe-613-23535-495997-395609-270487-329331-383770,4.221154,4.66855136166642,42.0992499566637
ar_order,768,nn,Th8NDe-613-23535-495997-395609-270487-329331-383770,-3.693818,4.566880079335153,316.69579999288544
ar_order,768,lpc,ui9aDp-122-292323-379538-386883-287427-306759-88721,0.30923966,4.710852257876033,42.471649998333305
ar_order,768,nn,ui9aDp-122-292323-379538-386883-287427-306759-88721,-2.1775682,4.7291033509121,330.33939998131245
ar_order,768,lpc,DLZvmp-426-78108-128329-469130-165684-261033-84004,4.6045833,4.732097070261181,42.165150051005185
ar_order,768,nn,DLZvmp-426-78108-128329-469130-165684-261033-84004,0.5235684,4.731962543733568,323.90715001383796
ar_order,768,lpc,amZyRf-444-7708-476924-468905-275802-405424-380077,0.15742286,4.720073993472807,42.522899981122464
ar_order,768,nn,amZyRf-444-7708-476924-468905-275802-405424-380077,-0.9724238,4.72879042252976,330.9388499474153
ar_order,768,lpc,ofs2Us-561-469223-161307-229618-187519-295308-129107,2.382664,4.7302574514714255,39.192299998831004
ar_order,768,nn,ofs2Us-561-469223-161307-229618-187519-295308-129107,-2.6471438,4.711207667603198,325.33119997242466
ar_order,768,lpc,nQsrxi-500-35788-354893-151331-437270-461984-276516,0.09293861,4.710095271476746,44.880650006234646
ar_order,768,nn,nQsrxi-500-35788-354893-151331-437270-461984-276516,-1.6594586,4.727911457344517,336.4903499605134
ar_order,768,lpc,YuwChp-152-8651-147603-379354-29563-62919-345238,5.0218485e-05,4.732100990779321,54.51935005839914
ar_order,768,nn,YuwChp-152-8651-147603-379354-29563-62919-345238,-0.22312862,4.732100971506659,325.7923499913886
ar_order,768,lpc,fiBRvp-155-14754-379538-407950-108056-495971-270302,0.590371,4.730792875145297,44.33299996890128
ar_order,768,nn,fiBRvp-155-14754-379538-407950-108056-495971-270302,-0.15824676,4.730794276958368,321.8158499803394
ar_order,768,lpc,rpdA0p-089-193291-347380-224170-426805-310105-489070,2.189268,4.686077614275966,38.687649997882545
ar_order,768,nn,rpdA0p-089-193291-347380-224170-426805-310105-489070,2.109141,4.686190501429914,321.842499950435
ar_order,768,lpc,JCRPTw-618-129107-479691-343332-355104-157595-129013,-0.3800356,4.685009224823487,39.432950026821345
ar_order,768,nn,JCRPTw-618-129107-479691-343332-355104-157595-129013,-0.26887184,4.6859950193659206,317.0465499861166
ar_order,768,lpc,DfzVIp-175-379354-103913-25062-384031-343308-295308,-0.0127034625,4.6944555688435265,42.22534998552874
ar_order,768,nn,DfzVIp-175-379354-103913-25062-384031-343308-295308,0.035841472,4.696126440237679,314.8862000089139
ar_order,768,lpc,PBDVAf-465-366971-117533-197606-160943-60681-25579,9.330985,4.70661942338629,41.70795000391081
ar_order,768,nn,PBDVAf-465-366971-117533-197606-160943-60681-25579,2.109459,4.682429017695343,334.0374499675818
ar_order,768,lpc,BNXFqp-404-184495-450557-10737-129636-497448-379538,-0.10146427,4.694769493836548,41.00255004595965
ar_order,768,nn,BNXFqp-404-184495-450557-10737-129636-497448-379538,-1.2421881,4.7100297389370684,326.9467999925837
ar_order,768,lpc,f2JFMw-634-136860-113105-22031-310105-248646-32125,-0.14970212,4.729527808361638,41.09515005256981
ar_order,768,nn,f2JFMw-634-136860-113105-22031-310105-248646-32125,-0.4090162,4.729600709508924,320.39805001113564
ar_order,768,lpc,cedJli-522-192385-152140-262731-156368-123704-333757,-0.047448374,4.396030057431657,43.51814999245107
ar_order,768,nn,cedJli-522-192385-152140-262731-156368-123704-333757,-6.8755045,2.884824715014843,340.1626999839209
ar_order,768,lpc,Q4PCSi-506-317415-237079-78108-78427-235375-285778,6.1813555,3.9741694877743416,42.06954996334389
ar_order,768,nn,Q4PCSi-506-317415-237079-78108-78427-235375-285778,-4.923462,3.12097783446065,319.48750000447035
ar_order,768,lpc,CrjLKf-468-374393-49022-14754-240504-316080-236920,1.3235664,4.728047291462761,40.399599994998425
ar_order,768,nn,CrjLKf-468-374393-49022-14754-240504-316080-236920,-0.2399946,4.731305106304996,322.99374998547137
ar_order,768,lpc,m5rDOp-062-377273-156368-185152-188815-186260-486330,7.159358,4.732101055773567,42.54700004821643
ar_order,768,nn,m5rDOp-062-377273-156368-185152-188815-186260-486330,8.093422,4.732101134562656,324.73770005162805
ar_order,768,lpc,0mk6rp-310-146145-90733-51581-27791-50416-437215,-0.005151514,4.73199332986567,42.95595001894981
ar_order,768,nn,0mk6rp-310-146145-90733-51581-27791-50416-437215,-0.006743091,4.731993893220329,328.1661500222981
ar_order,768,lpc,fS0Vwp-324-274170-461984-129889-218396-366126-128329,5.3598933,4.654371959586383,41.69415001524612
ar_order,768,nn,fS0Vwp-324-274170-461984-129889-218396-366126-128329,12.595247,4.718336675151717,336.37375000398606
ar_order,768,lpc,0Rve0i-524-469450-332402-376902-283921-64116-240504,0.10978903,4.346913951430252,46.977250021882355
ar_order,768,nn,0Rve0i-524-469450-332402-376902-283921-64116-240504,-4.6178074,4.20865230412314,323.97495000623167
ar_order,768,lpc,fZg66p-070-68221-216978-377273-239730-53784-3467,0.053599223,4.732101253034498,42.240649985615164
ar_order,768,nn,fZg66p-070-68221-216978-377273-239730-53784-3467,-14.373493,4.732101243195718,317.9864499834366
ar_order,768,lpc,Aal0cp-183-209061-91230-492922-2757-317191-461984,3.4985783,4.654712839582878,48.35095000453293
ar_order,768,nn,Aal0cp-183-209061-91230-492922-2757-317191-461984,3.5869029,4.652510880749757,317.3620000015944
ar_order,768,lpc,m8mjCs-533-485468-283456-486330-442126-2757-12865,-0.28637382,4.730533031589818,39.36885000439361
ar_order,768,nn,m8mjCs-533-485468-283456-486330-442126-2757-12865,0.27395567,4.730020569100626,328.46935000270605
ar_order,768,lpc,jM2z5p-212-362995-350336-202035-87506-239730-207508,-2.5013108,4.732101252872413,41.697499982547015
ar_order,768,nn,jM2z5p-212-362995-350336-202035-87506-239730-207508,-1.6918958,4.732101253010322,324.259550019633
ar_order,768,lpc,Paqf1p-119-254913-443221-90733-163645-32125-188815,2.7482162,4.681131264912737,41.88609996344894
ar_order,768,nn,Paqf1p-119-254913-443221-90733-163645-32125-188815,2.2036307,4.7048302839112015,336.0081000137143
ar_order,768,lpc,87hwjf-487-426805-60643-437215-160943-182650-407728,0.31257573,4.6681352164260215,43.197849998250604
ar_order,768,nn,87hwjf-487-426805-60643-437215-160943-182650-407728,-1.9235442,4.7152901069247815,347.49904996715486
ar_order,768,lpc,kDEiGp-268-254920-474864-52991-170820-165168-328121,0.0,4.709236463253488,40.02140002558008
ar_order,768,nn,kDEiGp-268-254920-474864-52991-170820-165168-328121,-3.6240504e-05,4.709236231836434,328.8600500090979
ar_order,768,lpc,Mtnx5i-515-495971-279778-348676-11995-306560-418034,0.0018318224,4.638169148676026,39.66579999541864
ar_order,768,nn,Mtnx5i-515-495971-279778-348676-11995-306560-418034,-0.0016992284,4.639142301792436,334.1947499429807
ar_order,768,lpc,3EBeof-459-212842-454791-192385-495971-180085-113105,-0.18669619,4.7055049194612,39.999150030780584
ar_order,768,nn,3EBeof-459-212842-454791-192385-495971-180085-113105,-0.39463,4.707101965704073,311.0621000523679
ar_order,768,lpc,7j8l2a-034-50416-4800-287427-123375-143976-264357,4.5378633,4.7051122592436645,43.382200004998595
ar_order,768,nn,7j8l2a-034-50416-4800-287427-123375-143976-264357,-3.4443145,4.577954089059233,320.20119996741414
ar_order,768,lpc,9Mkadp-302-273892-209608-109841-324591-494783-498752,0.25601673,4.664813330654523,45.03245005616918
ar_order,768,nn,9Mkadp-302-273892-209608-109841-324591-494783-498752,0.6316197,4.674679016497469,351.4923500479199
ar_order,768,lpc,u3JmNp-105-377036-373629-177809-287789-419538-221798,5.7518907,4.730082620850708,52.88054997799918
ar_order,768,nn,u3JmNp-105-377036-373629-177809-287789-419538-221798,-4.6943865,4.636037707953617,331.4041499979794
ar_order,768,lpc,PiKSIp-112-109021-465867-125189-123174-211212-334242,7.402027,4.726300807802184,40.169899992179126
ar_order,768,nn,PiKSIp-112-109021-465867-125189-123174-211212-334242,1.9763498,4.701291380571265,332.80015003401786
ar_order,768,lpc,9a98Kf-464-298969-472051-292323-179462-78575-496080,0.24509436,4.322813061482979,43.796150013804436
ar_order,768,nn,9a98Kf-464-298969-472051-292323-179462-78575-496080,-0.6607879,4.508762901975403,341.87200001906604
ar_order,768,lpc,vAlA7f-458-390385-16661-177809-112031-325632-365075,1.723227,4.731784542141279,40.734299982432276
ar_order,768,nn,vAlA7f-458-390385-16661-177809-112031-325632-365075,1.8955271,4.731962422194595,320.7507499610074
ar_order,768,lpc,U5aQJe-592-437270-129013-295308-406364-103913-497087,4.715949,4.70678574952856,45.24915001820773
ar_order,768,nn,U5aQJe-592-437270-129013-295308-406364-103913-497087,3.1076684,4.732012769504663,322.9305499698967
ar_order,768,lpc,HxFzMp-357-24999-343332-90733-489807-316694-345238,7.038799,4.661396841005894,41.44960001576692
ar_order,768,nn,HxFzMp-357-24999-343332-90733-489807-316694-345238,2.97987,4.654608589571016,324.7655999730341
ar_order,768,lpc,9kbanp-261-50416-108056-469001-231167-334074-209061,3.550782,4.7266391756055635,51.771000027656555
ar_order,768,nn,9kbanp-261-50416-108056-469001-231167-334074-209061,-1.6355758,4.66295716771768,323.49179999437183
ar_order,768,lpc,rqqrUf-476-372299-90733-207508-318838-254913-53278,0.6880671,4.7311262846585596,39.046049991156906
ar_order,768,nn,rqqrUf-476-372299-90733-207508-318838-254913-53278,0.5125288,4.731632874732986,321.80024997796863
ar_order,768,lpc,ie6iSp-097-407790-253414-334074-464643-167361-80351,3.6093547,4.728583663032541,41.55610001180321
ar_order,768,nn,ie6iSp-097-407790-253414-334074-464643-167361-80351,2.8909392,4.727334724033997,336.55765000730753
ar_order,768,lpc,FiS63i-513-129107-287427-185152-454791-121010-285778,0.024185097,4.193988017036839,39.920449955388904
ar_order,768,nn,FiS63i-513-129107-287427-185152-454791-121010-285778,-1.2560105,4.365737670996496,323.9290500059724
ar_order,768,lpc,BBcZPi-501-456735-480197-495997-497448-326140-134118,0.031660378,4.71334838880381,42.66769997775555
ar_order,768,nn,BBcZPi-501-456735-480197-495997-497448-326140-134118,-0.08533111,4.721575132187523,334.4208999769762
ar_order,768,lpc,5OQdwp-063-348077-460359-16661-112031-224170-197606,5.6539173,4.7225799041658565,41.52749996865168
ar_order,768,nn,5OQdwp-063-348077-460359-16661-112031-224170-197606,1.2479234,4.720509905342913,343.67744997143745
ar_order,768,lpc,riuiap-287-319764-286732-35325-55646-391852-1246,0.34721833,4.610680517615151,40.211400017142296
ar_order,768,nn,riuiap-287-319764-286732-35325-55646-391852-1246,0.4337484,4.608902727396515,321.93129998631775
ar_order,768,lpc,6TUCvp-352-108130-78807-55646-250174-386302-414547,0.072148845,4.431749457571,40.92380008660257
ar_order,768,nn,6TUCvp-352-108130-78807-55646-250174-386302-414547,1.4120834,4.469584350546839,307.3090499965474
ar_order,768,lpc,KIklei-503-156368-5054-151331-161307-380077-177809,0.106800616,4.384055612995306,42.177399969659746
ar_order,768,nn,KIklei-503-156368-5054-151331-161307-380077-177809,0.29421392,4.410674940384041,329.600150056649
ar_order,768,lpc,zVlcap-263-274542-472051-376372-248785-476225-35325,0.7059157,4.732100975349773,46.782199991866946
ar_order,768,nn,zVlcap-263-274542-472051-376372-248785-476225-35325,-6.453024,4.732101253005217,343.32634997554123
ar_order,768,lpc,BLAVyp-401-374393-353502-276516-464643-247007-280816,-1.7343633e-05,4.712889055949621,41.70750005869195
ar_order,768,nn,BLAVyp-401-374393-353502-276516-464643-247007-280816,0.0004949115,4.712889638690383,308.0282000009902
ar_order,768,lpc,5Lu6ui-514-135410-151381-124082-173176-644-324310,-0.04102099,4.587318534591899,43.651150015648454
ar_order,768,nn,5Lu6ui-514-135410-151381-124082-173176-644-324310,-0.00037846935,4.587889478056494,335.94074996653944
ar_order,768,lpc,lzFhsp-134-377273-280816-60681-369034-268009-11995,6.402584,4.713679556388039,43.267450004350394
ar_order,768,nn,lzFhsp-134-377273-280816-60681-369034-268009-11995,2.1230369,4.681590835116202,329.974049993325
ar_order,768,lpc,nSu3Cp-366-41411-362672-285778-222370-421926-202035,7.0187383,4.723142859119074,42.14804997900501
ar_order,768,nn,nSu3Cp-366-41411-362672-285778-222370-421926-202035,4.64148,4.723375076055964,333.0775999929756
ar_order,768,lpc,cUyODs-564-324456-286869-479691-123056-485468-274323,3.7472572,4.730523925701408,42.49124997295439
ar_order,768,nn,cUyODs-564-324456-286869-479691-123056-485468-274323,3.693867,4.730436554764678,337.8777499892749
ar_order,768,lpc,TkK5fp-380-229618-476225-311495-339484-11995-7708,6.1117086,4.73044005993073,43.90104999765754
ar_order,768,nn,TkK5fp-380-229618-476225-311495-339484-11995-7708,5.817273,4.730783481220759,330.74459998169914
ar_order,768,lpc,AHwsQs-538-108297-304214-140209-237079-426805-448869,-0.27588072,4.732101206601443,41.56589997000992
ar_order,768,nn,AHwsQs-538-108297-304214-140209-237079-426805-448869,-0.08708783,4.732101220614031,320.71664999239147
ar_order,768,lpc,RkoxIi-499-395609-17243-276516-68344-191485-476225,0.023654776,4.716868994251584,38.99870003806427
ar_order,768,nn,RkoxIi-499-395609-17243-276516-68344-191485-476225,-0.115236625,4.717708647785152,328.65215005585924
ar_order,768,lpc,YLEXwp-335-240298-183720-447487-129636-202035-44660,-0.029651638,4.7277883073540234,42.671750008594245
ar_order,768,nn,YLEXwp-335-240298-183720-447487-129636-202035-44660,-0.06724864,4.727875833584294,337.06019999226555
ar_order,768,lpc,rn9v1e-583-369034-383770-175927-399756-390385-383479,4.1484075,4.652940413694205,44.24109996762127
ar_order,768,nn,rn9v1e-583-369034-383770-175927-399756-390385-383479,4.69701,4.693243768095149,322.1593500347808
ar_order,768,lpc,SSYQ1w-650-275802-13671-144360-112336-104867-157595,0.9072995,4.73135500996864,39.13110005669296
ar_order,768,nn,SSYQ1w-650-275802-13671-144360-112336-104867-157595,0.04193613,4.732036549136193,339.699300006032
ar_order,768,lpc,4fsgkp-253-311495-209061-229618-287427-276516-38459,4.7805667,4.727154097237127,41.86744999606162
ar_order,768,nn,4fsgkp-253-311495-209061-229618-287427-276516-38459,-3.389738,4.694986051571428,325.072750041727
ar_order,768,lpc,44Zbvs-567-179462-358526-13671-355104-116061-343332,2.8030026,4.7311484621955655,45.32065003877506
ar_order,768,nn,44Zbvs-567-179462-358526-13671-355104-116061-343332,-6.8026447,4.691205035502145,327.44139997521415
ar_order,768,lpc,cmHjrf-493-348077-309854-224170-458554-202179-472051,1.0930917,4.695478805067696,40.59279995271936
ar_order,768,nn,cmHjrf-493-348077-309854-224170-458554-202179-472051,-0.10800171,4.702809555853763,434.0527000022121
ar_order,768,lpc,zQSXvp-215-498788-407950-152419-25062-51581-3467,3.2554464,4.714714133364536,46.766300045419484
ar_order,768,nn,zQSXvp-215-498788-407950-152419-25062-51581-3467,2.442978,4.728266341194824,416.4885999634862
ar_order,768,lpc,l3Lvae-611-211084-218396-212842-198509-334833-311379,6.2774963,4.683756911242584,44.491700013168156
ar_order,768,nn,l3Lvae-611-211084-218396-212842-198509-334833-311379,-2.006372,4.603868073397626,375.2871000324376
ar_order,768,lpc,LIJKja-026-447487-148409-188815-38506-78427-479691,1.3605224,4.715108430928372,45.380150026176125
ar_order,768,nn,LIJKja-026-447487-148409-188815-38506-78427-479691,-3.7419417,4.680284513180669,379.264899995178
ar_order,768,lpc,tztd5w-640-23535-348077-410307-64116-151381-134118,-0.36819842,4.732101250461465,47.07074997713789
ar_order,768,nn,tztd5w-640-23535-348077-410307-64116-151381-134118,-3.913847,4.732101251742637,383.9369000052102
ar_order,768,lpc,TypO9p-362-82313-390793-365346-50416-310105-275395,5.782697,4.695579132369318,43.75899996375665
ar_order,768,nn,TypO9p-362-82313-390793-365346-50416-310105-275395,9.314278,4.717452658331107,392.65794993843883
ar_order,768,lpc,3hvoVa-051-2307-202921-218396-175927-14787-464643,2.8838844,4.672020082656161,46.16919998079538
ar_order,768,nn,3hvoVa-051-2307-202921-218396-175927-14787-464643,-1.1844786,4.67440817945168,411.6676499834284
ar_order,768,lpc,9hvMUf-482-498788-113105-17243-63022-21827-338584,0.008843474,4.660258566145329,42.681099963374436
ar_order,768,nn,9hvMUf-482-498788-113105-17243-63022-21827-338584,-0.98559254,4.681275870720368,383.1807999522425
ar_order,768,lpc,lDN6of-450-91840-427818-353502-327883-210172-489807,1.5852273,4.67030247338674,47.63255000580102
ar_order,768,nn,lDN6of-450-91840-427818-353502-327883-210172-489807,-0.8257449,4.705564603041939,376.9326999899931
ar_order,768,lpc,8b8sWp-275-88756-348733-183720-134118-226233-129107,8.999315,4.732091477826815,44.54225004883483
ar_order,768,nn,8b8sWp-275-88756-348733-183720-134118-226233-129107,2.7934566,4.731082125845186,375.075799995102
ar_order,768,lpc,noHubp-343-163645-17243-410906-219243-161307-221798,0.14081272,4.634139864657898,48.32279996480793
ar_order,768,nn,noHubp-343-163645-17243-410906-219243-161307-221798,0.18557915,4.639015468005761,380.9997999924235
ar_order,768,lpc,G50hup-092-363552-123056-229618-481410-299323-332402,0.03590463,4.732094001026434,45.21584999747574
ar_order,768,nn,G50hup-092-363552-123056-229618-481410-299323-332402,-1.923834,4.7320988868981555,373.8059499883093
ar_order,768,lpc,FPRIpe-578-474864-126584-425422-304828-148409-10737,5.366099,4.706965706654577,61.21110002277419
ar_order,768,nn,FPRIpe-578-474864-126584-425422-304828-148409-10737,-5.720729,4.497785834512617,378.83080006577075
ar_order,768,lpc,1zDUvp-298-108297-119460-56896-348770-68221-98443,5.100912,4.729318193032702,45.77044997131452
ar_order,768,nn,1zDUvp-298-108297-119460-56896-348770-68221-98443,7.7076144,4.732069150075288,381.0683999909088
ar_order,768,lpc,WVKBPa-017-469001-13769-309009-430207-5054-14754,6.4672093,4.723652249068111,44.82270003063604
ar_order,768,nn,WVKBPa-017-469001-13769-309009-430207-5054-14754,4.0940022,4.731595542349219,384.8787500173785
ar_order,768,lpc,fdXdMp-313-165684-111916-348770-380077-145384-347380,0.28655818,4.732101253042357,46.19845002889633
ar_order,768,nn,fdXdMp-313-165684-111916-348770-380077-145384-347380,-17.33873,4.7321012530339726,378.9351499872282
ar_order,768,lpc,rkSMcp-349-162269-339484-74769-12865-363552-41411,0.47485113,4.548606408276291,48.20085008395836
ar_order,768,nn,rkSMcp-349-162269-339484-74769-12865-363552-41411,0.12536126,4.606560518912254,382.52250000368804
ar_order,768,lpc,avuTLe-585-474206-355130-317191-361413-333474-248785,0.43845627,4.696073772642988,47.246849979273975
ar_order,768,nn,avuTLe-585-474206-355130-317191-361413-333474-248785,-5.356546,4.55713087233215,376.9751499639824
ar_order,768,lpc,1Q0zzp-067-496080-227228-300626-311379-247007-1214,7.2865434,4.7238729906268455,46.37764999642968
ar_order,768,nn,1Q0zzp-067-496080-227228-300626-311379-247007-1214,5.768681,4.72346902918895,370.8595999632962
ar_order,768,lpc,k2rvsa-021-181149-117176-94351-2985-340579-209061,3.66658,4.731661075712461,44.28854997968301
ar_order,768,nn,k2rvsa-021-181149-117176-94351-2985-340579-209061,-0.83743244,4.731631308369835,387.22405006410554
ar_order,768,lpc,DmpOYi-525-91230-450251-209608-292323-92870-38506,0.19803527,4.599993080900211,45.46824999852106
ar_order,768,nn,DmpOYi-525-91230-450251-209608-292323-92870-38506,-11.541199,3.0120372199303933,373.5035000718199
ar_order,768,lpc,cZ9D6w-670-134118-41411-423587-125189-84055-98443,-0.39686698,4.7262516933184475,46.58274998655543
ar_order,768,nn,cZ9D6w-670-134118-41411-423587-125189-84055-98443,-0.5862565,4.727036895994669,383.1402499927208
ar_order,768,lpc,wD39yw-617-350336-91230-365075-384274-339484-27577,0.63471806,4.541618165988524,46.763099962845445
ar_order,768,nn,wD39yw-617-350336-91230-365075-384274-339484-27577,0.55409974,4.562036654677678,420.95875000813976
ar_order,768,lpc,jFujMp-258-2985-422977-276516-270302-316694-390385,8.024911,4.7317727919027055,47.80454997671768
ar_order,768,nn,jFujMp-258-2985-422977-276516-270302-316694-390385,5.73225,4.731718074616252,371.0660499637015
ar_order,768,lpc,ainjFp-098-145384-88756-289593-274542-488804-292564,3.1241477,4.7058569266229515,46.64045001845807
ar_order,768,nn,ainjFp-098-145384-88756-289593-274542-488804-292564,3.239265,4.707436460928065,382.83090002369136
ar_order,768,lpc,rllgnp-282-21827-2985-183720-67455-409746-330730,0.0035366537,4.732100624594507,47.94060002313927
ar_order,768,nn,rllgnp-282-21827-2985-183720-67455-409746-330730,-0.08626522,4.7321006467253905,386.38899999205023
ar_order,768,lpc,ck2Uxp-081-495997-135873-82313-377039-373629-268363,3.8666701,4.732034298423779,46.68225004570559
ar_order,768,nn,ck2Uxp-081-495997-135873-82313-377039-373629-268363,4.382031,4.73204342333503,355.56029999861494
ar_order,768,lpc,jhRr0p-088-489070-351855-386883-172725-333766-16976,1.2480679,4.73182042761189,46.44254996674135
ar_order,768,nn,jhRr0p-088-489070-351855-386883-172725-333766-16976,1.6196682,4.73186204546459,382.000399986282
ar_order,768,lpc,oRqMra-058-167772-480197-43889-36331-135873-265166,3.4547462,4.732044735924317,58.494500000961125
ar_order,768,nn,oRqMra-058-167772-480197-43889-36331-135873-265166,-6.2509584,4.730616092352312,390.2823500102386
ar_order,768,lpc,d4LtRw-656-379354-74769-192385-202921-93885-62534,0.016894449,4.732100891690999,44.458349992055446
ar_order,768,nn,d4LtRw-656-379354-74769-192385-202921-93885-62534,-0.908236,4.732101082664971,378.9736499893479
ar_order,768,lpc,tXap2p-281-298969-9753-281965-457067-162269-329331,6.0377264,4.729043411484678,45.886549982242286
ar_order,768,nn,tXap2p-281-298969-9753-281965-457067-162269-329331,-1.2954137,4.673550464294012,373.97545005660504
ar_order,768,lpc,IIhdup-184-282845-322947-195637-315211-10737-386302,4.0550814,4.573702313503835,43.435949948616326
ar_order,768,nn,IIhdup-184-282845-322947-195637-315211-10737-386302,3.2098832,4.578005915102866,381.4062000019476
ar_order,768,lpc,Q1VJ4p-396-67099-191485-442126-324310-384031-392966,8.684625,4.73210035932264,49.087049963418394
ar_order,768,nn,Q1VJ4p-396-67099-191485-442126-324310-384031-392966,1.3875575,4.732100557108625,434.70610002987087
ar_order,768,lpc,IJqofi-526-68304-236920-183720-152419-94351-316080,0.045243606,4.5616105474084225,45.21324997767806
ar_order,768,nn,IJqofi-526-68304-236920-183720-152419-94351-316080,-5.150674,4.38585833762989,389.4980999757536
ar_order,768,lpc,MJEnPs-553-484336-261033-237079-274170-257745-343308,2.0453284,4.731988425667103,42.98394999932498
ar_order,768,nn,MJEnPs-553-484336-261033-237079-274170-257745-343308,-5.1203737,4.729238468714506,382.0828499738127
ar_order,768,lpc,oK9Hxs-550-7708-104867-460359-299323-420765-264795,7.0653486,4.730304422130594,46.46094999043271
ar_order,768,nn,oK9Hxs-550-7708-104867-460359-299323-420765-264795,5.1446524,4.730064607537898,387.21640000585467
ar_order,768,lpc,ItvEYp-187-347380-151331-160943-343502-92870-286732,0.16637437,4.703398644171246,45.986899989657104
ar_order,768,nn,ItvEYp-187-347380-151331-160943-343502-92870-286732,-0.21354558,4.706719792746478,411.9738000445068
ar_order,1024,lpc,9f3Qjw-657-129013-78427-348770-228203-60643-7188,-0.06325573,4.724974085710363,57.12245008908212
ar_order,1024,nn,9f3Qjw-657-129013-78427-348770-228203-60643-7188,-0.24204192,4.725265183714297,397.33319997321814
ar_order,1024,lpc,i0Ocoe-610-395609-211084-211212-108056-187519-202035,5.6178026,4.690534650280009,59.67630003578961
ar_order,1024,nn,i0Ocoe-610-395609-211084-211212-108056-187519-202035,-7.2456503,4.527142880609626,455.1063999533653
ar_order,1024,lpc,Th8NDe-613-23535-495997-395609-270487-329331-383770,3.7894545,4.66282749161571,55.418799980543554
ar_order,1024,nn,Th8NDe-613-23535-495997-395609-270487-329331-383770,-2.9044728,4.62860146610085,386.4054000005126
ar_order,1024,lpc,ui9aDp-122-292323-379538-386883-287427-306759-88721,0.35011226,4.709223982667105,56.31770001491532
ar_order,1024,nn,ui9aDp-122-292323-379538-386883-287427-306759-88721,-2.232172,4.729242845845086,395.5629499978386
ar_order,1024,lpc,DLZvmp-426-78108-128329-469130-165684-261033-84004,5.067578,4.732099262048644,57.9724000999704
ar_order,1024,nn,DLZvmp-426-78108-128329-469130-165684-261033-84004,0.7743979,4.731980542355611,384.5475499983877
ar_order,1024,lpc,amZyRf-444-7708-476924-468905-275802-405424-380077,0.27709794,4.719835507119024,59.278399974573404
ar_order,1024,nn,amZyRf-444-7708-476924-468905-275802-405424-380077,-0.7312566,4.728076027695101,395.3203999553807
ar_order,1024,lpc,ofs2Us-561-469223-161307-229618-187519-295308-129107,2.3357818,4.730122284827769,59.36314997961745
ar_order,1024,nn,ofs2Us-561-469223-161307-229618-187519-295308-129107,-2.4230437,4.714085539338073,428.24975005351007
ar_order,1024,lpc,nQsrxi-500-35788-354893-151331-437270-461984-276516,0.062891595,4.710374772858179,60.69419998675585
ar_order,1024,nn,nQsrxi-500-35788-354893-151331-437270-461984-276516,-1.6453804,4.728037698936973,397.8026000550017
ar_order,1024,lpc,YuwChp-152-8651-147603-379354-29563-62919-345238,-6.290336e-05,4.732100990779658,58.22070001158863
ar_order,1024,nn,YuwChp-152-8651-147603-379354-29563-62919-345238,-0.22396773,4.732100971586041,417.03814995707944
ar_order,1024,lpc,fiBRvp-155-14754-379538-407950-108056-495971-270302,0.46632612,4.7307897461405535,61.54375005280599
ar_order,1024,nn,fiBRvp-155-14754-379538-407950-108056-495971-270302,-0.20607404,4.730801958915993,395.8552500116639
ar_order,1024,lpc,rpdA0p-089-193291-347380-224170-426805-310105-489070,2.1781528,4.683887933920651,62.32379999710247
ar_order,1024,nn,rpdA0p-089-193291-347380-224170-426805-310105-489070,1.8129255,4.68340455459737,399.5179499615915
ar_order,1024,lpc,JCRPTw-618-129107-479691-343332-355104-157595-129013,-0.38591003,4.6848669263960865,57.88815004052594
ar_order,1024,nn,JCRPTw-618-129107-479691-343332-355104-157595-129013,-0.3789494,4.685189777101375,411.6917499923147
ar_order,1024,lpc,DfzVIp-175-379354-103913-25062-384031-343308-295308,0.23718087,4.691885712031845,60.54485001368448
ar_order,1024,nn,DfzVIp-175-379354-103913-25062-384031-343308-295308,0.30633813,4.693342854162813,393.17730005132034
ar_order,1024,lpc,PBDVAf-465-366971-117533-197606-160943-60681-25579,7.9200697,4.697265849251714,59.72765001934022
ar_order,1024,nn,PBDVAf-465-366971-117533-197606-160943-60681-25579,0.83323395,4.685941748330743,406.52655001031235
ar_order,1024,lpc,BNXFqp-404-184495-450557-10737-129636-497448-379538,-0.14276458,4.69440611386655,57.40104999858886
ar_order,1024,nn,BNXFqp-404-184495-450557-10737-129636-497448-379538,-1.0570924,4.706922318096895,394.4170499453321
ar_order,1024,lpc,f2JFMw-634-136860-113105-22031-310105-248646-32125,0.09669611,4.7290962367204195,58.357550005894154
ar_order,1024,nn,f2JFMw-634-136860-113105-22031-310105-248646-32125,-0.32329962,4.729268289094959,399.23779998207465
ar_order,1024,lpc,cedJli-522-192385-152140-262731-156368-123704-333757,0.25839204,4.399811988294422,62.96404998283833
ar_order,1024,nn,cedJli-522-192385-152140-262731-156368-123704-333757,-6.849325,2.896402866628234,514.2283000168391
ar_order,1024,lpc,Q4PCSi-506-317415-237079-78108-78427-235375-285778,6.604583,3.992589756699875,80.15910000540316
ar_order,1024,nn,Q4PCSi-506-317415-237079-78108-78427-235375-285778,-5.77089,3.0906678659840328,458.51690002018586
ar_order,1024,lpc,CrjLKf-468-374393-49022-14754-240504-316080-236920,1.5415753,4.728542187731067,69.43760003196076
ar_order,1024,nn,CrjLKf-468-374393-49022-14754-240504-316080-236920,-1.6340413,4.725414484753552,453.1528999796137
ar_order,1024,lpc,m5rDOp-062-377273-156368-185152-188815-186260-486330,7.113491,4.7321011329304055,61.0795000102371
ar_order,1024,nn,m5rDOp-062-377273-156368-185152-188815-186260-486330,7.972116,4.732101197523757,400.0450000166893
ar_order,1024,lpc,0mk6rp-310-146145-90733-51581-27791-50416-437215,-0.0049200845,4.731993354609749,58.14624996855855
ar_order,1024,nn,0mk6rp-310-146145-90733-51581-27791-50416-437215,-0.021995518,4.73199447201185,390.5115000088699
ar_order,1024,lpc,fS0Vwp-324-274170-461984-129889-218396-366126-128329,4.645535,4.648239894531572,85.15455009182915
ar_order,1024,nn,fS0Vwp-324-274170-461984-129889-218396-366126-128329,11.31078,4.710664123247463,405.59525007847697
ar_order,1024,lpc,0Rve0i-524-469450-332402-376902-283921-64116-240504,0.14881356,4.343914860923904,55.112549976911396
ar_order,1024,nn,0Rve0i-524-469450-332402-376902-283921-64116-240504,-4.780758,4.140053038193702,397.7858999860473
ar_order,1024,lpc,fZg66p-070-68221-216978-377273-239730-53784-3467,0.08383022,4.73210125303451,62.065200007054955
ar_order,1024,nn,fZg66p-070-68221-216978-377273-239730-53784-3467,-14.436847,4.732101242886165,397.2333000274375
ar_order,1024,lpc,Aal0cp-183-209061-91230-492922-2757-317191-461984,3.498323,4.648348574501041,55.747599981259555
ar_order,1024,nn,Aal0cp-183-209061-91230-492922-2757-317191-461984,3.5365436,4.645409267133836,404.17190006701276
ar_order,1024,lpc,m8mjCs-533-485468-283456-486330-442126-2757-12865,-0.21101162,4.730382297301963,54.85514999600127
ar_order,1024,nn,m8mjCs-533-485468-283456-486330-442126-2757-12865,0.35337555,4.729859754506721,449.2298000259325
ar_order,1024,lpc,jM2z5p-212-362995-350336-202035-87506-239730-207508,-2.8047135,4.732101252812024,86.8447000393644
ar_order,1024,nn,jM2z5p-212-362995-350336-202035-87506-239730-207508,-1.5671867,4.732101253021318,407.34899998642504
ar_order,1024,lpc,Paqf1p-119-254913-443221-90733-163645-32125-188815,2.9287796,4.674920674609064,59.18744998052716
ar_order,1024,nn,Paqf1p-119-254913-443221-90733-163645-32125-188815,2.5289633,4.697628148285702,399.82220000820234
ar_order,1024,lpc,87hwjf-487-426805-60643-437215-160943-182650-407728,0.3535173,4.670602307785037,58.54830000316724
ar_order,1024,nn,87hwjf-487-426805-60643-437215-160943-182650-407728,-2.1592708,4.722478436423361,404.7823500004597
ar_order,1024,lpc,kDEiGp-268-254920-474864-52991-170820-165168-328121,0.0,4.7092364632614006,59.75564999971539
ar_order,1024,nn,kDEiGp-268-254920-474864-52991-170820-165168-328121,-4.2453194e-05,4.709236228777396,402.1862000809051
ar_order,1024,lpc,Mtnx5i-515-495971-279778-348676-11995-306560-418034,0.0029898353,4.63817917853221,58.09659993974492
ar_order,1024,nn,Mtnx5i-515-495971-279778-348676-11995-306560-418034,0.008112846,4.63887360243163,428.9192999713123
ar_order,1024,lpc,3EBeof-459-212842-454791-192385-495971-180085-113105,-0.1665476,4.705289623477963,58.3117000060156
ar_order,1024,nn,3EBeof-459-212842-454791-192385-495971-180085-113105,-0.3560486,4.706758074246283,396.93640009500086
ar_order,1024,lpc,7j8l2a-034-50416-4800-287427-123375-143976-264357,5.3458414,4.70526855406454,60.29960000887513
ar_order,1024,nn,7j8l2a-034-50416-4800-287427-123375-143976-264357,-3.2652524,4.579468160208874,385.84129995433614
ar_order,1024,lpc,9Mkadp-302-273892-209608-109841-324591-494783-498752,0.35608366,4.661955947604296,54.307700018398464
ar_order,1024,nn,9Mkadp-302-273892-209608-109841-324591-494783-498752,0.7467503,4.6719721948450275,432.54315003287047
ar_order,1024,lpc,u3JmNp-105-377036-373629-177809-287789-419538-221798,5.418446,4.729970351343956,60.47354999464005
ar_order,1024,nn,u3JmNp-105-377036-373629-177809-287789-419538-221798,-4.43376,4.641300403557551,400.41614999063313
ar_order,1024,lpc,PiKSIp-112-109021-465867-125189-123174-211212-334242,6.9702854,4.726197965569211,61.2956999684684
ar_order,1024,nn,PiKSIp-112-109021-465867-125189-123174-211212-334242,2.3656101,4.700385016488326,432.68635001732036
ar_order,1024,lpc,9a98Kf-464-298969-472051-292323-179462-78575-496080,0.23145396,4.319335811984811,57.754550012759864
ar_order,1024,nn,9a98Kf-464-298969-472051-292323-179462-78575-496080,-0.57517594,4.491069709660598,409.9123500054702
ar_order,1024,lpc,vAlA7f-458-390385-16661-177809-112031-325632-365075,1.6477655,4.731772506451574,56.17995001375675
ar_order,1024,nn,vAlA7f-458-390385-16661-177809-112031-325632-365075,1.9319105,4.731943722007157,403.87844998622313
ar_order,1024,lpc,U5aQJe-592-437270-129013-295308-406364-103913-497087,4.5778975,4.706312719837536,56.50454998249188
ar_order,1024,nn,U5aQJe-592-437270-129013-295308-406364-103913-497087,2.824615,4.732097482308353,406.5734500181861
ar_order,1024,lpc,HxFzMp-357-24999-343332-90733-489807-316694-345238,6.106403,4.655487867775355,55.35834998590872
ar_order,1024,nn,HxFzMp-357-24999-343332-90733-489807-316694-345238,2.163134,4.653308905894486,400.4649999551475
ar_order,1024,lpc,9kbanp-261-50416-108056-469001-231167-334074-209061,3.8566253,4.726651956955541,59.51150000328198
ar_order,1024,nn,9kbanp-261-50416-108056-469001-231167-334074-209061,-1.482878,4.665726824310331,448.11995001509786
ar_order,1024,lpc,rqqrUf-476-372299-90733-207508-318838-254913-53278,0.6610504,4.731105460748964,55.85360003169626
ar_order,1024,nn,rqqrUf-476-372299-90733-207508-318838-254913-53278,0.535132,4.731666472552744,391.33464999031276
ar_order,1024,lpc,ie6iSp-097-407790-253414-334074-464643-167361-80351,3.521004,4.7283504512344185,59.81414997950196
ar_order,1024,nn,ie6iSp-097-407790-253414-334074-464643-167361-80351,2.5262568,4.727200543988255,400.47025005333126
ar_order,1024,lpc,FiS63i-513-129107-287427-185152-454791-121010-285778,0.024578935,4.194278961068116,60.46549999155104
ar_order,1024,nn,FiS63i-513-129107-287427-185152-454791-121010-285778,-1.3891989,4.388789070545489,398.9835499669425
ar_order,1024,lpc,BBcZPi-501-456735-480197-495997-497448-326140-134118,0.045676522,4.713366588206334,59.82455000048503
ar_order,1024,nn,BBcZPi-501-456735-480197-495997-497448-326140-134118,-0.09579479,4.721735908633699,388.37964995764196
ar_order,1024,lpc,5OQdwp-063-348077-460359-16661-112031-224170-197606,4.8799725,4.720807019492158,59.07179997302592
ar_order,1024,nn,5OQdwp-063-348077-460359-16661-112031-224170-197606,0.5632098,4.7204255131522785,425.2950999652967
ar_order,1024,lpc,riuiap-287-319764-286732-35325-55646-391852-1246,0.42994854,4.606630780921475,62.4907499877736
ar_order,1024,nn,riuiap-287-319764-286732-35325-55646-391852-1246,0.43664098,4.606614353687494,401.99425001628697
ar_order,1024,lpc,6TUCvp-352-108130-78807-55646-250174-386302-414547,0.07040605,4.4321565160653895,57.252250087913126
ar_order,1024,nn,6TUCvp-352-108130-78807-55646-250174-386302-414547,1.2691286,4.4690198648704875,396.8708000611514
ar_order,1024,lpc,KIklei-503-156368-5054-151331-161307-380077-177809,-0.008200906,4.39111451955152,58.35919996025041
ar_order,1024,nn,KIklei-503-156368-5054-151331-161307-380077-177809,0.10466586,4.423401021531616,396.19559998391196
ar_order,1024,lpc,zVlcap-263-274542-472051-376372-248785-476225-35325,0.26270705,4.732100997286258,61.30674999440089
ar_order,1024,nn,zVlcap-263-274542-472051-376372-248785-476225-35325,-6.5246863,4.732101253021565,411.9566999725066
ar_order,1024,lpc,BLAVyp-401-374393-353502-276516-464643-247007-280816,7.71395e-05,4.712889048641049,59.33259997982532
ar_order,1024,nn,BLAVyp-401-374393-353502-276516-464643-247007-280816,0.00071077055,4.7128896549392465,398.27549998881295
ar_order,1024,lpc,5Lu6ui-514-135410-151381-124082-173176-644-324310,-0.04087988,4.5873431326828875,51.20044999057427
ar_order,1024,nn,5Lu6ui-514-135410-151381-124082-173176-644-324310,0.0128643755,4.587635996089684,409.4875499722548
ar_order,1024,lpc,lzFhsp-134-377273-280816-60681-369034-268009-11995,6.0409784,4.7126641275307986,57.18849995173514
ar_order,1024,nn,lzFhsp-134-377273-280816-60681-369034-268009-11995,2.0736744,4.682251579822926,395.3912500292063
ar_order,1024,lpc,nSu3Cp-366-41411-362672-285778-222370-421926-202035,6.3991203,4.722708296131522,64.82845003483817
ar_order,1024,nn,nSu3Cp-366-41411-362672-285778-222370-421926-202035,3.8553822,4.7229750404656805,404.5511999865994
ar_order,1024,lpc,cUyODs-564-324456-286869-479691-123056-485468-274323,3.4810808,4.73042017937656,60.705100011546165
ar_order,1024,nn,cUyODs-564-324456-286869-479691-123056-485468-274323,3.4833515,4.730360087595426,401.7710500047542
ar_order,1024,lpc,TkK5fp-380-229618-476225-311495-339484-11995-7708,5.6162157,4.730330757333748,54.832749941851944
ar_order,1024,nn,TkK5fp-380-229618-476225-311495-339484-11995-7708,5.3633046,4.730619989025323,421.72319995006546
ar_order,1024,lpc,AHwsQs-538-108297-304214-140209-237079-426805-448869,-0.4119459,4.732101209065368,56.48064997512847
ar_order,1024,nn,AHwsQs-538-108297-304214-140209-237079-426805-448869,-0.25064585,4.732101224442941,395.61970002250746
ar_order,1024,lpc,RkoxIi-499-395609-17243-276516-68344-191485-476225,0.021012498,4.7168833507095,59.18989999918267
ar_order,1024,nn,RkoxIi-499-395609-17243-276516-68344-191485-476225,-0.10709926,4.717725895516278,393.0215999716893
ar_order,1024,lpc,YLEXwp-335-240298-183720-447487-129636-202035-44660,0.12692127,4.727420012664647,59.29090006975457
ar_order,1024,nn,YLEXwp-335-240298-183720-447487-129636-202035-44660,0.08118824,4.727500816115281,397.89400005247444
ar_order,1024,lpc,rn9v1e-583-369034-383770-175927-399756-390385-383479,3.9447842,4.644987062390696,57.18075000913814
ar_order,1024,nn,rn9v1e-583-369034-383770-175927-399756-390385-383479,4.3285336,4.682648797436384,391.15324994781986
ar_order,1024,lpc,SSYQ1w-650-275802-13671-144360-112336-104867-157595,1.0228844,4.7311411306685205,56.45249999361113
ar_order,1024,nn,SSYQ1w-650-275802-13671-144360-112336-104867-157595,0.26024926,4.731800161220555,395.03010001499206
ar_order,1024,lpc,4fsgkp-253-311495-209061-229618-287427-276516-38459,4.600876,4.726979285576826,57.152949972078204
ar_order,1024,nn,4fsgkp-253-311495-209061-229618-287427-276516-38459,-3.0546486,4.697624100608371,448.34149995585904
ar_order,1024,lpc,44Zbvs-567-179462-358526-13671-355104-116061-343332,2.9283185,4.731451330672893,57.328500028233975
ar_order,1024,nn,44Zbvs-567-179462-358526-13671-355104-116061-343332,-6.214574,4.696580759112445,413.45195000758395
ar_order,1024,lpc,cmHjrf-493-348077-309854-224170-458554-202179-472051,1.1108803,4.6967430531548136,59.12264995276928
ar_order,1024,nn,cmHjrf-493-348077-309854-224170-458554-202179-472051,-0.2226591,4.70455381832239,413.54385000886396
ar_order,1024,lpc,zQSXvp-215-498788-407950-152419-25062-51581-3467,3.123558,4.714709618030363,59.30184997851029
ar_order,1024,nn,zQSXvp-215-498788-407950-152419-25062-51581-3467,2.3922997,4.727931551219463,393.151750031393
ar_order,1024,lpc,l3Lvae-611-211084-218396-212842-198509-334833-311379,6.5246463,4.682414854985105,56.004650017712265
ar_order,1024,nn,l3Lvae-611-211084-218396-212842-198509-334833-311379,-1.4440466,4.613107690613851,397.15455000987276
ar_order,1024,lpc,LIJKja-026-447487-148409-188815-38506-78427-479691,1.753094,4.7151661279640535,59.64659998426214
ar_order,1024,nn,LIJKja-026-447487-148409-188815-38506-78427-479691,-4.1438093,4.657594463072469,435.8578500105068
ar_order,1024,lpc,tztd5w-640-23535-348077-410307-64116-151381-134118,-0.6591402,4.732101250541493,57.05910001415759
ar_order,1024,nn,tztd5w-640-23535-348077-410307-64116-151381-134118,-2.212367,4.732101252912232,403.25380000285804
ar_order,1024,lpc,TypO9p-362-82313-390793-365346-50416-310105-275395,5.3117094,4.693943024267433,53.72924997936934
ar_order,1024,nn,TypO9p-362-82313-390793-365346-50416-310105-275395,8.536683,4.7135400854520455,400.5592500907369
ar_order,1024,lpc,3hvoVa-051-2307-202921-218396-175927-14787-464643,3.4158752,4.676735227326958,60.10225001955405
ar_order,1024,nn,3hvoVa-051-2307-202921-218396-175927-14787-464643,-1.1425282,4.640930656548244,435.29439996927977
ar_order,1024,lpc,9hvMUf-482-498788-113105-17243-63022-21827-338584,0.026203848,4.6605099800440914,67.55710003199056
ar_order,1024,nn,9hvMUf-482-498788-113105-17243-63022-21827-338584,-0.90000296,4.679542965920455,495.6533499644138
ar_order,1024,lpc,lDN6of-450-91840-427818-353502-327883-210172-489807,2.1934981,4.679723341440143,58.509499998763204
ar_order,1024,nn,lDN6of-450-91840-427818-353502-327883-210172-489807,-0.9239199,4.720201593771925,432.79860005714
ar_order,1024,lpc,8b8sWp-275-88756-348733-183720-134118-226233-129107,8.925719,4.732076407051052,55.601649975869805
ar_order,1024,nn,8b8sWp-275-88756-348733-183720-134118-226233-129107,3.0406852,4.7313031787492985,395.0341499876231
ar_order,1024,lpc,noHubp-343-163645-17243-410906-219243-161307-221798,0.27596754,4.6341225786147575,55.573750054463744
ar_order,1024,nn,noHubp-343-163645-17243-410906-219243-161307-221798,0.49106514,4.639812958972284,408.8808000087738
ar_order,1024,lpc,G50hup-092-363552-123056-229618-481410-299323-332402,0.045766175,4.732094005532657,57.970900030341
ar_order,1024,nn,G50hup-092-363552-123056-229618-481410-299323-332402,-1.9452466,4.73209885476011,395.91380005003884
ar_order,1024,lpc,FPRIpe-578-474864-126584-425422-304828-148409-10737,5.986459,4.70564506926768,55.78529997728765
ar_order,1024,nn,FPRIpe-578-474864-126584-425422-304828-148409-10737,-5.879137,4.4915078281525,401.990249985829
ar_order,1024,lpc,1zDUvp-298-108297-119460-56896-348770-68221-98443,4.431533,4.729153113153027,61.193250003270805
ar_order,1024,nn,1zDUvp-298-108297-119460-56896-348770-68221-98443,7.97462,4.731957185072401,438.2772500393912
ar_order,1024,lpc,WVKBPa-017-469001-13769-309009-430207-5054-14754,4.824434,4.718653858196335,59.87890000687912
ar_order,1024,nn,WVKBPa-017-469001-13769-309009-430207-5054-14754,4.2440286,4.731404824312609,385.60595002491027
ar_order,1024,lpc,fdXdMp-313-165684-111916-348770-380077-145384-347380,0.26964307,4.732101253042352,56.18154996773228
ar_order,1024,nn,fdXdMp-313-165684-111916-348770-380077-145384-347380,-17.350761,4.7321012530339335,401.52309997938573
ar_order,1024,lpc,rkSMcp-349-162269-339484-74769-12865-363552-41411,0.62089705,4.546056493320422,59.017400024458766
ar_order,1024,nn,rkSMcp-349-162269-339484-74769-12865-363552-41411,0.2981281,4.583130765100419,402.02775003854185
ar_order,1024,lpc,avuTLe-585-474206-355130-317191-361413-333474-248785,0.47061926,4.697658921776357,58.29329998232424
ar_order,1024,nn,avuTLe-585-474206-355130-317191-361413-333474-248785,-5.414014,4.552185599475981,395.7841999363154
ar_order,1024,lpc,1Q0zzp-067-496080-227228-300626-311379-247007-1214,6.6998334,4.723498512067881,59.30665007326752
ar_order,1024,nn,1Q0zzp-067-496080-227228-300626-311379-247007-1214,5.1302576,4.723121869176223,424.69634994631633
ar_order,1024,lpc,k2rvsa-021-181149-117176-94351-2985-340579-209061,1.9970539,4.7316890607402655,61.58715003402904
ar_order,1024,nn,k2rvsa-021-181149-117176-94351-2985-340579-209061,-0.91770715,4.731811701869946,395.390999969095
ar_order,1024,lpc,DmpOYi-525-91230-450251-209608-292323-92870-38506,0.36165866,4.603101904492647,60.01720001222566
ar_order,1024,nn,DmpOYi-525-91230-450251-209608-292323-92870-38506,-11.181922,3.0498976403460802,412.906399986241
ar_order,1024,lpc,cZ9D6w-670-134118-41411-423587-125189-84055-98443,-0.2915564,4.72598380584615,56.5000000060536
ar_order,1024,nn,cZ9D6w-670-134118-41411-423587-125189-84055-98443,-0.51183766,4.726835377240159,399.3454499868676
ar_order,1024,lpc,wD39yw-617-350336-91230-365075-384274-339484-27577,0.7266878,4.538722372765514,58.36304998956621
ar_order,1024,nn,wD39yw-617-350336-91230-365075-384274-339484-27577,0.7277725,4.555600101968283,399.55730008659884
ar_order,1024,lpc,jFujMp-258-2985-422977-276516-270302-316694-390385,7.953803,4.731626851206516,59.736749972216785
ar_order,1024,nn,jFujMp-258-2985-422977-276516-270302-316694-390385,5.1758437,4.731574595483332,407.7352499589324
ar_order,1024,lpc,ainjFp-098-145384-88756-289593-274542-488804-292564,2.8583076,4.7040348815847555,58.074550004675984
ar_order,1024,nn,ainjFp-098-145384-88756-289593-274542-488804-292564,2.9705646,4.705299247777772,395.27865004492924
ar_order,1024,lpc,rllgnp-282-21827-2985-183720-67455-409746-330730,-0.010355334,4.732100625672767,58.35200002184138
ar_order,1024,nn,rllgnp-282-21827-2985-183720-67455-409746-330730,-0.100526884,4.732100648897621,417.572750011459
ar_order,1024,lpc,ck2Uxp-081-495997-135873-82313-377039-373629-268363,3.3108878,4.732026699710321,58.61205002292991
ar_order,1024,nn,ck2Uxp-081-495997-135873-82313-377039-373629-268363,3.605578,4.732032530048405,381.10145000973716
ar_order,1024,lpc,jhRr0p-088-489070-351855-386883-172725-333766-16976,1.4944973,4.731789716143341,56.70499999541789
ar_order,1024,nn,jhRr0p-088-489070-351855-386883-172725-333766-16976,1.8688483,4.7318241457261285,396.6495999484323
ar_order,1024,lpc,oRqMra-058-167772-480197-43889-36331-135873-265166,3.6433375,4.732040048062904,57.600049942266196
ar_order,1024,nn,oRqMra-058-167772-480197-43889-36331-135873-265166,-6.4018874,4.730560907143299,413.31375000299886
ar_order,1024,lpc,d4LtRw-656-379354-74769-192385-202921-93885-62534,0.04285948,4.732100891822091,59.77584997890517
ar_order,1024,nn,d4LtRw-656-379354-74769-192385-202921-93885-62534,-0.64282525,4.732101030079535,412.15434996411204
ar_order,1024,lpc,tXap2p-281-298969-9753-281965-457067-162269-329331,6.3821115,4.72912291212435,58.570649998728186
ar_order,1024,nn,tXap2p-281-298969-9753-281965-457067-162269-329331,-1.2579547,4.67366928067473,367.35915002645925
ar_order,1024,lpc,IIhdup-184-282845-322947-195637-315211-10737-386302,3.5140877,4.564907080393546,49.849400005768985
ar_order,1024,nn,IIhdup-184-282845-322947-195637-315211-10737-386302,2.6912572,4.571705807691547,461.84109995374456
ar_order,1024,lpc,Q1VJ4p-396-67099-191485-442126-324310-384031-392966,16.189138,4.732101226873903,58.704799972474575
ar_order,1024,nn,Q1VJ4p-396-67099-191485-442126-324310-384031-392966,1.1246629,4.732101175364521,450.2603500150144
ar_order,1024,lpc,IJqofi-526-68304-236920-183720-152419-94351-316080,-0.0090980865,4.567674288880392,50.627099990379065
ar_order,1024,nn,IJqofi-526-68304-236920-183720-152419-94351-316080,-5.6707115,4.233231597416639,404.8759000143036
ar_order,1024,lpc,MJEnPs-553-484336-261033-237079-274170-257745-343308,2.5218751,4.731947219299563,55.1219999906607
ar_order,1024,nn,MJEnPs-553-484336-261033-237079-274170-257745-343308,-5.0755806,4.729513564941827,359.16305001592264
ar_order,1024,lpc,oK9Hxs-550-7708-104867-460359-299323-420765-264795,6.5717554,4.730166297829758,50.25184998521581
ar_order,1024,nn,oK9Hxs-550-7708-104867-460359-299323-420765-264795,4.544132,4.7299408562229335,335.2250999887474
ar_order,1024,lpc,ItvEYp-187-347380-151331-160943-343502-92870-286732,0.29340637,4.700796747482004,55.86389999371022
ar_order,1024,nn,ItvEYp-187-347380-151331-160943-343502-92870-286732,-0.16887757,4.706791353752619,346.1324499803595
ar_order,1536,lpc,9f3Qjw-657-129013-78427-348770-228203-60643-7188,-0.11125593,4.725042331288554,85.69044998148456
ar_order,1536,nn,9f3Qjw-657-129013-78427-348770-228203-60643-7188,-0.2994486,4.725362975774004,365.97589997109026
ar_order,1536,lpc,i0Ocoe-610-395609-211084-211212-108056-187519-202035,4.6314044,4.669737731555513,87.65169995604083
ar_order,1536,nn,i0Ocoe-610-395609-211084-211212-108056-187519-202035,-6.665226,4.542945663822129,381.08069996815175
ar_order,1536,lpc,Th8NDe-613-23535-495997-395609-270487-329331-383770,2.309441,4.656874835440947,103.32070000004023
ar_order,1536,nn,Th8NDe-613-23535-495997-395609-270487-329331-383770,-2.3871226,4.685417916950881,393.61974998610094
ar_order,1536,lpc,ui9aDp-122-292323-379538-386883-287427-306759-88721,0.46711192,4.709462281696842,78.65144999232143
ar_order,1536,nn,ui9aDp-122-292323-379538-386883-287427-306759-88721,-2.140731,4.729231565121706,388.67260003462434
ar_order,1536,lpc,DLZvmp-426-78108-128329-469130-165684-261033-84004,6.469613,4.732101225683529,80.0010499660857
ar_order,1536,nn,DLZvmp-426-78108-128329-469130-165684-261033-84004,1.7254275,4.7320301397755475,407.484800030943
ar_order,1536,lpc,amZyRf-444-7708-476924-468905-275802-405424-380077,0.794679,4.719337156184128,85.95414995215833
ar_order,1536,nn,amZyRf-444-7708-476924-468905-275802-405424-380077,-0.3014215,4.723941231138207,527.248949976638
ar_order,1536,lpc,ofs2Us-561-469223-161307-229618-187519-295308-129107,2.676539,4.729450628573719,103.09744998812675
ar_order,1536,nn,ofs2Us-561-469223-161307-229618-187519-295308-129107,-1.7991407,4.721944901345333,579.2953500058502
ar_order,1536,lpc,nQsrxi-500-35788-354893-151331-437270-461984-276516,0.051507223,4.710137703247781,93.09164999285713
ar_order,1536,nn,nQsrxi-500-35788-354893-151331-437270-461984-276516,-1.4252137,4.727374298925154,508.10444995295256
ar_order,1536,lpc,YuwChp-152-8651-147603-379354-29563-62919-345238,-0.0007631854,4.73210099078034,90.71659995242953
ar_order,1536,nn,YuwChp-152-8651-147603-379354-29563-62919-345238,-0.20978212,4.732100971069729,485.8294999576174
ar_order,1536,lpc,fiBRvp-155-14754-379538-407950-108056-495971-270302,0.6011156,4.730798658729521,93.93375006038696
ar_order,1536,nn,fiBRvp-155-14754-379538-407950-108056-495971-270302,0.08490465,4.730805182452176,482.6765999896452
ar_order,1536,lpc,rpdA0p-089-193291-347380-224170-426805-310105-489070,2.1842604,4.682217632561684,99.85474997665733
ar_order,1536,nn,rpdA0p-089-193291-347380-224170-426805-310105-489070,1.651962,4.682532018127082,500.7181499968283
ar_order,1536,lpc,JCRPTw-618-129107-479691-343332-355104-157595-129013,-0.24112266,4.6843091375516,109.0156999998726
ar_order,1536,nn,JCRPTw-618-129107-479691-343332-355104-157595-129013,-0.26399848,4.685007125383644,573.9008499658667
ar_order,1536,lpc,DfzVIp-175-379354-103913-25062-384031-343308-295308,0.66626436,4.688511884099843,131.26384996576235
ar_order,1536,nn,DfzVIp-175-379354-103913-25062-384031-343308-295308,0.682577,4.690725224877189,507.31504999566823
ar_order,1536,lpc,PBDVAf-465-366971-117533-197606-160943-60681-25579,5.682378,4.691191888085131,96.65260004112497
ar_order,1536,nn,PBDVAf-465-366971-117533-197606-160943-60681-25579,-0.5963373,4.697084794365258,457.3930999613367
ar_order,1536,lpc,BNXFqp-404-184495-450557-10737-129636-497448-379538,-0.074921034,4.694808840105109,112.0709499809891
ar_order,1536,nn,BNXFqp-404-184495-450557-10737-129636-497448-379538,-1.1838251,4.7099674445684006,454.7822500462644
ar_order,1536,lpc,f2JFMw-634-136860-113105-22031-310105-248646-32125,0.34671888,4.728829790014254,86.39329997822642
ar_order,1536,nn,f2JFMw-634-136860-113105-22031-310105-248646-32125,-0.11050308,4.728927775772576,460.3821499622427
ar_order,1536,lpc,cedJli-522-192385-152140-262731-156368-123704-333757,0.22607878,4.3801856863536,101.83215001598
ar_order,1536,nn,cedJli-522-192385-152140-262731-156368-123704-333757,-6.060882,3.25962960986263,466.6744999703951
ar_order,1536,lpc,Q4PCSi-506-317415-237079-78108-78427-235375-285778,5.205684,3.9259608748483377,96.5967999654822
ar_order,1536,nn,Q4PCSi-506-317415-237079-78108-78427-235375-285778,-5.7897544,3.092478484839665,455.03424998605624
ar_order,1536,lpc,CrjLKf-468-374393-49022-14754-240504-316080-236920,1.6824275,4.728422368195343,101.68144997442141
ar_order,1536,nn,CrjLKf-468-374393-49022-14754-240504-316080-236920,-0.68904394,4.726329373153449,453.7255500908941
ar_order,1536,lpc,m5rDOp-062-377273-156368-185152-188815-186260-486330,7.877087,4.732101121360085,98.41835004044697
ar_order,1536,nn,m5rDOp-062-377273-156368-185152-188815-186260-486330,8.850929,4.732101196952284,452.99249998060986
ar_order,1536,lpc,0mk6rp-310-146145-90733-51581-27791-50416-437215,-0.009304058,4.731993586253227,105.09615001501516
ar_order,1536,nn,0mk6rp-310-146145-90733-51581-27791-50416-437215,-0.052520003,4.731995401505857,442.90764996549115
ar_order,1536,lpc,fS0Vwp-324-274170-461984-129889-218396-366126-128329,3.504007,4.640038925393728,124.65524999424815
ar_order,1536,nn,fS0Vwp-324-274170-461984-129889-218396-366126-128329,8.703246,4.69259518704658,459.1181499999948
ar_order,1536,lpc,0Rve0i-524-469450-332402-376902-283921-64116-240504,0.30810937,4.332511843546641,99.39639997901395
ar_order,1536,nn,0Rve0i-524-469450-332402-376902-283921-64116-240504,-3.7919474,4.461899398206293,492.252100026235
ar_order,1536,lpc,fZg66p-070-68221-216978-377273-239730-53784-3467,0.1421372,4.732101253034553,99.76745001040399
ar_order,1536,nn,fZg66p-070-68221-216978-377273-239730-53784-3467,-14.197298,4.732101243932917,441.54535001143813
ar_order,1536,lpc,Aal0cp-183-209061-91230-492922-2757-317191-461984,3.4635406,4.639472431668709,103.03389996988699
ar_order,1536,nn,Aal0cp-183-209061-91230-492922-2757-317191-461984,3.4375591,4.636854447909883,449.52455000020564
ar_order,1536,lpc,m8mjCs-533-485468-283456-486330-442126-2757-12865,0.21878974,4.729599691321012,103.3910500118509
ar_order,1536,nn,m8mjCs-533-485468-283456-486330-442126-2757-12865,0.6312441,4.729330894119306,451.1147500015795
ar_order,1536,lpc,jM2z5p-212-362995-350336-202035-87506-239730-207508,-3.6655617,4.732101252519579,103.67074998794124
ar_order,1536,nn,jM2z5p-212-362995-350336-202035-87506-239730-207508,-2.1485496,4.7321012529746564,471.70690004713833
ar_order,1536,lpc,Paqf1p-119-254913-443221-90733-163645-32125-188815,3.0740752,4.667204549826289,100.62300000572577
ar_order,1536,nn,Paqf1p-119-254913-443221-90733-163645-32125-188815,2.8119922,4.689415118203909,451.7373500857502
ar_order,1536,lpc,87hwjf-487-426805-60643-437215-160943-182650-407728,0.35030854,4.667381502299433,103.00684999674559
ar_order,1536,nn,87hwjf-487-426805-60643-437215-160943-182650-407728,-2.311579,4.72782035374762,450.3597500734031
ar_order,1536,lpc,kDEiGp-268-254920-474864-52991-170820-165168-328121,-5.177194e-07,4.7092364630864445,93.58314995188266
ar_order,1536,nn,kDEiGp-268-254920-474864-52991-170820-165168-328121,-5.5914054e-05,4.709236218110858,444.7980999830179
ar_order,1536,lpc,Mtnx5i-515-495971-279778-348676-11995-306560-418034,0.0014183194,4.638179992864986,100.06460006115958
ar_order,1536,nn,Mtnx5i-515-495971-279778-348676-11995-306560-418034,0.00019051656,4.63941488375095,445.99439995363355
ar_order,1536,lpc,3EBeof-459-212842-454791-192385-495971-180085-113105,-0.11547241,4.704955650086697,96.92789998371154
ar_order,1536,nn,3EBeof-459-212842-454791-192385-495971-180085-113105,-0.27356955,4.706206002088517,455.72154998080805
ar_order,1536,lpc,7j8l2a-034-50416-4800-287427-123375-143976-264357,3.6402895,4.6983672071020255,105.90890003368258
ar_order,1536,nn,7j8l2a-034-50416-4800-287427-123375-143976-264357,-2.3780057,4.597764369989161,445.9945499547757
ar_order,1536,lpc,9Mkadp-302-273892-209608-109841-324591-494783-498752,0.2451296,4.6603938717936195,98.79194997483864
ar_order,1536,nn,9Mkadp-302-273892-209608-109841-324591-494783-498752,0.70958763,4.669769313878363,447.4601999972947
ar_order,1536,lpc,u3JmNp-105-377036-373629-177809-287789-419538-221798,4.437843,4.7296216238216875,102.6290999725461
ar_order,1536,nn,u3JmNp-105-377036-373629-177809-287789-419538-221798,-4.2719264,4.644670094284352,448.6555999610573
ar_order,1536,lpc,PiKSIp-112-109021-465867-125189-123174-211212-334242,5.5043325,4.724894093050631,102.99909999594092
ar_order,1536,nn,PiKSIp-112-109021-465867-125189-123174-211212-334242,2.2629967,4.699252679397601,458.3355000359006
ar_order,1536,lpc,9a98Kf-464-298969-472051-292323-179462-78575-496080,0.19757919,4.3157059772302535,98.4019500319846
ar_order,1536,nn,9a98Kf-464-298969-472051-292323-179462-78575-496080,-0.3817891,4.459064583438452,441.8775500380434
ar_order,1536,lpc,vAlA7f-458-390385-16661-177809-112031-325632-365075,1.4646752,4.731750156202402,94.1774999955669
ar_order,1536,nn,vAlA7f-458-390385-16661-177809-112031-325632-365075,1.970564,4.731892988449227,443.51249997271225
ar_order,1536,lpc,U5aQJe-592-437270-129013-295308-406364-103913-497087,3.3306825,4.701636942323786,100.60449998127297
ar_order,1536,nn,U5aQJe-592-437270-129013-295308-406364-103913-497087,4.402694,4.724025360160438,441.2515499861911
ar_order,1536,lpc,HxFzMp-357-24999-343332-90733-489807-316694-345238,4.841291,4.645290955330143,101.06915002688766
ar_order,1536,nn,HxFzMp-357-24999-343332-90733-489807-316694-345238,1.4438703,4.650338069265024,490.8878499409184
ar_order,1536,lpc,9kbanp-261-50416-108056-469001-231167-334074-209061,3.247754,4.725498019985649,92.69909997237846
ar_order,1536,nn,9kbanp-261-50416-108056-469001-231167-334074-209061,-0.999527,4.673530289069889,445.81529998686165
ar_order,1536,lpc,rqqrUf-476-372299-90733-207508-318838-254913-53278,0.5072521,4.731087938554765,105.89554999023676
ar_order,1536,nn,rqqrUf-476-372299-90733-207508-318838-254913-53278,0.53726935,4.731445547859115,457.44520000880584
ar_order,1536,lpc,ie6iSp-097-407790-253414-334074-464643-167361-80351,2.8072124,4.727957537998959,95.89774999767542
ar_order,1536,nn,ie6iSp-097-407790-253414-334074-464643-167361-80351,1.578371,4.72704914630457,442.39600002765656
ar_order,1536,lpc,FiS63i-513-129107-287427-185152-454791-121010-285778,0.030702766,4.194396768986806,90.80710000125691
ar_order,1536,nn,FiS63i-513-129107-287427-185152-454791-121010-285778,-1.4595225,4.399028788500091,456.5615000319667
ar_order,1536,lpc,BBcZPi-501-456735-480197-495997-497448-326140-134118,-0.04968599,4.713337010464134,106.27689998364076
ar_order,1536,nn,BBcZPi-501-456735-480197-495997-497448-326140-134118,-0.08423461,4.721408848819374,451.9684999831952
ar_order,1536,lpc,5OQdwp-063-348077-460359-16661-112031-224170-197606,3.027093,4.718179125964553,97.92340005515143
ar_order,1536,nn,5OQdwp-063-348077-460359-16661-112031-224170-197606,-0.97268033,4.724708796882668,472.00870007509366
ar_order,1536,lpc,riuiap-287-319764-286732-35325-55646-391852-1246,0.40118274,4.605265572435606,98.09009998571128
ar_order,1536,nn,riuiap-287-319764-286732-35325-55646-391852-1246,0.3494932,4.605365457513791,458.3449000492692
ar_order,1536,lpc,6TUCvp-352-108130-78807-55646-250174-386302-414547,0.029693525,4.43449421777982,98.18505001021549
ar_order,1536,nn,6TUCvp-352-108130-78807-55646-250174-386302-414547,1.1161982,4.468516843997586,445.56974997976795
ar_order,1536,lpc,KIklei-503-156368-5054-151331-161307-380077-177809,0.065000564,4.386048747811895,96.40039998339489
ar_order,1536,nn,KIklei-503-156368-5054-151331-161307-380077-177809,0.19453576,4.411601426797754,459.67905002180487
ar_order,1536,lpc,zVlcap-263-274542-472051-376372-248785-476225-35325,-1.7038605,4.732101095445813,100.09439999703318
ar_order,1536,nn,zVlcap-263-274542-472051-376372-248785-476225-35325,-8.602261,4.732101094389913,453.28479999443516
ar_order,1536,lpc,BLAVyp-401-374393-353502-276516-464643-247007-280816,-4.2970918e-05,4.7128890518811355,96.9298499985598
ar_order,1536,nn,BLAVyp-401-374393-353502-276516-464643-247007-280816,0.0007014531,4.712889656189754,460.37290000822395
ar_order,1536,lpc,5Lu6ui-514-135410-151381-124082-173176-644-324310,-0.048541646,4.5873239896431475,101.37570003280416
ar_order,1536,nn,5Lu6ui-514-135410-151381-124082-173176-644-324310,0.004067369,4.587668938796517,446.1409999639727
ar_order,1536,lpc,lzFhsp-134-377273-280816-60681-369034-268009-11995,4.6203055,4.709787265922237,94.3081000004895
ar_order,1536,nn,lzFhsp-134-377273-280816-60681-369034-268009-11995,2.1534948,4.691843131265893,477.6124499621801
ar_order,1536,lpc,nSu3Cp-366-41411-362672-285778-222370-421926-202035,4.923168,4.721577947262398,96.62465000292286
ar_order,1536,nn,nSu3Cp-366-41411-362672-285778-222370-421926-202035,2.2369723,4.722323042626234,444.4246499915607
ar_order,1536,lpc,cUyODs-564-324456-286869-479691-123056-485468-274323,1.7353082,4.729925772425445,100.46319995308295
ar_order,1536,nn,cUyODs-564-324456-286869-479691-123056-485468-274323,1.3542757,4.730492944777778,457.0836999337189
ar_order,1536,lpc,TkK5fp-380-229618-476225-311495-339484-11995-7708,4.7506375,4.730180645151227,96.62064997246489
ar_order,1536,nn,TkK5fp-380-229618-476225-311495-339484-11995-7708,4.483424,4.730462058884306,440.9371499787085
ar_order,1536,lpc,AHwsQs-538-108297-304214-140209-237079-426805-448869,-0.52921736,4.732101209872299,94.8614000226371
ar_order,1536,nn,AHwsQs-538-108297-304214-140209-237079-426805-448869,-0.17697176,4.732101225365186,465.64450004370883
ar_order,1536,lpc,RkoxIi-499-395609-17243-276516-68344-191485-476225,0.022045907,4.716825999038527,99.42104999208823
ar_order,1536,nn,RkoxIi-499-395609-17243-276516-68344-191485-476225,-0.107157364,4.717627315918767,444.33779997052625
ar_order,1536,lpc,YLEXwp-335-240298-183720-447487-129636-202035-44660,0.30199963,4.727348810382984,101.7662999802269
ar_order,1536,nn,YLEXwp-335-240298-183720-447487-129636-202035-44660,0.24285126,4.727439626776838,449.04289999976754
ar_order,1536,lpc,rn9v1e-583-369034-383770-175927-399756-390385-383479,3.5078788,4.635123571434635,100.853499956429
ar_order,1536,nn,rn9v1e-583-369034-383770-175927-399756-390385-383479,3.5479221,4.666738105788367,457.94095000019297
ar_order,1536,lpc,SSYQ1w-650-275802-13671-144360-112336-104867-157595,1.289568,4.730733640467562,100.06794997025281
ar_order,1536,nn,SSYQ1w-650-275802-13671-144360-112336-104867-157595,0.42939845,4.73140261850571,463.98564998526126
ar_order,1536,lpc,4fsgkp-253-311495-209061-229618-287427-276516-38459,3.824227,4.726038154187574,94.40290002385154
ar_order,1536,nn,4fsgkp-253-311495-209061-229618-287427-276516-38459,-2.6932287,4.702543249907327,449.6058499789797
ar_order,1536,lpc,44Zbvs-567-179462-358526-13671-355104-116061-343332,4.280265,4.729802495632756,105.64910003449768
ar_order,1536,nn,44Zbvs-567-179462-358526-13671-355104-116061-343332,-5.493216,4.706147481466049,448.9560999791138
ar_order,1536,lpc,cmHjrf-493-348077-309854-224170-458554-202179-472051,0.5968909,4.696487857843313,100.54620000300929
ar_order,1536,nn,cmHjrf-493-348077-309854-224170-458554-202179-472051,-0.10828249,4.7025312207315775,674.5248000370339
ar_order,1536,lpc,zQSXvp-215-498788-407950-152419-25062-51581-3467,2.9859076,4.714649082156448,102.16720000607893
ar_order,1536,nn,zQSXvp-215-498788-407950-152419-25062-51581-3467,2.3359601,4.728084049573388,534.4115999760106
ar_order,1536,lpc,l3Lvae-611-211084-218396-212842-198509-334833-311379,4.4463325,4.671323462471524,98.66840002359822
ar_order,1536,nn,l3Lvae-611-211084-218396-212842-198509-334833-311379,-0.6611255,4.635363410441995,459.42870003636926
ar_order,1536,lpc,LIJKja-026-447487-148409-188815-38506-78427-479691,1.9923201,4.714683968289744,99.66120001627132
ar_order,1536,nn,LIJKja-026-447487-148409-188815-38506-78427-479691,-4.075343,4.649753625386742,472.7120000170544
ar_order,1536,lpc,tztd5w-640-23535-348077-410307-64116-151381-134118,-0.2960653,4.732101250639787,105.55380000732839
ar_order,1536,nn,tztd5w-640-23535-348077-410307-64116-151381-134118,-3.702048,4.732101252725796,447.2764999954961
ar_order,1536,lpc,TypO9p-362-82313-390793-365346-50416-310105-275395,4.234536,4.6903593652325615,92.31129998806864
ar_order,1536,nn,TypO9p-362-82313-390793-365346-50416-310105-275395,5.406726,4.700313146347778,441.3997000665404
ar_order,1536,lpc,3hvoVa-051-2307-202921-218396-175927-14787-464643,2.5607572,4.669670816253573,99.90350005682558
ar_order,1536,nn,3hvoVa-051-2307-202921-218396-175927-14787-464643,-0.32190606,4.6794924673667,484.5455000177026
ar_order,1536,lpc,9hvMUf-482-498788-113105-17243-63022-21827-338584,0.022908095,4.660370422135168,98.7633999902755
ar_order,1536,nn,9hvMUf-482-498788-113105-17243-63022-21827-338584,-0.7299889,4.6766338930179625,459.40814999630675
ar_order,1536,lpc,lDN6of-450-91840-427818-353502-327883-210172-489807,2.3649793,4.6751311177277355,99.55705003812909
ar_order,1536,nn,lDN6of-450-91840-427818-353502-327883-210172-489807,-1.3656992,4.7251494121115485,476.94700001738966
ar_order,1536,lpc,8b8sWp-275-88756-348733-183720-134118-226233-129107,8.210314,4.732035497049104,105.09110003476962
ar_order,1536,nn,8b8sWp-275-88756-348733-183720-134118-226233-129107,3.9846716,4.731729431196131,448.05055001052096
ar_order,1536,lpc,noHubp-343-163645-17243-410906-219243-161307-221798,0.27344283,4.6339739522001455,97.8635000064969
ar_order,1536,nn,noHubp-343-163645-17243-410906-219243-161307-221798,0.32686406,4.638158305596557,554.5948999933898
ar_order,1536,lpc,G50hup-092-363552-123056-229618-481410-299323-332402,0.084162325,4.732094001267994,94.60544999456033
ar_order,1536,nn,G50hup-092-363552-123056-229618-481410-299323-332402,-1.8179204,4.732098457690364,450.2624499727972
ar_order,1536,lpc,FPRIpe-578-474864-126584-425422-304828-148409-10737,4.645211,4.691098675448766,157.5423500034958
ar_order,1536,nn,FPRIpe-578-474864-126584-425422-304828-148409-10737,-5.6266174,4.502095621526408,515.6367000308819
ar_order,1536,lpc,1zDUvp-298-108297-119460-56896-348770-68221-98443,3.653878,4.728822731009683,101.86080005951226
ar_order,1536,nn,1zDUvp-298-108297-119460-56896-348770-68221-98443,8.113374,4.7316722840895,1823.5970999812707
ar_order,1536,lpc,WVKBPa-017-469001-13769-309009-430207-5054-14754,4.5881534,4.716001858961302,134.20884998049587
ar_order,1536,nn,WVKBPa-017-469001-13769-309009-430207-5054-14754,3.878536,4.73032763033155,917.8322499501519
ar_order,1536,lpc,fdXdMp-313-165684-111916-348770-380077-145384-347380,0.16326459,4.732101253042339,135.62195003032684
ar_order,1536,nn,fdXdMp-313-165684-111916-348770-380077-145384-347380,-17.079317,4.732101253034939,582.3091000202112
ar_order,1536,lpc,rkSMcp-349-162269-339484-74769-12865-363552-41411,0.31249237,4.539937816822677,95.3389999922365
ar_order,1536,nn,rkSMcp-349-162269-339484-74769-12865-363552-41411,0.16430809,4.587232218768685,580.3378500277176
ar_order,1536,lpc,avuTLe-585-474206-355130-317191-361413-333474-248785,0.96121,4.694524346251848,100.99725000327453
ar_order,1536,nn,avuTLe-585-474206-355130-317191-361413-333474-248785,-5.2875357,4.55318151855889,481.1586500145495
ar_order,1536,lpc,1Q0zzp-067-496080-227228-300626-311379-247007-1214,5.246117,4.722620966402808,99.08949997043237
ar_order,1536,nn,1Q0zzp-067-496080-227228-300626-311379-247007-1214,3.5948353,4.722413599757617,482.05024999333546
ar_order,1536,lpc,k2rvsa-021-181149-117176-94351-2985-340579-209061,1.4584849,4.731454595357213,104.31359999347478
ar_order,1536,nn,k2rvsa-021-181149-117176-94351-2985-340579-209061,-0.3170029,4.7320734688127875,585.1582000032067
ar_order,1536,lpc,DmpOYi-525-91230-450251-209608-292323-92870-38506,0.48533264,4.589725277343009,91.55499999178573
ar_order,1536,nn,DmpOYi-525-91230-450251-209608-292323-92870-38506,-10.976459,3.0707448929318346,466.11224993830547
ar_order,1536,lpc,cZ9D6w-670-134118-41411-423587-125189-84055-98443,-0.21765439,4.725780625059139,89.05619999859482
ar_order,1536,nn,cZ9D6w-670-134118-41411-423587-125189-84055-98443,-0.4061675,4.7265511885773055,467.0682500000112
ar_order,1536,lpc,wD39yw-617-350336-91230-365075-384274-339484-27577,0.723561,4.5372037815167925,95.10164998937398
ar_order,1536,nn,wD39yw-617-350336-91230-365075-384274-339484-27577,0.8723137,4.548992416250124,493.63414995605126
ar_order,1536,lpc,jFujMp-258-2985-422977-276516-270302-316694-390385,7.190668,4.731391643106365,86.45999996224418
ar_order,1536,nn,jFujMp-258-2985-422977-276516-270302-316694-390385,4.2097616,4.731407179708738,493.2792499894276
ar_order,1536,lpc,ainjFp-098-145384-88756-289593-274542-488804-292564,2.1700373,4.702033342709752,91.38875000644475
ar_order,1536,nn,ainjFp-098-145384-88756-289593-274542-488804-292564,2.2415192,4.703016386467626,476.66290000779554
ar_order,1536,lpc,rllgnp-282-21827-2985-183720-67455-409746-330730,-0.020413427,4.732100628439873,94.67874997062609
ar_order,1536,nn,rllgnp-282-21827-2985-183720-67455-409746-330730,-0.15251906,4.732100662586278,482.5080999871716
ar_order,1536,lpc,ck2Uxp-081-495997-135873-82313-377039-373629-268363,2.699881,4.732016879980929,94.77694996166974
ar_order,1536,nn,ck2Uxp-081-495997-135873-82313-377039-373629-268363,2.7521727,4.7320214066830655,476.4737999648787
ar_order,1536,lpc,jhRr0p-088-489070-351855-386883-172725-333766-16976,1.6746591,4.731742892020373,90.16265004174784
ar_order,1536,nn,jhRr0p-088-489070-351855-386883-172725-333766-16976,1.8761342,4.731762598555722,499.37799997860566
ar_order,1536,lpc,oRqMra-058-167772-480197-43889-36331-135873-265166,2.8493695,4.732012229789054,98.14199997344986
ar_order,1536,nn,oRqMra-058-167772-480197-43889-36331-135873-265166,-6.614454,4.730438492561023,504.2488499893807
ar_order,1536,lpc,d4LtRw-656-379354-74769-192385-202921-93885-62534,0.015169058,4.732100891860052,92.9588500293903
ar_order,1536,nn,d4LtRw-656-379354-74769-192385-202921-93885-62534,-0.7663608,4.732101060341384,476.3191499514505
ar_order,1536,lpc,tXap2p-281-298969-9753-281965-457067-162269-329331,4.818152,4.728534104299958,97.59259998099878
ar_order,1536,nn,tXap2p-281-298969-9753-281965-457067-162269-329331,-0.69742286,4.68431899907233,550.236200040672
ar_order,1536,lpc,IIhdup-184-282845-322947-195637-315211-10737-386302,2.2786138,4.552413965108778,93.46100006951019
ar_order,1536,nn,IIhdup-184-282845-322947-195637-315211-10737-386302,1.7385538,4.561431689240649,727.8148999903351
ar_order,1536,lpc,Q1VJ4p-396-67099-191485-442126-324310-384031-392966,6.486487,4.7321010818327895,122.2975499695167
ar_order,1536,nn,Q1VJ4p-396-67099-191485-442126-324310-384031-392966,-1.8725133,4.732100771553364,586.0438499948941
ar_order,1536,lpc,IJqofi-526-68304-236920-183720-152419-94351-316080,0.2874082,4.556416165112022,114.77510002441704
ar_order,1536,nn,IJqofi-526-68304-236920-183720-152419-94351-316080,-6.6570654,3.814836755471328,558.39595006546
ar_order,1536,lpc,MJEnPs-553-484336-261033-237079-274170-257745-343308,2.3194108,4.731899104080204,196.28560001729056
ar_order,1536,nn,MJEnPs-553-484336-261033-237079-274170-257745-343308,-4.8522916,4.729943064894933,596.3670999626629
ar_order,1536,lpc,oK9Hxs-550-7708-104867-460359-299323-420765-264795,5.197983,4.72982697861247,114.97824999969453
ar_order,1536,nn,oK9Hxs-550-7708-104867-460359-299323-420765-264795,3.1686642,4.729647790120193,537.8412500140257
ar_order,1536,lpc,ItvEYp-187-347380-151331-160943-343502-92870-286732,0.2886916,4.699879052722659,94.35709996614605
ar_order,1536,nn,ItvEYp-187-347380-151331-160943-343502-92870-286732,-0.12779003,4.707222908826802,468.1937000132166
ar_order,2048,lpc,9f3Qjw-657-129013-78427-348770-228203-60643-7188,-0.08096786,4.725022661303408,134.93960007326677
ar_order,2048,nn,9f3Qjw-657-129013-78427-348770-228203-60643-7188,-0.41644347,4.725394794155312,604.9588500172831
ar_order,2048,lpc,i0Ocoe-610-395609-211084-211212-108056-187519-202035,3.1307044,4.6529035418675715,145.24114999221638
ar_order,2048,nn,i0Ocoe-610-395609-211084-211212-108056-187519-202035,-6.1583953,4.555970876912861,528.2951999688521
ar_order,2048,lpc,Th8NDe-613-23535-495997-395609-270487-329331-383770,1.0694301,4.651538270840919,133.76754999626428
ar_order,2048,nn,Th8NDe-613-23535-495997-395609-270487-329331-383770,-1.7952397,4.716937968382922,552.1806000033394
ar_order,2048,lpc,ui9aDp-122-292323-379538-386883-287427-306759-88721,0.62596726,4.706488891525197,138.82274995557964
ar_order,2048,nn,ui9aDp-122-292323-379538-386883-287427-306759-88721,-1.9140718,4.727957461113471,522.099049994722
ar_order,2048,lpc,DLZvmp-426-78108-128329-469130-165684-261033-84004,7.7569027,4.732098628455044,134.89340001251549
ar_order,2048,nn,DLZvmp-426-78108-128329-469130-165684-261033-84004,3.0168896,4.732071329208079,594.9231999693438
ar_order,2048,lpc,amZyRf-444-7708-476924-468905-275802-405424-380077,0.7446364,4.7185100098883925,137.26664998102933
ar_order,2048,nn,amZyRf-444-7708-476924-468905-275802-405424-380077,0.123528,4.722380269793433,526.166700059548
ar_order,2048,lpc,ofs2Us-561-469223-161307-229618-187519-295308-129107,2.9891815,4.728415125215548,144.25509999273345
ar_order,2048,nn,ofs2Us-561-469223-161307-229618-187519-295308-129107,-0.93595624,4.728654914725906,530.4435000289232
ar_order,2048,lpc,nQsrxi-500-35788-354893-151331-437270-461984-276516,0.034597687,4.710096942769942,166.12519999034703
ar_order,2048,nn,nQsrxi-500-35788-354893-151331-437270-461984-276516,-1.3831276,4.726915026912854,512.8268000553362
ar_order,2048,lpc,YuwChp-152-8651-147603-379354-29563-62919-345238,-0.0016378552,4.732100990780555,134.44739999249578
ar_order,2048,nn,YuwChp-152-8651-147603-379354-29563-62919-345238,-0.19167045,4.732100970454818,518.7956500449218
ar_order,2048,lpc,fiBRvp-155-14754-379538-407950-108056-495971-270302,0.71336114,4.730811038843706,134.59039997542277
ar_order,2048,nn,fiBRvp-155-14754-379538-407950-108056-495971-270302,0.2586296,4.730826396652331,519.9215000029653
ar_order,2048,lpc,rpdA0p-089-193291-347380-224170-426805-310105-489070,2.1621015,4.680727130323494,165.99884995957837
ar_order,2048,nn,rpdA0p-089-193291-347380-224170-426805-310105-489070,1.4580929,4.682006877643678,520.2428000047803
ar_order,2048,lpc,JCRPTw-618-129107-479691-343332-355104-157595-129013,-0.12083522,4.684438063255643,135.9072499908507
ar_order,2048,nn,JCRPTw-618-129107-479691-343332-355104-157595-129013,-0.16282624,4.685563527314743,598.8604999729432
ar_order,2048,lpc,DfzVIp-175-379354-103913-25062-384031-343308-295308,0.91596365,4.687145907658127,140.29595005558804
ar_order,2048,nn,DfzVIp-175-379354-103913-25062-384031-343308-295308,0.8174995,4.689806011267727,522.7745500160381
ar_order,2048,lpc,PBDVAf-465-366971-117533-197606-160943-60681-25579,4.2085986,4.688074851922769,134.9913000012748
ar_order,2048,nn,PBDVAf-465-366971-117533-197606-160943-60681-25579,-0.3616107,4.690649094545956,550.1232499955222
ar_order,2048,lpc,BNXFqp-404-184495-450557-10737-129636-497448-379538,0.030673465,4.695303673396024,135.65585005562752
ar_order,2048,nn,BNXFqp-404-184495-450557-10737-129636-497448-379538,-0.95996803,4.707678855804945,551.6028499696404
ar_order,2048,lpc,f2JFMw-634-136860-113105-22031-310105-248646-32125,0.51527375,4.728696167096857,145.3956500045024
ar_order,2048,nn,f2JFMw-634-136860-113105-22031-310105-248646-32125,0.15824161,4.728694031235685,647.0045499736443
ar_order,2048,lpc,cedJli-522-192385-152140-262731-156368-123704-333757,0.4089356,4.37171070644863,140.0462500168942
ar_order,2048,nn,cedJli-522-192385-152140-262731-156368-123704-333757,-5.111236,3.7045873925427255,520.9878500318155
ar_order,2048,lpc,Q4PCSi-506-317415-237079-78108-78427-235375-285778,3.841011,3.868747535723028,171.07755003962666
ar_order,2048,nn,Q4PCSi-506-317415-237079-78108-78427-235375-285778,-5.4659314,3.1078303408653767,660.7272999826819
ar_order,2048,lpc,CrjLKf-468-374393-49022-14754-240504-316080-236920,0.49461144,4.727998972028278,146.38900000136346
ar_order,2048,nn,CrjLKf-468-374393-49022-14754-240504-316080-236920,-1.1441493,4.728029903026954,532.7993499813601
ar_order,2048,lpc,m5rDOp-062-377273-156368-185152-188815-186260-486330,7.154211,4.732100946690112,135.97195001784712
ar_order,2048,nn,m5rDOp-062-377273-156368-185152-188815-186260-486330,8.892721,4.732101046242793,529.4970999821089
ar_order,2048,lpc,0mk6rp-310-146145-90733-51581-27791-50416-437215,-0.017640566,4.731994033249803,140.1999500230886
ar_order,2048,nn,0mk6rp-310-146145-90733-51581-27791-50416-437215,-0.11277131,4.731995725499042,583.1423500203528
ar_order,2048,lpc,fS0Vwp-324-274170-461984-129889-218396-366126-128329,2.7772207,4.635719836588089,136.11234998097643
ar_order,2048,nn,fS0Vwp-324-274170-461984-129889-218396-366126-128329,6.2217307,4.674631669892454,555.8446999639273
ar_order,2048,lpc,0Rve0i-524-469450-332402-376902-283921-64116-240504,0.5520586,4.321653183715587,140.64914995105937
ar_order,2048,nn,0Rve0i-524-469450-332402-376902-283921-64116-240504,-3.2338643,4.635931862691203,540.6462999526411
ar_order,2048,lpc,fZg66p-070-68221-216978-377273-239730-53784-3467,0.18414232,4.732101253034601,144.08175001153722
ar_order,2048,nn,fZg66p-070-68221-216978-377273-239730-53784-3467,-13.873341,4.732101245194659,507.8595000086352
ar_order,2048,lpc,Aal0cp-183-209061-91230-492922-2757-317191-461984,3.3424256,4.634046581543812,137.8813000046648
ar_order,2048,nn,Aal0cp-183-209061-91230-492922-2757-317191-461984,3.2704911,4.632154640939529,512.4541000113823
ar_order,2048,lpc,m8mjCs-533-485468-283456-486330-442126-2757-12865,0.3720146,4.729292807145702,153.2759999972768
ar_order,2048,nn,m8mjCs-533-485468-283456-486330-442126-2757-12865,0.67928636,4.729209992808807,524.9640999827534
ar_order,2048,lpc,jM2z5p-212-362995-350336-202035-87506-239730-207508,-4.626415,4.732101251978184,137.0523499790579
ar_order,2048,nn,jM2z5p-212-362995-350336-202035-87506-239730-207508,-3.4948049,4.732101252707249,510.42149995919317
ar_order,2048,lpc,Paqf1p-119-254913-443221-90733-163645-32125-188815,2.999268,4.664303150196487,132.46564997825772
ar_order,2048,nn,Paqf1p-119-254913-443221-90733-163645-32125-188815,2.7966287,4.685678192447167,553.7330000661314
ar_order,2048,lpc,87hwjf-487-426805-60643-437215-160943-182650-407728,0.5026104,4.665442005887737,133.27905000187457
ar_order,2048,nn,87hwjf-487-426805-60643-437215-160943-182650-407728,-2.1787963,4.72518617564255,514.9647000362165
ar_order,2048,lpc,kDEiGp-268-254920-474864-52991-170820-165168-328121,-5.177194e-07,4.7092364632824495,133.0098999897018
ar_order,2048,nn,kDEiGp-268-254920-474864-52991-170820-165168-328121,-6.0314724e-05,4.709236211508234,509.93045000359416
ar_order,2048,lpc,Mtnx5i-515-495971-279778-348676-11995-306560-418034,0.0029127477,4.6382260642082205,134.89040004787967
ar_order,2048,nn,Mtnx5i-515-495971-279778-348676-11995-306560-418034,0.0153274415,4.638817327049565,503.4262500121258
ar_order,2048,lpc,3EBeof-459-212842-454791-192385-495971-180085-113105,-0.058565356,4.704810952811755,138.47855001222342
ar_order,2048,nn,3EBeof-459-212842-454791-192385-495971-180085-113105,-0.1670186,4.705785260155959,536.5233000484295
ar_order,2048,lpc,7j8l2a-034-50416-4800-287427-123375-143976-264357,3.1191273,4.695401163159039,134.4668999663554
ar_order,2048,nn,7j8l2a-034-50416-4800-287427-123375-143976-264357,-1.7228122,4.619048740659563,561.5459000691772
ar_order,2048,lpc,9Mkadp-302-273892-209608-109841-324591-494783-498752,0.16307962,4.659518956882138,157.6836000313051
ar_order,2048,nn,9Mkadp-302-273892-209608-109841-324591-494783-498752,0.49015328,4.668977331686945,546.8773000175133
ar_order,2048,lpc,u3JmNp-105-377036-373629-177809-287789-419538-221798,3.7691245,4.729412981075093,136.39484997838736
ar_order,2048,nn,u3JmNp-105-377036-373629-177809-287789-419538-221798,-4.1543818,4.647154545583708,510.4835499660112
ar_order,2048,lpc,PiKSIp-112-109021-465867-125189-123174-211212-334242,4.580526,4.724250536650805,166.1815500119701
ar_order,2048,nn,PiKSIp-112-109021-465867-125189-123174-211212-334242,2.3897307,4.701959427941271,535.3046500240453
ar_order,2048,lpc,9a98Kf-464-298969-472051-292323-179462-78575-496080,0.1919157,4.313166993934059,144.85255000181496
ar_order,2048,nn,9a98Kf-464-298969-472051-292323-179462-78575-496080,-0.30253315,4.444609961361021,522.1595500479452
ar_order,2048,lpc,vAlA7f-458-390385-16661-177809-112031-325632-365075,1.2405853,4.73173039058065,133.85059998836368
ar_order,2048,nn,vAlA7f-458-390385-16661-177809-112031-325632-365075,1.8733537,4.731830043246612,519.0886999480426
ar_order,2048,lpc,U5aQJe-592-437270-129013-295308-406364-103913-497087,2.724433,4.699329970069611,140.40745003148913
ar_order,2048,nn,U5aQJe-592-437270-129013-295308-406364-103913-497087,4.36125,4.714733945457295,553.5224999766797
ar_order,2048,lpc,HxFzMp-357-24999-343332-90733-489807-316694-345238,3.9621964,4.639351897414253,141.00420009344816
ar_order,2048,nn,HxFzMp-357-24999-343332-90733-489807-316694-345238,1.1287384,4.647844112981625,512.4790000263602
ar_order,2048,lpc,9kbanp-261-50416-108056-469001-231167-334074-209061,2.470557,4.724621544183355,134.49844997376204
ar_order,2048,nn,9kbanp-261-50416-108056-469001-231167-334074-209061,-0.43180135,4.681993006699297,517.8043500054628
ar_order,2048,lpc,rqqrUf-476-372299-90733-207508-318838-254913-53278,0.2608007,4.731059113657468,138.07934994110838
ar_order,2048,nn,rqqrUf-476-372299-90733-207508-318838-254913-53278,0.5572858,4.731290889032499,514.2398499883711
ar_order,2048,lpc,ie6iSp-097-407790-253414-334074-464643-167361-80351,2.2913575,4.727743032424855,147.0392500050366
ar_order,2048,nn,ie6iSp-097-407790-253414-334074-464643-167361-80351,1.1318369,4.727041059388732,710.8127999817953
ar_order,2048,lpc,FiS63i-513-129107-287427-185152-454791-121010-285778,-0.00689191,4.194616568702775,185.83744997158647
ar_order,2048,nn,FiS63i-513-129107-287427-185152-454791-121010-285778,-1.2393882,4.3804022114834575,530.5862999521196
ar_order,2048,lpc,BBcZPi-501-456735-480197-495997-497448-326140-134118,-0.039339483,4.713343773337206,137.97524996334687
ar_order,2048,nn,BBcZPi-501-456735-480197-495997-497448-326140-134118,0.092308156,4.721206011922195,512.6063000061549
ar_order,2048,lpc,5OQdwp-063-348077-460359-16661-112031-224170-197606,2.4409313,4.717490168114635,136.84444996761158
ar_order,2048,nn,5OQdwp-063-348077-460359-16661-112031-224170-197606,-1.301544,4.725833428227711,577.2426499752328
ar_order,2048,lpc,riuiap-287-319764-286732-35325-55646-391852-1246,0.42273903,4.604492572432045,135.31804998638108
ar_order,2048,nn,riuiap-287-319764-286732-35325-55646-391852-1246,0.37090388,4.604431461686742,523.4181499690749
ar_order,2048,lpc,6TUCvp-352-108130-78807-55646-250174-386302-414547,0.08470613,4.433608978348039,144.34015000006184
ar_order,2048,nn,6TUCvp-352-108130-78807-55646-250174-386302-414547,0.9269929,4.467464015695459,512.360599997919
ar_order,2048,lpc,KIklei-503-156368-5054-151331-161307-380077-177809,0.13023955,4.382107518578788,136.57864998094738
ar_order,2048,nn,KIklei-503-156368-5054-151331-161307-380077-177809,0.23375201,4.4022498284811284,530.6124000344425
ar_order,2048,lpc,zVlcap-263-274542-472051-376372-248785-476225-35325,-4.545554,4.732101205487215,132.9796500504017
ar_order,2048,nn,zVlcap-263-274542-472051-376372-248785-476225-35325,-9.602058,4.732100830516424,534.027449961286
ar_order,2048,lpc,BLAVyp-401-374393-353502-276516-464643-247007-280816,-0.00013020837,4.712889058324917,133.97844997234643
ar_order,2048,nn,BLAVyp-401-374393-353502-276516-464643-247007-280816,0.00013926427,4.712889569544547,543.2436499395408
ar_order,2048,lpc,5Lu6ui-514-135410-151381-124082-173176-644-324310,-0.038575497,4.5873187602480545,137.67854997422546
ar_order,2048,nn,5Lu6ui-514-135410-151381-124082-173176-644-324310,0.005887137,4.587552196306525,527.7134499629028
ar_order,2048,lpc,lzFhsp-134-377273-280816-60681-369034-268009-11995,3.7624917,4.708313173323846,136.68414996936917
ar_order,2048,nn,lzFhsp-134-377273-280816-60681-369034-268009-11995,2.2610035,4.696975279185459,563.2856499869376
ar_order,2048,lpc,nSu3Cp-366-41411-362672-285778-222370-421926-202035,4.123303,4.72054671607737,216.12965001259
ar_order,2048,nn,nSu3Cp-366-41411-362672-285778-222370-421926-202035,1.4739053,4.722185597724151,531.7041999660432
ar_order,2048,lpc,cUyODs-564-324456-286869-479691-123056-485468-274323,1.4914434,4.729226440910779,136.32499997038394
ar_order,2048,nn,cUyODs-564-324456-286869-479691-123056-485468-274323,1.4329327,4.729563346938447,531.9478000164963
ar_order,2048,lpc,TkK5fp-380-229618-476225-311495-339484-11995-7708,3.884621,4.730021398990937,137.8823000122793
ar_order,2048,nn,TkK5fp-380-229618-476225-311495-339484-11995-7708,3.6594012,4.73025578668201,590.1371500222012
ar_order,2048,lpc,AHwsQs-538-108297-304214-140209-237079-426805-448869,-0.6753821,4.7321012116626715,134.22690000152215
ar_order,2048,nn,AHwsQs-538-108297-304214-140209-237079-426805-448869,-0.48587668,4.732101225972258,518.9608999644406
ar_order,2048,lpc,RkoxIi-499-395609-17243-276516-68344-191485-476225,0.017612774,4.716773987531218,136.17585005704314
ar_order,2048,nn,RkoxIi-499-395609-17243-276516-68344-191485-476225,-0.085582174,4.717525705751132,522.0421999692917
ar_order,2048,lpc,YLEXwp-335-240298-183720-447487-129636-202035-44660,0.3345987,4.727382947829266,132.86070001777261
ar_order,2048,nn,YLEXwp-335-240298-183720-447487-129636-202035-44660,0.29988915,4.727452789771578,507.901250035502
ar_order,2048,lpc,rn9v1e-583-369034-383770-175927-399756-390385-383479,2.958662,4.627298356209218,133.49169999128208
ar_order,2048,nn,rn9v1e-583-369034-383770-175927-399756-390385-383479,2.7876065,4.6536116207500005,549.3417500401847
ar_order,2048,lpc,SSYQ1w-650-275802-13671-144360-112336-104867-157595,1.5239484,4.730295518630445,146.53490000637248
ar_order,2048,nn,SSYQ1w-650-275802-13671-144360-112336-104867-157595,0.7710916,4.73099333501102,515.2562499861233
ar_order,2048,lpc,4fsgkp-253-311495-209061-229618-287427-276516-38459,3.1275907,4.725486414908902,182.62974999379367
ar_order,2048,nn,4fsgkp-253-311495-209061-229618-287427-276516-38459,-2.109475,4.709362897324537,545.7798499846831
ar_order,2048,lpc,44Zbvs-567-179462-358526-13671-355104-116061-343332,4.985098,4.729340657622602,134.2447500792332
ar_order,2048,nn,44Zbvs-567-179462-358526-13671-355104-116061-343332,-5.449623,4.707669384639104,525.7472500088625
ar_order,2048,lpc,cmHjrf-493-348077-309854-224170-458554-202179-472051,0.73326653,4.6951066794027145,139.23149998299778
ar_order,2048,nn,cmHjrf-493-348077-309854-224170-458554-202179-472051,0.22929418,4.702118483643494,530.4976499755867
ar_order,2048,lpc,zQSXvp-215-498788-407950-152419-25062-51581-3467,2.7450547,4.714139494191082,138.29734997125342
ar_order,2048,nn,zQSXvp-215-498788-407950-152419-25062-51581-3467,2.675355,4.724912405085766,515.1534500182606
ar_order,2048,lpc,l3Lvae-611-211084-218396-212842-198509-334833-311379,3.0967436,4.6658744088411375,133.31210002070293
ar_order,2048,nn,l3Lvae-611-211084-218396-212842-198509-334833-311379,0.51723206,4.657918290557115,582.6957499957643
ar_order,2048,lpc,LIJKja-026-447487-148409-188815-38506-78427-479691,1.565341,4.71259100629659,132.9204500070773
ar_order,2048,nn,LIJKja-026-447487-148409-188815-38506-78427-479691,-3.8335383,4.656691883186314,525.2007499802858
ar_order,2048,lpc,tztd5w-640-23535-348077-410307-64116-151381-134118,-0.42024326,4.732101250620198,131.4283500541933
ar_order,2048,nn,tztd5w-640-23535-348077-410307-64116-151381-134118,-4.264901,4.732101252037641,520.0812500552274
ar_order,2048,lpc,TypO9p-362-82313-390793-365346-50416-310105-275395,3.4477181,4.687805856347504,134.8613000009209
ar_order,2048,nn,TypO9p-362-82313-390793-365346-50416-310105-275395,3.2932935,4.694940725742379,535.087299940642
ar_order,2048,lpc,3hvoVa-051-2307-202921-218396-175927-14787-464643,1.9229424,4.6662831736290435,134.19709994923323
ar_order,2048,nn,3hvoVa-051-2307-202921-218396-175927-14787-464643,-0.061775375,4.705415529723863,509.2546499799937
ar_order,2048,lpc,9hvMUf-482-498788-113105-17243-63022-21827-338584,0.033752713,4.660552379793442,140.20739996340126
ar_order,2048,nn,9hvMUf-482-498788-113105-17243-63022-21827-338584,-0.72022253,4.67487832701899,568.1287500192411
ar_order,2048,lpc,lDN6of-450-91840-427818-353502-327883-210172-489807,1.8607299,4.669689219817812,136.06669998262078
ar_order,2048,nn,lDN6of-450-91840-427818-353502-327883-210172-489807,-1.2943095,4.719232276150274,517.1402999549173
ar_order,2048,lpc,8b8sWp-275-88756-348733-183720-134118-226233-129107,7.290535,4.731982111357464,135.0664999918081
ar_order,2048,nn,8b8sWp-275-88756-348733-183720-134118-226233-129107,5.567589,4.7320211593613575,514.3935499945655
ar_order,2048,lpc,noHubp-343-163645-17243-410906-219243-161307-221798,0.36715943,4.63393106795756,133.9397500269115
ar_order,2048,nn,noHubp-343-163645-17243-410906-219243-161307-221798,0.38351244,4.639679211899862,526.175000006333
ar_order,2048,lpc,G50hup-092-363552-123056-229618-481410-299323-332402,0.08213428,4.732093999000658,142.35315000405535
ar_order,2048,nn,G50hup-092-363552-123056-229618-481410-299323-332402,-1.7048074,4.7320981404412095,527.932399942074
ar_order,2048,lpc,FPRIpe-578-474864-126584-425422-304828-148409-10737,3.148267,4.682665409461515,132.283249986358
ar_order,2048,nn,FPRIpe-578-474864-126584-425422-304828-148409-10737,-5.2694564,4.517142458946276,523.3696500654332
ar_order,2048,lpc,1zDUvp-298-108297-119460-56896-348770-68221-98443,2.894901,4.7285776950780125,141.7964000138454
ar_order,2048,nn,1zDUvp-298-108297-119460-56896-348770-68221-98443,7.6244936,4.731203412513526,528.399949951563
ar_order,2048,lpc,WVKBPa-017-469001-13769-309009-430207-5054-14754,3.002511,4.712164750769183,130.96000003861263
ar_order,2048,nn,WVKBPa-017-469001-13769-309009-430207-5054-14754,3.2599924,4.725984085032419,533.0601999885403
ar_order,2048,lpc,fdXdMp-313-165684-111916-348770-380077-145384-347380,0.40798086,4.73210125304235,146.17349999025464
ar_order,2048,nn,fdXdMp-313-165684-111916-348770-380077-145384-347380,-17.118513,4.73210125303479,514.3429500167258
ar_order,2048,lpc,rkSMcp-349-162269-339484-74769-12865-363552-41411,0.035787046,4.537476855565201,174.08474994590506
ar_order,2048,nn,rkSMcp-349-162269-339484-74769-12865-363552-41411,-0.088873275,4.579618792135827,531.4129999605939
ar_order,2048,lpc,avuTLe-585-474206-355130-317191-361413-333474-248785,0.9145194,4.692625057063835,136.21790002798662
ar_order,2048,nn,avuTLe-585-474206-355130-317191-361413-333474-248785,-5.0775976,4.573528061296768,513.6905999970622
ar_order,2048,lpc,1Q0zzp-067-496080-227228-300626-311379-247007-1214,4.224002,4.722031012064809,141.9222999829799
ar_order,2048,nn,1Q0zzp-067-496080-227228-300626-311379-247007-1214,2.7208626,4.722006752265351,561.344449990429
ar_order,2048,lpc,k2rvsa-021-181149-117176-94351-2985-340579-209061,1.055885,4.7313777618267405,134.70449997112155
ar_order,2048,nn,k2rvsa-021-181149-117176-94351-2985-340579-209061,0.83755815,4.7320206186980425,560.3710500290617
ar_order,2048,lpc,DmpOYi-525-91230-450251-209608-292323-92870-38506,0.52703965,4.580173282551536,135.66605001688004
ar_order,2048,nn,DmpOYi-525-91230-450251-209608-292323-92870-38506,-10.733546,3.093402362422447,502.3709500092082
ar_order,2048,lpc,cZ9D6w-670-134118-41411-423587-125189-84055-98443,-0.2020627,4.725726316004707,133.8975999969989
ar_order,2048,nn,cZ9D6w-670-134118-41411-423587-125189-84055-98443,-0.3475753,4.726364958000028,516.2147999508306
ar_order,2048,lpc,wD39yw-617-350336-91230-365075-384274-339484-27577,0.699606,4.537772459015356,133.83340003201738
ar_order,2048,nn,wD39yw-617-350336-91230-365075-384274-339484-27577,0.8872729,4.5471622255731985,513.6871500289999
ar_order,2048,lpc,jFujMp-258-2985-422977-276516-270302-316694-390385,6.086398,4.731197251873179,133.12469999073073
ar_order,2048,nn,jFujMp-258-2985-422977-276516-270302-316694-390385,3.3158348,4.73129005263077,510.6596000259742
ar_order,2048,lpc,ainjFp-098-145384-88756-289593-274542-488804-292564,1.7950628,4.70126572833834,135.65094996010885
ar_order,2048,nn,ainjFp-098-145384-88756-289593-274542-488804-292564,1.8560486,4.702130447885241,515.0773500208743
ar_order,2048,lpc,rllgnp-282-21827-2985-183720-67455-409746-330730,-0.11097841,4.732100651411356,132.41200003540143
ar_order,2048,nn,rllgnp-282-21827-2985-183720-67455-409746-330730,-0.27440715,4.732100696293715,516.4870000444353
ar_order,2048,lpc,ck2Uxp-081-495997-135873-82313-377039-373629-268363,2.372509,4.732011435587603,158.78479997627437
ar_order,2048,nn,ck2Uxp-081-495997-135873-82313-377039-373629-268363,2.2932162,4.732015696886462,523.8605500198901
ar_order,2048,lpc,jhRr0p-088-489070-351855-386883-172725-333766-16976,1.7065983,4.7317166103176245,157.41280000656843
ar_order,2048,nn,jhRr0p-088-489070-351855-386883-172725-333766-16976,1.7681032,4.7317345419736165,517.689700005576
ar_order,2048,lpc,oRqMra-058-167772-480197-43889-36331-135873-265166,2.358099,4.731998322449455,140.7196000800468
ar_order,2048,nn,oRqMra-058-167772-480197-43889-36331-135873-265166,-6.2450027,4.7307765588644894,508.2724499516189
ar_order,2048,lpc,d4LtRw-656-379354-74769-192385-202921-93885-62534,0.012222189,4.732100891916657,133.7953500333242
ar_order,2048,nn,d4LtRw-656-379354-74769-192385-202921-93885-62534,-0.71836764,4.732101045918353,548.9154000533745
ar_order,2048,lpc,tXap2p-281-298969-9753-281965-457067-162269-329331,3.4950867,4.728083830090183,137.7808500546962
ar_order,2048,nn,tXap2p-281-298969-9753-281965-457067-162269-329331,-0.34624213,4.690399487690721,510.69349999306723
ar_order,2048,lpc,IIhdup-184-282845-322947-195637-315211-10737-386302,1.5086102,4.546040675425457,133.1948500010185
ar_order,2048,nn,IIhdup-184-282845-322947-195637-315211-10737-386302,1.1351696,4.553975065883259,521.9039999647066
ar_order,2048,lpc,Q1VJ4p-396-67099-191485-442126-324310-384031-392966,4.489775,4.7321008993748865,131.24674995196983
ar_order,2048,nn,Q1VJ4p-396-67099-191485-442126-324310-384031-392966,-2.039825,4.732101089086301,506.97485002456233
ar_order,2048,lpc,IJqofi-526-68304-236920-183720-152419-94351-316080,0.32097396,4.553741439270169,135.0679500028491
ar_order,2048,nn,IJqofi-526-68304-236920-183720-152419-94351-316080,-7.8465657,3.2436719131863736,519.2167499917559
ar_order,2048,lpc,MJEnPs-553-484336-261033-237079-274170-257745-343308,2.2569928,4.731857928098767,139.77039995370433
ar_order,2048,nn,MJEnPs-553-484336-261033-237079-274170-257745-343308,-4.583041,4.730341249830309,519.4137999787927
ar_order,2048,lpc,oK9Hxs-550-7708-104867-460359-299323-420765-264795,4.1099176,4.7295616280118455,143.99594999849796
ar_order,2048,nn,oK9Hxs-550-7708-104867-460359-299323-420765-264795,2.3090672,4.729478163023364,515.3616999741644
ar_order,2048,lpc,ItvEYp-187-347380-151331-160943-343502-92870-286732,0.25749975,4.698977139637744,134.1476999805309
ar_order,2048,nn,ItvEYp-187-347380-151331-160943-343502-92870-286732,-0.069315255,4.7073410419764565,521.1227000690997
